<?xml version = '1.0' encoding = 'UTF-8'?>
<Table class="oracle.dbtools.crest.model.design.relational.Table" directorySegmentName="seg_0" id="2ECFE33B-FFD1-3921-100D-5F81B20E3700" name="customizable_feat">
<createdBy>marinfotache</createdBy>
<createdTime>2018-10-26 05:05:34 UTC</createdTime>
<generatorID>3529D5FB-5517-4408-8955-13838594ABEF</generatorID>
<ownerDesignName>06_configurations</ownerDesignName>
<allowColumnReorder>false</allowColumnReorder>
<existDependencyGenerateInDDl>true</existDependencyGenerateInDDl>
<parsed>true</parsed>
<columns itemClass="oracle.dbtools.crest.model.design.relational.Column">
<Column name="feature_price" id="EA16E58A-0D14-80DF-E16A-32FA86B4D6D5">
<createdBy>marinfotache</createdBy>
<createdTime>2018-10-26 05:05:34 UTC</createdTime>
<generatorID>EE63A66A-08FD-E67D-F4DB-FF033D54D72D</generatorID>
<ownerDesignName>06_configurations</ownerDesignName>
<useDomainConstraints>false</useDomainConstraints>
<use>1</use>
<logicalDatatype>LOGDT019</logicalDatatype>
<dataTypePrecision>7</dataTypePrecision>
<dataTypeScale>2</dataTypeScale>
<ownDataTypeParameters>,7,2</ownDataTypeParameters>
<autoIncrementCycle>false</autoIncrementCycle>
</Column>
<Column name="comments" id="A9F1F1CE-1E56-BE7E-575F-F879C949AA4B">
<createdBy>marinfotache</createdBy>
<createdTime>2018-10-26 05:05:34 UTC</createdTime>
<generatorID>3EE8FE5C-6D2E-AABE-DAD7-E1BAE838B97E</generatorID>
<ownerDesignName>06_configurations</ownerDesignName>
<nullsAllowed>true</nullsAllowed>
<useDomainConstraints>false</useDomainConstraints>
<use>1</use>
<logicalDatatype>LOGDT024</logicalDatatype>
<dataTypeSize>100 CHAR</dataTypeSize>
<ownDataTypeParameters>100 CHAR,,</ownDataTypeParameters>
<autoIncrementCycle>false</autoIncrementCycle>
</Column>
<Column name="equip_variant_id" id="99913659-29FD-661B-8937-4739A9DD0000">
<createdBy>marinfotache</createdBy>
<createdTime>2018-10-26 05:05:34 UTC</createdTime>
<generatorID>F28EB987-80EC-CA2C-BF11-D7AD6171378C</generatorID>
<ownerDesignName>06_configurations</ownerDesignName>
<useDomainConstraints>false</useDomainConstraints>
<use>1</use>
<logicalDatatype>LOGDT011</logicalDatatype>
<ownDataTypeParameters>,,</ownDataTypeParameters>
<previousColumn>false</previousColumn>
<autoIncrementCycle>false</autoIncrementCycle>
<associations>
<colAssociation fkAssociation="A4437235-EEC1-0B55-B3B4-77621C46E48C" referredColumn="10F24F9F-8BB4-A925-394C-68506D6022E5"/>
</associations>
</Column>
<Column name="feat_id" id="E25EFC6C-DA0C-153A-9958-4F7164156269">
<createdBy>marinfotache</createdBy>
<createdTime>2018-10-26 05:05:34 UTC</createdTime>
<generatorID>BCA3A658-5FA2-2AFD-C8FC-9EF64A577AB8</generatorID>
<ownerDesignName>06_configurations</ownerDesignName>
<useDomainConstraints>false</useDomainConstraints>
<use>1</use>
<logicalDatatype>LOGDT011</logicalDatatype>
<ownDataTypeParameters>,,</ownDataTypeParameters>
<previousColumn>false</previousColumn>
<autoIncrementCycle>false</autoIncrementCycle>
<associations>
<colAssociation fkAssociation="D3E87B1F-EA35-69FF-8E9B-AFE6BEFD5D3E" referredColumn="71D921AB-EB85-A191-C912-722401E209A5"/>
</associations>
</Column>
</columns>
<indexes itemClass="oracle.dbtools.crest.model.design.relational.Index">
<ind_PK_UK id="C6C34D48-4AB6-BE72-737A-911D705F0014" name="PK_var_echip_dotare_optionala">
<createdBy>marinfotache</createdBy>
<createdTime>2018-10-26 05:05:34 UTC</createdTime>
<generatorID>23BD8111-3D12-3E03-855E-FDAF7C5F21ED</generatorID>
<ownerDesignName>06_configurations</ownerDesignName>
<pk>true</pk>
<indexState>Primary Constraint</indexState>
<isSurrogateKey>false</isSurrogateKey>
<indexColumnUsage>
<colUsage columnID="99913659-29FD-661B-8937-4739A9DD0000"/>
<colUsage columnID="E25EFC6C-DA0C-153A-9958-4F7164156269"/>
</indexColumnUsage>
</ind_PK_UK>
<ind_PK_UK id="87076D14-35F7-F964-4492-83A98F335C92" name="is_customizable_for">
<createdBy>marinfotache</createdBy>
<createdTime>2018-10-26 05:05:34 UTC</createdTime>
<generatorID>03FFB63C-4982-A002-12D4-42A7E1BC9F2A</generatorID>
<ownerDesignName>06_configurations</ownerDesignName>
<indexState>Foreign Key</indexState>
<isSurrogateKey>false</isSurrogateKey>
<indexColumnUsage>
<colUsage columnID="E25EFC6C-DA0C-153A-9958-4F7164156269"/>
</indexColumnUsage>
</ind_PK_UK>
<ind_PK_UK id="4ED72EB1-E149-2E9D-4863-7E3E32B85DCE" name="Relation_5">
<createdBy>marinfotache</createdBy>
<createdTime>2018-10-26 05:05:34 UTC</createdTime>
<generatorID>2C4EB18E-28F2-7122-4211-2DFCBFFA49B4</generatorID>
<ownerDesignName>06_configurations</ownerDesignName>
<indexState>Foreign Key</indexState>
<isSurrogateKey>false</isSurrogateKey>
<indexColumnUsage>
<colUsage columnID="99913659-29FD-661B-8937-4739A9DD0000"/>
</indexColumnUsage>
</ind_PK_UK>
</indexes>
</Table>