<?xml version = '1.0' encoding = 'UTF-8'?>
<Table class="oracle.dbtools.crest.model.design.relational.Table" directorySegmentName="seg_0" id="4EE2BA19-4665-BC14-7322-5EE63688FA29" name="brand">
<createdBy>marinfotache</createdBy>
<createdTime>2018-10-26 05:05:34 UTC</createdTime>
<generatorID>ABE00FDB-550A-1EC6-2E88-0C114857AF7F</generatorID>
<ownerDesignName>06_configurations</ownerDesignName>
<allowColumnReorder>false</allowColumnReorder>
<existDependencyGenerateInDDl>true</existDependencyGenerateInDDl>
<parsed>true</parsed>
<columns itemClass="oracle.dbtools.crest.model.design.relational.Column">
<Column name="brand_name" id="8BA1E858-2033-B2D7-63E9-2CCF67F7179A">
<createdBy>marinfotache</createdBy>
<createdTime>2018-10-26 05:05:34 UTC</createdTime>
<generatorID>172F4CFA-6A1F-B89A-B42B-B1472A46BA64</generatorID>
<ownerDesignName>06_configurations</ownerDesignName>
<useDomainConstraints>false</useDomainConstraints>
<use>1</use>
<logicalDatatype>LOGDT024</logicalDatatype>
<dataTypeSize>50 CHAR</dataTypeSize>
<ownDataTypeParameters>50 CHAR,,</ownDataTypeParameters>
<autoIncrementCycle>false</autoIncrementCycle>
</Column>
<Column name="start_year" id="9326D6BA-6148-E529-0BBC-4477A147A594">
<createdBy>marinfotache</createdBy>
<createdTime>2018-10-26 05:05:34 UTC</createdTime>
<generatorID>D91BA97C-6FC7-49F1-AFAB-49F6DEF6C795</generatorID>
<ownerDesignName>06_configurations</ownerDesignName>
<nullsAllowed>true</nullsAllowed>
<useDomainConstraints>false</useDomainConstraints>
<use>1</use>
<logicalDatatype>LOGDT019</logicalDatatype>
<dataTypePrecision>4</dataTypePrecision>
<ownDataTypeParameters>,4,</ownDataTypeParameters>
<autoIncrementCycle>false</autoIncrementCycle>
</Column>
<Column name="comments" id="2B56AD05-7B35-393C-C58A-CC0D8C4CC6D1">
<createdBy>marinfotache</createdBy>
<createdTime>2018-10-26 05:05:34 UTC</createdTime>
<generatorID>DD60D3BA-754C-E39B-485E-AA26AE8F988F</generatorID>
<ownerDesignName>06_configurations</ownerDesignName>
<nullsAllowed>true</nullsAllowed>
<useDomainConstraints>false</useDomainConstraints>
<use>1</use>
<logicalDatatype>LOGDT037</logicalDatatype>
<dataTypeSize>100</dataTypeSize>
<ownDataTypeParameters>100,,</ownDataTypeParameters>
<autoIncrementCycle>false</autoIncrementCycle>
</Column>
<Column name="manuf_name" id="F8550FFB-9900-43B5-6889-DFCF70B04196">
<createdBy>marinfotache</createdBy>
<createdTime>2018-10-26 05:05:34 UTC</createdTime>
<generatorID>BF235699-31AC-B72C-9118-BF2C30016DA7</generatorID>
<ownerDesignName>06_configurations</ownerDesignName>
<useDomainConstraints>false</useDomainConstraints>
<use>1</use>
<logicalDatatype>LOGDT037</logicalDatatype>
<dataTypeSize>50</dataTypeSize>
<ownDataTypeParameters>,,</ownDataTypeParameters>
<previousColumn>false</previousColumn>
<autoIncrementCycle>false</autoIncrementCycle>
<associations>
<colAssociation fkAssociation="46E72E1E-9480-3AF5-B542-FAF5BD4A15BA" referredColumn="0F172E50-DC4D-8B3A-E4DF-20BC76315C08"/>
</associations>
</Column>
<Column name="stop_year" id="93D9E5A4-085F-743A-9AF8-D60F128D995D">
<createdBy>marinfotache</createdBy>
<createdTime>2018-10-26 05:05:34 UTC</createdTime>
<generatorID>E07C8E63-0BDE-0AD1-9547-C130CF3A0A8F</generatorID>
<ownerDesignName>06_configurations</ownerDesignName>
<nullsAllowed>true</nullsAllowed>
<useDomainConstraints>false</useDomainConstraints>
<use>1</use>
<logicalDatatype>LOGDT019</logicalDatatype>
<dataTypePrecision>4</dataTypePrecision>
<ownDataTypeParameters>,4,</ownDataTypeParameters>
<autoIncrementCycle>false</autoIncrementCycle>
</Column>
</columns>
<indexes itemClass="oracle.dbtools.crest.model.design.relational.Index">
<ind_PK_UK id="89543A99-3A0F-41F2-B794-B7411933CF9D" name="Marca_PK">
<createdBy>marinfotache</createdBy>
<createdTime>2018-10-26 05:05:34 UTC</createdTime>
<generatorID>D0C265B3-91CF-BB46-E57D-E7F0BEA8B344</generatorID>
<ownerDesignName>06_configurations</ownerDesignName>
<pk>true</pk>
<indexState>Primary Constraint</indexState>
<isSurrogateKey>false</isSurrogateKey>
<indexColumnUsage>
<colUsage columnID="8BA1E858-2033-B2D7-63E9-2CCF67F7179A"/>
</indexColumnUsage>
</ind_PK_UK>
<ind_PK_UK id="9047A293-E637-C6C9-7847-26DDCBEB2BD1" name="owns">
<createdBy>marinfotache</createdBy>
<createdTime>2018-10-26 05:05:34 UTC</createdTime>
<generatorID>B746979F-4C42-2734-C0A2-CFF784F7ACBE</generatorID>
<ownerDesignName>06_configurations</ownerDesignName>
<indexState>Foreign Key</indexState>
<isSurrogateKey>false</isSurrogateKey>
<indexColumnUsage>
<colUsage columnID="F8550FFB-9900-43B5-6889-DFCF70B04196"/>
</indexColumnUsage>
</ind_PK_UK>
</indexes>
</Table>