<?xml version = '1.0' encoding = 'UTF-8'?>
<Table class="oracle.dbtools.crest.model.design.relational.Table" directorySegmentName="seg_0" id="78C3A509-DD77-4A6C-9086-37369E8A5F37" name="default_feat">
<createdBy>marinfotache</createdBy>
<createdTime>2018-10-26 05:05:34 UTC</createdTime>
<generatorID>20CB9368-1869-424E-6707-44C2DDF22127</generatorID>
<ownerDesignName>06_configurations</ownerDesignName>
<allowColumnReorder>false</allowColumnReorder>
<existDependencyGenerateInDDl>true</existDependencyGenerateInDDl>
<parsed>true</parsed>
<columns itemClass="oracle.dbtools.crest.model.design.relational.Column">
<Column name="comments" id="89BFEFB1-5F49-DD8D-D1B8-BD098C3CEC6B">
<createdBy>marinfotache</createdBy>
<createdTime>2018-10-26 05:05:34 UTC</createdTime>
<generatorID>D54B124B-DEF9-8E56-89EA-80A0096E158F</generatorID>
<ownerDesignName>06_configurations</ownerDesignName>
<nullsAllowed>true</nullsAllowed>
<useDomainConstraints>false</useDomainConstraints>
<use>1</use>
<logicalDatatype>LOGDT037</logicalDatatype>
<dataTypeSize>100</dataTypeSize>
<ownDataTypeParameters>100,,</ownDataTypeParameters>
<autoIncrementCycle>false</autoIncrementCycle>
</Column>
<Column name="feat_id" id="B33B480C-7BFE-CA27-B4A5-0208A237AE8A">
<createdBy>marinfotache</createdBy>
<createdTime>2018-10-26 05:05:34 UTC</createdTime>
<generatorID>EAEEEC43-8492-B000-9489-821744C3A9E1</generatorID>
<ownerDesignName>06_configurations</ownerDesignName>
<useDomainConstraints>false</useDomainConstraints>
<use>1</use>
<logicalDatatype>LOGDT011</logicalDatatype>
<ownDataTypeParameters>,,</ownDataTypeParameters>
<previousColumn>false</previousColumn>
<autoIncrementCycle>false</autoIncrementCycle>
<associations>
<colAssociation fkAssociation="F39DE153-25AF-AF02-852C-C41F6BD3113A" referredColumn="71D921AB-EB85-A191-C912-722401E209A5"/>
</associations>
</Column>
<Column name="equip_variant_id" id="5B63E03E-53D5-9C7A-5D7E-EE4893958FDE">
<createdBy>marinfotache</createdBy>
<createdTime>2018-10-26 05:05:34 UTC</createdTime>
<generatorID>E79FDB02-5A83-5604-CDFF-BAD8877C89F7</generatorID>
<ownerDesignName>06_configurations</ownerDesignName>
<useDomainConstraints>false</useDomainConstraints>
<use>1</use>
<logicalDatatype>LOGDT011</logicalDatatype>
<ownDataTypeParameters>,,</ownDataTypeParameters>
<previousColumn>false</previousColumn>
<autoIncrementCycle>false</autoIncrementCycle>
<associations>
<colAssociation fkAssociation="4D072320-76A7-094A-0AE7-20EEDF3FCA04" referredColumn="10F24F9F-8BB4-A925-394C-68506D6022E5"/>
</associations>
</Column>
</columns>
<indexes itemClass="oracle.dbtools.crest.model.design.relational.Index">
<ind_PK_UK id="161ABD44-5C02-189E-2D59-EEB8B5806D94" name="PK_var_echip_dotare_baza">
<createdBy>marinfotache</createdBy>
<createdTime>2018-10-26 05:05:34 UTC</createdTime>
<generatorID>F8D1207B-2EDA-6815-6B9E-064FA8B4FABC</generatorID>
<ownerDesignName>06_configurations</ownerDesignName>
<pk>true</pk>
<indexState>Primary Constraint</indexState>
<isSurrogateKey>false</isSurrogateKey>
<indexColumnUsage>
<colUsage columnID="B33B480C-7BFE-CA27-B4A5-0208A237AE8A"/>
<colUsage columnID="5B63E03E-53D5-9C7A-5D7E-EE4893958FDE"/>
</indexColumnUsage>
</ind_PK_UK>
<ind_PK_UK id="3C0AB077-6B12-C496-6991-C7CEC4A904A9" name="is_default_for_">
<createdBy>marinfotache</createdBy>
<createdTime>2018-10-26 05:05:34 UTC</createdTime>
<generatorID>A2185B91-4186-16EB-E609-BCDD641CBFF0</generatorID>
<ownerDesignName>06_configurations</ownerDesignName>
<indexState>Foreign Key</indexState>
<isSurrogateKey>false</isSurrogateKey>
<indexColumnUsage>
<colUsage columnID="B33B480C-7BFE-CA27-B4A5-0208A237AE8A"/>
</indexColumnUsage>
</ind_PK_UK>
<ind_PK_UK id="D52CAB68-7ECD-F674-D390-9816E3997899" name="is_equiped_with">
<createdBy>marinfotache</createdBy>
<createdTime>2018-10-26 05:05:34 UTC</createdTime>
<generatorID>C10B3CBE-F64E-1A63-BA1F-DBF35F311D51</generatorID>
<ownerDesignName>06_configurations</ownerDesignName>
<indexState>Foreign Key</indexState>
<isSurrogateKey>false</isSurrogateKey>
<indexColumnUsage>
<colUsage columnID="5B63E03E-53D5-9C7A-5D7E-EE4893958FDE"/>
</indexColumnUsage>
</ind_PK_UK>
</indexes>
</Table>