<?xml version = '1.0' encoding = 'UTF-8'?>
<Table class="oracle.dbtools.crest.model.design.relational.Table" directorySegmentName="seg_0" id="7C5F81D4-3936-543F-89E3-295AC405BE1A" name="car_model">
<createdBy>marinfotache</createdBy>
<createdTime>2018-10-26 05:05:34 UTC</createdTime>
<generatorID>4CA9F4E3-6FC0-D5FF-E115-EAAB54C5C3EF</generatorID>
<ownerDesignName>06_configurations</ownerDesignName>
<allowColumnReorder>false</allowColumnReorder>
<existDependencyGenerateInDDl>true</existDependencyGenerateInDDl>
<parsed>true</parsed>
<columns itemClass="oracle.dbtools.crest.model.design.relational.Column">
<Column name="model_name" id="3917A98C-998B-C1C6-792B-E202BAC61910">
<createdBy>marinfotache</createdBy>
<createdTime>2018-10-26 05:05:34 UTC</createdTime>
<generatorID>9F1693AA-4BB9-8CEF-DE18-2E0DF93F0B69</generatorID>
<ownerDesignName>06_configurations</ownerDesignName>
<useDomainConstraints>false</useDomainConstraints>
<use>1</use>
<logicalDatatype>LOGDT024</logicalDatatype>
<dataTypeSize>50</dataTypeSize>
<ownDataTypeParameters>50,,</ownDataTypeParameters>
<autoIncrementCycle>false</autoIncrementCycle>
</Column>
<Column name="year_start" id="BCD09588-46BA-7B60-3D1A-CAD95F762D0A">
<createdBy>marinfotache</createdBy>
<createdTime>2018-10-26 05:05:34 UTC</createdTime>
<generatorID>05206833-4F36-E29A-7503-5D5B9C319E24</generatorID>
<ownerDesignName>06_configurations</ownerDesignName>
<nullsAllowed>true</nullsAllowed>
<useDomainConstraints>false</useDomainConstraints>
<use>1</use>
<logicalDatatype>LOGDT019</logicalDatatype>
<dataTypePrecision>4</dataTypePrecision>
<ownDataTypeParameters>,4,</ownDataTypeParameters>
<autoIncrementCycle>false</autoIncrementCycle>
</Column>
<Column name="year_stop" id="4540610D-4FF6-0F9D-8EE5-DCC6B8BF9FD2">
<createdBy>marinfotache</createdBy>
<createdTime>2018-10-26 05:05:34 UTC</createdTime>
<generatorID>42325656-B241-0F06-F18B-585062729C49</generatorID>
<ownerDesignName>06_configurations</ownerDesignName>
<nullsAllowed>true</nullsAllowed>
<useDomainConstraints>false</useDomainConstraints>
<use>1</use>
<logicalDatatype>LOGDT019</logicalDatatype>
<dataTypePrecision>4</dataTypePrecision>
<ownDataTypeParameters>,4,</ownDataTypeParameters>
<autoIncrementCycle>false</autoIncrementCycle>
</Column>
<Column name="comments" id="55EA1C98-242B-405C-913D-033A0B005460">
<createdBy>marinfotache</createdBy>
<createdTime>2018-10-26 05:05:34 UTC</createdTime>
<generatorID>CBDE0665-1796-A958-5154-6DD16ABDAA58</generatorID>
<ownerDesignName>06_configurations</ownerDesignName>
<nullsAllowed>true</nullsAllowed>
<useDomainConstraints>false</useDomainConstraints>
<use>1</use>
<logicalDatatype>LOGDT037</logicalDatatype>
<dataTypeSize>100</dataTypeSize>
<ownDataTypeParameters>100,,</ownDataTypeParameters>
<autoIncrementCycle>false</autoIncrementCycle>
</Column>
<Column name="brand_name" id="A0125174-7941-8CAE-C2DE-CA4BCDFCD679">
<createdBy>marinfotache</createdBy>
<createdTime>2018-10-26 05:05:34 UTC</createdTime>
<generatorID>09DCDAA6-CAB2-8623-BB7C-580F7135C86D</generatorID>
<ownerDesignName>06_configurations</ownerDesignName>
<useDomainConstraints>false</useDomainConstraints>
<use>1</use>
<logicalDatatype>LOGDT024</logicalDatatype>
<dataTypeSize>50 CHAR</dataTypeSize>
<ownDataTypeParameters>,,</ownDataTypeParameters>
<previousColumn>false</previousColumn>
<autoIncrementCycle>false</autoIncrementCycle>
<associations>
<colAssociation fkAssociation="25E019CF-D6F5-6EC4-ED64-931F8BC23739" referredColumn="8BA1E858-2033-B2D7-63E9-2CCF67F7179A"/>
</associations>
</Column>
</columns>
<indexes itemClass="oracle.dbtools.crest.model.design.relational.Index">
<ind_PK_UK id="D0C9CE39-1D0E-C8AC-1E67-4C67CAE5D847" name="Model_PK">
<createdBy>marinfotache</createdBy>
<createdTime>2018-10-26 05:05:34 UTC</createdTime>
<generatorID>DBCE206B-0182-671F-0433-36000135D5B4</generatorID>
<ownerDesignName>06_configurations</ownerDesignName>
<pk>true</pk>
<indexState>Primary Constraint</indexState>
<isSurrogateKey>false</isSurrogateKey>
<indexColumnUsage>
<colUsage columnID="3917A98C-998B-C1C6-792B-E202BAC61910"/>
</indexColumnUsage>
</ind_PK_UK>
<ind_PK_UK id="E652A397-81A1-9A77-900D-0FE52305EF84" name="produces">
<createdBy>marinfotache</createdBy>
<createdTime>2018-10-26 05:05:34 UTC</createdTime>
<generatorID>2434A4D0-E56C-65BC-F7D7-B31F1EA3D49D</generatorID>
<ownerDesignName>06_configurations</ownerDesignName>
<indexState>Foreign Key</indexState>
<isSurrogateKey>false</isSurrogateKey>
<indexColumnUsage>
<colUsage columnID="A0125174-7941-8CAE-C2DE-CA4BCDFCD679"/>
</indexColumnUsage>
</ind_PK_UK>
</indexes>
</Table>