<?xml version = '1.0' encoding = 'UTF-8'?>
<Table class="oracle.dbtools.crest.model.design.relational.Table" directorySegmentName="seg_0" id="9A3110E5-C154-58AD-1901-2838D2AE8ED7" name="what_default_feat_is_replaced">
<createdBy>marinfotache</createdBy>
<createdTime>2018-10-26 05:05:34 UTC</createdTime>
<generatorID>D88C042B-7E62-0AFD-03DF-6FAC93A79F94</generatorID>
<ownerDesignName>06_configurations</ownerDesignName>
<allowColumnReorder>false</allowColumnReorder>
<existDependencyGenerateInDDl>true</existDependencyGenerateInDDl>
<parsed>true</parsed>
<columns itemClass="oracle.dbtools.crest.model.design.relational.Column">
<Column name="default_feat_number" id="409812E0-0D91-FD3E-E3BF-D358425DC73B">
<createdBy>marinfotache</createdBy>
<createdTime>2018-10-26 05:05:34 UTC</createdTime>
<generatorID>8E4A3C11-ADCE-94C0-8EAF-6EA9045C30D2</generatorID>
<ownerDesignName>06_configurations</ownerDesignName>
<useDomainConstraints>false</useDomainConstraints>
<use>1</use>
<logicalDatatype>LOGDT011</logicalDatatype>
<ownDataTypeParameters>,,</ownDataTypeParameters>
<autoIncrementCycle>false</autoIncrementCycle>
</Column>
<Column name="comments" id="23002F80-C813-96A0-C527-7949872C1456">
<createdBy>marinfotache</createdBy>
<createdTime>2018-10-26 05:05:34 UTC</createdTime>
<generatorID>261EE2D8-3476-55EB-B677-63F6D7C927FA</generatorID>
<ownerDesignName>06_configurations</ownerDesignName>
<nullsAllowed>true</nullsAllowed>
<useDomainConstraints>false</useDomainConstraints>
<use>1</use>
<logicalDatatype>LOGDT037</logicalDatatype>
<dataTypeSize>100</dataTypeSize>
<ownDataTypeParameters>100,,</ownDataTypeParameters>
<autoIncrementCycle>false</autoIncrementCycle>
</Column>
<Column name="equip_variant_id" id="C75AB4A2-A271-D4E6-C17B-1FDBB27D3B54">
<createdBy>marinfotache</createdBy>
<createdTime>2018-10-26 05:05:34 UTC</createdTime>
<generatorID>74AA3AB8-DD7C-B2AE-7297-4FDE9A00F987</generatorID>
<ownerDesignName>06_configurations</ownerDesignName>
<useDomainConstraints>false</useDomainConstraints>
<use>1</use>
<logicalDatatype>LOGDT011</logicalDatatype>
<ownDataTypeParameters>,,</ownDataTypeParameters>
<previousColumn>false</previousColumn>
<autoIncrementCycle>false</autoIncrementCycle>
<associations>
<colAssociation fkAssociation="CD8D3828-A786-4906-B6F3-FEA61AFA3E26" referredColumn="99913659-29FD-661B-8937-4739A9DD0000"/>
</associations>
</Column>
<Column name="feat_id" id="284DCC4C-7BBF-A946-4AA3-D2410E041CCA">
<createdBy>marinfotache</createdBy>
<createdTime>2018-10-26 05:05:34 UTC</createdTime>
<generatorID>9A5C826D-B476-0432-6528-1AB71F4E207A</generatorID>
<ownerDesignName>06_configurations</ownerDesignName>
<useDomainConstraints>false</useDomainConstraints>
<use>1</use>
<logicalDatatype>LOGDT011</logicalDatatype>
<ownDataTypeParameters>,,</ownDataTypeParameters>
<previousColumn>false</previousColumn>
<autoIncrementCycle>false</autoIncrementCycle>
<associations>
<colAssociation fkAssociation="CD8D3828-A786-4906-B6F3-FEA61AFA3E26" referredColumn="E25EFC6C-DA0C-153A-9958-4F7164156269"/>
</associations>
</Column>
<Column name="feat_id1" id="82EA7826-A67E-407D-9143-738F1E4F96E0">
<createdBy>marinfotache</createdBy>
<createdTime>2018-10-26 05:05:34 UTC</createdTime>
<generatorID>8DD49332-EB3C-7FF6-5461-D7A19B0420D7</generatorID>
<ownerDesignName>06_configurations</ownerDesignName>
<useDomainConstraints>false</useDomainConstraints>
<use>1</use>
<logicalDatatype>LOGDT011</logicalDatatype>
<ownDataTypeParameters>,,</ownDataTypeParameters>
<previousColumn>false</previousColumn>
<autoIncrementCycle>false</autoIncrementCycle>
<associations>
<colAssociation fkAssociation="FBC2D87E-5FFD-3F23-4D49-2367AE4E4C13" referredColumn="71D921AB-EB85-A191-C912-722401E209A5"/>
</associations>
</Column>
</columns>
<indexes itemClass="oracle.dbtools.crest.model.design.relational.Index">
<ind_PK_UK id="9D47A297-37EB-F808-5309-8FBABD47C50B" name="PK_var_echip_dotare_optionalav1">
<createdBy>marinfotache</createdBy>
<createdTime>2018-10-26 05:05:34 UTC</createdTime>
<generatorID>8B5A7DBD-BDCE-5F8B-C938-9F275969C970</generatorID>
<ownerDesignName>06_configurations</ownerDesignName>
<pk>true</pk>
<indexState>Primary Constraint</indexState>
<isSurrogateKey>false</isSurrogateKey>
<indexColumnUsage>
<colUsage columnID="409812E0-0D91-FD3E-E3BF-D358425DC73B"/>
<colUsage columnID="C75AB4A2-A271-D4E6-C17B-1FDBB27D3B54"/>
<colUsage columnID="284DCC4C-7BBF-A946-4AA3-D2410E041CCA"/>
<colUsage columnID="82EA7826-A67E-407D-9143-738F1E4F96E0"/>
</indexColumnUsage>
</ind_PK_UK>
<ind_PK_UK id="3E4AE405-B3C1-2528-397A-948D07AFFA26" name="is_replaced">
<createdBy>marinfotache</createdBy>
<createdTime>2018-10-26 05:05:34 UTC</createdTime>
<generatorID>6DA641D2-C82F-AFCB-8A5F-1ED2626B3794</generatorID>
<ownerDesignName>06_configurations</ownerDesignName>
<indexState>Foreign Key</indexState>
<isSurrogateKey>false</isSurrogateKey>
<indexColumnUsage>
<colUsage columnID="82EA7826-A67E-407D-9143-738F1E4F96E0"/>
</indexColumnUsage>
</ind_PK_UK>
<ind_PK_UK id="1D33D4BC-53AB-A113-653C-6E8A6CE12CC9" name="replaces">
<createdBy>marinfotache</createdBy>
<createdTime>2018-10-26 05:05:34 UTC</createdTime>
<generatorID>20C34848-C12F-E819-ADB9-CE7EA4D8F218</generatorID>
<ownerDesignName>06_configurations</ownerDesignName>
<indexState>Foreign Key</indexState>
<isSurrogateKey>false</isSurrogateKey>
<indexColumnUsage>
<colUsage columnID="C75AB4A2-A271-D4E6-C17B-1FDBB27D3B54"/>
<colUsage columnID="284DCC4C-7BBF-A946-4AA3-D2410E041CCA"/>
</indexColumnUsage>
</ind_PK_UK>
</indexes>
</Table>