<?xml version = '1.0' encoding = 'UTF-8'?>
<Table class="oracle.dbtools.crest.model.design.relational.Table" directorySegmentName="seg_0" id="BCF0568B-53B0-2893-A2A7-06846E2C2F8C" name="equip_variant">
<createdBy>marinfotache</createdBy>
<createdTime>2018-10-26 05:05:34 UTC</createdTime>
<generatorID>CF717E12-DFA5-6B5F-0B21-A3B7ECACFECB</generatorID>
<ownerDesignName>06_configurations</ownerDesignName>
<allowColumnReorder>false</allowColumnReorder>
<existDependencyGenerateInDDl>true</existDependencyGenerateInDDl>
<parsed>true</parsed>
<columns itemClass="oracle.dbtools.crest.model.design.relational.Column">
<Column name="equip_variant_id" id="10F24F9F-8BB4-A925-394C-68506D6022E5">
<createdBy>marinfotache</createdBy>
<createdTime>2018-10-26 05:05:34 UTC</createdTime>
<generatorID>C55BDB5F-B60F-60B7-625A-1010BEC7C5C7</generatorID>
<ownerDesignName>06_configurations</ownerDesignName>
<useDomainConstraints>false</useDomainConstraints>
<use>1</use>
<logicalDatatype>LOGDT011</logicalDatatype>
<ownDataTypeParameters>,,</ownDataTypeParameters>
<autoIncrementCycle>false</autoIncrementCycle>
</Column>
<Column name="equip_variant_name" id="9FEBF4CC-3EB9-F349-5E83-92DAF273D668">
<createdBy>marinfotache</createdBy>
<createdTime>2018-10-26 05:05:34 UTC</createdTime>
<generatorID>725020DA-90B8-FEE1-2385-EB682744D0D0</generatorID>
<ownerDesignName>06_configurations</ownerDesignName>
<nullsAllowed>true</nullsAllowed>
<useDomainConstraints>false</useDomainConstraints>
<use>1</use>
<logicalDatatype>LOGDT024</logicalDatatype>
<dataTypeSize>100 CHAR</dataTypeSize>
<ownDataTypeParameters>100 CHAR,,</ownDataTypeParameters>
<autoIncrementCycle>false</autoIncrementCycle>
</Column>
<Column name="catalog_entry_date" id="647AA56D-0710-23D2-0ECE-85523DD2969B">
<createdBy>marinfotache</createdBy>
<createdTime>2018-10-26 05:05:34 UTC</createdTime>
<generatorID>6F8623D0-2AD1-3BFE-D605-DDF65A5B7022</generatorID>
<ownerDesignName>06_configurations</ownerDesignName>
<useDomainConstraints>false</useDomainConstraints>
<use>1</use>
<logicalDatatype>LOGDT007</logicalDatatype>
<ownDataTypeParameters>,,</ownDataTypeParameters>
<autoIncrementCycle>false</autoIncrementCycle>
</Column>
<Column name="catalog_out_date" id="CE4757DE-16BF-E9C9-9739-78CAB4386F5F">
<createdBy>marinfotache</createdBy>
<createdTime>2018-10-26 05:05:34 UTC</createdTime>
<generatorID>DADCBF0B-C5EB-D5F5-030F-14D892621CBE</generatorID>
<ownerDesignName>06_configurations</ownerDesignName>
<nullsAllowed>true</nullsAllowed>
<useDomainConstraints>false</useDomainConstraints>
<use>1</use>
<logicalDatatype>LOGDT007</logicalDatatype>
<ownDataTypeParameters>,,</ownDataTypeParameters>
<autoIncrementCycle>false</autoIncrementCycle>
</Column>
<Column name="chassis_type_name" id="799FDF14-B7EB-0767-A31F-1128961E3241">
<createdBy>marinfotache</createdBy>
<createdTime>2018-10-26 05:05:34 UTC</createdTime>
<generatorID>FBCF548C-5B1D-C465-B206-2EC0FF5A5002</generatorID>
<ownerDesignName>06_configurations</ownerDesignName>
<useDomainConstraints>false</useDomainConstraints>
<use>1</use>
<logicalDatatype>LOGDT024</logicalDatatype>
<dataTypeSize>100 CHAR</dataTypeSize>
<ownDataTypeParameters>,,</ownDataTypeParameters>
<previousColumn>false</previousColumn>
<autoIncrementCycle>false</autoIncrementCycle>
<associations>
<colAssociation fkAssociation="E085210B-16E8-922F-D002-F7857461E6E1" referredColumn="65E5D1CD-D15D-017C-EF3B-210364EA6E85"/>
</associations>
</Column>
<Column name="version_id" id="C47ED089-1FFC-2597-4C74-9C5C71EA5FDF">
<createdBy>marinfotache</createdBy>
<createdTime>2018-10-26 05:05:34 UTC</createdTime>
<generatorID>C6187B08-3BB6-F5E3-B8FF-B8B92D11F365</generatorID>
<ownerDesignName>06_configurations</ownerDesignName>
<useDomainConstraints>false</useDomainConstraints>
<use>1</use>
<logicalDatatype>LOGDT011</logicalDatatype>
<ownDataTypeParameters>,,</ownDataTypeParameters>
<previousColumn>false</previousColumn>
<autoIncrementCycle>false</autoIncrementCycle>
<associations>
<colAssociation fkAssociation="E279CB8C-7C86-1341-DDE7-7CF24887E6C7" referredColumn="FE9B3124-A600-6CC7-1BAF-2163F169E655"/>
</associations>
</Column>
</columns>
<indexes itemClass="oracle.dbtools.crest.model.design.relational.Index">
<ind_PK_UK id="B7D4C56B-5E19-0273-0CE8-1254541F6EE0" name="varianta_echipare_PK">
<createdBy>marinfotache</createdBy>
<createdTime>2018-10-26 05:05:34 UTC</createdTime>
<generatorID>0402FE11-0F29-046F-11CA-43EDACA724F6</generatorID>
<ownerDesignName>06_configurations</ownerDesignName>
<pk>true</pk>
<indexState>Primary Constraint</indexState>
<isSurrogateKey>false</isSurrogateKey>
<indexColumnUsage>
<colUsage columnID="10F24F9F-8BB4-A925-394C-68506D6022E5"/>
</indexColumnUsage>
</ind_PK_UK>
<ind_PK_UK id="2C78DC93-3795-D385-6114-3D6C62BF4B25" name="has_equip_variant">
<createdBy>marinfotache</createdBy>
<createdTime>2018-10-26 05:05:34 UTC</createdTime>
<generatorID>3664F9BE-7040-D1C4-0209-BF326843D721</generatorID>
<ownerDesignName>06_configurations</ownerDesignName>
<indexState>Foreign Key</indexState>
<isSurrogateKey>false</isSurrogateKey>
<indexColumnUsage>
<colUsage columnID="C47ED089-1FFC-2597-4C74-9C5C71EA5FDF"/>
</indexColumnUsage>
</ind_PK_UK>
<ind_PK_UK id="CE5F5832-5949-5CC1-A10F-DB8E6D24FF35" name="is_used_in_variant">
<createdBy>marinfotache</createdBy>
<createdTime>2018-10-26 05:05:34 UTC</createdTime>
<generatorID>BBC5B76A-5F19-FD5D-5929-6DFC58859A88</generatorID>
<ownerDesignName>06_configurations</ownerDesignName>
<indexState>Foreign Key</indexState>
<isSurrogateKey>false</isSurrogateKey>
<indexColumnUsage>
<colUsage columnID="799FDF14-B7EB-0767-A31F-1128961E3241"/>
</indexColumnUsage>
</ind_PK_UK>
</indexes>
</Table>