<?xml version = '1.0' encoding = 'UTF-8'?>
<Table class="oracle.dbtools.crest.model.design.relational.Table" directorySegmentName="seg_0" id="C0C78624-92C1-8037-AAAF-959777187CFD" name="car_to_be_sold">
<createdBy>marinfotache</createdBy>
<createdTime>2018-10-26 05:05:34 UTC</createdTime>
<generatorID>E4EB14EB-89CB-3396-C963-02459BF8527C</generatorID>
<ownerDesignName>06_configurations</ownerDesignName>
<allowColumnReorder>false</allowColumnReorder>
<existDependencyGenerateInDDl>true</existDependencyGenerateInDDl>
<parsed>true</parsed>
<columns itemClass="oracle.dbtools.crest.model.design.relational.Column">
<Column name="equip_variant_id" id="FE4765F9-94EA-1647-3D89-9486EFF32500">
<createdBy>marinfotache</createdBy>
<createdTime>2018-10-26 05:05:34 UTC</createdTime>
<generatorID>C6294D92-7518-37CB-A720-639C3B31F82E</generatorID>
<ownerDesignName>06_configurations</ownerDesignName>
<useDomainConstraints>false</useDomainConstraints>
<use>1</use>
<logicalDatatype>LOGDT011</logicalDatatype>
<ownDataTypeParameters>,,</ownDataTypeParameters>
<previousColumn>false</previousColumn>
<autoIncrementCycle>false</autoIncrementCycle>
<associations>
<colAssociation fkAssociation="7F60C1DE-B56F-A337-3E50-02A5CBF92616" referredColumn="10F24F9F-8BB4-A925-394C-68506D6022E5"/>
</associations>
</Column>
<Column name="catalog_id" id="9E6D1FD9-83EE-1331-5891-BD649597F309">
<createdBy>marinfotache</createdBy>
<createdTime>2018-10-26 05:05:34 UTC</createdTime>
<generatorID>4FB015E4-7A45-7C7A-F95A-C20124FB5CAE</generatorID>
<ownerDesignName>06_configurations</ownerDesignName>
<useDomainConstraints>false</useDomainConstraints>
<use>1</use>
<logicalDatatype>LOGDT011</logicalDatatype>
<ownDataTypeParameters>,,</ownDataTypeParameters>
<previousColumn>false</previousColumn>
<autoIncrementCycle>false</autoIncrementCycle>
<associations>
<colAssociation fkAssociation="57449C16-85ED-DA43-3D05-0FF89708E7F4" referredColumn="EBCE6198-1005-5139-049A-93A64617E599"/>
</associations>
</Column>
<Column name="base_price" id="7498E7D1-5EB5-EA46-D91D-D930DC2D81B9">
<createdBy>marinfotache</createdBy>
<createdTime>2018-10-26 05:05:34 UTC</createdTime>
<generatorID>711C2672-5471-B1C9-2CAF-FE9FC4554362</generatorID>
<ownerDesignName>06_configurations</ownerDesignName>
<useDomainConstraints>false</useDomainConstraints>
<use>1</use>
<logicalDatatype>LOGDT019</logicalDatatype>
<dataTypePrecision>10</dataTypePrecision>
<dataTypeScale>2</dataTypeScale>
<ownDataTypeParameters>,10,2</ownDataTypeParameters>
<autoIncrementCycle>false</autoIncrementCycle>
</Column>
<Column name="comments" id="85B47251-F580-1710-169C-07BBAB4EA1EF">
<createdBy>marinfotache</createdBy>
<createdTime>2018-10-26 05:05:34 UTC</createdTime>
<generatorID>EDB49B34-D85D-B825-209C-14F4039428A8</generatorID>
<ownerDesignName>06_configurations</ownerDesignName>
<nullsAllowed>true</nullsAllowed>
<useDomainConstraints>false</useDomainConstraints>
<use>1</use>
<logicalDatatype>LOGDT037</logicalDatatype>
<dataTypeSize>100</dataTypeSize>
<ownDataTypeParameters>100,,</ownDataTypeParameters>
<autoIncrementCycle>false</autoIncrementCycle>
</Column>
<Column name="engine_id" id="71190FA0-2DD4-C0FA-A2B2-34F9A81A7DFF">
<createdBy>marinfotache</createdBy>
<createdTime>2018-10-26 05:05:34 UTC</createdTime>
<generatorID>DC86BF6D-28E0-54B2-3CCC-433D54089A6C</generatorID>
<ownerDesignName>06_configurations</ownerDesignName>
<useDomainConstraints>false</useDomainConstraints>
<use>1</use>
<logicalDatatype>LOGDT011</logicalDatatype>
<ownDataTypeParameters>,,</ownDataTypeParameters>
<previousColumn>false</previousColumn>
<autoIncrementCycle>false</autoIncrementCycle>
<associations>
<colAssociation fkAssociation="69589F16-F164-8807-464E-84B162FD996A" referredColumn="7542538A-C423-5557-10F1-541374033A74"/>
</associations>
</Column>
</columns>
<indexes itemClass="oracle.dbtools.crest.model.design.relational.Index">
<ind_PK_UK id="36126D63-F541-32FA-F8EF-71CDF997B83D" name="PK_model_catalog">
<createdBy>marinfotache</createdBy>
<createdTime>2018-10-26 05:05:34 UTC</createdTime>
<generatorID>290B0AC4-6A86-330F-9BFF-441C4F3F4F8F</generatorID>
<ownerDesignName>06_configurations</ownerDesignName>
<pk>true</pk>
<indexState>Primary Constraint</indexState>
<isSurrogateKey>false</isSurrogateKey>
<indexColumnUsage>
<colUsage columnID="FE4765F9-94EA-1647-3D89-9486EFF32500"/>
<colUsage columnID="9E6D1FD9-83EE-1331-5891-BD649597F309"/>
<colUsage columnID="71190FA0-2DD4-C0FA-A2B2-34F9A81A7DFF"/>
</indexColumnUsage>
</ind_PK_UK>
<ind_PK_UK id="088518E2-C3F8-8B5A-1C22-700945AC813C" name="is_composed_of">
<createdBy>marinfotache</createdBy>
<createdTime>2018-10-26 05:05:34 UTC</createdTime>
<generatorID>8D1F1B53-4095-D493-41E4-D3D75B860B60</generatorID>
<ownerDesignName>06_configurations</ownerDesignName>
<indexState>Foreign Key</indexState>
<isSurrogateKey>false</isSurrogateKey>
<indexColumnUsage>
<colUsage columnID="9E6D1FD9-83EE-1331-5891-BD649597F309"/>
</indexColumnUsage>
</ind_PK_UK>
<ind_PK_UK id="D2473F91-0568-AE64-2440-AA3C146DD5F5" name="is_item_to_be_sold_in">
<createdBy>marinfotache</createdBy>
<createdTime>2018-10-26 05:05:34 UTC</createdTime>
<generatorID>2C5BE544-5AA7-4E32-09D2-C1DFCC913E4B</generatorID>
<ownerDesignName>06_configurations</ownerDesignName>
<indexState>Foreign Key</indexState>
<isSurrogateKey>false</isSurrogateKey>
<indexColumnUsage>
<colUsage columnID="FE4765F9-94EA-1647-3D89-9486EFF32500"/>
</indexColumnUsage>
</ind_PK_UK>
<ind_PK_UK id="98560041-BF8F-DE56-0434-45378BACF034" name="propels">
<createdBy>marinfotache</createdBy>
<createdTime>2018-10-26 05:05:34 UTC</createdTime>
<generatorID>E0C15EC1-2A02-99D1-9B1B-B77253AFDE61</generatorID>
<ownerDesignName>06_configurations</ownerDesignName>
<indexState>Foreign Key</indexState>
<isSurrogateKey>false</isSurrogateKey>
<indexColumnUsage>
<colUsage columnID="71190FA0-2DD4-C0FA-A2B2-34F9A81A7DFF"/>
</indexColumnUsage>
</ind_PK_UK>
</indexes>
</Table>