<?xml version = '1.0' encoding = 'UTF-8'?>
<Table class="oracle.dbtools.crest.model.design.relational.Table" directorySegmentName="seg_0" id="D13DA0C5-A879-4406-E258-043BF08759F8" name="car_model_version">
<createdBy>marinfotache</createdBy>
<createdTime>2018-10-26 05:05:34 UTC</createdTime>
<generatorID>980E38A0-57D0-E0BC-8636-8F53D83878F6</generatorID>
<ownerDesignName>06_configurations</ownerDesignName>
<allowColumnReorder>false</allowColumnReorder>
<existDependencyGenerateInDDl>true</existDependencyGenerateInDDl>
<parsed>true</parsed>
<columns itemClass="oracle.dbtools.crest.model.design.relational.Column">
<Column name="version_id" id="FE9B3124-A600-6CC7-1BAF-2163F169E655">
<createdBy>marinfotache</createdBy>
<createdTime>2018-10-26 05:05:34 UTC</createdTime>
<generatorID>8FFAA1D7-E9C8-492F-F80E-E3B68F5AB2EA</generatorID>
<ownerDesignName>06_configurations</ownerDesignName>
<useDomainConstraints>false</useDomainConstraints>
<use>1</use>
<logicalDatatype>LOGDT011</logicalDatatype>
<ownDataTypeParameters>,,</ownDataTypeParameters>
<autoIncrementCycle>false</autoIncrementCycle>
</Column>
<Column name="version_name" id="B3A8E6A0-2311-F3B0-8963-57B767C9DDF5">
<createdBy>marinfotache</createdBy>
<createdTime>2018-10-26 05:05:34 UTC</createdTime>
<generatorID>8561C088-32E5-6BD9-6D73-48EABC38F67D</generatorID>
<ownerDesignName>06_configurations</ownerDesignName>
<nullsAllowed>true</nullsAllowed>
<useDomainConstraints>false</useDomainConstraints>
<use>1</use>
<logicalDatatype>LOGDT024</logicalDatatype>
<dataTypeSize>50 CHAR</dataTypeSize>
<ownDataTypeParameters>50 CHAR,,</ownDataTypeParameters>
<autoIncrementCycle>false</autoIncrementCycle>
</Column>
<Column name="year_start" id="2774951A-269A-5670-0C9D-2B75F2FDBE56">
<createdBy>marinfotache</createdBy>
<createdTime>2018-10-26 05:05:34 UTC</createdTime>
<generatorID>450E5C88-D91E-2EEF-EDCF-14EEC271FE2D</generatorID>
<ownerDesignName>06_configurations</ownerDesignName>
<nullsAllowed>true</nullsAllowed>
<useDomainConstraints>false</useDomainConstraints>
<use>1</use>
<logicalDatatype>LOGDT019</logicalDatatype>
<dataTypePrecision>4</dataTypePrecision>
<ownDataTypeParameters>,4,</ownDataTypeParameters>
<autoIncrementCycle>false</autoIncrementCycle>
</Column>
<Column name="year_stop" id="B39A5246-5602-6F2D-61A0-4FAAD0EB58D3">
<createdBy>marinfotache</createdBy>
<createdTime>2018-10-26 05:05:34 UTC</createdTime>
<generatorID>87E6C897-FD0E-22D1-286D-3FE39C1153B2</generatorID>
<ownerDesignName>06_configurations</ownerDesignName>
<nullsAllowed>true</nullsAllowed>
<useDomainConstraints>false</useDomainConstraints>
<use>1</use>
<logicalDatatype>LOGDT019</logicalDatatype>
<dataTypePrecision>4</dataTypePrecision>
<ownDataTypeParameters>,4,</ownDataTypeParameters>
<autoIncrementCycle>false</autoIncrementCycle>
</Column>
<Column name="comments" id="7B85B432-E60D-B2F7-ACEC-DB62FCE27E9B">
<createdBy>marinfotache</createdBy>
<createdTime>2018-10-26 05:05:34 UTC</createdTime>
<generatorID>CD16A318-888E-EE2D-528E-E6B97CA6511A</generatorID>
<ownerDesignName>06_configurations</ownerDesignName>
<nullsAllowed>true</nullsAllowed>
<useDomainConstraints>false</useDomainConstraints>
<use>1</use>
<logicalDatatype>LOGDT037</logicalDatatype>
<dataTypeSize>100</dataTypeSize>
<ownDataTypeParameters>100,,</ownDataTypeParameters>
<autoIncrementCycle>false</autoIncrementCycle>
</Column>
<Column name="model_name" id="DE6764D0-A1FA-E819-BC93-EA4D0E8B5790">
<createdBy>marinfotache</createdBy>
<createdTime>2018-10-26 05:05:34 UTC</createdTime>
<generatorID>4DE670FF-1182-92E2-EDFE-A5CC6852BE2A</generatorID>
<ownerDesignName>06_configurations</ownerDesignName>
<useDomainConstraints>false</useDomainConstraints>
<use>1</use>
<logicalDatatype>LOGDT024</logicalDatatype>
<dataTypeSize>50</dataTypeSize>
<ownDataTypeParameters>,,</ownDataTypeParameters>
<previousColumn>false</previousColumn>
<autoIncrementCycle>false</autoIncrementCycle>
<associations>
<colAssociation fkAssociation="0CAE754C-CC65-8F77-4E1D-ECA5DB474951" referredColumn="3917A98C-998B-C1C6-792B-E202BAC61910"/>
</associations>
</Column>
</columns>
<indexes itemClass="oracle.dbtools.crest.model.design.relational.Index">
<ind_PK_UK id="C0D69FC3-7C47-E3A8-EA39-D4CEC9D6C187" name="Versiune_Model_PK">
<createdBy>marinfotache</createdBy>
<createdTime>2018-10-26 05:05:34 UTC</createdTime>
<generatorID>1D3D793F-04EB-8F5C-591D-B838DF93DC88</generatorID>
<ownerDesignName>06_configurations</ownerDesignName>
<pk>true</pk>
<indexState>Primary Constraint</indexState>
<isSurrogateKey>false</isSurrogateKey>
<indexColumnUsage>
<colUsage columnID="FE9B3124-A600-6CC7-1BAF-2163F169E655"/>
</indexColumnUsage>
</ind_PK_UK>
<ind_PK_UK id="05D481E1-835E-5FE1-B113-BFFAAFA582A0" name="is_presented_as">
<createdBy>marinfotache</createdBy>
<createdTime>2018-10-26 05:05:34 UTC</createdTime>
<generatorID>6E73AC46-94B4-7AF8-E73C-0AE75A460614</generatorID>
<ownerDesignName>06_configurations</ownerDesignName>
<indexState>Foreign Key</indexState>
<isSurrogateKey>false</isSurrogateKey>
<indexColumnUsage>
<colUsage columnID="DE6764D0-A1FA-E819-BC93-EA4D0E8B5790"/>
</indexColumnUsage>
</ind_PK_UK>
</indexes>
</Table>