<?xml version = '1.0' encoding = 'UTF-8'?>
<FKArc class="oracle.dbtools.crest.model.design.relational.FKArc" directorySegmentName="seg_0" id="876F476F-CC2C-FBD0-31DA-57474B6FDE23" name="Arc_2">
<createdBy>marinfotache</createdBy>
<createdTime>2020-12-02 06:44:15 UTC</createdTime>
<ownerDesignName>02a_package_of_items_v1</ownerDesignName>
<mandatory>true</mandatory>
<table>A5CA3461-558F-9EF9-20D9-4AC1AE3CE4DB</table>
<fkeys>
<fkeyID>ED8CB87A-C898-4234-458A-2E94D24A2BAD</fkeyID>
<fkeyID>6A3E8E0C-9316-3193-E173-68FC44F734F5</fkeyID>
<fkeyID>9945F8C6-00C5-F7FA-961F-BE347CA49EE6</fkeyID>
</fkeys>
</FKArc>