<?xml version = '1.0' encoding = 'UTF-8'?>
<FKArc class="oracle.dbtools.crest.model.design.relational.FKArc" directorySegmentName="seg_0" id="A43BE121-17FE-1109-9893-A165F8A92776" name="FKArc_1">
<createdBy>admin</createdBy>
<createdTime>2015-10-30 09:21:53 UTC</createdTime>
<ownerDesignName>02a_package_of_items_v1</ownerDesignName>
<mandatory>false</mandatory>
<reverseArc>true</reverseArc>
<table>8ED195DD-61E5-78E9-DD8D-74E696F84514</table>
<fkeys>
<fkeyID>73810B83-DE76-DFE2-AA2E-4EFD5954DF67</fkeyID>
<fkeyID>5933475C-0CC6-949D-1010-58CEFB89DDA7</fkeyID>
</fkeys>
</FKArc>