<?xml version = '1.0' encoding = 'UTF-8'?>
<FKArc class="oracle.dbtools.crest.model.design.relational.FKArc" directorySegmentName="seg_0" id="BA13174F-E424-BE4A-281F-002BE3EC622C" name="FKArc_2">
<createdBy>marinfotache</createdBy>
<createdTime>2020-12-02 06:44:15 UTC</createdTime>
<ownerDesignName>02a_package_of_items_v1</ownerDesignName>
<mandatory>false</mandatory>
<reverseArc>true</reverseArc>
<table>D58708DB-0DEA-0C31-F5D0-FAECFB103D7D</table>
<fkeys>
<fkeyID>12D44980-2440-DEF3-AC80-4ABEE99FA161</fkeyID>
<fkeyID>B7A44B8B-8B31-70E7-3536-523DB79FE3D6</fkeyID>
</fkeys>
</FKArc>