<?xml version = '1.0' encoding = 'UTF-8'?>
<FKIndexAssociation class="oracle.dbtools.crest.model.design.relational.FKIndexAssociation" directorySegmentName="seg_0" id="387EA988-346D-4CD4-BBC9-EEED214BBE54" containerWithKeyObject="E32329BF-F233-4B41-448D-AEF081CF6A3A" localFKIndex="5643D82B-C532-2274-1CF8-B0DB8C94EDBF" name="ordered_items_products_FK">
<createdBy>marinfotache</createdBy>
<createdTime>2016-11-07 08:37:44 UTC</createdTime>
<generatorID>23ADD691-E327-5C7B-1F5A-8C6F135F6A8A</generatorID>
<ownerDesignName>01b_heterogeneous_items_v2</ownerDesignName>
<deleteRule>NO ACTION</deleteRule>
<referredTableID>24A57045-8616-D856-FE76-7FD5499DB443</referredTableID>
<keyObject>4C6D4C0C-DA7D-7B54-344E-D4EC0AE30DBF</keyObject>
<referredKeyID>4C6D4C0C-DA7D-7B54-344E-D4EC0AE30DBF</referredKeyID>
<mandatory>true</mandatory>
<transferable>true</transferable>
<rely>false</rely>
<columnDependencyConstraintGenerateInDDL>true</columnDependencyConstraintGenerateInDDL>
</FKIndexAssociation>