<?xml version = '1.0' encoding = 'UTF-8'?>
<FKIndexAssociation class="oracle.dbtools.crest.model.design.relational.FKIndexAssociation" directorySegmentName="seg_0" id="4BFA74EA-E6AA-0364-66D9-EFDB07BC4E01" containerWithKeyObject="C13EB98A-EE72-118E-5656-571D318E3406" localFKIndex="1EA51A5E-CF2E-8D21-152E-6C8FA3039294" name="serv_var_price_services_FK">
<createdBy>marinfotache</createdBy>
<createdTime>2016-11-07 08:37:44 UTC</createdTime>
<generatorID>81C48145-1421-FB94-577D-742EE129B2B4</generatorID>
<ownerDesignName>01b_heterogeneous_items_v2</ownerDesignName>
<arc>C5F0306B-BA6B-062B-8AFC-70213FB05F4C</arc>
<deleteRule>NO ACTION</deleteRule>
<referredTableID>34228E8B-A5C8-CC0B-631A-E1CC0F691231</referredTableID>
<keyObject>422CA3DE-FBB8-D598-669F-AEB9036158E1</keyObject>
<referredKeyID>422CA3DE-FBB8-D598-669F-AEB9036158E1</referredKeyID>
<mandatory>true</mandatory>
<transferable>true</transferable>
<rely>false</rely>
<columnDependencyConstraintGenerateInDDL>true</columnDependencyConstraintGenerateInDDL>
</FKIndexAssociation>