<?xml version = '1.0' encoding = 'UTF-8'?>
<FKIndexAssociation class="oracle.dbtools.crest.model.design.relational.FKIndexAssociation" directorySegmentName="seg_0" id="58C833CE-B9EA-4480-73C8-056457E20CDF" containerWithKeyObject="24A57045-8616-D856-FE76-7FD5499DB443" localFKIndex="5D54D868-216D-D356-0328-2EE2BB03F510" name="products_item_groups_FK">
<createdBy>marinfotache</createdBy>
<createdTime>2016-11-07 08:37:44 UTC</createdTime>
<generatorID>6D6F96D6-A718-831D-B4E4-9D22F4FC9760</generatorID>
<ownerDesignName>01b_heterogeneous_items_v2</ownerDesignName>
<deleteRule>NO ACTION</deleteRule>
<referredTableID>E7C1D1F8-75E7-444C-C68B-603B39131365</referredTableID>
<keyObject>8E55A9BD-CE25-433A-819C-445E8829BA0A</keyObject>
<referredKeyID>8E55A9BD-CE25-433A-819C-445E8829BA0A</referredKeyID>
<mandatory>true</mandatory>
<transferable>true</transferable>
<rely>false</rely>
<columnDependencyConstraintGenerateInDDL>true</columnDependencyConstraintGenerateInDDL>
</FKIndexAssociation>