<?xml version = '1.0' encoding = 'UTF-8'?>
<FKIndexAssociation class="oracle.dbtools.crest.model.design.relational.FKIndexAssociation" directorySegmentName="seg_0" id="9D8DD978-BC1F-5060-3611-E21CA90AEBD8" containerWithKeyObject="E32329BF-F233-4B41-448D-AEF081CF6A3A" localFKIndex="714B1FDB-E429-5464-50DF-85404178A07A" name="ordered_items_services_FK">
<createdBy>marinfotache</createdBy>
<createdTime>2016-11-07 08:37:44 UTC</createdTime>
<generatorID>784501A0-8811-ADBA-ED35-DDA6257944CE</generatorID>
<ownerDesignName>01b_heterogeneous_items_v2</ownerDesignName>
<deleteRule>NO ACTION</deleteRule>
<referredTableID>34228E8B-A5C8-CC0B-631A-E1CC0F691231</referredTableID>
<keyObject>422CA3DE-FBB8-D598-669F-AEB9036158E1</keyObject>
<referredKeyID>422CA3DE-FBB8-D598-669F-AEB9036158E1</referredKeyID>
<mandatory>true</mandatory>
<transferable>true</transferable>
<rely>false</rely>
<columnDependencyConstraintGenerateInDDL>true</columnDependencyConstraintGenerateInDDL>
</FKIndexAssociation>