<?xml version = '1.0' encoding = 'UTF-8'?>
<FKIndexAssociation class="oracle.dbtools.crest.model.design.relational.FKIndexAssociation" directorySegmentName="seg_0" id="C8FC916F-AAC7-D0B2-E1A0-B80E5D11269B" containerWithKeyObject="34228E8B-A5C8-CC0B-631A-E1CC0F691231" localFKIndex="63635E20-1DFD-2B8B-1CA5-D0F4A19A45D3" name="services_item_groups_FK">
<createdBy>marinfotache</createdBy>
<createdTime>2016-11-07 08:37:44 UTC</createdTime>
<generatorID>4C48235E-BC28-B9B9-8F37-185083ACBAF7</generatorID>
<ownerDesignName>01b_heterogeneous_items_v2</ownerDesignName>
<deleteRule>NO ACTION</deleteRule>
<referredTableID>E7C1D1F8-75E7-444C-C68B-603B39131365</referredTableID>
<keyObject>8E55A9BD-CE25-433A-819C-445E8829BA0A</keyObject>
<referredKeyID>8E55A9BD-CE25-433A-819C-445E8829BA0A</referredKeyID>
<mandatory>true</mandatory>
<transferable>true</transferable>
<rely>false</rely>
<columnDependencyConstraintGenerateInDDL>true</columnDependencyConstraintGenerateInDDL>
</FKIndexAssociation>