<?xml version = '1.0' encoding = 'UTF-8'?>
<FKIndexAssociation class="oracle.dbtools.crest.model.design.relational.FKIndexAssociation" directorySegmentName="seg_0" id="D243E5AE-ACA2-9B0C-5EDA-F5AD435E6B00" containerWithKeyObject="C949BEC4-CA02-3BD8-AF3D-136B356C10BE" localFKIndex="49AF5067-C2C8-C54F-DFDD-553F7364B7D6" name="serv_unique_price_services_FK">
<createdBy>marinfotache</createdBy>
<createdTime>2016-11-07 08:37:44 UTC</createdTime>
<generatorID>9BFF8122-CB69-FA40-B338-4F41DE6F89C0</generatorID>
<ownerDesignName>01b_heterogeneous_items_v2</ownerDesignName>
<arc>C5F0306B-BA6B-062B-8AFC-70213FB05F4C</arc>
<deleteRule>NO ACTION</deleteRule>
<referredTableID>34228E8B-A5C8-CC0B-631A-E1CC0F691231</referredTableID>
<keyObject>422CA3DE-FBB8-D598-669F-AEB9036158E1</keyObject>
<referredKeyID>422CA3DE-FBB8-D598-669F-AEB9036158E1</referredKeyID>
<mandatory>true</mandatory>
<transferable>true</transferable>
<rely>false</rely>
<columnDependencyConstraintGenerateInDDL>true</columnDependencyConstraintGenerateInDDL>
</FKIndexAssociation>