<?xml version = '1.0' encoding = 'UTF-8'?>
<FKIndexAssociation class="oracle.dbtools.crest.model.design.relational.FKIndexAssociation" directorySegmentName="seg_0" id="F0C28DFC-7879-C35A-E896-429E2830D3D8" containerWithKeyObject="E32329BF-F233-4B41-448D-AEF081CF6A3A" localFKIndex="90D308F7-C354-9142-EDF1-53FB9E88908C" name="ordered_items_orders_FK">
<createdBy>marinfotache</createdBy>
<createdTime>2016-11-07 08:37:44 UTC</createdTime>
<generatorID>2AFE7B4B-0337-CBB2-49DE-B73C185A50F3</generatorID>
<ownerDesignName>01b_heterogeneous_items_v2</ownerDesignName>
<deleteRule>NO ACTION</deleteRule>
<referredTableID>926F2C69-7F90-8A79-CCE7-A82AABE0DF4F</referredTableID>
<keyObject>5B4D6310-B0DB-266B-CCD0-9839BF74C45C</keyObject>
<referredKeyID>5B4D6310-B0DB-266B-CCD0-9839BF74C45C</referredKeyID>
<mandatory>true</mandatory>
<transferable>true</transferable>
<rely>false</rely>
<columnDependencyConstraintGenerateInDDL>true</columnDependencyConstraintGenerateInDDL>
</FKIndexAssociation>