<?xml version = '1.0' encoding = 'UTF-8'?>
<FKIndexAssociation class="oracle.dbtools.crest.model.design.relational.FKIndexAssociation" directorySegmentName="seg_0" id="4C56728F-8D57-892B-5B41-D80089E1F3DC" containerWithKeyObject="1EA6DCF0-A392-3431-02B0-34CEE9100AFA" localFKIndex="1D094467-ED35-4037-4B29-8D5DD44B4C15" name="deposits_accounts_FK">
<createdBy>admin</createdBy>
<createdTime>2015-10-28 10:37:54 UTC</createdTime>
<generatorID>D9417189-580B-D94A-DB9E-A9FADCE6F787</generatorID>
<ownerDesignName>bank_cards_1</ownerDesignName>
<deleteRule>NO ACTION</deleteRule>
<referredTableID>57091E35-7DB3-F64E-B2D8-406B2030F0A7</referredTableID>
<keyObject>DB2363FD-D461-381C-EFA2-E24793AF159E</keyObject>
<referredKeyID>DB2363FD-D461-381C-EFA2-E24793AF159E</referredKeyID>
<mandatory>true</mandatory>
<transferable>true</transferable>
<rely>false</rely>
<columnDependencyConstraintGenerateInDDL>true</columnDependencyConstraintGenerateInDDL>
</FKIndexAssociation>