<?xml version = '1.0' encoding = 'UTF-8'?>
<FKIndexAssociation class="oracle.dbtools.crest.model.design.relational.FKIndexAssociation" directorySegmentName="seg_0" id="4FED4626-CC5F-CEB5-6A9A-62E78AA7D51B" containerWithKeyObject="57091E35-7DB3-F64E-B2D8-406B2030F0A7" localFKIndex="0852FE34-A41D-E320-E4A8-4480F8F0B1C8" name="accounts_customers_FK">
<createdBy>admin</createdBy>
<createdTime>2015-10-28 10:28:12 UTC</createdTime>
<generatorID>5F102A59-5413-3BFD-E396-50C34664DDBD</generatorID>
<ownerDesignName>bank_cards_1</ownerDesignName>
<deleteRule>NO ACTION</deleteRule>
<referredTableID>9690E0CE-EB03-723C-A729-3A129DCCAD41</referredTableID>
<keyObject>1CB119CB-869E-A180-0ABA-C3F9959226EE</keyObject>
<referredKeyID>1CB119CB-869E-A180-0ABA-C3F9959226EE</referredKeyID>
<mandatory>true</mandatory>
<transferable>true</transferable>
<rely>false</rely>
<columnDependencyConstraintGenerateInDDL>true</columnDependencyConstraintGenerateInDDL>
</FKIndexAssociation>