<?xml version = '1.0' encoding = 'UTF-8'?>
<FKIndexAssociation class="oracle.dbtools.crest.model.design.relational.FKIndexAssociation" directorySegmentName="seg_0" id="6A64A982-C3CF-77F5-28BD-87AE1D00CF95" containerWithKeyObject="3FCB5B4A-6BFD-6467-BA17-2B0A988328C9" localFKIndex="300B264F-B24A-4FE5-B2AF-0C91D9B6C370" name="payments_accounts_FK">
<createdBy>admin</createdBy>
<createdTime>2015-10-28 10:37:54 UTC</createdTime>
<generatorID>198B0F8A-2545-03A6-C8A5-3C0403B11BCA</generatorID>
<ownerDesignName>bank_cards_1</ownerDesignName>
<deleteRule>NO ACTION</deleteRule>
<referredTableID>57091E35-7DB3-F64E-B2D8-406B2030F0A7</referredTableID>
<keyObject>DB2363FD-D461-381C-EFA2-E24793AF159E</keyObject>
<referredKeyID>DB2363FD-D461-381C-EFA2-E24793AF159E</referredKeyID>
<mandatory>true</mandatory>
<transferable>true</transferable>
<rely>false</rely>
<columnDependencyConstraintGenerateInDDL>true</columnDependencyConstraintGenerateInDDL>
</FKIndexAssociation>