<?xml version = '1.0' encoding = 'UTF-8'?>
<Table class="oracle.dbtools.crest.model.design.relational.Table" directorySegmentName="seg_0" id="51DEC6FE-2A47-CB60-0A44-CD66975276F4" name="employees">
<createdBy>admin</createdBy>
<createdTime>2015-10-27 03:57:15 UTC</createdTime>
<generatorID>6934B835-67C6-79F7-1B2E-BDC41342680D</generatorID>
<ownerDesignName>manages_1</ownerDesignName>
<existDependencyGenerateInDDl>true</existDependencyGenerateInDDl>
<parsed>true</parsed>
<columns itemClass="oracle.dbtools.crest.model.design.relational.Column">
<Column name="emp_id" id="14B547C9-F4AB-F374-5993-FF24A284255D">
<createdBy>admin</createdBy>
<createdTime>2015-10-27 03:57:15 UTC</createdTime>
<generatorID>793A0736-C527-CE8E-B82C-AA4631583B52</generatorID>
<ownerDesignName>manages_1</ownerDesignName>
<useDomainConstraints>false</useDomainConstraints>
<use>1</use>
<logicalDatatype>LOGDT011</logicalDatatype>
<ownDataTypeParameters>,,</ownDataTypeParameters>
<autoIncrementCycle>false</autoIncrementCycle>
</Column>
<Column name="emp_family_name" id="3B822B69-7667-7DE1-3776-3417BF64F0B4">
<createdBy>admin</createdBy>
<createdTime>2015-10-27 03:57:15 UTC</createdTime>
<generatorID>F00612E6-2C97-ECB9-C5E4-18295ECC5035</generatorID>
<ownerDesignName>manages_1</ownerDesignName>
<useDomainConstraints>false</useDomainConstraints>
<use>1</use>
<logicalDatatype>LOGDT037</logicalDatatype>
<dataTypeSize>50 CHAR</dataTypeSize>
<ownDataTypeParameters>50 CHAR,,</ownDataTypeParameters>
<autoIncrementCycle>false</autoIncrementCycle>
</Column>
<Column name="emp_first_name" id="DA92A2CD-5633-35F6-F4FE-816523B1CAD0">
<createdBy>admin</createdBy>
<createdTime>2015-10-27 03:57:15 UTC</createdTime>
<generatorID>59FB2596-FB69-57D4-F6DF-12B64FBCFA71</generatorID>
<ownerDesignName>manages_1</ownerDesignName>
<useDomainConstraints>false</useDomainConstraints>
<use>1</use>
<logicalDatatype>LOGDT037</logicalDatatype>
<dataTypeSize>50 CHAR</dataTypeSize>
<ownDataTypeParameters>50 CHAR,,</ownDataTypeParameters>
<autoIncrementCycle>false</autoIncrementCycle>
</Column>
<Column name="emp_email" id="4280F85E-A97A-02D6-BE88-83F1E6A190F3">
<createdBy>admin</createdBy>
<createdTime>2015-10-27 03:57:15 UTC</createdTime>
<generatorID>626472CD-6A2A-5A35-A0B1-1FD884254222</generatorID>
<ownerDesignName>manages_1</ownerDesignName>
<useDomainConstraints>false</useDomainConstraints>
<use>1</use>
<logicalDatatype>LOGDT024</logicalDatatype>
<dataTypeSize>100 CHAR</dataTypeSize>
<ownDataTypeParameters>100 CHAR,,</ownDataTypeParameters>
<autoIncrementCycle>false</autoIncrementCycle>
</Column>
<Column name="department_name" id="645FDB31-43AA-D511-0B32-54D1DC7A7AA7">
<createdBy>admin</createdBy>
<createdTime>2015-10-27 03:57:15 UTC</createdTime>
<generatorID>F6597F91-A347-FEF7-7C56-D206358F0104</generatorID>
<ownerDesignName>manages_1</ownerDesignName>
<nullsAllowed>true</nullsAllowed>
<useDomainConstraints>false</useDomainConstraints>
<use>1</use>
<logicalDatatype>LOGDT024</logicalDatatype>
<dataTypeSize>50</dataTypeSize>
<ownDataTypeParameters>50,,</ownDataTypeParameters>
<autoIncrementCycle>false</autoIncrementCycle>
</Column>
<Column name="position" id="8559D4BA-59F8-328A-EBE0-00E8366A8495">
<createdBy>admin</createdBy>
<createdTime>2015-10-27 03:57:15 UTC</createdTime>
<generatorID>DA361D2D-CA60-AF84-8F7F-0BD07F25D1E1</generatorID>
<ownerDesignName>manages_1</ownerDesignName>
<useDomainConstraints>false</useDomainConstraints>
<use>1</use>
<logicalDatatype>LOGDT024</logicalDatatype>
<dataTypeSize>75</dataTypeSize>
<ownDataTypeParameters>75,,</ownDataTypeParameters>
<autoIncrementCycle>false</autoIncrementCycle>
</Column>
<Column name="emp_id1" id="A22DB26A-E08F-D73E-87F8-24B39C0EE0D2">
<createdBy>admin</createdBy>
<createdTime>2015-10-27 03:57:15 UTC</createdTime>
<generatorID>621DF30F-9DAC-85D9-A50F-112D75E33A20</generatorID>
<ownerDesignName>manages_1</ownerDesignName>
<nullsAllowed>true</nullsAllowed>
<useDomainConstraints>false</useDomainConstraints>
<use>1</use>
<logicalDatatype>LOGDT011</logicalDatatype>
<ownDataTypeParameters>,,</ownDataTypeParameters>
<previousColumn>false</previousColumn>
<autoIncrementCycle>false</autoIncrementCycle>
<associations>
<colAssociation fkAssociation="BCC2F0AE-D3E9-46FC-9EA7-DC826CBC4A68" referredColumn="14B547C9-F4AB-F374-5993-FF24A284255D"/>
</associations>
</Column>
</columns>
<indexes itemClass="oracle.dbtools.crest.model.design.relational.Index">
<ind_PK_UK id="AA5940DA-581A-AFBF-AEBB-9596F1080267" name="employees_PK">
<createdBy>admin</createdBy>
<createdTime>2015-10-27 03:57:15 UTC</createdTime>
<generatorID>10D2CA96-B305-CFDB-153F-6763A370C57C</generatorID>
<ownerDesignName>manages_1</ownerDesignName>
<pk>true</pk>
<indexState>Primary Constraint</indexState>
<isSurrogateKey>false</isSurrogateKey>
<indexColumnUsage>
<colUsage columnID="14B547C9-F4AB-F374-5993-FF24A284255D"/>
</indexColumnUsage>
</ind_PK_UK>
<ind_PK_UK id="773D90A3-5058-9818-1E99-48B72ECB1FC3" name="employees_employees_FK">
<createdBy>admin</createdBy>
<createdTime>2015-10-27 03:57:15 UTC</createdTime>
<generatorID>3CDA5A05-FB35-B406-DCD5-AD70CFA7F9A8</generatorID>
<ownerDesignName>manages_1</ownerDesignName>
<indexState>Foreign Key</indexState>
<isSurrogateKey>false</isSurrogateKey>
<indexColumnUsage>
<colUsage columnID="A22DB26A-E08F-D73E-87F8-24B39C0EE0D2"/>
</indexColumnUsage>
</ind_PK_UK>
</indexes>
</Table>