<?xml version = '1.0' encoding = 'UTF-8'?>
<Table class="oracle.dbtools.crest.model.design.relational.Table" directorySegmentName="seg_0" id="6887348B-8BBB-8F4A-EAA5-A8943ED560B9" name="employeesv1">
<createdBy>admin</createdBy>
<createdTime>2015-10-27 03:29:49 UTC</createdTime>
<generatorID>6934B835-67C6-79F7-1B2E-BDC41342680D</generatorID>
<ownerDesignName>manages_1</ownerDesignName>
<existDependencyGenerateInDDl>true</existDependencyGenerateInDDl>
<parsed>true</parsed>
<columns itemClass="oracle.dbtools.crest.model.design.relational.Column">
<Column name="emp_id" id="C7CF6BEC-E0D0-7A79-4BA8-87BCF26A3232">
<createdBy>admin</createdBy>
<createdTime>2015-10-27 03:29:49 UTC</createdTime>
<generatorID>793A0736-C527-CE8E-B82C-AA4631583B52</generatorID>
<ownerDesignName>manages_1</ownerDesignName>
<useDomainConstraints>false</useDomainConstraints>
<use>1</use>
<logicalDatatype>LOGDT011</logicalDatatype>
<ownDataTypeParameters>,,</ownDataTypeParameters>
<autoIncrementCycle>false</autoIncrementCycle>
</Column>
<Column name="emp_family_name" id="5D8DDDF8-A1E0-3B90-2169-38D97BB212EE">
<createdBy>admin</createdBy>
<createdTime>2015-10-27 03:29:49 UTC</createdTime>
<generatorID>F00612E6-2C97-ECB9-C5E4-18295ECC5035</generatorID>
<ownerDesignName>manages_1</ownerDesignName>
<useDomainConstraints>false</useDomainConstraints>
<use>1</use>
<logicalDatatype>LOGDT037</logicalDatatype>
<dataTypeSize>50 CHAR</dataTypeSize>
<ownDataTypeParameters>50 CHAR,,</ownDataTypeParameters>
<autoIncrementCycle>false</autoIncrementCycle>
</Column>
<Column name="emp_first_name" id="26B217D6-A0A9-62F2-6887-9330903F5F65">
<createdBy>admin</createdBy>
<createdTime>2015-10-27 03:29:49 UTC</createdTime>
<generatorID>59FB2596-FB69-57D4-F6DF-12B64FBCFA71</generatorID>
<ownerDesignName>manages_1</ownerDesignName>
<useDomainConstraints>false</useDomainConstraints>
<use>1</use>
<logicalDatatype>LOGDT037</logicalDatatype>
<dataTypeSize>50 CHAR</dataTypeSize>
<ownDataTypeParameters>50 CHAR,,</ownDataTypeParameters>
<autoIncrementCycle>false</autoIncrementCycle>
</Column>
<Column name="emp_email" id="0D6B1EB0-E574-6F26-A310-EFF99A1793FA">
<createdBy>admin</createdBy>
<createdTime>2015-10-27 03:29:49 UTC</createdTime>
<generatorID>626472CD-6A2A-5A35-A0B1-1FD884254222</generatorID>
<ownerDesignName>manages_1</ownerDesignName>
<useDomainConstraints>false</useDomainConstraints>
<use>1</use>
<logicalDatatype>LOGDT024</logicalDatatype>
<dataTypeSize>100 CHAR</dataTypeSize>
<ownDataTypeParameters>100 CHAR,,</ownDataTypeParameters>
<autoIncrementCycle>false</autoIncrementCycle>
</Column>
<Column name="department_name" id="C937EA3F-CCBA-7C89-1F07-E97CC6DEF418">
<createdBy>admin</createdBy>
<createdTime>2015-10-27 03:29:49 UTC</createdTime>
<generatorID>F6597F91-A347-FEF7-7C56-D206358F0104</generatorID>
<ownerDesignName>manages_1</ownerDesignName>
<nullsAllowed>true</nullsAllowed>
<useDomainConstraints>false</useDomainConstraints>
<use>1</use>
<logicalDatatype>LOGDT024</logicalDatatype>
<dataTypeSize>50</dataTypeSize>
<ownDataTypeParameters>50,,</ownDataTypeParameters>
<autoIncrementCycle>false</autoIncrementCycle>
</Column>
<Column name="position" id="46F8CD0F-5145-4319-CECA-715C58C50A16">
<createdBy>admin</createdBy>
<createdTime>2015-10-27 03:29:49 UTC</createdTime>
<generatorID>DA361D2D-CA60-AF84-8F7F-0BD07F25D1E1</generatorID>
<ownerDesignName>manages_1</ownerDesignName>
<useDomainConstraints>false</useDomainConstraints>
<use>1</use>
<logicalDatatype>LOGDT024</logicalDatatype>
<dataTypeSize>75</dataTypeSize>
<ownDataTypeParameters>75,,</ownDataTypeParameters>
<autoIncrementCycle>false</autoIncrementCycle>
</Column>
</columns>
<indexes itemClass="oracle.dbtools.crest.model.design.relational.Index">
<ind_PK_UK id="289E9197-CEA1-7CB9-4B24-E14DE8C7F709" name="employees_PKv1">
<createdBy>admin</createdBy>
<createdTime>2015-10-27 03:29:49 UTC</createdTime>
<generatorID>10D2CA96-B305-CFDB-153F-6763A370C57C</generatorID>
<ownerDesignName>manages_1</ownerDesignName>
<pk>true</pk>
<indexState>Primary Constraint</indexState>
<isSurrogateKey>false</isSurrogateKey>
<indexColumnUsage>
<colUsage columnID="C7CF6BEC-E0D0-7A79-4BA8-87BCF26A3232"/>
</indexColumnUsage>
</ind_PK_UK>
<ind_PK_UK id="57E9E0C8-19BD-5902-6F03-4C4D6A65C976" name="employees_employees_FK">
<createdBy>admin</createdBy>
<createdTime>2015-10-27 03:29:49 UTC</createdTime>
<generatorID>3CDA5A05-FB35-B406-DCD5-AD70CFA7F9A8</generatorID>
<ownerDesignName>manages_1</ownerDesignName>
<indexState>Foreign Key</indexState>
<isSurrogateKey>false</isSurrogateKey>
</ind_PK_UK>
</indexes>
</Table>