<?xml version = '1.0' encoding = 'UTF-8'?>
<Table class="oracle.dbtools.crest.model.design.relational.Table" directorySegmentName="seg_0" id="CE1519C2-9F8D-D022-EEF8-BF2D0A38F81D" name="angajati">
<createdBy>Marin F</createdBy>
<createdTime>2012-11-05 18:01:08 UTC</createdTime>
<generatorID>6934B835-67C6-79F7-1B2E-BDC41342680D</generatorID>
<ownerDesignName>manages_1</ownerDesignName>
<parsed>true</parsed>
<columns itemClass="oracle.dbtools.crest.model.design.relational.Column">
<Column name="Marca" id="68D9E2B3-EB45-3923-8B35-48199DC0E42F">
<createdBy>Marin F</createdBy>
<createdTime>2012-11-05 18:01:08 UTC</createdTime>
<generatorID>793A0736-C527-CE8E-B82C-AA4631583B52</generatorID>
<ownerDesignName>manages_1</ownerDesignName>
<useDomainConstraints>false</useDomainConstraints>
<use>1</use>
<logicalDatatype>LOGDT011</logicalDatatype>
<ownDataTypeParameters>,,</ownDataTypeParameters>
<previousColumn>false</previousColumn>
<autoIncrementCycle>false</autoIncrementCycle>
</Column>
<Column name="NumeAngajat" id="E7CA7EE3-A07F-0D7F-45F4-10D5B781167B">
<createdBy>Marin F</createdBy>
<createdTime>2012-11-05 18:01:08 UTC</createdTime>
<generatorID>F00612E6-2C97-ECB9-C5E4-18295ECC5035</generatorID>
<ownerDesignName>manages_1</ownerDesignName>
<useDomainConstraints>false</useDomainConstraints>
<use>1</use>
<logicalDatatype>LOGDT024</logicalDatatype>
<dataTypeSize>40 CHAR</dataTypeSize>
<ownDataTypeParameters>40 CHAR,,</ownDataTypeParameters>
<previousColumn>false</previousColumn>
<autoIncrementCycle>false</autoIncrementCycle>
</Column>
<Column name="PrenumeAngajat" id="5691AF26-74BD-55BD-7FD9-0F01F9625580">
<createdBy>Marin F</createdBy>
<createdTime>2012-11-05 18:01:08 UTC</createdTime>
<generatorID>59FB2596-FB69-57D4-F6DF-12B64FBCFA71</generatorID>
<ownerDesignName>manages_1</ownerDesignName>
<useDomainConstraints>false</useDomainConstraints>
<use>1</use>
<logicalDatatype>LOGDT024</logicalDatatype>
<dataTypeSize>40 CHAR</dataTypeSize>
<ownDataTypeParameters>40 CHAR,,</ownDataTypeParameters>
<previousColumn>false</previousColumn>
<autoIncrementCycle>false</autoIncrementCycle>
</Column>
<Column name="eMailAngajat" id="E098A701-9418-502A-D6E5-E48B832E287F">
<createdBy>Marin F</createdBy>
<createdTime>2012-11-05 18:01:08 UTC</createdTime>
<generatorID>626472CD-6A2A-5A35-A0B1-1FD884254222</generatorID>
<ownerDesignName>manages_1</ownerDesignName>
<useDomainConstraints>false</useDomainConstraints>
<use>1</use>
<logicalDatatype>LOGDT024</logicalDatatype>
<dataTypeSize>100 CHAR</dataTypeSize>
<ownDataTypeParameters>100 CHAR,,</ownDataTypeParameters>
<previousColumn>false</previousColumn>
<autoIncrementCycle>false</autoIncrementCycle>
</Column>
<Column name="Compartiment" id="D8FFE78B-6DE0-32E7-4BC6-AB0DF54567FA">
<createdBy>Marin F</createdBy>
<createdTime>2012-11-05 18:01:08 UTC</createdTime>
<generatorID>F6597F91-A347-FEF7-7C56-D206358F0104</generatorID>
<ownerDesignName>manages_1</ownerDesignName>
<nullsAllowed>true</nullsAllowed>
<useDomainConstraints>false</useDomainConstraints>
<use>1</use>
<logicalDatatype>LOGDT024</logicalDatatype>
<dataTypeSize>50</dataTypeSize>
<ownDataTypeParameters>50,,</ownDataTypeParameters>
<previousColumn>false</previousColumn>
<autoIncrementCycle>false</autoIncrementCycle>
</Column>
<Column name="Post" id="D743CDD2-3845-F48C-2B10-DD3D9187D434">
<createdBy>Marin F</createdBy>
<createdTime>2012-11-05 18:01:08 UTC</createdTime>
<generatorID>DA361D2D-CA60-AF84-8F7F-0BD07F25D1E1</generatorID>
<ownerDesignName>manages_1</ownerDesignName>
<useDomainConstraints>false</useDomainConstraints>
<use>1</use>
<logicalDatatype>LOGDT024</logicalDatatype>
<dataTypeSize>75</dataTypeSize>
<ownDataTypeParameters>75,,</ownDataTypeParameters>
<previousColumn>false</previousColumn>
<autoIncrementCycle>false</autoIncrementCycle>
</Column>
<Column name="Marca2" id="76BC2226-3B1C-DD33-2744-90D57C5106BA">
<createdBy>Marin F</createdBy>
<createdTime>2012-11-05 18:01:08 UTC</createdTime>
<generatorID>621DF30F-9DAC-85D9-A50F-112D75E33A20</generatorID>
<ownerDesignName>manages_1</ownerDesignName>
<nullsAllowed>true</nullsAllowed>
<useDomainConstraints>false</useDomainConstraints>
<use>1</use>
<logicalDatatype>LOGDT011</logicalDatatype>
<ownDataTypeParameters>,,</ownDataTypeParameters>
<previousColumn>false</previousColumn>
<autoIncrementCycle>false</autoIncrementCycle>
<associations>
<colAssociation fkAssociation="A4AE0C57-BC47-65D2-6AD3-994BF23144F3" referredColumn="68D9E2B3-EB45-3923-8B35-48199DC0E42F"/>
</associations>
</Column>
</columns>
<indexes itemClass="oracle.dbtools.crest.model.design.relational.Index">
<ind_PK_UK id="3DF89F6F-60B5-15BF-98FD-CEC78E26B373" name="ANGAJATI__PK">
<createdBy>Marin F</createdBy>
<createdTime>2012-11-05 18:01:08 UTC</createdTime>
<generatorID>10D2CA96-B305-CFDB-153F-6763A370C57C</generatorID>
<ownerDesignName>manages_1</ownerDesignName>
<pk>true</pk>
<indexState>Primary Constraint</indexState>
<indexColumnUsage>
<colUsage columnID="68D9E2B3-EB45-3923-8B35-48199DC0E42F"/>
</indexColumnUsage>
</ind_PK_UK>
<ind_PK_UK id="46376DFE-5EB4-4C74-E62F-DB45F22F2A1E" name="sefie">
<createdBy>Marin F</createdBy>
<createdTime>2012-11-05 18:01:08 UTC</createdTime>
<generatorID>3CDA5A05-FB35-B406-DCD5-AD70CFA7F9A8</generatorID>
<ownerDesignName>manages_1</ownerDesignName>
<indexState>Foreign Key</indexState>
<indexColumnUsage>
<colUsage columnID="76BC2226-3B1C-DD33-2744-90D57C5106BA"/>
</indexColumnUsage>
</ind_PK_UK>
</indexes>
</Table>