<?xml version = '1.0' encoding = 'UTF-8'?>
<FKIndexAssociation class="oracle.dbtools.crest.model.design.relational.FKIndexAssociation" directorySegmentName="seg_0" id="05A2C60C-351E-C7A3-5AAB-D7F4413FD171" containerWithKeyObject="E1992C64-17BC-7270-E43A-CFB8B944B721" localFKIndex="56DFF22E-A1BA-134B-DCDC-8F1F2BC73473" name="customer_montly_stats_months_FK">
<createdBy>marinfotache</createdBy>
<createdTime>2018-10-26 05:11:19 UTC</createdTime>
<generatorID>2DC15E09-67BA-D635-873E-EF619E27F9D3</generatorID>
<ownerDesignName>07a_Discounts_on_range_of_values</ownerDesignName>
<referredTableLongName>months</referredTableLongName>
<deleteRule>NO ACTION</deleteRule>
<referredTableID>DA252CAA-E291-ACD4-C2EB-453A1205A0AE</referredTableID>
<keyObject>58C5630D-F19F-1E3A-FDE2-245A248CCD96</keyObject>
<referredKeyID>58C5630D-F19F-1E3A-FDE2-245A248CCD96</referredKeyID>
<mandatory>true</mandatory>
<refColNames>year,month</refColNames>
<transferable>true</transferable>
<rely>false</rely>
<columnDependencyConstraintGenerateInDDL>true</columnDependencyConstraintGenerateInDDL>
</FKIndexAssociation>