<?xml version = '1.0' encoding = 'UTF-8'?>
<FKIndexAssociation class="oracle.dbtools.crest.model.design.relational.FKIndexAssociation" directorySegmentName="seg_0" id="1673A5D5-C65F-3E55-F458-716C7E8A7DD4" containerWithKeyObject="84B454E9-C12D-0135-AA79-26196AE7F446" localFKIndex="1A67B966-AF83-660D-F6B9-53497ECF24D3" name="invoices_customers_FK">
<createdBy>marinfotache</createdBy>
<createdTime>2018-10-26 05:11:19 UTC</createdTime>
<generatorID>3887E4B0-99D7-4D22-8E5D-DB276E64F678</generatorID>
<ownerDesignName>07a_Discounts_on_range_of_values</ownerDesignName>
<referredTableLongName>customers</referredTableLongName>
<deleteRule>NO ACTION</deleteRule>
<referredTableID>2E27A760-3ED9-1E0B-E69C-572B99D0801E</referredTableID>
<keyObject>0C9951D9-52F9-D5E4-27ED-C801009DDF1E</keyObject>
<referredKeyID>0C9951D9-52F9-D5E4-27ED-C801009DDF1E</referredKeyID>
<mandatory>true</mandatory>
<refColNames>cust_id</refColNames>
<transferable>true</transferable>
<rely>false</rely>
<columnDependencyConstraintGenerateInDDL>true</columnDependencyConstraintGenerateInDDL>
</FKIndexAssociation>