<?xml version = '1.0' encoding = 'UTF-8'?>
<FKIndexAssociation class="oracle.dbtools.crest.model.design.relational.FKIndexAssociation" directorySegmentName="seg_0" id="1C57C433-6764-69CD-8C1D-E3FC27719809" containerWithKeyObject="447FD95C-2C24-4D93-1612-1E845CF6C7D2" localFKIndex="BDC7482B-0068-6B20-417A-74D6A85B9051" name="current_contacts_customers_FK">
<createdBy>marinfotache</createdBy>
<createdTime>2018-10-26 05:11:19 UTC</createdTime>
<generatorID>C8A70461-C856-4D8C-9F97-C9F252DDEE62</generatorID>
<ownerDesignName>07a_Discounts_on_range_of_values</ownerDesignName>
<referredTableLongName>customers</referredTableLongName>
<deleteRule>NO ACTION</deleteRule>
<referredTableID>2E27A760-3ED9-1E0B-E69C-572B99D0801E</referredTableID>
<keyObject>0C9951D9-52F9-D5E4-27ED-C801009DDF1E</keyObject>
<referredKeyID>0C9951D9-52F9-D5E4-27ED-C801009DDF1E</referredKeyID>
<mandatory>true</mandatory>
<refColNames>cust_id</refColNames>
<transferable>true</transferable>
<rely>false</rely>
<columnDependencyConstraintGenerateInDDL>true</columnDependencyConstraintGenerateInDDL>
</FKIndexAssociation>