<?xml version = '1.0' encoding = 'UTF-8'?>
<FKIndexAssociation class="oracle.dbtools.crest.model.design.relational.FKIndexAssociation" directorySegmentName="seg_0" id="2763FC55-93BD-3C2E-0A3E-E3177660287B" containerWithKeyObject="DF9DDECF-A032-DE7A-CCC6-A2B2688918FC" localFKIndex="682A9CDD-98C9-88C0-24BE-E79DF9CA6535" name="refused_products_refusals_FK">
<createdBy>marinfotache</createdBy>
<createdTime>2018-10-26 05:11:19 UTC</createdTime>
<generatorID>8616D814-14C5-793F-6448-01B5887F92E3</generatorID>
<ownerDesignName>07a_Discounts_on_range_of_values</ownerDesignName>
<referredTableLongName>refusals</referredTableLongName>
<deleteRule>NO ACTION</deleteRule>
<referredTableID>F7C97FA8-9E8C-E66C-6040-C7896218DA41</referredTableID>
<keyObject>16D31102-A114-AE97-6CB7-17AEAAF27F2D</keyObject>
<referredKeyID>16D31102-A114-AE97-6CB7-17AEAAF27F2D</referredKeyID>
<mandatory>true</mandatory>
<refColNames>refusal_id</refColNames>
<transferable>true</transferable>
<rely>false</rely>
<columnDependencyConstraintGenerateInDDL>true</columnDependencyConstraintGenerateInDDL>
</FKIndexAssociation>