<?xml version = '1.0' encoding = 'UTF-8'?>
<FKIndexAssociation class="oracle.dbtools.crest.model.design.relational.FKIndexAssociation" directorySegmentName="seg_0" id="2A5EF62D-5725-0FD6-A206-82418DBF7BC4" containerWithKeyObject="85CD51AB-2A3F-FAB7-451C-6D6CB1277382" localFKIndex="9200DE90-BFBE-89AB-A55E-8AB1791F88BF" name="invoice_details_products_FK">
<createdBy>marinfotache</createdBy>
<createdTime>2018-10-26 05:11:19 UTC</createdTime>
<generatorID>A29855C0-B8E0-9AB1-939F-006BD29DD707</generatorID>
<ownerDesignName>07a_Discounts_on_range_of_values</ownerDesignName>
<referredTableLongName>products</referredTableLongName>
<deleteRule>NO ACTION</deleteRule>
<referredTableID>ECC74C9D-5EC8-13A3-4683-20D78D32C7AA</referredTableID>
<keyObject>97F08EBE-9B59-90C7-F642-03860E137BE5</keyObject>
<referredKeyID>97F08EBE-9B59-90C7-F642-03860E137BE5</referredKeyID>
<mandatory>true</mandatory>
<refColNames>product_id</refColNames>
<transferable>true</transferable>
<rely>false</rely>
<columnDependencyConstraintGenerateInDDL>true</columnDependencyConstraintGenerateInDDL>
</FKIndexAssociation>