<?xml version = '1.0' encoding = 'UTF-8'?>
<FKIndexAssociation class="oracle.dbtools.crest.model.design.relational.FKIndexAssociation" directorySegmentName="seg_0" id="2C43B81F-832C-53D3-7D26-DF32AEF236D2" containerWithKeyObject="88D57BC0-3DB7-EC05-05EF-028C413D0A2F" localFKIndex="7F2B2D17-4018-CAA3-C9B7-B7D3033A539F" name="people_postal_codes_FK">
<createdBy>marinfotache</createdBy>
<createdTime>2018-10-26 05:11:19 UTC</createdTime>
<generatorID>8C1FC7B8-6660-31CC-55EE-8BE19F7D8F4F</generatorID>
<ownerDesignName>07a_Discounts_on_range_of_values</ownerDesignName>
<referredTableLongName>postal_codes</referredTableLongName>
<deleteRule>NO ACTION</deleteRule>
<referredTableID>18DCCA40-6078-0692-7641-1979206B7DD5</referredTableID>
<keyObject>794AC5C0-FFD9-F242-B596-DF6568B26D65</keyObject>
<referredKeyID>794AC5C0-FFD9-F242-B596-DF6568B26D65</referredKeyID>
<mandatory>false</mandatory>
<refColNames>post_code</refColNames>
<transferable>true</transferable>
<rely>false</rely>
<columnDependencyConstraintGenerateInDDL>true</columnDependencyConstraintGenerateInDDL>
</FKIndexAssociation>