<?xml version = '1.0' encoding = 'UTF-8'?>
<FKIndexAssociation class="oracle.dbtools.crest.model.design.relational.FKIndexAssociation" directorySegmentName="seg_0" id="2C61917E-5D80-E9C1-6545-74B287F7E5C4" containerWithKeyObject="5178B6F2-AC06-4C7C-F934-80271B097ADB" localFKIndex="C6C18318-7A30-7324-0A2A-67B548B7A109" name="receipt_details_receipts_FK">
<createdBy>marinfotache</createdBy>
<createdTime>2018-10-26 05:11:19 UTC</createdTime>
<generatorID>3DC8AEB8-57D3-AFB7-FCE8-7F08DCC93164</generatorID>
<ownerDesignName>07a_Discounts_on_range_of_values</ownerDesignName>
<referredTableLongName>receipts</referredTableLongName>
<deleteRule>NO ACTION</deleteRule>
<referredTableID>614F374A-6A70-EF6F-6045-5470BB1E4A23</referredTableID>
<keyObject>51FCAA87-829C-7DD5-D558-DD2BC3431D22</keyObject>
<referredKeyID>51FCAA87-829C-7DD5-D558-DD2BC3431D22</referredKeyID>
<mandatory>true</mandatory>
<refColNames>receipt_id</refColNames>
<transferable>true</transferable>
<rely>false</rely>
<columnDependencyConstraintGenerateInDDL>true</columnDependencyConstraintGenerateInDDL>
</FKIndexAssociation>