<?xml version = '1.0' encoding = 'UTF-8'?>
<FKIndexAssociation class="oracle.dbtools.crest.model.design.relational.FKIndexAssociation" directorySegmentName="seg_0" id="393113C3-B69C-1655-79F5-F26A7EF5176C" containerWithKeyObject="447FD95C-2C24-4D93-1612-1E845CF6C7D2" localFKIndex="F9512C20-D43B-98F2-F13A-984E21CF66F6" name="current_contacts_people_FK">
<createdBy>marinfotache</createdBy>
<createdTime>2018-10-26 05:11:19 UTC</createdTime>
<generatorID>6F42A286-0894-7836-2315-203EE65990C9</generatorID>
<ownerDesignName>07a_Discounts_on_range_of_values</ownerDesignName>
<referredTableLongName>people</referredTableLongName>
<deleteRule>NO ACTION</deleteRule>
<referredTableID>88D57BC0-3DB7-EC05-05EF-028C413D0A2F</referredTableID>
<keyObject>3DFDDA96-32E2-7D75-5D1C-826ACA1ED7D2</keyObject>
<referredKeyID>3DFDDA96-32E2-7D75-5D1C-826ACA1ED7D2</referredKeyID>
<mandatory>true</mandatory>
<refColNames>pers_id</refColNames>
<transferable>true</transferable>
<rely>false</rely>
<columnDependencyConstraintGenerateInDDL>true</columnDependencyConstraintGenerateInDDL>
</FKIndexAssociation>