<?xml version = '1.0' encoding = 'UTF-8'?>
<FKIndexAssociation class="oracle.dbtools.crest.model.design.relational.FKIndexAssociation" directorySegmentName="seg_0" id="3FE2E6A3-844F-4181-11B7-A3559FDF77EE" containerWithKeyObject="2E27A760-3ED9-1E0B-E69C-572B99D0801E" localFKIndex="C1B0AC4E-04C0-7139-4575-FB51F80812CD" name="customers_postal_codes_FK">
<createdBy>marinfotache</createdBy>
<createdTime>2018-10-26 05:11:19 UTC</createdTime>
<generatorID>041CAC65-CEE4-CBF4-1D2E-12DF8E5B7D4E</generatorID>
<ownerDesignName>07a_Discounts_on_range_of_values</ownerDesignName>
<referredTableLongName>postal_codes</referredTableLongName>
<deleteRule>NO ACTION</deleteRule>
<referredTableID>18DCCA40-6078-0692-7641-1979206B7DD5</referredTableID>
<keyObject>794AC5C0-FFD9-F242-B596-DF6568B26D65</keyObject>
<referredKeyID>794AC5C0-FFD9-F242-B596-DF6568B26D65</referredKeyID>
<mandatory>true</mandatory>
<refColNames>post_code</refColNames>
<transferable>true</transferable>
<rely>false</rely>
<columnDependencyConstraintGenerateInDDL>true</columnDependencyConstraintGenerateInDDL>
</FKIndexAssociation>