<?xml version = '1.0' encoding = 'UTF-8'?>
<FKIndexAssociation class="oracle.dbtools.crest.model.design.relational.FKIndexAssociation" directorySegmentName="seg_0" id="42609685-D085-95DB-FC71-2139756B00D5" containerWithKeyObject="85CD51AB-2A3F-FAB7-451C-6D6CB1277382" localFKIndex="EA5B5AC7-CD8F-06D0-A03F-010B4F6FE13D" name="invoice_details_invoices_FK">
<createdBy>marinfotache</createdBy>
<createdTime>2018-10-26 05:11:19 UTC</createdTime>
<generatorID>FDA6341C-BE50-5CE3-3821-644B4FD1FDCC</generatorID>
<ownerDesignName>07a_Discounts_on_range_of_values</ownerDesignName>
<referredTableLongName>invoices</referredTableLongName>
<deleteRule>NO ACTION</deleteRule>
<referredTableID>84B454E9-C12D-0135-AA79-26196AE7F446</referredTableID>
<keyObject>198FEF24-3C2E-E869-9268-5192129B791A</keyObject>
<referredKeyID>198FEF24-3C2E-E869-9268-5192129B791A</referredKeyID>
<mandatory>true</mandatory>
<refColNames>invoice_id</refColNames>
<transferable>true</transferable>
<rely>false</rely>
<columnDependencyConstraintGenerateInDDL>true</columnDependencyConstraintGenerateInDDL>
</FKIndexAssociation>