<?xml version = '1.0' encoding = 'UTF-8'?>
<FKIndexAssociation class="oracle.dbtools.crest.model.design.relational.FKIndexAssociation" directorySegmentName="seg_0" id="4D53CCF4-46BA-1C57-8FAA-107E34873895" containerWithKeyObject="84B454E9-C12D-0135-AA79-26196AE7F446" localFKIndex="D4A9EBAC-2849-A62C-B924-D027F85AC7A4" name="invoices_discount_val_ranges_FK">
<createdBy>marinfotache</createdBy>
<createdTime>2018-10-26 05:11:19 UTC</createdTime>
<generatorID>8D0FBF94-2DE7-519F-98AE-5140D0EC8001</generatorID>
<ownerDesignName>07a_Discounts_on_range_of_values</ownerDesignName>
<referredTableLongName>discount_val_ranges</referredTableLongName>
<deleteRule>NO ACTION</deleteRule>
<referredTableID>0331F9CC-2C00-824B-5E00-B012168FEC43</referredTableID>
<keyObject>8DA6DFBC-9880-B25D-E0FF-84E2FBADDDA2</keyObject>
<referredKeyID>8DA6DFBC-9880-B25D-E0FF-84E2FBADDDA2</referredKeyID>
<mandatory>true</mandatory>
<refColNames>discount_val_range_id</refColNames>
<transferable>true</transferable>
<rely>false</rely>
<columnDependencyConstraintGenerateInDDL>true</columnDependencyConstraintGenerateInDDL>
</FKIndexAssociation>