<?xml version = '1.0' encoding = 'UTF-8'?>
<FKIndexAssociation class="oracle.dbtools.crest.model.design.relational.FKIndexAssociation" directorySegmentName="seg_0" id="5F66DABF-337B-59D8-ACA1-606DADBBC90A" containerWithKeyObject="7F82FDBE-56D2-AA2F-B5DA-F122B9C78CA6" localFKIndex="37DB77A2-E631-48C8-0531-670F3BFA7EE5" name="cancelled_invoices_invoices_FK">
<createdBy>marinfotache</createdBy>
<createdTime>2018-10-26 05:11:19 UTC</createdTime>
<generatorID>7D2AD5BB-9026-8B35-F7CF-C8103C4BC4B7</generatorID>
<ownerDesignName>07a_Discounts_on_range_of_values</ownerDesignName>
<referredTableLongName>invoices</referredTableLongName>
<deleteRule>NO ACTION</deleteRule>
<referredTableID>84B454E9-C12D-0135-AA79-26196AE7F446</referredTableID>
<keyObject>198FEF24-3C2E-E869-9268-5192129B791A</keyObject>
<referredKeyID>198FEF24-3C2E-E869-9268-5192129B791A</referredKeyID>
<mandatory>true</mandatory>
<refColNames>invoice_id</refColNames>
<transferable>true</transferable>
<rely>false</rely>
<columnDependencyConstraintGenerateInDDL>true</columnDependencyConstraintGenerateInDDL>
</FKIndexAssociation>