<?xml version = '1.0' encoding = 'UTF-8'?>
<FKIndexAssociation class="oracle.dbtools.crest.model.design.relational.FKIndexAssociation" directorySegmentName="seg_0" id="671721C3-57B9-054C-011E-2C69FEA862F5" containerWithKeyObject="18DCCA40-6078-0692-7641-1979206B7DD5" localFKIndex="B4B1FCC8-7E53-2886-50F4-FAD2ACF86C18" name="postal_codes_counties_FK">
<createdBy>marinfotache</createdBy>
<createdTime>2018-10-26 05:11:19 UTC</createdTime>
<generatorID>D42DE3C4-CE63-CA76-6A11-59ADAADC375E</generatorID>
<ownerDesignName>07a_Discounts_on_range_of_values</ownerDesignName>
<referredTableLongName>counties</referredTableLongName>
<deleteRule>NO ACTION</deleteRule>
<referredTableID>A1BC3B9E-E947-E5F9-EA04-31B7B741854B</referredTableID>
<keyObject>9330178B-8792-4B40-D4F1-08B6F4E0985E</keyObject>
<referredKeyID>9330178B-8792-4B40-D4F1-08B6F4E0985E</referredKeyID>
<mandatory>true</mandatory>
<refColNames>county_code</refColNames>
<transferable>true</transferable>
<rely>false</rely>
<columnDependencyConstraintGenerateInDDL>true</columnDependencyConstraintGenerateInDDL>
</FKIndexAssociation>