<?xml version = '1.0' encoding = 'UTF-8'?>
<FKIndexAssociation class="oracle.dbtools.crest.model.design.relational.FKIndexAssociation" directorySegmentName="seg_0" id="72367368-E0DA-F526-12E0-AF05410B0346" containerWithKeyObject="E1992C64-17BC-7270-E43A-CFB8B944B721" localFKIndex="AEB75EC4-FD9D-2DD0-BF92-07D59889BFFF" name="customer_montly_stats_customers_FK">
<createdBy>marinfotache</createdBy>
<createdTime>2018-10-26 05:11:19 UTC</createdTime>
<generatorID>58D22822-17DE-E93C-8D0C-0080DAFE466C</generatorID>
<ownerDesignName>07a_Discounts_on_range_of_values</ownerDesignName>
<referredTableLongName>customers</referredTableLongName>
<deleteRule>NO ACTION</deleteRule>
<referredTableID>2E27A760-3ED9-1E0B-E69C-572B99D0801E</referredTableID>
<keyObject>0C9951D9-52F9-D5E4-27ED-C801009DDF1E</keyObject>
<referredKeyID>0C9951D9-52F9-D5E4-27ED-C801009DDF1E</referredKeyID>
<mandatory>true</mandatory>
<refColNames>cust_id</refColNames>
<transferable>true</transferable>
<rely>false</rely>
<columnDependencyConstraintGenerateInDDL>true</columnDependencyConstraintGenerateInDDL>
</FKIndexAssociation>