<?xml version = '1.0' encoding = 'UTF-8'?>
<FKIndexAssociation class="oracle.dbtools.crest.model.design.relational.FKIndexAssociation" directorySegmentName="seg_0" id="79607E41-6EA6-0D7F-DC85-CB76DF9C7B1A" containerWithKeyObject="DF9DDECF-A032-DE7A-CCC6-A2B2688918FC" localFKIndex="C819E5BB-967E-16AB-3924-6BA04C60454F" name="refused_products_products_FK">
<createdBy>marinfotache</createdBy>
<createdTime>2018-10-26 05:11:19 UTC</createdTime>
<generatorID>8C27B7DD-45FA-8245-524F-9A753EC7EF80</generatorID>
<ownerDesignName>07a_Discounts_on_range_of_values</ownerDesignName>
<referredTableLongName>products</referredTableLongName>
<deleteRule>NO ACTION</deleteRule>
<referredTableID>ECC74C9D-5EC8-13A3-4683-20D78D32C7AA</referredTableID>
<keyObject>97F08EBE-9B59-90C7-F642-03860E137BE5</keyObject>
<referredKeyID>97F08EBE-9B59-90C7-F642-03860E137BE5</referredKeyID>
<mandatory>true</mandatory>
<refColNames>product_id</refColNames>
<transferable>true</transferable>
<rely>false</rely>
<columnDependencyConstraintGenerateInDDL>true</columnDependencyConstraintGenerateInDDL>
</FKIndexAssociation>