<?xml version = '1.0' encoding = 'UTF-8'?>
<FKIndexAssociation class="oracle.dbtools.crest.model.design.relational.FKIndexAssociation" directorySegmentName="seg_0" id="97FE87EE-415B-538E-433C-9A9CBAB71E20" containerWithKeyObject="F7C97FA8-9E8C-E66C-6040-C7896218DA41" localFKIndex="D3A94C74-F008-16B9-5928-4597A98D13FE" name="refusals_invoices_FK">
<createdBy>marinfotache</createdBy>
<createdTime>2018-10-26 05:11:19 UTC</createdTime>
<generatorID>E7FFA077-44AC-87FA-065E-BFAA11FE6881</generatorID>
<ownerDesignName>07a_Discounts_on_range_of_values</ownerDesignName>
<referredTableLongName>invoices</referredTableLongName>
<deleteRule>NO ACTION</deleteRule>
<referredTableID>84B454E9-C12D-0135-AA79-26196AE7F446</referredTableID>
<keyObject>198FEF24-3C2E-E869-9268-5192129B791A</keyObject>
<referredKeyID>198FEF24-3C2E-E869-9268-5192129B791A</referredKeyID>
<mandatory>true</mandatory>
<refColNames>invoice_id</refColNames>
<transferable>true</transferable>
<rely>false</rely>
<columnDependencyConstraintGenerateInDDL>true</columnDependencyConstraintGenerateInDDL>
</FKIndexAssociation>