<?xml version = '1.0' encoding = 'UTF-8'?>
<FKIndexAssociation class="oracle.dbtools.crest.model.design.relational.FKIndexAssociation" directorySegmentName="seg_0" id="98300B7D-EE64-FE0B-29F5-14EDA435EBD5" containerWithKeyObject="2EEB7626-2CC8-274C-9C9B-7DA0C53D9C09" localFKIndex="5A3FD38E-B4D9-6816-6B30-916BAA5CA320" name="former_contacts_people_FK">
<createdBy>marinfotache</createdBy>
<createdTime>2018-10-26 05:11:19 UTC</createdTime>
<generatorID>B4FE6DAF-4B3F-DC93-501E-907D8D4A2E0D</generatorID>
<ownerDesignName>07a_Discounts_on_range_of_values</ownerDesignName>
<referredTableLongName>people</referredTableLongName>
<deleteRule>NO ACTION</deleteRule>
<referredTableID>88D57BC0-3DB7-EC05-05EF-028C413D0A2F</referredTableID>
<keyObject>3DFDDA96-32E2-7D75-5D1C-826ACA1ED7D2</keyObject>
<referredKeyID>3DFDDA96-32E2-7D75-5D1C-826ACA1ED7D2</referredKeyID>
<mandatory>true</mandatory>
<refColNames>pers_id</refColNames>
<transferable>true</transferable>
<rely>false</rely>
<columnDependencyConstraintGenerateInDDL>true</columnDependencyConstraintGenerateInDDL>
</FKIndexAssociation>