<?xml version = '1.0' encoding = 'UTF-8'?>
<FKIndexAssociation class="oracle.dbtools.crest.model.design.relational.FKIndexAssociation" directorySegmentName="seg_0" id="AE8AE804-8ABA-5F9F-5B4F-D176A3C08F04" containerWithKeyObject="2E9B0935-CD5F-CD77-8F99-1B8F741E26F9" localFKIndex="D665A793-F5F2-CB9A-8FFE-6DACD3EE4FC2" name="product_montly_stats_months_FK">
<createdBy>marinfotache</createdBy>
<createdTime>2018-10-26 05:11:19 UTC</createdTime>
<generatorID>AA5D1984-FB1D-A844-1D48-1557DD1B109A</generatorID>
<ownerDesignName>07a_Discounts_on_range_of_values</ownerDesignName>
<referredTableLongName>months</referredTableLongName>
<deleteRule>NO ACTION</deleteRule>
<referredTableID>DA252CAA-E291-ACD4-C2EB-453A1205A0AE</referredTableID>
<keyObject>58C5630D-F19F-1E3A-FDE2-245A248CCD96</keyObject>
<referredKeyID>58C5630D-F19F-1E3A-FDE2-245A248CCD96</referredKeyID>
<mandatory>true</mandatory>
<refColNames>year,month</refColNames>
<transferable>true</transferable>
<rely>false</rely>
<columnDependencyConstraintGenerateInDDL>true</columnDependencyConstraintGenerateInDDL>
</FKIndexAssociation>