<?xml version = '1.0' encoding = 'UTF-8'?>
<FKIndexAssociation class="oracle.dbtools.crest.model.design.relational.FKIndexAssociation" directorySegmentName="seg_0" id="CA5D5AE4-03CA-F217-A6FC-97B1987EA340" containerWithKeyObject="BDD93359-7AF8-A7C7-FA0C-8412F0CE1552" localFKIndex="12E28433-7F6E-442E-3CFB-E59724594563" name="former_vat_percents_products_FK">
<createdBy>marinfotache</createdBy>
<createdTime>2018-10-26 05:11:19 UTC</createdTime>
<generatorID>B20EC83E-C530-0234-2A11-A79159E7DE1C</generatorID>
<ownerDesignName>07a_Discounts_on_range_of_values</ownerDesignName>
<referredTableLongName>products</referredTableLongName>
<deleteRule>NO ACTION</deleteRule>
<referredTableID>ECC74C9D-5EC8-13A3-4683-20D78D32C7AA</referredTableID>
<keyObject>97F08EBE-9B59-90C7-F642-03860E137BE5</keyObject>
<referredKeyID>97F08EBE-9B59-90C7-F642-03860E137BE5</referredKeyID>
<mandatory>true</mandatory>
<refColNames>product_id</refColNames>
<transferable>true</transferable>
<rely>false</rely>
<columnDependencyConstraintGenerateInDDL>true</columnDependencyConstraintGenerateInDDL>
</FKIndexAssociation>