<?xml version = '1.0' encoding = 'UTF-8'?>
<FKIndexAssociation class="oracle.dbtools.crest.model.design.relational.FKIndexAssociation" directorySegmentName="seg_0" id="D198777D-B7BE-CFF9-C3CF-006AC9149F06" containerWithKeyObject="2EEB7626-2CC8-274C-9C9B-7DA0C53D9C09" localFKIndex="65266B64-B25C-C176-F665-D33E2E928141" name="former_contacts_customers_FK">
<createdBy>marinfotache</createdBy>
<createdTime>2018-10-26 05:11:19 UTC</createdTime>
<generatorID>34A37B5B-544C-2D89-9AA4-162A2F3AA375</generatorID>
<ownerDesignName>07a_Discounts_on_range_of_values</ownerDesignName>
<referredTableLongName>customers</referredTableLongName>
<deleteRule>NO ACTION</deleteRule>
<referredTableID>2E27A760-3ED9-1E0B-E69C-572B99D0801E</referredTableID>
<keyObject>0C9951D9-52F9-D5E4-27ED-C801009DDF1E</keyObject>
<referredKeyID>0C9951D9-52F9-D5E4-27ED-C801009DDF1E</referredKeyID>
<mandatory>true</mandatory>
<refColNames>cust_id</refColNames>
<transferable>true</transferable>
<rely>false</rely>
<columnDependencyConstraintGenerateInDDL>true</columnDependencyConstraintGenerateInDDL>
</FKIndexAssociation>