<?xml version = '1.0' encoding = 'UTF-8'?>
<FKIndexAssociation class="oracle.dbtools.crest.model.design.relational.FKIndexAssociation" directorySegmentName="seg_0" id="E886EF15-1793-E4E5-05BE-58FE35B675EF" containerWithKeyObject="2E9B0935-CD5F-CD77-8F99-1B8F741E26F9" localFKIndex="47A752E1-2188-8AA8-F1B0-BF48B2BBC8E7" name="product_montly_stats_products_FK">
<createdBy>marinfotache</createdBy>
<createdTime>2018-10-26 05:11:19 UTC</createdTime>
<generatorID>08EB082B-1F6E-B511-CB1F-66F5D235BF07</generatorID>
<ownerDesignName>07a_Discounts_on_range_of_values</ownerDesignName>
<referredTableLongName>products</referredTableLongName>
<deleteRule>NO ACTION</deleteRule>
<referredTableID>ECC74C9D-5EC8-13A3-4683-20D78D32C7AA</referredTableID>
<keyObject>97F08EBE-9B59-90C7-F642-03860E137BE5</keyObject>
<referredKeyID>97F08EBE-9B59-90C7-F642-03860E137BE5</referredKeyID>
<mandatory>true</mandatory>
<refColNames>product_id</refColNames>
<transferable>true</transferable>
<rely>false</rely>
<columnDependencyConstraintGenerateInDDL>true</columnDependencyConstraintGenerateInDDL>
</FKIndexAssociation>