<?xml version = '1.0' encoding = 'UTF-8'?>
<FKIndexAssociation class="oracle.dbtools.crest.model.design.relational.FKIndexAssociation" directorySegmentName="seg_0" id="F8CF12F1-61FE-4A99-4CE1-8470F896D6BF" containerWithKeyObject="5178B6F2-AC06-4C7C-F934-80271B097ADB" localFKIndex="B18CAFFF-2819-1441-DE8B-E24756E77A9D" name="receipt_details_invoices_FK">
<createdBy>marinfotache</createdBy>
<createdTime>2018-10-26 05:11:19 UTC</createdTime>
<generatorID>BFF71C8D-60AE-DDB3-E312-B35FE343EFE9</generatorID>
<ownerDesignName>07a_Discounts_on_range_of_values</ownerDesignName>
<referredTableLongName>invoices</referredTableLongName>
<deleteRule>NO ACTION</deleteRule>
<referredTableID>84B454E9-C12D-0135-AA79-26196AE7F446</referredTableID>
<keyObject>198FEF24-3C2E-E869-9268-5192129B791A</keyObject>
<referredKeyID>198FEF24-3C2E-E869-9268-5192129B791A</referredKeyID>
<mandatory>true</mandatory>
<refColNames>invoice_id</refColNames>
<transferable>true</transferable>
<rely>false</rely>
<columnDependencyConstraintGenerateInDDL>true</columnDependencyConstraintGenerateInDDL>
</FKIndexAssociation>