<?xml version = '1.0' encoding = 'UTF-8'?>
<FKIndexAssociation class="oracle.dbtools.crest.model.design.relational.FKIndexAssociation" directorySegmentName="seg_0" id="FE8F2E0B-19DB-9A8F-02A7-74F94BB3F2B5" containerWithKeyObject="EF81A2EA-6ABD-63AA-FC6A-A9402204E015" localFKIndex="CABBACA4-A858-6C04-9129-8088A6E0DEC7" name="range_of_value_discount_val_ranges_FK">
<createdBy>marinfotache</createdBy>
<createdTime>2018-10-26 05:11:19 UTC</createdTime>
<generatorID>F7F57D20-49DE-D040-9052-2C303185665D</generatorID>
<ownerDesignName>07a_Discounts_on_range_of_values</ownerDesignName>
<referredTableLongName>discount_val_ranges</referredTableLongName>
<deleteRule>NO ACTION</deleteRule>
<referredTableID>0331F9CC-2C00-824B-5E00-B012168FEC43</referredTableID>
<keyObject>8DA6DFBC-9880-B25D-E0FF-84E2FBADDDA2</keyObject>
<referredKeyID>8DA6DFBC-9880-B25D-E0FF-84E2FBADDDA2</referredKeyID>
<mandatory>true</mandatory>
<refColNames>discount_val_range_id</refColNames>
<transferable>true</transferable>
<rely>false</rely>
<columnDependencyConstraintGenerateInDDL>true</columnDependencyConstraintGenerateInDDL>
</FKIndexAssociation>