<?xml version = '1.0' encoding = 'UTF-8'?>
<FKIndexAssociation class="oracle.dbtools.crest.model.design.relational.FKIndexAssociation" directorySegmentName="seg_0" id="130A87F8-99F4-6B7E-869C-D7EADBC80BBB" containerWithKeyObject="5C7181FE-420D-93C3-73F2-44A1322ED931" localFKIndex="4795653A-5325-6F65-011C-25D6515F8AB9" name="product_montly_stats_months_FK">
<createdBy>admin</createdBy>
<createdTime>2015-10-30 06:33:26 UTC</createdTime>
<generatorID>AA5D1984-FB1D-A844-1D48-1557DD1B109A</generatorID>
<ownerDesignName>sales_5</ownerDesignName>
<deleteRule>NO ACTION</deleteRule>
<referredTableID>AF8CF8DC-1581-05D0-30A8-F37E1E294058</referredTableID>
<keyObject>38A27DB7-A4AD-CB71-B90B-C1EFA3BBDC71</keyObject>
<referredKeyID>38A27DB7-A4AD-CB71-B90B-C1EFA3BBDC71</referredKeyID>
<mandatory>true</mandatory>
<transferable>true</transferable>
<rely>false</rely>
<columnDependencyConstraintGenerateInDDL>true</columnDependencyConstraintGenerateInDDL>
</FKIndexAssociation>