<?xml version = '1.0' encoding = 'UTF-8'?>
<FKIndexAssociation class="oracle.dbtools.crest.model.design.relational.FKIndexAssociation" directorySegmentName="seg_0" id="25873A56-D6D8-3989-8088-311A35771E9D" containerWithKeyObject="707C70EA-6856-5D07-318E-F81970B7298C" localFKIndex="25C7B44A-7D4A-8ED2-89B4-71B1A34D90CD" name="former_contacts_customers_FK">
<createdBy>admin</createdBy>
<createdTime>2015-10-30 06:33:26 UTC</createdTime>
<generatorID>34A37B5B-544C-2D89-9AA4-162A2F3AA375</generatorID>
<ownerDesignName>sales_5</ownerDesignName>
<deleteRule>NO ACTION</deleteRule>
<referredTableID>C2517DB5-3ACE-F57A-6C60-AAAC5EE1F646</referredTableID>
<keyObject>48F3C6E6-B399-D827-B4A6-C40205ED05E5</keyObject>
<referredKeyID>48F3C6E6-B399-D827-B4A6-C40205ED05E5</referredKeyID>
<mandatory>true</mandatory>
<transferable>true</transferable>
<rely>false</rely>
<columnDependencyConstraintGenerateInDDL>true</columnDependencyConstraintGenerateInDDL>
</FKIndexAssociation>