<?xml version = '1.0' encoding = 'UTF-8'?>
<FKIndexAssociation class="oracle.dbtools.crest.model.design.relational.FKIndexAssociation" directorySegmentName="seg_0" id="28181D07-3715-CD58-F59C-1A3D354B8CCC" containerWithKeyObject="AFA89944-B869-8F22-6AE5-29E3450F7A47" localFKIndex="56E56B3E-1FA9-DB50-B367-08E62E838810" name="current_contacts_people_FK">
<createdBy>admin</createdBy>
<createdTime>2015-10-30 06:33:26 UTC</createdTime>
<generatorID>6F42A286-0894-7836-2315-203EE65990C9</generatorID>
<ownerDesignName>sales_5</ownerDesignName>
<deleteRule>NO ACTION</deleteRule>
<referredTableID>DEA12155-C159-EBAF-2025-17FCA30D9186</referredTableID>
<keyObject>0838006B-0EDC-C01E-5E22-3B1DFD872B89</keyObject>
<referredKeyID>0838006B-0EDC-C01E-5E22-3B1DFD872B89</referredKeyID>
<mandatory>true</mandatory>
<transferable>true</transferable>
<rely>false</rely>
<columnDependencyConstraintGenerateInDDL>true</columnDependencyConstraintGenerateInDDL>
</FKIndexAssociation>