<?xml version = '1.0' encoding = 'UTF-8'?>
<FKIndexAssociation class="oracle.dbtools.crest.model.design.relational.FKIndexAssociation" directorySegmentName="seg_0" id="308FFC6C-DA35-810F-E10A-E2E4005361F6" containerWithKeyObject="47777B37-D773-11C1-3140-A7E7FB8CAFA3" localFKIndex="23C20E1C-CD26-EB5A-B6D8-656D716433EF" name="cancelled_invoices_invoices_FK">
<createdBy>admin</createdBy>
<createdTime>2015-10-30 06:33:26 UTC</createdTime>
<generatorID>7D2AD5BB-9026-8B35-F7CF-C8103C4BC4B7</generatorID>
<ownerDesignName>sales_5</ownerDesignName>
<deleteRule>NO ACTION</deleteRule>
<referredTableID>554C27FA-1AE7-9D88-0B78-2EBEDA476FEF</referredTableID>
<keyObject>3563657F-14B7-230B-AC0F-4517E0B844EA</keyObject>
<referredKeyID>3563657F-14B7-230B-AC0F-4517E0B844EA</referredKeyID>
<mandatory>true</mandatory>
<transferable>true</transferable>
<rely>false</rely>
<columnDependencyConstraintGenerateInDDL>true</columnDependencyConstraintGenerateInDDL>
</FKIndexAssociation>