<?xml version = '1.0' encoding = 'UTF-8'?>
<FKIndexAssociation class="oracle.dbtools.crest.model.design.relational.FKIndexAssociation" directorySegmentName="seg_0" id="48A77CAF-B7EB-40E5-6D91-D96015877463" containerWithKeyObject="707C70EA-6856-5D07-318E-F81970B7298C" localFKIndex="E503BAA5-9D89-49C6-BB06-3BE6CE792393" name="former_contacts_people_FK">
<createdBy>admin</createdBy>
<createdTime>2015-10-30 06:33:26 UTC</createdTime>
<generatorID>B4FE6DAF-4B3F-DC93-501E-907D8D4A2E0D</generatorID>
<ownerDesignName>sales_5</ownerDesignName>
<deleteRule>NO ACTION</deleteRule>
<referredTableID>DEA12155-C159-EBAF-2025-17FCA30D9186</referredTableID>
<keyObject>0838006B-0EDC-C01E-5E22-3B1DFD872B89</keyObject>
<referredKeyID>0838006B-0EDC-C01E-5E22-3B1DFD872B89</referredKeyID>
<mandatory>true</mandatory>
<transferable>true</transferable>
<rely>false</rely>
<columnDependencyConstraintGenerateInDDL>true</columnDependencyConstraintGenerateInDDL>
</FKIndexAssociation>