<?xml version = '1.0' encoding = 'UTF-8'?>
<FKIndexAssociation class="oracle.dbtools.crest.model.design.relational.FKIndexAssociation" directorySegmentName="seg_0" id="4B4AD838-8657-AC10-3773-1A702F66AA7D" containerWithKeyObject="4C2F60F6-C0EC-54EE-9A2A-6F6C03D3B233" localFKIndex="DA129691-3FC5-C744-440A-E52BF923D777" name="customer_montly_stats_months_FK">
<createdBy>admin</createdBy>
<createdTime>2015-10-30 06:33:26 UTC</createdTime>
<generatorID>2DC15E09-67BA-D635-873E-EF619E27F9D3</generatorID>
<ownerDesignName>sales_5</ownerDesignName>
<deleteRule>NO ACTION</deleteRule>
<referredTableID>AF8CF8DC-1581-05D0-30A8-F37E1E294058</referredTableID>
<keyObject>38A27DB7-A4AD-CB71-B90B-C1EFA3BBDC71</keyObject>
<referredKeyID>38A27DB7-A4AD-CB71-B90B-C1EFA3BBDC71</referredKeyID>
<mandatory>true</mandatory>
<transferable>true</transferable>
<rely>false</rely>
<columnDependencyConstraintGenerateInDDL>true</columnDependencyConstraintGenerateInDDL>
</FKIndexAssociation>