<?xml version = '1.0' encoding = 'UTF-8'?>
<FKIndexAssociation class="oracle.dbtools.crest.model.design.relational.FKIndexAssociation" directorySegmentName="seg_0" id="51C99384-61DD-1898-175D-BD65E5A22193" containerWithKeyObject="167B61EA-2299-CC67-43C5-DE245CD5AF8D" localFKIndex="C59490F4-B606-DFF3-F19A-CC1744B69AB7" name="former_vat_percents_products_FK">
<createdBy>admin</createdBy>
<createdTime>2015-10-30 06:33:26 UTC</createdTime>
<generatorID>B20EC83E-C530-0234-2A11-A79159E7DE1C</generatorID>
<ownerDesignName>sales_5</ownerDesignName>
<deleteRule>NO ACTION</deleteRule>
<referredTableID>550157B9-9AA9-3FCE-3450-5D17118905F5</referredTableID>
<keyObject>8ECDA4FE-4E88-CDA6-6B31-12CFF23F3B59</keyObject>
<referredKeyID>8ECDA4FE-4E88-CDA6-6B31-12CFF23F3B59</referredKeyID>
<mandatory>true</mandatory>
<transferable>true</transferable>
<rely>false</rely>
<columnDependencyConstraintGenerateInDDL>true</columnDependencyConstraintGenerateInDDL>
</FKIndexAssociation>