<?xml version = '1.0' encoding = 'UTF-8'?>
<FKIndexAssociation class="oracle.dbtools.crest.model.design.relational.FKIndexAssociation" directorySegmentName="seg_0" id="53BE1053-DEF2-9ADB-4987-830568510D06" containerWithKeyObject="EFA3D096-B511-6B45-CC3C-D18E5A8C7FEE" localFKIndex="4F6C0556-25EA-307D-800E-D47EAF9E8445" name="refused_products_refusals_FK">
<createdBy>admin</createdBy>
<createdTime>2015-10-30 06:33:26 UTC</createdTime>
<generatorID>8616D814-14C5-793F-6448-01B5887F92E3</generatorID>
<ownerDesignName>sales_5</ownerDesignName>
<deleteRule>NO ACTION</deleteRule>
<referredTableID>E10C5802-C245-A857-D054-C21FD3EFD358</referredTableID>
<keyObject>184588B5-66A7-5979-9F4E-55AE965A26D0</keyObject>
<referredKeyID>184588B5-66A7-5979-9F4E-55AE965A26D0</referredKeyID>
<mandatory>true</mandatory>
<transferable>true</transferable>
<rely>false</rely>
<columnDependencyConstraintGenerateInDDL>true</columnDependencyConstraintGenerateInDDL>
</FKIndexAssociation>