<?xml version = '1.0' encoding = 'UTF-8'?>
<FKIndexAssociation class="oracle.dbtools.crest.model.design.relational.FKIndexAssociation" directorySegmentName="seg_0" id="58C9E953-C77C-0B24-B71C-2877D82C152F" containerWithKeyObject="554C27FA-1AE7-9D88-0B78-2EBEDA476FEF" localFKIndex="1C3ABB28-5E91-B16C-A810-78F23393A169" name="invoices_customers_FK">
<createdBy>admin</createdBy>
<createdTime>2015-10-30 06:33:26 UTC</createdTime>
<generatorID>3887E4B0-99D7-4D22-8E5D-DB276E64F678</generatorID>
<ownerDesignName>sales_5</ownerDesignName>
<deleteRule>NO ACTION</deleteRule>
<referredTableID>C2517DB5-3ACE-F57A-6C60-AAAC5EE1F646</referredTableID>
<keyObject>48F3C6E6-B399-D827-B4A6-C40205ED05E5</keyObject>
<referredKeyID>48F3C6E6-B399-D827-B4A6-C40205ED05E5</referredKeyID>
<mandatory>true</mandatory>
<transferable>true</transferable>
<rely>false</rely>
<columnDependencyConstraintGenerateInDDL>true</columnDependencyConstraintGenerateInDDL>
</FKIndexAssociation>