<?xml version = '1.0' encoding = 'UTF-8'?>
<FKIndexAssociation class="oracle.dbtools.crest.model.design.relational.FKIndexAssociation" directorySegmentName="seg_0" id="5A460F17-1CFC-4D40-6258-BF0E7C0CF374" containerWithKeyObject="B6CB2767-3F18-1B2E-4504-13EA2D778203" localFKIndex="B0F26777-85DE-52DE-550A-96E20806FFF2" name="receipt_details_invoices_FK">
<createdBy>admin</createdBy>
<createdTime>2015-10-30 06:33:26 UTC</createdTime>
<generatorID>BFF71C8D-60AE-DDB3-E312-B35FE343EFE9</generatorID>
<ownerDesignName>sales_5</ownerDesignName>
<deleteRule>NO ACTION</deleteRule>
<referredTableID>554C27FA-1AE7-9D88-0B78-2EBEDA476FEF</referredTableID>
<keyObject>3563657F-14B7-230B-AC0F-4517E0B844EA</keyObject>
<referredKeyID>3563657F-14B7-230B-AC0F-4517E0B844EA</referredKeyID>
<mandatory>true</mandatory>
<transferable>true</transferable>
<rely>false</rely>
<columnDependencyConstraintGenerateInDDL>true</columnDependencyConstraintGenerateInDDL>
</FKIndexAssociation>