<?xml version = '1.0' encoding = 'UTF-8'?>
<FKIndexAssociation class="oracle.dbtools.crest.model.design.relational.FKIndexAssociation" directorySegmentName="seg_0" id="75A31B02-017D-7B6A-C4B7-CBA7702A0DA9" containerWithKeyObject="C2517DB5-3ACE-F57A-6C60-AAAC5EE1F646" localFKIndex="898053D9-C1FA-15D9-1B89-1082F30DEB3E" name="customers_postal_codes_FK">
<createdBy>admin</createdBy>
<createdTime>2015-10-30 06:33:26 UTC</createdTime>
<generatorID>041CAC65-CEE4-CBF4-1D2E-12DF8E5B7D4E</generatorID>
<ownerDesignName>sales_5</ownerDesignName>
<deleteRule>NO ACTION</deleteRule>
<referredTableID>427218AB-5636-0101-3D00-67ADCEB5D9C7</referredTableID>
<keyObject>26C376DB-8F1A-81FF-EF18-2C60C36B7BF6</keyObject>
<referredKeyID>26C376DB-8F1A-81FF-EF18-2C60C36B7BF6</referredKeyID>
<mandatory>true</mandatory>
<transferable>true</transferable>
<rely>false</rely>
<columnDependencyConstraintGenerateInDDL>true</columnDependencyConstraintGenerateInDDL>
</FKIndexAssociation>