<?xml version = '1.0' encoding = 'UTF-8'?>
<FKIndexAssociation class="oracle.dbtools.crest.model.design.relational.FKIndexAssociation" directorySegmentName="seg_0" id="7AE78DE2-2174-1284-EC76-146F59075FD5" containerWithKeyObject="B6CB2767-3F18-1B2E-4504-13EA2D778203" localFKIndex="946AA323-7AE4-C562-E80C-BD9FAC662F84" name="receipt_details_receipts_FK">
<createdBy>admin</createdBy>
<createdTime>2015-10-30 06:33:26 UTC</createdTime>
<generatorID>3DC8AEB8-57D3-AFB7-FCE8-7F08DCC93164</generatorID>
<ownerDesignName>sales_5</ownerDesignName>
<deleteRule>NO ACTION</deleteRule>
<referredTableID>D5EF1F9C-D24E-B164-B0F3-D49D8822A7A5</referredTableID>
<keyObject>CFFBDABC-6B80-607D-53EC-24A296127655</keyObject>
<referredKeyID>CFFBDABC-6B80-607D-53EC-24A296127655</referredKeyID>
<mandatory>true</mandatory>
<transferable>true</transferable>
<rely>false</rely>
<columnDependencyConstraintGenerateInDDL>true</columnDependencyConstraintGenerateInDDL>
</FKIndexAssociation>