<?xml version = '1.0' encoding = 'UTF-8'?>
<FKIndexAssociation class="oracle.dbtools.crest.model.design.relational.FKIndexAssociation" directorySegmentName="seg_0" id="7FBE7A3E-183A-7EBA-82E4-28C0B95E1CF8" containerWithKeyObject="57D16EC5-C8B9-59F2-9C0F-E36C3743790F" localFKIndex="48656FB1-79CD-9F92-436E-24C6A5BA2C98" name="invoice_details_invoices_FK">
<createdBy>admin</createdBy>
<createdTime>2015-10-30 06:33:26 UTC</createdTime>
<generatorID>FDA6341C-BE50-5CE3-3821-644B4FD1FDCC</generatorID>
<ownerDesignName>sales_5</ownerDesignName>
<deleteRule>NO ACTION</deleteRule>
<referredTableID>554C27FA-1AE7-9D88-0B78-2EBEDA476FEF</referredTableID>
<keyObject>3563657F-14B7-230B-AC0F-4517E0B844EA</keyObject>
<referredKeyID>3563657F-14B7-230B-AC0F-4517E0B844EA</referredKeyID>
<mandatory>true</mandatory>
<transferable>true</transferable>
<rely>false</rely>
<columnDependencyConstraintGenerateInDDL>true</columnDependencyConstraintGenerateInDDL>
</FKIndexAssociation>