<?xml version = '1.0' encoding = 'UTF-8'?>
<FKIndexAssociation class="oracle.dbtools.crest.model.design.relational.FKIndexAssociation" directorySegmentName="seg_0" id="83B1D369-4DC1-8320-D874-E0588A7D299A" containerWithKeyObject="AFA89944-B869-8F22-6AE5-29E3450F7A47" localFKIndex="D5628A4E-9134-C862-144A-4121A5617BBF" name="current_contacts_customers_FK">
<createdBy>admin</createdBy>
<createdTime>2015-10-30 06:33:26 UTC</createdTime>
<generatorID>C8A70461-C856-4D8C-9F97-C9F252DDEE62</generatorID>
<ownerDesignName>sales_5</ownerDesignName>
<deleteRule>NO ACTION</deleteRule>
<referredTableID>C2517DB5-3ACE-F57A-6C60-AAAC5EE1F646</referredTableID>
<keyObject>48F3C6E6-B399-D827-B4A6-C40205ED05E5</keyObject>
<referredKeyID>48F3C6E6-B399-D827-B4A6-C40205ED05E5</referredKeyID>
<mandatory>true</mandatory>
<transferable>true</transferable>
<rely>false</rely>
<columnDependencyConstraintGenerateInDDL>true</columnDependencyConstraintGenerateInDDL>
</FKIndexAssociation>