<?xml version = '1.0' encoding = 'UTF-8'?>
<FKIndexAssociation class="oracle.dbtools.crest.model.design.relational.FKIndexAssociation" directorySegmentName="seg_0" id="A15CEC0E-19CB-4EC0-91BC-5A7A4CAA1FA0" containerWithKeyObject="E10C5802-C245-A857-D054-C21FD3EFD358" localFKIndex="A31191A9-542B-B8D1-B95A-FC4F2999E2DF" name="refusals_invoices_FK">
<createdBy>admin</createdBy>
<createdTime>2015-10-30 06:33:26 UTC</createdTime>
<generatorID>E7FFA077-44AC-87FA-065E-BFAA11FE6881</generatorID>
<ownerDesignName>sales_5</ownerDesignName>
<deleteRule>NO ACTION</deleteRule>
<referredTableID>554C27FA-1AE7-9D88-0B78-2EBEDA476FEF</referredTableID>
<keyObject>3563657F-14B7-230B-AC0F-4517E0B844EA</keyObject>
<referredKeyID>3563657F-14B7-230B-AC0F-4517E0B844EA</referredKeyID>
<mandatory>true</mandatory>
<transferable>true</transferable>
<rely>false</rely>
<columnDependencyConstraintGenerateInDDL>true</columnDependencyConstraintGenerateInDDL>
</FKIndexAssociation>