<?xml version = '1.0' encoding = 'UTF-8'?>
<FKIndexAssociation class="oracle.dbtools.crest.model.design.relational.FKIndexAssociation" directorySegmentName="seg_0" id="B4355F3D-8F43-990B-B3CD-CA72A9C9C6AE" containerWithKeyObject="EFA3D096-B511-6B45-CC3C-D18E5A8C7FEE" localFKIndex="7B25C913-0A31-BC6A-C751-F60B7E553848" name="refused_products_products_FK">
<createdBy>admin</createdBy>
<createdTime>2015-10-30 06:33:26 UTC</createdTime>
<generatorID>8C27B7DD-45FA-8245-524F-9A753EC7EF80</generatorID>
<ownerDesignName>sales_5</ownerDesignName>
<deleteRule>NO ACTION</deleteRule>
<referredTableID>550157B9-9AA9-3FCE-3450-5D17118905F5</referredTableID>
<keyObject>8ECDA4FE-4E88-CDA6-6B31-12CFF23F3B59</keyObject>
<referredKeyID>8ECDA4FE-4E88-CDA6-6B31-12CFF23F3B59</referredKeyID>
<mandatory>true</mandatory>
<transferable>true</transferable>
<rely>false</rely>
<columnDependencyConstraintGenerateInDDL>true</columnDependencyConstraintGenerateInDDL>
</FKIndexAssociation>