<?xml version = '1.0' encoding = 'UTF-8'?>
<FKIndexAssociation class="oracle.dbtools.crest.model.design.relational.FKIndexAssociation" directorySegmentName="seg_0" id="C8F76C7F-B0E7-DEA0-F1CA-C4D68F70B136" containerWithKeyObject="DEA12155-C159-EBAF-2025-17FCA30D9186" localFKIndex="813CFFAE-048A-A6AF-AE62-1FCD028551DF" name="people_postal_codes_FK">
<createdBy>admin</createdBy>
<createdTime>2015-10-30 06:33:26 UTC</createdTime>
<generatorID>8C1FC7B8-6660-31CC-55EE-8BE19F7D8F4F</generatorID>
<ownerDesignName>sales_5</ownerDesignName>
<deleteRule>NO ACTION</deleteRule>
<referredTableID>427218AB-5636-0101-3D00-67ADCEB5D9C7</referredTableID>
<keyObject>26C376DB-8F1A-81FF-EF18-2C60C36B7BF6</keyObject>
<referredKeyID>26C376DB-8F1A-81FF-EF18-2C60C36B7BF6</referredKeyID>
<mandatory>false</mandatory>
<transferable>true</transferable>
<rely>false</rely>
<columnDependencyConstraintGenerateInDDL>true</columnDependencyConstraintGenerateInDDL>
</FKIndexAssociation>