<?xml version = '1.0' encoding = 'UTF-8'?>
<FKIndexAssociation class="oracle.dbtools.crest.model.design.relational.FKIndexAssociation" directorySegmentName="seg_0" id="DB2CBD96-B8BC-64F8-D4E0-2AA97D5AB627" containerWithKeyObject="57D16EC5-C8B9-59F2-9C0F-E36C3743790F" localFKIndex="CD255791-181C-4D5D-1911-7CC07C23CBB2" name="invoice_details_products_FK">
<createdBy>admin</createdBy>
<createdTime>2015-10-30 06:33:26 UTC</createdTime>
<generatorID>A29855C0-B8E0-9AB1-939F-006BD29DD707</generatorID>
<ownerDesignName>sales_5</ownerDesignName>
<deleteRule>NO ACTION</deleteRule>
<referredTableID>550157B9-9AA9-3FCE-3450-5D17118905F5</referredTableID>
<keyObject>8ECDA4FE-4E88-CDA6-6B31-12CFF23F3B59</keyObject>
<referredKeyID>8ECDA4FE-4E88-CDA6-6B31-12CFF23F3B59</referredKeyID>
<mandatory>true</mandatory>
<transferable>true</transferable>
<rely>false</rely>
<columnDependencyConstraintGenerateInDDL>true</columnDependencyConstraintGenerateInDDL>
</FKIndexAssociation>