<?xml version = '1.0' encoding = 'UTF-8'?>
<FKIndexAssociation class="oracle.dbtools.crest.model.design.relational.FKIndexAssociation" directorySegmentName="seg_0" id="DCB9C2EE-B861-71B9-7043-C1C90D0CEEC1" containerWithKeyObject="4C2F60F6-C0EC-54EE-9A2A-6F6C03D3B233" localFKIndex="CC04F449-542B-4BF0-E204-E1681512C485" name="customer_montly_stats_customers_FK">
<createdBy>admin</createdBy>
<createdTime>2015-10-30 06:33:26 UTC</createdTime>
<generatorID>58D22822-17DE-E93C-8D0C-0080DAFE466C</generatorID>
<ownerDesignName>sales_5</ownerDesignName>
<deleteRule>NO ACTION</deleteRule>
<referredTableID>C2517DB5-3ACE-F57A-6C60-AAAC5EE1F646</referredTableID>
<keyObject>48F3C6E6-B399-D827-B4A6-C40205ED05E5</keyObject>
<referredKeyID>48F3C6E6-B399-D827-B4A6-C40205ED05E5</referredKeyID>
<mandatory>true</mandatory>
<transferable>true</transferable>
<rely>false</rely>
<columnDependencyConstraintGenerateInDDL>true</columnDependencyConstraintGenerateInDDL>
</FKIndexAssociation>