<?xml version = '1.0' encoding = 'UTF-8'?>
<FKIndexAssociation class="oracle.dbtools.crest.model.design.relational.FKIndexAssociation" directorySegmentName="seg_0" id="E0B6057D-9DAE-9FEE-0155-B54FD61995B4" containerWithKeyObject="5C7181FE-420D-93C3-73F2-44A1322ED931" localFKIndex="1A480906-D839-8FFA-BD78-DD17F55C94BC" name="product_montly_stats_products_FK">
<createdBy>admin</createdBy>
<createdTime>2015-10-30 06:33:26 UTC</createdTime>
<generatorID>08EB082B-1F6E-B511-CB1F-66F5D235BF07</generatorID>
<ownerDesignName>sales_5</ownerDesignName>
<deleteRule>NO ACTION</deleteRule>
<referredTableID>550157B9-9AA9-3FCE-3450-5D17118905F5</referredTableID>
<keyObject>8ECDA4FE-4E88-CDA6-6B31-12CFF23F3B59</keyObject>
<referredKeyID>8ECDA4FE-4E88-CDA6-6B31-12CFF23F3B59</referredKeyID>
<mandatory>true</mandatory>
<transferable>true</transferable>
<rely>false</rely>
<columnDependencyConstraintGenerateInDDL>true</columnDependencyConstraintGenerateInDDL>
</FKIndexAssociation>