<?xml version = '1.0' encoding = 'UTF-8'?>
<FKIndexAssociation class="oracle.dbtools.crest.model.design.relational.FKIndexAssociation" directorySegmentName="seg_0" id="E6F938BF-01FD-936A-E719-3CB5D1331F85" containerWithKeyObject="427218AB-5636-0101-3D00-67ADCEB5D9C7" localFKIndex="2D590A9E-93D4-B2E4-AFF5-0A03A3087F3B" name="postal_codes_counties_FK">
<createdBy>admin</createdBy>
<createdTime>2015-10-30 06:33:26 UTC</createdTime>
<generatorID>D42DE3C4-CE63-CA76-6A11-59ADAADC375E</generatorID>
<ownerDesignName>sales_5</ownerDesignName>
<deleteRule>NO ACTION</deleteRule>
<referredTableID>4AA6D0D7-27FA-80C1-6F42-912A070ABB95</referredTableID>
<keyObject>A5BA3787-4438-8E71-E623-CDEF4CF8B594</keyObject>
<referredKeyID>A5BA3787-4438-8E71-E623-CDEF4CF8B594</referredKeyID>
<mandatory>true</mandatory>
<transferable>true</transferable>
<rely>false</rely>
<columnDependencyConstraintGenerateInDDL>true</columnDependencyConstraintGenerateInDDL>
</FKIndexAssociation>