<?xml version = '1.0' encoding = 'UTF-8'?>
<Diagram class="oracle.dbtools.crest.swingui.relational.DPVRelational" name="Relational_1" id="1DA83EFA-8ACE-2AF9-B59C-3A59BBCA7C96">
<createdBy>Marin F</createdBy>
<modifiedBy>admin</modifiedBy>
<createdTime>2011-10-05 05:53:45 UTC</createdTime>
<autoRoute>false</autoRoute>
<boxInbox>true</boxInbox>
<showLegend>false</showLegend>
<showLabels>false</showLabels>
<showRelAttributes>false</showRelAttributes>
<gridEnabled>false</gridEnabled>
<showGrid>false</showGrid>
<diagramColor>-1</diagramColor>
<display>false</display>
<notation>1</notation>
<objectViews>
<OView class="oracle.dbtools.crest.swingui.relational.TVTable" oid="00532C90-98B3-34B5-AB0D-68F62E2EDC8F" otype="Table" vid="4E1DEB52-CC48-7886-C22D-04A0CB755B9F">
<hideElementsInCurrentOnly>false</hideElementsInCurrentOnly>
<bounds x="418" y="374" width="270" height="102"/>
</OView>
<OView class="oracle.dbtools.crest.swingui.relational.TVTable" oid="2DB6CDB8-03E6-2623-6590-C576243CED11" otype="Table" vid="04EBBF87-BB4E-42FD-E04D-8A2E4F7AD3FD">
<hideElementsInCurrentOnly>false</hideElementsInCurrentOnly>
<bounds x="381" y="51" width="228" height="167"/>
</OView>
<OView class="oracle.dbtools.crest.swingui.relational.TVTable" oid="5D6C46B3-072E-102C-5A45-8DC73625A32C" otype="Table" vid="4D37AD0B-6C7E-B5A3-98FD-CAAC1C846C69">
<hideElementsInCurrentOnly>false</hideElementsInCurrentOnly>
<bounds x="263" y="262" width="227" height="89"/>
</OView>
<OView class="oracle.dbtools.crest.swingui.relational.TVTable" oid="D3096BEF-2838-FC57-0826-AF7A8C17EC61" otype="Table" vid="FEF40C8B-CB5E-8918-1D16-7B601BD7909D">
<hideElementsInCurrentOnly>false</hideElementsInCurrentOnly>
<bounds x="22" y="369" width="242" height="89"/>
</OView>
<OView class="oracle.dbtools.crest.swingui.relational.TVTable" oid="D538008C-8E76-57DB-E089-7E05C27CB3FB" otype="Table" vid="174262C7-4D33-FD74-816C-D60310369D02">
<hideElementsInCurrentOnly>false</hideElementsInCurrentOnly>
<bounds x="16" y="77" width="257" height="122"/>
</OView>
</objectViews>
<connectors>
<Connector class="oracle.dbtools.crest.swingui.relational.TVFKRelation" oid="2405F218-73BB-3AC5-8816-C9BC16B97654" otype="FKIndexAssociation" vid_source="174262C7-4D33-FD74-816C-D60310369D02" vid_target="04EBBF87-BB4E-42FD-E04D-8A2E4F7AD3FD">
<hideElementsInCurrentOnly>false</hideElementsInCurrentOnly>
<lineWidth>1</lineWidth>
<points>
<point x="273" y="138"/>
<point x="381" y="138"/>
</points>
</Connector>
<Connector class="oracle.dbtools.crest.swingui.relational.TVFKRelation" oid="37143C0F-AD43-1C1C-011F-B8A483B8E681" otype="FKIndexAssociation" vid_source="04EBBF87-BB4E-42FD-E04D-8A2E4F7AD3FD" vid_target="4E1DEB52-CC48-7886-C22D-04A0CB755B9F">
<hideElementsInCurrentOnly>false</hideElementsInCurrentOnly>
<lineWidth>1</lineWidth>
<points>
<point x="513" y="218"/>
<point x="513" y="374"/>
</points>
</Connector>
<Connector class="oracle.dbtools.crest.swingui.relational.TVFKRelation" oid="3A1A3FBE-E426-B6B7-1D10-32714358AC12" otype="FKIndexAssociation" vid_source="04EBBF87-BB4E-42FD-E04D-8A2E4F7AD3FD" vid_target="4D37AD0B-6C7E-B5A3-98FD-CAAC1C846C69">
<hideElementsInCurrentOnly>false</hideElementsInCurrentOnly>
<lineWidth>1</lineWidth>
<points>
<point x="435" y="218"/>
<point x="435" y="262"/>
</points>
</Connector>
<Connector class="oracle.dbtools.crest.swingui.relational.TVFKRelation" oid="9B833357-819E-DF4D-F3F3-EEE4A92DE890" otype="FKIndexAssociation" vid_source="174262C7-4D33-FD74-816C-D60310369D02" vid_target="FEF40C8B-CB5E-8918-1D16-7B601BD7909D">
<hideElementsInCurrentOnly>false</hideElementsInCurrentOnly>
<lineWidth>1</lineWidth>
<points>
<point x="143" y="199"/>
<point x="143" y="369"/>
</points>
</Connector>
</connectors>
<arcs>
<Arc class="oracle.dbtools.crest.swingui.relational.TVFKArc" oid="2E2FE30D-47AA-2B70-51C2-735A2DCD69E8" otype="FKArc" vid="B05446D5-DDE8-0E58-0789-C0AFF90EE1B4">
<hideElementsInCurrentOnly>false</hideElementsInCurrentOnly>
<bounds x="-4" y="57" width="297" height="162"/>
</Arc>
<Arc class="oracle.dbtools.crest.swingui.relational.TVFKArc" oid="6137FC13-58A2-7E66-003C-4211FBB116C1" otype="FKArc" vid="9F5A2506-C1EB-2625-520B-9146B9CFF212">
<hideElementsInCurrentOnly>false</hideElementsInCurrentOnly>
<bounds x="361" y="31" width="268" height="207"/>
</Arc>
</arcs>
</Diagram>