<?xml version = '1.0' encoding = 'UTF-8'?>
<Diagram class="oracle.dbtools.crest.swingui.relational.DPVRelational" name="Relational_1" id="CAE1055E-FC0D-D1C1-5CB3-A7D84CB3A1A6">
<createdBy>marinfotache</createdBy>
<modifiedBy>marinfotache</modifiedBy>
<createdTime>2018-10-25 20:30:03 UTC</createdTime>
<autoRoute>false</autoRoute>
<boxInbox>true</boxInbox>
<showLegend>false</showLegend>
<showLabels>false</showLabels>
<showRelAttributes>false</showRelAttributes>
<gridEnabled>false</gridEnabled>
<showGrid>false</showGrid>
<diagramColor>-1</diagramColor>
<display>false</display>
<notation>1</notation>
<objectViews>
<OView class="oracle.dbtools.crest.swingui.relational.TVTable" oid="0673C6EA-83F2-4F07-D341-2B8CE980DC14" otype="Table" vid="D373635A-0605-B334-0A7C-0A66A04271BF">
<hideElementsInCurrentOnly>false</hideElementsInCurrentOnly>
<bounds x="209" y="216" width="123" height="79"/>
</OView>
<OView class="oracle.dbtools.crest.swingui.relational.TVTable" oid="1FAAD92B-B89F-E652-7DAF-6C798BF68EAC" otype="Table" vid="DBA6F293-397E-0FD7-1C4C-A0C0AB910F73">
<hideElementsInCurrentOnly>false</hideElementsInCurrentOnly>
<bounds x="27" y="10" width="140" height="169"/>
</OView>
<OView class="oracle.dbtools.crest.swingui.relational.TVTable" oid="2172E149-8173-92B7-1E4B-5D20EED098D6" otype="Table" vid="2534FA2A-9651-A91D-30E1-F4E552F34430">
<hideElementsInCurrentOnly>false</hideElementsInCurrentOnly>
<bounds x="483" y="268" width="126" height="171"/>
</OView>
<OView class="oracle.dbtools.crest.swingui.relational.TVTable" oid="29F615BB-FFAC-AE86-BBB1-957F0923AA83" otype="Table" vid="961B52FA-6F69-BF2F-0AED-E5F0336884C2">
<hideElementsInCurrentOnly>false</hideElementsInCurrentOnly>
<bounds x="31" y="185" width="125" height="62"/>
</OView>
<OView class="oracle.dbtools.crest.swingui.relational.TVTable" oid="30008EE8-D175-8394-34B8-DCD85110FB1B" otype="Table" vid="F3698510-7F34-2B10-70E5-129368528B40">
<hideElementsInCurrentOnly>false</hideElementsInCurrentOnly>
<bounds x="500" y="462" width="123" height="50"/>
</OView>
<OView class="oracle.dbtools.crest.swingui.relational.TVTable" oid="43CEE9AA-BF06-755B-8117-0A267FFBE1DF" otype="Table" vid="332D5C1A-16CC-666B-595D-A89E4CC98F92">
<hideElementsInCurrentOnly>false</hideElementsInCurrentOnly>
<bounds x="199" y="46" width="112" height="80"/>
</OView>
<OView class="oracle.dbtools.crest.swingui.relational.TVTable" oid="4B0B846E-D660-BC22-ADF6-47DBF27ED3C9" otype="Table" vid="9CAA8761-2EDD-0302-0BF7-0D5A241991C1">
<hideElementsInCurrentOnly>false</hideElementsInCurrentOnly>
<bounds x="378" y="393" width="101" height="81"/>
</OView>
<OView class="oracle.dbtools.crest.swingui.relational.TVTable" oid="5126BC51-C9C9-3E84-D387-74C85030708D" otype="Table" vid="9D63B5B4-B8F2-0D6F-3BB5-22D4F752CF4F">
<hideElementsInCurrentOnly>false</hideElementsInCurrentOnly>
<bounds x="484" y="2" width="132" height="60"/>
</OView>
<OView class="oracle.dbtools.crest.swingui.relational.TVTable" oid="5ECE9E26-9774-F203-5040-EA8679874471" otype="Table" vid="E690635D-63E2-495E-5D9B-2FBF9267208F">
<hideElementsInCurrentOnly>false</hideElementsInCurrentOnly>
<bounds x="221" y="131" width="128" height="43"/>
</OView>
<OView class="oracle.dbtools.crest.swingui.relational.TVTable" oid="610D65CD-E2EF-57D5-9066-6F41AF3072D1" otype="Table" vid="A076AD6A-369D-D6AB-3858-463760468411">
<hideElementsInCurrentOnly>false</hideElementsInCurrentOnly>
<bounds x="519" y="71" width="145" height="102"/>
</OView>
<OView class="oracle.dbtools.crest.swingui.relational.TVTable" oid="61E303EF-8213-33AC-9CB4-69E5B64E8E64" otype="Table" vid="61140184-23F5-7B29-4787-5FBD733D92AB">
<hideElementsInCurrentOnly>false</hideElementsInCurrentOnly>
<bounds x="178" y="388" width="131" height="100"/>
</OView>
<OView class="oracle.dbtools.crest.swingui.relational.TVTable" oid="7E237454-3B9F-E4B9-FB67-0F78E50A1A25" otype="Table" vid="F50CFC80-FE68-EE3A-BBF5-A584C5820B07">
<hideElementsInCurrentOnly>false</hideElementsInCurrentOnly>
<bounds x="167" y="308" width="125" height="64"/>
</OView>
<OView class="oracle.dbtools.crest.swingui.relational.TVTable" oid="80CF5151-C175-9006-726D-C227440B4BDA" otype="Table" vid="845D2112-2120-974C-AD23-CC53316DBB7B">
<hideElementsInCurrentOnly>false</hideElementsInCurrentOnly>
<bounds x="400" y="105" width="111" height="112"/>
</OView>
<OView class="oracle.dbtools.crest.swingui.relational.TVTable" oid="8B70264C-2781-6916-C6C2-E8A99AA74216" otype="Table" vid="6BE034AF-C41E-93ED-9EEA-49295DDB40D9">
<hideElementsInCurrentOnly>false</hideElementsInCurrentOnly>
<bounds x="328" y="296" width="105" height="65"/>
</OView>
<OView class="oracle.dbtools.crest.swingui.relational.TVTable" oid="AB1D4C95-6080-F605-63E8-D28B38CAF31C" otype="Table" vid="84B7B636-4E5B-5221-071B-C7E16D705EFB">
<hideElementsInCurrentOnly>false</hideElementsInCurrentOnly>
<bounds x="22" y="395" width="98" height="94"/>
</OView>
<OView class="oracle.dbtools.crest.swingui.relational.TVTable" oid="F712AEFA-DD70-BED9-8B1C-510CA32F4D59" otype="Table" vid="B1E8B203-2DD8-B207-0942-1BAB9A2357FB">
<hideElementsInCurrentOnly>false</hideElementsInCurrentOnly>
<bounds x="335" y="3" width="104" height="73"/>
</OView>
<OView class="oracle.dbtools.crest.swingui.relational.TVTable" oid="F7CB2C55-45C2-EF20-0863-71A6C2F89D54" otype="Table" vid="424E2C02-C8FC-2A36-850C-72FEC3305D27">
<hideElementsInCurrentOnly>false</hideElementsInCurrentOnly>
<bounds x="527" y="188" width="131" height="46"/>
</OView>
<OView class="oracle.dbtools.crest.swingui.relational.TVTable" oid="F857BC7E-0BB5-20F2-06FC-799502FECDF9" otype="Table" vid="5B8F05DD-F5A6-52E4-170E-5EF5B457A04C">
<hideElementsInCurrentOnly>false</hideElementsInCurrentOnly>
<bounds x="3" y="274" width="124" height="87"/>
</OView>
</objectViews>
<connectors>
<Connector class="oracle.dbtools.crest.swingui.relational.TVFKRelation" oid="0DAF1DF4-52FF-A69C-A3D8-291EA768D7AA" otype="FKIndexAssociation" vid_source="6BE034AF-C41E-93ED-9EEA-49295DDB40D9" vid_target="F50CFC80-FE68-EE3A-BBF5-A584C5820B07">
<hideElementsInCurrentOnly>false</hideElementsInCurrentOnly>
<backgroundColor>-16777216</backgroundColor>
<lineWidth>1</lineWidth>
<points>
<point x="328" y="334"/>
<point x="292" y="334"/>
</points>
</Connector>
<Connector class="oracle.dbtools.crest.swingui.relational.TVFKRelation" oid="255AAC4D-4EA4-5106-1C84-5A7B24766817" otype="FKIndexAssociation" vid_source="845D2112-2120-974C-AD23-CC53316DBB7B" vid_target="2534FA2A-9651-A91D-30E1-F4E552F34430">
<hideElementsInCurrentOnly>false</hideElementsInCurrentOnly>
<backgroundColor>-16777216</backgroundColor>
<lineWidth>1</lineWidth>
<points>
<point x="497" y="217"/>
<point x="497" y="268"/>
</points>
</Connector>
<Connector class="oracle.dbtools.crest.swingui.relational.TVFKRelation" oid="2CB7AFF6-EE8A-48E7-8686-329C2CD3473C" otype="FKIndexAssociation" vid_source="5B8F05DD-F5A6-52E4-170E-5EF5B457A04C" vid_target="F50CFC80-FE68-EE3A-BBF5-A584C5820B07">
<hideElementsInCurrentOnly>false</hideElementsInCurrentOnly>
<backgroundColor>-16777216</backgroundColor>
<lineWidth>1</lineWidth>
<points>
<point x="127" y="334"/>
<point x="167" y="334"/>
</points>
</Connector>
<Connector class="oracle.dbtools.crest.swingui.relational.TVFKRelation" oid="425A7C06-3937-A2B6-6358-CFD35D682D09" otype="FKIndexAssociation" vid_source="5B8F05DD-F5A6-52E4-170E-5EF5B457A04C" vid_target="D373635A-0605-B334-0A7C-0A66A04271BF">
<hideElementsInCurrentOnly>false</hideElementsInCurrentOnly>
<backgroundColor>-16777216</backgroundColor>
<lineWidth>1</lineWidth>
<points>
<point x="127" y="284"/>
<point x="209" y="284"/>
</points>
</Connector>
<Connector class="oracle.dbtools.crest.swingui.relational.TVFKRelation" oid="42C4BB05-F503-4760-1B8C-BBACC2FD98E9" otype="FKIndexAssociation" vid_source="5B8F05DD-F5A6-52E4-170E-5EF5B457A04C" vid_target="84B7B636-4E5B-5221-071B-C7E16D705EFB">
<hideElementsInCurrentOnly>false</hideElementsInCurrentOnly>
<backgroundColor>-16777216</backgroundColor>
<lineWidth>1</lineWidth>
<points>
<point x="71" y="361"/>
<point x="71" y="395"/>
</points>
</Connector>
<Connector class="oracle.dbtools.crest.swingui.relational.TVFKRelation" oid="5F8777AD-BA53-2AEC-3941-9C77C4759D37" otype="FKIndexAssociation" vid_source="2534FA2A-9651-A91D-30E1-F4E552F34430" vid_target="6BE034AF-C41E-93ED-9EEA-49295DDB40D9">
<hideElementsInCurrentOnly>false</hideElementsInCurrentOnly>
<backgroundColor>-16777216</backgroundColor>
<lineWidth>1</lineWidth>
<points>
<point x="483" y="348"/>
<point x="433" y="347"/>
</points>
</Connector>
<Connector class="oracle.dbtools.crest.swingui.relational.TVFKRelation" oid="67CEECFB-B451-140B-7A58-738293936CB6" otype="FKIndexAssociation" vid_source="845D2112-2120-974C-AD23-CC53316DBB7B" vid_target="E690635D-63E2-495E-5D9B-2FBF9267208F">
<hideElementsInCurrentOnly>false</hideElementsInCurrentOnly>
<backgroundColor>-16777216</backgroundColor>
<lineWidth>1</lineWidth>
<points>
<point x="400" y="152"/>
<point x="349" y="152"/>
</points>
</Connector>
<Connector class="oracle.dbtools.crest.swingui.relational.TVFKRelation" oid="6AE43120-2436-1ADD-7CF6-ACFCF7AA5A00" otype="FKIndexAssociation" vid_source="5B8F05DD-F5A6-52E4-170E-5EF5B457A04C" vid_target="961B52FA-6F69-BF2F-0AED-E5F0336884C2">
<hideElementsInCurrentOnly>false</hideElementsInCurrentOnly>
<backgroundColor>-16777216</backgroundColor>
<lineWidth>1</lineWidth>
<points>
<point x="79" y="274"/>
<point x="79" y="247"/>
</points>
</Connector>
<Connector class="oracle.dbtools.crest.swingui.relational.TVFKRelation" oid="7DC36B67-4169-1AB2-473E-28A662BA9816" otype="FKIndexAssociation" vid_source="845D2112-2120-974C-AD23-CC53316DBB7B" vid_target="9CAA8761-2EDD-0302-0BF7-0D5A241991C1">
<hideElementsInCurrentOnly>false</hideElementsInCurrentOnly>
<backgroundColor>-16777216</backgroundColor>
<lineWidth>1</lineWidth>
<points>
<point x="450" y="217"/>
<point x="450" y="393"/>
</points>
</Connector>
<Connector class="oracle.dbtools.crest.swingui.relational.TVFKRelation" oid="82DEF414-CC90-A3FF-F524-0C68FD5CED18" otype="FKIndexAssociation" vid_source="DBA6F293-397E-0FD7-1C4C-A0C0AB910F73" vid_target="E690635D-63E2-495E-5D9B-2FBF9267208F">
<hideElementsInCurrentOnly>false</hideElementsInCurrentOnly>
<backgroundColor>-16777216</backgroundColor>
<lineWidth>1</lineWidth>
<points>
<point x="167" y="152"/>
<point x="221" y="152"/>
</points>
</Connector>
<Connector class="oracle.dbtools.crest.swingui.relational.TVFKRelation" oid="88959510-041C-A5E4-0715-5FB84680E002" otype="FKIndexAssociation" vid_source="2534FA2A-9651-A91D-30E1-F4E552F34430" vid_target="F3698510-7F34-2B10-70E5-129368528B40">
<hideElementsInCurrentOnly>false</hideElementsInCurrentOnly>
<backgroundColor>-16777216</backgroundColor>
<lineWidth>1</lineWidth>
<points>
<point x="554" y="439"/>
<point x="554" y="462"/>
</points>
</Connector>
<Connector class="oracle.dbtools.crest.swingui.relational.TVFKRelation" oid="962E141C-3570-F044-8422-CBC74D82B6EA" otype="FKIndexAssociation" vid_source="61140184-23F5-7B29-4787-5FBD733D92AB" vid_target="84B7B636-4E5B-5221-071B-C7E16D705EFB">
<hideElementsInCurrentOnly>false</hideElementsInCurrentOnly>
<backgroundColor>-16777216</backgroundColor>
<lineWidth>1</lineWidth>
<points>
<point x="178" y="441"/>
<point x="120" y="441"/>
</points>
</Connector>
<Connector class="oracle.dbtools.crest.swingui.relational.TVFKRelation" oid="9D44DD4E-26E0-2242-C313-7835F675F74A" otype="FKIndexAssociation" vid_source="61140184-23F5-7B29-4787-5FBD733D92AB" vid_target="9CAA8761-2EDD-0302-0BF7-0D5A241991C1">
<hideElementsInCurrentOnly>false</hideElementsInCurrentOnly>
<backgroundColor>-16777216</backgroundColor>
<lineWidth>1</lineWidth>
<points>
<point x="309" y="433"/>
<point x="378" y="433"/>
</points>
</Connector>
<Connector class="oracle.dbtools.crest.swingui.relational.TVFKRelation" oid="A9BBC1FD-50CD-56EE-19E8-D88D963E7FC6" otype="FKIndexAssociation" vid_source="9D63B5B4-B8F2-0D6F-3BB5-22D4F752CF4F" vid_target="B1E8B203-2DD8-B207-0942-1BAB9A2357FB">
<hideElementsInCurrentOnly>false</hideElementsInCurrentOnly>
<backgroundColor>-16777216</backgroundColor>
<lineWidth>1</lineWidth>
<points>
<point x="484" y="32"/>
<point x="439" y="32"/>
</points>
</Connector>
<Connector class="oracle.dbtools.crest.swingui.relational.TVFKRelation" oid="ACE9887B-E6E7-5343-6F3F-AF952991EF09" otype="FKIndexAssociation" vid_source="2534FA2A-9651-A91D-30E1-F4E552F34430" vid_target="D373635A-0605-B334-0A7C-0A66A04271BF">
<hideElementsInCurrentOnly>false</hideElementsInCurrentOnly>
<backgroundColor>-16777216</backgroundColor>
<lineWidth>1</lineWidth>
<points>
<point x="483" y="281"/>
<point x="332" y="281"/>
</points>
</Connector>
<Connector class="oracle.dbtools.crest.swingui.relational.TVFKRelation" oid="B30A104B-96E6-9235-5CAF-6C9299DC363E" otype="FKIndexAssociation" vid_source="2534FA2A-9651-A91D-30E1-F4E552F34430" vid_target="424E2C02-C8FC-2A36-850C-72FEC3305D27">
<hideElementsInCurrentOnly>false</hideElementsInCurrentOnly>
<backgroundColor>-16777216</backgroundColor>
<lineWidth>1</lineWidth>
<points>
<point x="568" y="268"/>
<point x="568" y="234"/>
</points>
</Connector>
<Connector class="oracle.dbtools.crest.swingui.relational.TVFKRelation" oid="CC48C021-ED1C-6959-C14B-5E21648B9438" otype="FKIndexAssociation" vid_source="DBA6F293-397E-0FD7-1C4C-A0C0AB910F73" vid_target="332D5C1A-16CC-666B-595D-A89E4CC98F92">
<hideElementsInCurrentOnly>false</hideElementsInCurrentOnly>
<backgroundColor>-16777216</backgroundColor>
<lineWidth>1</lineWidth>
<points>
<point x="167" y="86"/>
<point x="199" y="86"/>
</points>
</Connector>
<Connector class="oracle.dbtools.crest.swingui.relational.TVFKRelation" oid="D618561C-250D-08A5-6FFA-794AF0E0279C" otype="FKIndexAssociation" vid_source="A076AD6A-369D-D6AB-3858-463760468411" vid_target="424E2C02-C8FC-2A36-850C-72FEC3305D27">
<hideElementsInCurrentOnly>false</hideElementsInCurrentOnly>
<backgroundColor>-16777216</backgroundColor>
<lineWidth>1</lineWidth>
<points>
<point x="592" y="173"/>
<point x="592" y="188"/>
</points>
</Connector>
<Connector class="oracle.dbtools.crest.swingui.relational.TVFKRelation" oid="D96699B6-5D7B-9BFD-CB4E-5299C762A2F9" otype="FKIndexAssociation" vid_source="B1E8B203-2DD8-B207-0942-1BAB9A2357FB" vid_target="DBA6F293-397E-0FD7-1C4C-A0C0AB910F73">
<hideElementsInCurrentOnly>false</hideElementsInCurrentOnly>
<backgroundColor>-16777216</backgroundColor>
<lineWidth>1</lineWidth>
<points>
<point x="335" y="25"/>
<point x="167" y="25"/>
</points>
</Connector>
<Connector class="oracle.dbtools.crest.swingui.relational.TVFKRelation" oid="DEAF1DAD-BFC0-BC0A-4B9F-74FD1949E534" otype="FKIndexAssociation" vid_source="B1E8B203-2DD8-B207-0942-1BAB9A2357FB" vid_target="845D2112-2120-974C-AD23-CC53316DBB7B">
<hideElementsInCurrentOnly>false</hideElementsInCurrentOnly>
<backgroundColor>-16777216</backgroundColor>
<lineWidth>1</lineWidth>
<points>
<point x="419" y="76"/>
<point x="419" y="105"/>
</points>
</Connector>
<Connector class="oracle.dbtools.crest.swingui.relational.TVFKRelation" oid="F4A808B3-8CB3-1810-EEEB-3C169C1A346F" otype="FKIndexAssociation" vid_source="845D2112-2120-974C-AD23-CC53316DBB7B" vid_target="332D5C1A-16CC-666B-595D-A89E4CC98F92">
<hideElementsInCurrentOnly>false</hideElementsInCurrentOnly>
<backgroundColor>-16777216</backgroundColor>
<lineWidth>1</lineWidth>
<points>
<point x="400" y="115"/>
<point x="311" y="115"/>
</points>
</Connector>
</connectors>
</Diagram>