<?xml version = '1.0' encoding = 'UTF-8'?>
<Relation class="oracle.dbtools.crest.model.design.logical.Relation" name="comprises" directorySegmentName="seg_0" id="6F0BD482-7A7A-E034-1449-FE65B75B7FB4">
<createdBy>admin</createdBy>
<createdTime>2015-11-17 04:45:07 UTC</createdTime>
<ownerDesignName>10a_basic_process</ownerDesignName>
<engineerTo>
<item key="A6ADADB1-59B2-9DCA-E622-1E6FBE99CEB2" value="true"/>
</engineerTo>
<sourcePk>1758FEBA-CF91-6EB2-A0CB-F11DF41BFB60</sourcePk>
<identifying>true</identifying>
<optionalSource>true</optionalSource>
<optionalTarget>false</optionalTarget>
<sourceCardinality>1</sourceCardinality>
<sourceEntity>EAA116F4-1E0D-5DB8-972A-747114D3A85E</sourceEntity>
<targetCardinalityString>*</targetCardinalityString>
<targetEntity>042B1371-16B0-CE56-0127-0C61156C0758</targetEntity>
<transferable>true</transferable>
</Relation>