<?xml version = '1.0' encoding = 'UTF-8'?>
<Relation class="oracle.dbtools.crest.model.design.logical.Relation" name="is_performed_by" directorySegmentName="seg_0" id="7968E9F9-FDEF-263A-7103-AE41A51D51F5">
<createdBy>admin</createdBy>
<createdTime>2015-11-17 04:51:36 UTC</createdTime>
<ownerDesignName>10a_basic_process</ownerDesignName>
<engineerTo>
<item key="A6ADADB1-59B2-9DCA-E622-1E6FBE99CEB2" value="true"/>
</engineerTo>
<sourcePk>D2606A40-56C1-FCB2-6F59-B79C9BCCD7C4</sourcePk>
<identifying>true</identifying>
<optionalSource>true</optionalSource>
<optionalTarget>false</optionalTarget>
<sourceCardinality>1</sourceCardinality>
<sourceEntity>042B1371-16B0-CE56-0127-0C61156C0758</sourceEntity>
<targetCardinalityString>*</targetCardinalityString>
<targetEntity>30A6DE8A-9B4F-4889-9FBC-014980687861</targetEntity>
<transferable>true</transferable>
</Relation>