<?xml version = '1.0' encoding = 'UTF-8'?>
<Relation class="oracle.dbtools.crest.model.design.logical.Relation" name="works_in" directorySegmentName="seg_0" id="A51372B0-7AB9-C8BC-BF56-EC38EB8A1CAC">
<createdBy>admin</createdBy>
<createdTime>2015-11-17 04:51:13 UTC</createdTime>
<ownerDesignName>10a_basic_process</ownerDesignName>
<engineerTo>
<item key="A6ADADB1-59B2-9DCA-E622-1E6FBE99CEB2" value="true"/>
</engineerTo>
<sourcePk>C4F9382A-2378-149B-E488-C139C45FE08B</sourcePk>
<identifying>true</identifying>
<optionalSource>true</optionalSource>
<optionalTarget>false</optionalTarget>
<sourceCardinality>1</sourceCardinality>
<sourceEntity>1A2EEA0D-8021-1C6B-C180-F32D957E9CA0</sourceEntity>
<targetCardinalityString>*</targetCardinalityString>
<targetEntity>30A6DE8A-9B4F-4889-9FBC-014980687861</targetEntity>
<transferable>true</transferable>
</Relation>