<?xml version = '1.0' encoding = 'UTF-8'?>
<Relation class="oracle.dbtools.crest.model.design.logical.Relation" name="appears_in" directorySegmentName="seg_0" id="F139B806-8EB3-7B90-A88C-C839790BD20B">
<createdBy>admin</createdBy>
<createdTime>2015-11-17 04:45:26 UTC</createdTime>
<ownerDesignName>10a_basic_process</ownerDesignName>
<engineerTo>
<item key="A6ADADB1-59B2-9DCA-E622-1E6FBE99CEB2" value="true"/>
</engineerTo>
<sourcePk>C0BDB04A-7B6A-B9E8-2B2E-C132D2401D5D</sourcePk>
<identifying>false</identifying>
<optionalSource>true</optionalSource>
<optionalTarget>false</optionalTarget>
<sourceCardinality>1</sourceCardinality>
<sourceEntity>60194BD3-895A-B07F-2227-E44678E61D8E</sourceEntity>
<targetCardinalityString>*</targetCardinalityString>
<targetEntity>042B1371-16B0-CE56-0127-0C61156C0758</targetEntity>
<transferable>true</transferable>
</Relation>