<?xml version = '1.0' encoding = 'UTF-8'?>
<Diagram class="oracle.dbtools.crest.swingui.logical.DPVLogical" name="Logical" id="1D9E7102-5A79-F24D-6CDC-541810D915D1">
<createdBy>Marin F</createdBy>
<modifiedBy>admin</modifiedBy>
<createdTime>2011-07-11 06:51:52 UTC</createdTime>
<autoRoute>false</autoRoute>
<boxInbox>true</boxInbox>
<showLegend>false</showLegend>
<showLabels>false</showLabels>
<showRelAttributes>false</showRelAttributes>
<gridEnabled>false</gridEnabled>
<showGrid>false</showGrid>
<diagramColor>-1</diagramColor>
<display>false</display>
<notation>1</notation>
<objectViews>
<OView class="oracle.dbtools.crest.swingui.logical.TVEntity" oid="08E3BC06-4CF9-936A-D8B8-E4C6434B4779" otype="Entity" vid="B7652020-1602-FFB4-9432-8CE4F6A847C7">
<hideElementsInCurrentOnly>false</hideElementsInCurrentOnly>
<bounds x="367" y="12" width="115" height="73"/>
</OView>
<OView class="oracle.dbtools.crest.swingui.logical.TVEntity" oid="1EED0582-C8A3-77F1-9D89-D235291ECF21" otype="Entity" vid="4C262FEA-D38F-DAE5-4C4E-1D05915678C4">
<hideElementsInCurrentOnly>false</hideElementsInCurrentOnly>
<bounds x="14" y="351" width="154" height="72"/>
</OView>
<OView class="oracle.dbtools.crest.swingui.logical.TVEntity" oid="31CB7F12-471A-FF0E-39DA-B6D0798F14D5" otype="Entity" vid="DB7A8D8E-0340-DD7E-8606-7846315A1EC8">
<hideElementsInCurrentOnly>false</hideElementsInCurrentOnly>
<bounds x="593" y="108" width="147" height="99"/>
</OView>
<OView class="oracle.dbtools.crest.swingui.logical.TVEntity" oid="42A4EF6E-85D7-F909-8C66-C3CB408774D5" otype="Entity" vid="5398B38B-3E7D-C34C-1AF6-6A8403019809">
<hideElementsInCurrentOnly>false</hideElementsInCurrentOnly>
<bounds x="27" y="10" width="172" height="181"/>
</OView>
<OView class="oracle.dbtools.crest.swingui.logical.TVEntity" oid="862CD71F-8ACA-33A5-6C24-FBA4AC6FAA7F" otype="Entity" vid="C7F8E35F-AE52-FA38-C5B9-B4B3B64E90C6">
<hideElementsInCurrentOnly>false</hideElementsInCurrentOnly>
<bounds x="438" y="119" width="126" height="105"/>
</OView>
<OView class="oracle.dbtools.crest.swingui.logical.TVEntity" oid="98D735D6-4742-C82D-7BFB-79BBDC624A7D" otype="Entity" vid="002F9AEC-EB3E-8AF6-0736-276F10B2281B">
<hideElementsInCurrentOnly>false</hideElementsInCurrentOnly>
<bounds x="577" y="9" width="162" height="80"/>
</OView>
<OView class="oracle.dbtools.crest.swingui.logical.TVEntity" oid="9B643DE7-AE99-9E3E-B7F8-CD5D91D01CAC" otype="Entity" vid="158A8EF5-B1A7-66C9-9DE6-D7572B53D1D7">
<hideElementsInCurrentOnly>false</hideElementsInCurrentOnly>
<bounds x="19" y="204" width="157" height="86"/>
</OView>
<OView class="oracle.dbtools.crest.swingui.logical.TVEntity" oid="9B6DCC06-4F09-1244-27C0-C0BE0CEF865A" otype="Entity" vid="A4967431-CF21-442E-58C6-01722461CAE5">
<hideElementsInCurrentOnly>false</hideElementsInCurrentOnly>
<bounds x="338" y="323" width="159" height="77"/>
</OView>
<OView class="oracle.dbtools.crest.swingui.logical.TVEntity" oid="AE183615-38B5-05D7-B4D4-C0A36668DC81" otype="Entity" vid="7755DB5B-CA08-484C-E3C8-710C9ACC1E03">
<hideElementsInCurrentOnly>false</hideElementsInCurrentOnly>
<bounds x="262" y="222" width="124" height="60"/>
</OView>
<OView class="oracle.dbtools.crest.swingui.logical.TVEntity" oid="B5901E4F-FE16-8497-C6FA-77254367AE09" otype="Entity" vid="2C1D9299-F087-1349-A594-13F7FD6B7702">
<hideElementsInCurrentOnly>false</hideElementsInCurrentOnly>
<bounds x="254" y="113" width="114" height="61"/>
</OView>
<OView class="oracle.dbtools.crest.swingui.logical.TVEntity" oid="B70CD4E1-34A8-9F6C-A3CF-403C1A0B635E" otype="Entity" vid="9EDFA38C-9BC5-803C-B77D-FB4158CBF06E">
<hideElementsInCurrentOnly>false</hideElementsInCurrentOnly>
<bounds x="591" y="318" width="153" height="45"/>
</OView>
<OView class="oracle.dbtools.crest.swingui.TVNote" oid="CB4A3394-71FA-2025-F2C8-B744801A17B4" otype="Note" vid="679908CF-D74B-2268-4B59-4BED5C16DFA1">
<hideElementsInCurrentOnly>false</hideElementsInCurrentOnly>
<bounds x="39" y="433" width="307" height="40"/>
<comment>* attribute products.VAT_percent is removed&lt;br/&gt;* table product_vat_history is added</comment>
</OView>
</objectViews>
<connectors>
<Connector class="oracle.dbtools.crest.swingui.logical.TVRelation" oid="041CAC65-CEE4-CBF4-1D2E-12DF8E5B7D4E" otype="Relation" vid_source="B7652020-1602-FFB4-9432-8CE4F6A847C7" vid_target="C7F8E35F-AE52-FA38-C5B9-B4B3B64E90C6">
<hideElementsInCurrentOnly>false</hideElementsInCurrentOnly>
<lineWidth>1</lineWidth>
<points>
<point x="460" y="85"/>
<point x="460" y="119"/>
</points>
</Connector>
<Connector class="oracle.dbtools.crest.swingui.logical.TVRelation" oid="2B997CC7-A67E-6EE0-4A82-7200798CD0AD" otype="Relation" vid_source="158A8EF5-B1A7-66C9-9DE6-D7572B53D1D7" vid_target="4C262FEA-D38F-DAE5-4C4E-1D05915678C4">
<hideElementsInCurrentOnly>false</hideElementsInCurrentOnly>
<lineWidth>1</lineWidth>
<points>
<point x="93" y="290"/>
<point x="93" y="351"/>
</points>
</Connector>
<Connector class="oracle.dbtools.crest.swingui.logical.TVRelation" oid="3887E4B0-99D7-4D22-8E5D-DB276E64F678" otype="Relation" vid_source="C7F8E35F-AE52-FA38-C5B9-B4B3B64E90C6" vid_target="A4967431-CF21-442E-58C6-01722461CAE5">
<hideElementsInCurrentOnly>false</hideElementsInCurrentOnly>
<lineWidth>1</lineWidth>
<points>
<point x="467" y="224"/>
<point x="467" y="323"/>
</points>
</Connector>
<Connector class="oracle.dbtools.crest.swingui.logical.TVRelation" oid="3DC8AEB8-57D3-AFB7-FCE8-7F08DCC93164" otype="Relation" vid_source="DB7A8D8E-0340-DD7E-8606-7846315A1EC8" vid_target="9EDFA38C-9BC5-803C-B77D-FB4158CBF06E">
<hideElementsInCurrentOnly>false</hideElementsInCurrentOnly>
<lineWidth>1</lineWidth>
<points>
<point x="666" y="207"/>
<point x="666" y="318"/>
</points>
</Connector>
<Connector class="oracle.dbtools.crest.swingui.logical.TVRelation" oid="6F42A286-0894-7836-2315-203EE65990C9" otype="Relation" vid_source="5398B38B-3E7D-C34C-1AF6-6A8403019809" vid_target="2C1D9299-F087-1349-A594-13F7FD6B7702">
<hideElementsInCurrentOnly>false</hideElementsInCurrentOnly>
<lineWidth>1</lineWidth>
<points>
<point x="199" y="143"/>
<point x="254" y="143"/>
</points>
</Connector>
<Connector class="oracle.dbtools.crest.swingui.logical.TVRelation" oid="8C1FC7B8-6660-31CC-55EE-8BE19F7D8F4F" otype="Relation" vid_source="B7652020-1602-FFB4-9432-8CE4F6A847C7" vid_target="5398B38B-3E7D-C34C-1AF6-6A8403019809">
<hideElementsInCurrentOnly>false</hideElementsInCurrentOnly>
<lineWidth>1</lineWidth>
<points>
<point x="367" y="48"/>
<point x="199" y="48"/>
</points>
</Connector>
<Connector class="oracle.dbtools.crest.swingui.logical.TVRelation" oid="A29855C0-B8E0-9AB1-939F-006BD29DD707" otype="Relation" vid_source="158A8EF5-B1A7-66C9-9DE6-D7572B53D1D7" vid_target="7755DB5B-CA08-484C-E3C8-710C9ACC1E03">
<hideElementsInCurrentOnly>false</hideElementsInCurrentOnly>
<lineWidth>1</lineWidth>
<points>
<point x="176" y="252"/>
<point x="262" y="252"/>
</points>
</Connector>
<Connector class="oracle.dbtools.crest.swingui.logical.TVRelation" oid="BFF71C8D-60AE-DDB3-E312-B35FE343EFE9" otype="Relation" vid_source="A4967431-CF21-442E-58C6-01722461CAE5" vid_target="9EDFA38C-9BC5-803C-B77D-FB4158CBF06E">
<hideElementsInCurrentOnly>false</hideElementsInCurrentOnly>
<lineWidth>1</lineWidth>
<points>
<point x="497" y="343"/>
<point x="591" y="343"/>
</points>
</Connector>
<Connector class="oracle.dbtools.crest.swingui.logical.TVRelation" oid="C8A70461-C856-4D8C-9F97-C9F252DDEE62" otype="Relation" vid_source="C7F8E35F-AE52-FA38-C5B9-B4B3B64E90C6" vid_target="2C1D9299-F087-1349-A594-13F7FD6B7702">
<hideElementsInCurrentOnly>false</hideElementsInCurrentOnly>
<lineWidth>1</lineWidth>
<points>
<point x="438" y="146"/>
<point x="368" y="146"/>
</points>
</Connector>
<Connector class="oracle.dbtools.crest.swingui.logical.TVRelation" oid="D42DE3C4-CE63-CA76-6A11-59ADAADC375E" otype="Relation" vid_source="002F9AEC-EB3E-8AF6-0736-276F10B2281B" vid_target="B7652020-1602-FFB4-9432-8CE4F6A847C7">
<hideElementsInCurrentOnly>false</hideElementsInCurrentOnly>
<lineWidth>1</lineWidth>
<points>
<point x="577" y="58"/>
<point x="482" y="58"/>
</points>
</Connector>
<Connector class="oracle.dbtools.crest.swingui.logical.TVRelation" oid="FDA6341C-BE50-5CE3-3821-644B4FD1FDCC" otype="Relation" vid_source="A4967431-CF21-442E-58C6-01722461CAE5" vid_target="7755DB5B-CA08-484C-E3C8-710C9ACC1E03">
<hideElementsInCurrentOnly>false</hideElementsInCurrentOnly>
<lineWidth>1</lineWidth>
<points>
<point x="362" y="323"/>
<point x="362" y="282"/>
</points>
</Connector>
</connectors>
</Diagram>