<?xml version = '1.0' encoding = 'UTF-8'?>
<Entity class="oracle.dbtools.crest.model.design.logical.Entity" directorySegmentName="seg_0" id="329BE96B-DE2C-475D-52E7-D5C96B2224DE" name="request_activity_responsible">
<createdBy>admin</createdBy>
<createdTime>2015-11-17 05:18:47 UTC</createdTime>
<ownerDesignName>11a_simple_request_flow</ownerDesignName>
<engineerTo>
<item key="6EDF8B8C-5E45-FCFF-E10C-927DE50C0D2A" value="true"/>
</engineerTo>
<adequatelyNormalized>NO</adequatelyNormalized>
<expectedVolumes>0</expectedVolumes>
<fwdEngineeringStrategyName>Single Table</fwdEngineeringStrategyName>
<growthPercent>0</growthPercent>
<growthType>Year</growthType>
<maxVolumes>9999999</maxVolumes>
<minVolumes>0</minVolumes>
<normalForm>Third</normalForm>
<preferredAbbreviation>request_activity_responsibles</preferredAbbreviation>
<attributes itemClass="oracle.dbtools.crest.model.design.logical.Attribute">
<Attribute name="req_activ_id" id="544DD5DC-22F5-B30D-1A00-0E06D74B6065">
<createdBy>admin</createdBy>
<createdTime>2015-11-17 05:38:13 UTC</createdTime>
<generatorID>38F8AFDF-5117-A1C9-8116-A183A0DC14A1</generatorID>
<ownerDesignName>11a_simple_request_flow</ownerDesignName>
<engineerTo>
<item key="6EDF8B8C-5E45-FCFF-E10C-927DE50C0D2A" value="true"/>
</engineerTo>
<referedAttribute>43BF7248-A833-012F-E16B-08AF287C561F</referedAttribute>
<useDomainConstraints>false</useDomainConstraints>
<use>1</use>
<logicalDatatype>LOGDT011</logicalDatatype>
<ownDataTypeParameters>,,</ownDataTypeParameters>
</Attribute>
<Attribute name="pos_id" id="9F4238A5-1FC2-A441-1295-5DDE8E59EFB6">
<createdBy>admin</createdBy>
<createdTime>2015-11-17 05:38:31 UTC</createdTime>
<generatorID>B20998AE-9B5D-17FD-048A-A843FF481843</generatorID>
<ownerDesignName>11a_simple_request_flow</ownerDesignName>
<engineerTo>
<item key="6EDF8B8C-5E45-FCFF-E10C-927DE50C0D2A" value="true"/>
</engineerTo>
<referedAttribute>6F67047A-C98C-D674-4E65-3BECF00C16C6</referedAttribute>
<useDomainConstraints>false</useDomainConstraints>
<use>1</use>
<logicalDatatype>LOGDT011</logicalDatatype>
<ownDataTypeParameters>,,</ownDataTypeParameters>
</Attribute>
<Attribute name="task_description" id="419C2FB7-6F42-CA08-2DD6-B5F3775F5F94">
<createdBy>admin</createdBy>
<createdTime>2015-11-17 05:38:53 UTC</createdTime>
<ownerDesignName>11a_simple_request_flow</ownerDesignName>
<engineerTo>
<item key="6EDF8B8C-5E45-FCFF-E10C-927DE50C0D2A" value="true"/>
</engineerTo>
<useDomainConstraints>false</useDomainConstraints>
<use>1</use>
<logicalDatatype>LOGDT037</logicalDatatype>
<dataTypeSize>100</dataTypeSize>
<ownDataTypeParameters>100,,</ownDataTypeParameters>
</Attribute>
<Attribute name="comments" id="293353FA-F81B-1085-9F58-FBA667931882">
<createdBy>admin</createdBy>
<createdTime>2015-11-17 05:40:00 UTC</createdTime>
<ownerDesignName>11a_simple_request_flow</ownerDesignName>
<engineerTo>
<item key="6EDF8B8C-5E45-FCFF-E10C-927DE50C0D2A" value="true"/>
</engineerTo>
<nullsAllowed>true</nullsAllowed>
<useDomainConstraints>false</useDomainConstraints>
<use>1</use>
<logicalDatatype>LOGDT037</logicalDatatype>
<dataTypeSize>100</dataTypeSize>
<ownDataTypeParameters>100,,</ownDataTypeParameters>
</Attribute>
</attributes>
<identifiers itemClass="oracle.dbtools.crest.model.design.logical.CandidateKey">
<identifier id="716541BC-D102-0F95-BB0F-380518355962" name="request_activity_responsible PK">
<createdBy>admin</createdBy>
<createdTime>2015-11-17 05:38:13 UTC</createdTime>
<ownerDesignName>11a_simple_request_flow</ownerDesignName>
<engineerTo>
<item key="6EDF8B8C-5E45-FCFF-E10C-927DE50C0D2A" value="true"/>
</engineerTo>
<pk>true</pk>
<usedAttributes>
<attributeRef>544DD5DC-22F5-B30D-1A00-0E06D74B6065</attributeRef>
<attributeRef>9F4238A5-1FC2-A441-1295-5DDE8E59EFB6</attributeRef>
</usedAttributes>
</identifier>
</identifiers>
</Entity>