<?xml version = '1.0' encoding = 'UTF-8'?>
<Entity class="oracle.dbtools.crest.model.design.logical.Entity" directorySegmentName="seg_0" id="394DE5A9-D863-199D-1A35-358B254204C6" name="filled_position">
<createdBy>admin</createdBy>
<createdTime>2015-11-17 05:16:54 UTC</createdTime>
<ownerDesignName>11a_simple_request_flow</ownerDesignName>
<engineerTo>
<item key="6EDF8B8C-5E45-FCFF-E10C-927DE50C0D2A" value="true"/>
</engineerTo>
<adequatelyNormalized>NO</adequatelyNormalized>
<expectedVolumes>0</expectedVolumes>
<fwdEngineeringStrategyName>Single Table</fwdEngineeringStrategyName>
<growthPercent>0</growthPercent>
<growthType>Year</growthType>
<maxVolumes>9999999</maxVolumes>
<minVolumes>0</minVolumes>
<normalForm>Third</normalForm>
<preferredAbbreviation>filled_positions</preferredAbbreviation>
<attributes itemClass="oracle.dbtools.crest.model.design.logical.Attribute">
<Attribute name="emp_id" id="6848EC9B-AB98-13AE-1672-296E664B436C">
<createdBy>admin</createdBy>
<createdTime>2015-11-17 05:30:51 UTC</createdTime>
<generatorID>3E5B78A3-660D-7942-D308-1DB8931CCE52</generatorID>
<ownerDesignName>11a_simple_request_flow</ownerDesignName>
<engineerTo>
<item key="6EDF8B8C-5E45-FCFF-E10C-927DE50C0D2A" value="true"/>
</engineerTo>
<referedAttribute>E941D150-CD54-435E-D243-8313C48464E0</referedAttribute>
<useDomainConstraints>false</useDomainConstraints>
<use>1</use>
<logicalDatatype>LOGDT011</logicalDatatype>
<ownDataTypeParameters>,,</ownDataTypeParameters>
</Attribute>
<Attribute name="pos_id" id="26FC8DF5-94A8-AE76-242A-5AF0D3D30C5D">
<createdBy>admin</createdBy>
<createdTime>2015-11-17 05:31:12 UTC</createdTime>
<generatorID>05F3D987-8D50-F892-CE27-0B7AF65CE8E5</generatorID>
<ownerDesignName>11a_simple_request_flow</ownerDesignName>
<engineerTo>
<item key="6EDF8B8C-5E45-FCFF-E10C-927DE50C0D2A" value="true"/>
</engineerTo>
<referedAttribute>6F67047A-C98C-D674-4E65-3BECF00C16C6</referedAttribute>
<useDomainConstraints>false</useDomainConstraints>
<use>1</use>
<logicalDatatype>LOGDT011</logicalDatatype>
<ownDataTypeParameters>,,</ownDataTypeParameters>
</Attribute>
<Attribute name="from" id="DCC445B7-0CDD-375C-1AFF-EE62231EF1C2">
<createdBy>admin</createdBy>
<createdTime>2015-11-17 05:31:31 UTC</createdTime>
<ownerDesignName>11a_simple_request_flow</ownerDesignName>
<engineerTo>
<item key="6EDF8B8C-5E45-FCFF-E10C-927DE50C0D2A" value="true"/>
</engineerTo>
<useDomainConstraints>false</useDomainConstraints>
<use>1</use>
<logicalDatatype>LOGDT047</logicalDatatype>
<ownDataTypeParameters>,,</ownDataTypeParameters>
</Attribute>
<Attribute name="until" id="ED866CF4-07D9-F3B2-E2EB-AD71FFC97861">
<createdBy>admin</createdBy>
<createdTime>2015-11-17 05:31:39 UTC</createdTime>
<ownerDesignName>11a_simple_request_flow</ownerDesignName>
<engineerTo>
<item key="6EDF8B8C-5E45-FCFF-E10C-927DE50C0D2A" value="true"/>
</engineerTo>
<nullsAllowed>true</nullsAllowed>
<useDomainConstraints>false</useDomainConstraints>
<use>1</use>
<logicalDatatype>LOGDT047</logicalDatatype>
<ownDataTypeParameters>,,</ownDataTypeParameters>
</Attribute>
<Attribute name="comments" id="45BDD7AD-D35F-BB7B-75C7-E19818E787E9">
<createdBy>admin</createdBy>
<createdTime>2015-11-17 05:31:46 UTC</createdTime>
<ownerDesignName>11a_simple_request_flow</ownerDesignName>
<engineerTo>
<item key="6EDF8B8C-5E45-FCFF-E10C-927DE50C0D2A" value="true"/>
</engineerTo>
<nullsAllowed>true</nullsAllowed>
<useDomainConstraints>false</useDomainConstraints>
<use>1</use>
<logicalDatatype>LOGDT037</logicalDatatype>
<dataTypeSize>100</dataTypeSize>
<ownDataTypeParameters>100,,</ownDataTypeParameters>
</Attribute>
</attributes>
<identifiers itemClass="oracle.dbtools.crest.model.design.logical.CandidateKey">
<identifier id="ADF4593C-CC8B-CA82-20C7-50A680765FC4" name="filled_position PK">
<createdBy>admin</createdBy>
<createdTime>2015-11-17 05:30:51 UTC</createdTime>
<ownerDesignName>11a_simple_request_flow</ownerDesignName>
<engineerTo>
<item key="6EDF8B8C-5E45-FCFF-E10C-927DE50C0D2A" value="true"/>
</engineerTo>
<pk>true</pk>
<usedAttributes>
<attributeRef>6848EC9B-AB98-13AE-1672-296E664B436C</attributeRef>
<attributeRef>26FC8DF5-94A8-AE76-242A-5AF0D3D30C5D</attributeRef>
<attributeRef>DCC445B7-0CDD-375C-1AFF-EE62231EF1C2</attributeRef>
</usedAttributes>
</identifier>
</identifiers>
</Entity>