<?xml version = '1.0' encoding = 'UTF-8'?>
<Entity class="oracle.dbtools.crest.model.design.logical.Entity" directorySegmentName="seg_0" id="3EA21102-91A4-8937-EB53-A74A79D1A18E" name="request_flow_stage_activity">
<createdBy>admin</createdBy>
<createdTime>2015-11-17 05:18:06 UTC</createdTime>
<ownerDesignName>11a_simple_request_flow</ownerDesignName>
<engineerTo>
<item key="6EDF8B8C-5E45-FCFF-E10C-927DE50C0D2A" value="true"/>
</engineerTo>
<adequatelyNormalized>NO</adequatelyNormalized>
<expectedVolumes>0</expectedVolumes>
<fwdEngineeringStrategyName>Single Table</fwdEngineeringStrategyName>
<growthPercent>0</growthPercent>
<growthType>Year</growthType>
<maxVolumes>9999999</maxVolumes>
<minVolumes>0</minVolumes>
<normalForm>Third</normalForm>
<preferredAbbreviation>request_flow_stage_activities</preferredAbbreviation>
<attributes itemClass="oracle.dbtools.crest.model.design.logical.Attribute">
<Attribute name="req_activ_id" id="43BF7248-A833-012F-E16B-08AF287C561F">
<createdBy>admin</createdBy>
<createdTime>2015-11-17 05:33:11 UTC</createdTime>
<ownerDesignName>11a_simple_request_flow</ownerDesignName>
<engineerTo>
<item key="6EDF8B8C-5E45-FCFF-E10C-927DE50C0D2A" value="true"/>
</engineerTo>
<useDomainConstraints>false</useDomainConstraints>
<use>1</use>
<logicalDatatype>LOGDT011</logicalDatatype>
<ownDataTypeParameters>,,</ownDataTypeParameters>
</Attribute>
<Attribute name="activity_order_within_stage" id="5B980727-C29A-71FB-BE78-879DEE1EBB8C">
<createdBy>admin</createdBy>
<createdTime>2015-11-17 05:33:52 UTC</createdTime>
<ownerDesignName>11a_simple_request_flow</ownerDesignName>
<engineerTo>
<item key="6EDF8B8C-5E45-FCFF-E10C-927DE50C0D2A" value="true"/>
</engineerTo>
<useDomainConstraints>false</useDomainConstraints>
<use>1</use>
<logicalDatatype>LOGDT011</logicalDatatype>
<ownDataTypeParameters>,,</ownDataTypeParameters>
</Attribute>
<Attribute name="is_mandatory" id="D6D03C70-F02D-A0C0-4E9E-F76DE24CDF04">
<createdBy>admin</createdBy>
<createdTime>2015-11-17 05:34:11 UTC</createdTime>
<ownerDesignName>11a_simple_request_flow</ownerDesignName>
<engineerTo>
<item key="6EDF8B8C-5E45-FCFF-E10C-927DE50C0D2A" value="true"/>
</engineerTo>
<nullsAllowed>true</nullsAllowed>
<useDomainConstraints>false</useDomainConstraints>
<use>1</use>
<logicalDatatype>LOGDT006</logicalDatatype>
<ownDataTypeParameters>,,</ownDataTypeParameters>
</Attribute>
<Attribute name="activity_id" id="A6FD33D7-0D6C-4C32-1C5E-129B54C2B90E">
<createdBy>admin</createdBy>
<createdTime>2015-11-17 05:34:45 UTC</createdTime>
<generatorID>B568B4AB-6371-8F89-B98B-3E0D38898EDB</generatorID>
<ownerDesignName>11a_simple_request_flow</ownerDesignName>
<engineerTo>
<item key="6EDF8B8C-5E45-FCFF-E10C-927DE50C0D2A" value="true"/>
</engineerTo>
<referedAttribute>B1B62FA5-AADD-80B8-35A4-DD294E7A96EE</referedAttribute>
<useDomainConstraints>false</useDomainConstraints>
<use>1</use>
<logicalDatatype>LOGDT011</logicalDatatype>
<ownDataTypeParameters>,,</ownDataTypeParameters>
</Attribute>
<Attribute name="request_stage_id" id="40D63C9E-5D14-9C63-2034-907E59FFB1F2">
<createdBy>admin</createdBy>
<createdTime>2015-11-17 05:35:09 UTC</createdTime>
<generatorID>7EA7BB4E-3FD5-038F-8F19-048021C712CE</generatorID>
<ownerDesignName>11a_simple_request_flow</ownerDesignName>
<engineerTo>
<item key="6EDF8B8C-5E45-FCFF-E10C-927DE50C0D2A" value="true"/>
</engineerTo>
<referedAttribute>DF4B6985-FDA1-2238-3EE3-94B98F53A4BA</referedAttribute>
<useDomainConstraints>false</useDomainConstraints>
<use>1</use>
<logicalDatatype>LOGDT011</logicalDatatype>
<ownDataTypeParameters>,,</ownDataTypeParameters>
</Attribute>
<Attribute name="comments" id="54E6358D-9C20-59A0-72E2-E8EB5D32452F">
<createdBy>admin</createdBy>
<createdTime>2015-11-17 05:36:42 UTC</createdTime>
<ownerDesignName>11a_simple_request_flow</ownerDesignName>
<engineerTo>
<item key="6EDF8B8C-5E45-FCFF-E10C-927DE50C0D2A" value="true"/>
</engineerTo>
<nullsAllowed>true</nullsAllowed>
<useDomainConstraints>false</useDomainConstraints>
<use>1</use>
<logicalDatatype>LOGDT037</logicalDatatype>
<dataTypeSize>100</dataTypeSize>
<ownDataTypeParameters>100,,</ownDataTypeParameters>
</Attribute>
</attributes>
<identifiers itemClass="oracle.dbtools.crest.model.design.logical.CandidateKey">
<identifier id="0E55CB1C-7FD6-C37B-4BAB-38102960B520" name="request_flow_stage_activity PK">
<createdBy>admin</createdBy>
<createdTime>2015-11-17 05:33:31 UTC</createdTime>
<ownerDesignName>11a_simple_request_flow</ownerDesignName>
<engineerTo>
<item key="6EDF8B8C-5E45-FCFF-E10C-927DE50C0D2A" value="true"/>
</engineerTo>
<pk>true</pk>
<usedAttributes>
<attributeRef>43BF7248-A833-012F-E16B-08AF287C561F</attributeRef>
</usedAttributes>
</identifier>
</identifiers>
</Entity>