<?xml version = '1.0' encoding = 'UTF-8'?>
<Entity class="oracle.dbtools.crest.model.design.logical.Entity" directorySegmentName="seg_0" id="8A3435CF-733A-F43C-9122-1EC71F9E50DA" name="person">
<createdBy>admin</createdBy>
<createdTime>2015-11-17 05:16:06 UTC</createdTime>
<ownerDesignName>11a_simple_request_flow</ownerDesignName>
<engineerTo>
<item key="6EDF8B8C-5E45-FCFF-E10C-927DE50C0D2A" value="true"/>
</engineerTo>
<adequatelyNormalized>NO</adequatelyNormalized>
<expectedVolumes>0</expectedVolumes>
<fwdEngineeringStrategyName>Single Table</fwdEngineeringStrategyName>
<growthPercent>0</growthPercent>
<growthType>Year</growthType>
<maxVolumes>9999999</maxVolumes>
<minVolumes>0</minVolumes>
<normalForm>Third</normalForm>
<preferredAbbreviation>persons</preferredAbbreviation>
<attributes itemClass="oracle.dbtools.crest.model.design.logical.Attribute">
<Attribute name="pers_id" id="106EAC83-700F-7C92-9048-7CAC59D32F08">
<createdBy>admin</createdBy>
<createdTime>2015-11-17 05:26:17 UTC</createdTime>
<ownerDesignName>11a_simple_request_flow</ownerDesignName>
<engineerTo>
<item key="6EDF8B8C-5E45-FCFF-E10C-927DE50C0D2A" value="true"/>
</engineerTo>
<useDomainConstraints>false</useDomainConstraints>
<use>1</use>
<logicalDatatype>LOGDT011</logicalDatatype>
<ownDataTypeParameters>,,</ownDataTypeParameters>
</Attribute>
<Attribute name="pers_name" id="3CA41D60-2282-D252-D820-9130F343FB1F">
<createdBy>admin</createdBy>
<createdTime>2015-11-17 05:26:26 UTC</createdTime>
<ownerDesignName>11a_simple_request_flow</ownerDesignName>
<engineerTo>
<item key="6EDF8B8C-5E45-FCFF-E10C-927DE50C0D2A" value="true"/>
</engineerTo>
<useDomainConstraints>false</useDomainConstraints>
<use>1</use>
<logicalDatatype>LOGDT037</logicalDatatype>
<dataTypeSize>100</dataTypeSize>
<ownDataTypeParameters>100,,</ownDataTypeParameters>
</Attribute>
<Attribute name="phone" id="7E33EC82-FA39-458E-6062-3D977621A76B">
<createdBy>admin</createdBy>
<createdTime>2015-11-17 05:26:48 UTC</createdTime>
<ownerDesignName>11a_simple_request_flow</ownerDesignName>
<engineerTo>
<item key="6EDF8B8C-5E45-FCFF-E10C-927DE50C0D2A" value="true"/>
</engineerTo>
<nullsAllowed>true</nullsAllowed>
<useDomainConstraints>false</useDomainConstraints>
<use>1</use>
<logicalDatatype>LOGDT024</logicalDatatype>
<dataTypeSize>10</dataTypeSize>
<ownDataTypeParameters>10,,</ownDataTypeParameters>
</Attribute>
<Attribute name="e_mail" id="38D0A727-C6BC-8670-4918-D57694A820BE">
<createdBy>admin</createdBy>
<createdTime>2015-11-17 05:27:07 UTC</createdTime>
<ownerDesignName>11a_simple_request_flow</ownerDesignName>
<engineerTo>
<item key="6EDF8B8C-5E45-FCFF-E10C-927DE50C0D2A" value="true"/>
</engineerTo>
<nullsAllowed>true</nullsAllowed>
<useDomainConstraints>false</useDomainConstraints>
<use>1</use>
<logicalDatatype>LOGDT024</logicalDatatype>
<dataTypeSize>75</dataTypeSize>
<ownDataTypeParameters>75,,</ownDataTypeParameters>
</Attribute>
</attributes>
<identifiers itemClass="oracle.dbtools.crest.model.design.logical.CandidateKey">
<identifier id="D80D8F3E-B791-E5DA-960F-B745CF071F1C" name="person PK">
<createdBy>admin</createdBy>
<createdTime>2015-11-17 05:26:23 UTC</createdTime>
<ownerDesignName>11a_simple_request_flow</ownerDesignName>
<engineerTo>
<item key="6EDF8B8C-5E45-FCFF-E10C-927DE50C0D2A" value="true"/>
</engineerTo>
<pk>true</pk>
<usedAttributes>
<attributeRef>106EAC83-700F-7C92-9048-7CAC59D32F08</attributeRef>
</usedAttributes>
</identifier>
</identifiers>
</Entity>