<?xml version = '1.0' encoding = 'UTF-8'?>
<Entity class="oracle.dbtools.crest.model.design.logical.Entity" directorySegmentName="seg_0" id="CC2E4070-E51D-F1CC-0635-D8F86C3D0758" name="employee">
<createdBy>admin</createdBy>
<createdTime>2015-11-17 05:16:16 UTC</createdTime>
<ownerDesignName>11a_simple_request_flow</ownerDesignName>
<engineerTo>
<item key="6EDF8B8C-5E45-FCFF-E10C-927DE50C0D2A" value="true"/>
</engineerTo>
<adequatelyNormalized>NO</adequatelyNormalized>
<expectedVolumes>0</expectedVolumes>
<fwdEngineeringStrategyName>Single Table</fwdEngineeringStrategyName>
<growthPercent>0</growthPercent>
<growthType>Year</growthType>
<maxVolumes>9999999</maxVolumes>
<minVolumes>0</minVolumes>
<normalForm>Third</normalForm>
<preferredAbbreviation>employees</preferredAbbreviation>
<attributes itemClass="oracle.dbtools.crest.model.design.logical.Attribute">
<Attribute name="emp_id" id="E941D150-CD54-435E-D243-8313C48464E0">
<createdBy>admin</createdBy>
<createdTime>2015-11-17 05:27:43 UTC</createdTime>
<ownerDesignName>11a_simple_request_flow</ownerDesignName>
<engineerTo>
<item key="6EDF8B8C-5E45-FCFF-E10C-927DE50C0D2A" value="true"/>
</engineerTo>
<useDomainConstraints>false</useDomainConstraints>
<use>1</use>
<logicalDatatype>LOGDT011</logicalDatatype>
<ownDataTypeParameters>,,</ownDataTypeParameters>
</Attribute>
<Attribute name="hire_date" id="2DF5004E-6036-2003-61EE-9284AF517B2F">
<createdBy>admin</createdBy>
<createdTime>2015-11-17 05:27:52 UTC</createdTime>
<ownerDesignName>11a_simple_request_flow</ownerDesignName>
<engineerTo>
<item key="6EDF8B8C-5E45-FCFF-E10C-927DE50C0D2A" value="true"/>
</engineerTo>
<useDomainConstraints>false</useDomainConstraints>
<use>1</use>
<logicalDatatype>LOGDT007</logicalDatatype>
<ownDataTypeParameters>,,</ownDataTypeParameters>
</Attribute>
<Attribute name="pers_id" id="4BEF07FF-6F7C-26D0-3711-FFA7C5981E46">
<createdBy>admin</createdBy>
<createdTime>2015-11-17 05:28:34 UTC</createdTime>
<generatorID>99015D6D-24B2-EC74-11D9-669D1E7C19D5</generatorID>
<ownerDesignName>11a_simple_request_flow</ownerDesignName>
<engineerTo>
<item key="6EDF8B8C-5E45-FCFF-E10C-927DE50C0D2A" value="true"/>
</engineerTo>
<referedAttribute>106EAC83-700F-7C92-9048-7CAC59D32F08</referedAttribute>
<useDomainConstraints>false</useDomainConstraints>
<use>1</use>
<logicalDatatype>LOGDT011</logicalDatatype>
<ownDataTypeParameters>,,</ownDataTypeParameters>
</Attribute>
</attributes>
<identifiers itemClass="oracle.dbtools.crest.model.design.logical.CandidateKey">
<identifier id="9FA40920-CA5E-E41F-8B74-C61CF3244643" name="employee PK">
<createdBy>admin</createdBy>
<createdTime>2015-11-17 05:27:49 UTC</createdTime>
<ownerDesignName>11a_simple_request_flow</ownerDesignName>
<engineerTo>
<item key="6EDF8B8C-5E45-FCFF-E10C-927DE50C0D2A" value="true"/>
</engineerTo>
<pk>true</pk>
<usedAttributes>
<attributeRef>E941D150-CD54-435E-D243-8313C48464E0</attributeRef>
</usedAttributes>
</identifier>
</identifiers>
</Entity>