<?xml version = '1.0' encoding = 'UTF-8'?>
<Diagram class="oracle.dbtools.crest.swingui.relational.DPVRelational" name="Relational_1" id="5D603729-0E7D-B719-0409-C699C376EC98">
<createdBy>Marin F</createdBy>
<modifiedBy>admin</modifiedBy>
<createdTime>2011-07-11 05:49:03 UTC</createdTime>
<autoRoute>false</autoRoute>
<boxInbox>true</boxInbox>
<showLegend>false</showLegend>
<showLabels>false</showLabels>
<showRelAttributes>false</showRelAttributes>
<gridEnabled>false</gridEnabled>
<showGrid>false</showGrid>
<diagramColor>-1</diagramColor>
<display>false</display>
<notation>1</notation>
<objectViews>
<OView class="oracle.dbtools.crest.swingui.relational.TVTable" oid="1739F30E-DF73-F4B1-BCC2-4B2859AB7CEC" otype="Table" vid="764B0019-2BD4-A619-51F3-31C3366A57D0">
<hideElementsInCurrentOnly>false</hideElementsInCurrentOnly>
<bounds x="303" y="276" width="218" height="145"/>
</OView>
<OView class="oracle.dbtools.crest.swingui.relational.TVTable" oid="1EB8DB12-3725-0C5F-7466-CA86B96AE7F4" otype="Table" vid="25653B62-DE02-5809-B094-8CA4B8F59098">
<hideElementsInCurrentOnly>false</hideElementsInCurrentOnly>
<bounds x="576" y="349" width="253" height="112"/>
</OView>
<OView class="oracle.dbtools.crest.swingui.relational.TVTable" oid="2AD32E56-B966-4F82-3BA2-29DFEA4F2938" otype="Table" vid="C8311677-49B0-E296-3789-96402705D31C">
<hideElementsInCurrentOnly>false</hideElementsInCurrentOnly>
<bounds x="38" y="275" width="221" height="114"/>
</OView>
<OView class="oracle.dbtools.crest.swingui.relational.TVTable" oid="5F8B8C36-9D82-B36B-271B-39948F1DD09A" otype="Table" vid="7D84C018-F9DC-DA51-1E01-726393140763">
<hideElementsInCurrentOnly>false</hideElementsInCurrentOnly>
<bounds x="528" y="507" width="270" height="124"/>
</OView>
<OView class="oracle.dbtools.crest.swingui.relational.TVTable" oid="642C2274-2307-BAB2-EBA2-179786BDE499" otype="Table" vid="BD3BCD86-678B-66C6-984F-1666344D39D9">
<hideElementsInCurrentOnly>false</hideElementsInCurrentOnly>
<bounds x="227" y="475" width="252" height="158"/>
</OView>
<OView class="oracle.dbtools.crest.swingui.relational.TVTable" oid="6F92C41B-1CCF-ABF6-76DD-610429353574" otype="Table" vid="FF5E4BBB-4592-DDED-1125-CB8178987E2B">
<hideElementsInCurrentOnly>false</hideElementsInCurrentOnly>
<bounds x="600" y="161" width="251" height="159"/>
</OView>
<OView class="oracle.dbtools.crest.swingui.relational.TVTable" oid="75F1FF20-B85E-8415-A2D7-B93E9BC4F36C" otype="Table" vid="449CA951-3B55-517C-4F9A-1F91B020D847">
<hideElementsInCurrentOnly>false</hideElementsInCurrentOnly>
<bounds x="358" y="12" width="220" height="108"/>
</OView>
<OView class="oracle.dbtools.crest.swingui.relational.TVTable" oid="870C29F9-5D4B-1350-E65A-69FEE64A4763" otype="Table" vid="4E83F632-7A74-6B62-DB4E-C568C5463452">
<hideElementsInCurrentOnly>false</hideElementsInCurrentOnly>
<bounds x="318" y="132" width="215" height="120"/>
</OView>
<OView class="oracle.dbtools.crest.swingui.relational.TVTable" oid="AB62277E-2CBB-91FA-AC11-AF7EEB534892" otype="Table" vid="E9AF5353-434A-A028-E337-97ADEBD519D0">
<hideElementsInCurrentOnly>false</hideElementsInCurrentOnly>
<bounds x="642" y="24" width="225" height="102"/>
</OView>
<OView class="oracle.dbtools.crest.swingui.relational.TVTable" oid="DE86BD2D-2CDD-E5AA-089B-BBD56632E043" otype="Table" vid="13A1CE65-0BE4-F4E8-441D-DFA4DBF1750B">
<hideElementsInCurrentOnly>false</hideElementsInCurrentOnly>
<bounds x="27" y="10" width="239" height="237"/>
</OView>
</objectViews>
<connectors>
<Connector class="oracle.dbtools.crest.swingui.relational.TVFKRelation" oid="1535D9AE-CDF3-8FB8-03EE-24D68CC017F5" otype="FKIndexAssociation" vid_source="C8311677-49B0-E296-3789-96402705D31C" vid_target="BD3BCD86-678B-66C6-984F-1666344D39D9">
<hideElementsInCurrentOnly>false</hideElementsInCurrentOnly>
<backgroundColor>-16777216</backgroundColor>
<lineWidth>1</lineWidth>
<points>
<point x="228" y="389"/>
<point x="228" y="475"/>
</points>
</Connector>
<Connector class="oracle.dbtools.crest.swingui.relational.TVFKRelation" oid="3CDEB91D-7C68-87DC-2648-62C26FD2BA70" otype="FKIndexAssociation" vid_source="E9AF5353-434A-A028-E337-97ADEBD519D0" vid_target="449CA951-3B55-517C-4F9A-1F91B020D847">
<hideElementsInCurrentOnly>false</hideElementsInCurrentOnly>
<backgroundColor>-16777216</backgroundColor>
<lineWidth>1</lineWidth>
<points>
<point x="642" y="72"/>
<point x="578" y="72"/>
</points>
</Connector>
<Connector class="oracle.dbtools.crest.swingui.relational.TVFKRelation" oid="564180BA-5136-2F1F-7E86-9FAFFCDF3E99" otype="FKIndexAssociation" vid_source="764B0019-2BD4-A619-51F3-31C3366A57D0" vid_target="7D84C018-F9DC-DA51-1E01-726393140763">
<hideElementsInCurrentOnly>false</hideElementsInCurrentOnly>
<backgroundColor>-16777216</backgroundColor>
<lineWidth>1</lineWidth>
<points>
<point x="494" y="421"/>
<point x="592" y="507"/>
</points>
</Connector>
<Connector class="oracle.dbtools.crest.swingui.relational.TVFKRelation" oid="74797BAE-CA35-9062-4F30-2A245FDAE01D" otype="FKIndexAssociation" vid_source="25653B62-DE02-5809-B094-8CA4B8F59098" vid_target="7D84C018-F9DC-DA51-1E01-726393140763">
<hideElementsInCurrentOnly>false</hideElementsInCurrentOnly>
<backgroundColor>-16777216</backgroundColor>
<lineWidth>1</lineWidth>
<points>
<point x="687" y="461"/>
<point x="687" y="507"/>
</points>
</Connector>
<Connector class="oracle.dbtools.crest.swingui.relational.TVFKRelation" oid="898ED034-38B5-E89A-ECAD-1E57849FC017" otype="FKIndexAssociation" vid_source="FF5E4BBB-4592-DDED-1125-CB8178987E2B" vid_target="4E83F632-7A74-6B62-DB4E-C568C5463452">
<hideElementsInCurrentOnly>false</hideElementsInCurrentOnly>
<backgroundColor>-16777216</backgroundColor>
<lineWidth>1</lineWidth>
<points>
<point x="600" y="206"/>
<point x="533" y="206"/>
</points>
</Connector>
<Connector class="oracle.dbtools.crest.swingui.relational.TVFKRelation" oid="902F5FDD-1AFE-54C2-21E2-F43F9BD3FE10" otype="FKIndexAssociation" vid_source="FF5E4BBB-4592-DDED-1125-CB8178987E2B" vid_target="764B0019-2BD4-A619-51F3-31C3366A57D0">
<hideElementsInCurrentOnly>false</hideElementsInCurrentOnly>
<backgroundColor>-16777216</backgroundColor>
<lineWidth>1</lineWidth>
<points>
<point x="600" y="298"/>
<point x="521" y="298"/>
</points>
</Connector>
<Connector class="oracle.dbtools.crest.swingui.relational.TVFKRelation" oid="BF67B39C-01E8-B868-7D6B-9566D1E68A44" otype="FKIndexAssociation" vid_source="13A1CE65-0BE4-F4E8-441D-DFA4DBF1750B" vid_target="4E83F632-7A74-6B62-DB4E-C568C5463452">
<hideElementsInCurrentOnly>false</hideElementsInCurrentOnly>
<backgroundColor>-16777216</backgroundColor>
<lineWidth>1</lineWidth>
<points>
<point x="266" y="189"/>
<point x="318" y="189"/>
</points>
</Connector>
<Connector class="oracle.dbtools.crest.swingui.relational.TVFKRelation" oid="DEDF9F6A-F1AC-563A-5CA6-E99FFF76AA12" otype="FKIndexAssociation" vid_source="449CA951-3B55-517C-4F9A-1F91B020D847" vid_target="FF5E4BBB-4592-DDED-1125-CB8178987E2B">
<hideElementsInCurrentOnly>false</hideElementsInCurrentOnly>
<backgroundColor>-16777216</backgroundColor>
<lineWidth>1</lineWidth>
<points>
<point x="547" y="120"/>
<point x="608" y="161"/>
</points>
</Connector>
<Connector class="oracle.dbtools.crest.swingui.relational.TVFKRelation" oid="E7B42E68-DEFB-A768-1A05-8FE17A85C871" otype="FKIndexAssociation" vid_source="764B0019-2BD4-A619-51F3-31C3366A57D0" vid_target="BD3BCD86-678B-66C6-984F-1666344D39D9">
<hideElementsInCurrentOnly>false</hideElementsInCurrentOnly>
<backgroundColor>-16777216</backgroundColor>
<lineWidth>1</lineWidth>
<points>
<point x="391" y="421"/>
<point x="391" y="475"/>
</points>
</Connector>
<Connector class="oracle.dbtools.crest.swingui.relational.TVFKRelation" oid="EEFEB3C5-3887-B1D7-9E9A-EA174FDB318D" otype="FKIndexAssociation" vid_source="449CA951-3B55-517C-4F9A-1F91B020D847" vid_target="13A1CE65-0BE4-F4E8-441D-DFA4DBF1750B">
<hideElementsInCurrentOnly>false</hideElementsInCurrentOnly>
<backgroundColor>-16777216</backgroundColor>
<lineWidth>1</lineWidth>
<points>
<point x="358" y="66"/>
<point x="266" y="66"/>
</points>
</Connector>
</connectors>
</Diagram>