<?xml version = '1.0' encoding = 'UTF-8'?>
<Relation class="oracle.dbtools.crest.model.design.logical.Relation" name="used_to_represent" directorySegmentName="seg_0" id="B4FE6DAF-4B3F-DC93-501E-907D8D4A2E0D">
<createdBy>admin</createdBy>
<createdTime>2015-10-29 10:40:58 UTC</createdTime>
<ownerDesignName>sales_3</ownerDesignName>
<engineerTo>
<item key="E509B008-F0FB-19A3-CCAF-E1677B6C7C61" value="true"/>
</engineerTo>
<sourcePk>B66462AC-8968-44C6-1CDF-D5FEDBCB8AAB</sourcePk>
<identifying>true</identifying>
<optionalSource>true</optionalSource>
<optionalTarget>false</optionalTarget>
<sourceCardinality>1</sourceCardinality>
<sourceEntity>42A4EF6E-85D7-F909-8C66-C3CB408774D5</sourceEntity>
<targetCardinalityString>*</targetCardinalityString>
<targetEntity>33FDE9F3-576F-7146-A3D1-ADA28F1E6B78</targetEntity>
<transferable>true</transferable>
</Relation>