<?xml version = '1.0' encoding = 'UTF-8'?>
<Relation class="oracle.dbtools.crest.model.design.logical.Relation" name="is_represented_by" directorySegmentName="seg_0" id="C8A70461-C856-4D8C-9F97-C9F252DDEE62">
<createdBy>Marin F</createdBy>
<createdTime>2011-07-11 06:51:52 UTC</createdTime>
<generatorID>78D0BA51-EBB7-B417-105E-AC196D977F81</generatorID>
<ownerDesignName>sales_3</ownerDesignName>
<engineerTo>
<item key="E509B008-F0FB-19A3-CCAF-E1677B6C7C61" value="true"/>
</engineerTo>
<sourcePk>E60967B1-E1BA-9D43-DC8F-53D3CDBBEAC0</sourcePk>
<identifying>true</identifying>
<optionalSource>true</optionalSource>
<optionalTarget>false</optionalTarget>
<sourceCardinality>1</sourceCardinality>
<sourceEntity>862CD71F-8ACA-33A5-6C24-FBA4AC6FAA7F</sourceEntity>
<targetCardinalityString>*</targetCardinalityString>
<targetEntity>B5901E4F-FE16-8497-C6FA-77254367AE09</targetEntity>
<transferable>true</transferable>
</Relation>