<?xml version = '1.0' encoding = 'UTF-8'?>
<Relation class="oracle.dbtools.crest.model.design.logical.Relation" name="is_composed_of" directorySegmentName="seg_0" id="FDA6341C-BE50-5CE3-3821-644B4FD1FDCC">
<createdBy>Marin F</createdBy>
<createdTime>2011-07-11 06:51:52 UTC</createdTime>
<generatorID>FE44AF74-AE38-C280-5437-A0EB40FFA9E5</generatorID>
<ownerDesignName>sales_3</ownerDesignName>
<engineerTo>
<item key="E509B008-F0FB-19A3-CCAF-E1677B6C7C61" value="true"/>
</engineerTo>
<sourcePk>D0B2DB68-6D9E-659C-A596-16AA379526BF</sourcePk>
<identifying>true</identifying>
<optionalSource>false</optionalSource>
<optionalTarget>false</optionalTarget>
<sourceCardinality>1</sourceCardinality>
<sourceEntity>9B6DCC06-4F09-1244-27C0-C0BE0CEF865A</sourceEntity>
<targetCardinalityString>*</targetCardinalityString>
<targetEntity>AE183615-38B5-05D7-B4D4-C0A36668DC81</targetEntity>
<transferable>true</transferable>
</Relation>