<?xml version = '1.0' encoding = 'UTF-8'?>
<Table class="oracle.dbtools.crest.model.design.relational.Table" directorySegmentName="seg_0" id="1F0B4420-3756-A4B5-EC80-7D9F6F381248" name="order_details">
<createdBy>admin</createdBy>
<createdTime>2015-10-27 04:01:07 UTC</createdTime>
<generatorID>DE6C7DFB-24B3-0FA4-1874-8AE5FE957848</generatorID>
<ownerDesignName>orders_1</ownerDesignName>
<existDependencyGenerateInDDl>true</existDependencyGenerateInDDl>
<parsed>true</parsed>
<columns itemClass="oracle.dbtools.crest.model.design.relational.Column">
<Column name="row_number" id="8E3354FD-D849-9F52-88D8-235A028BCF3D">
<createdBy>admin</createdBy>
<createdTime>2015-10-27 04:01:07 UTC</createdTime>
<generatorID>456DF76D-DA39-8758-091D-1D1D3EC938ED</generatorID>
<ownerDesignName>orders_1</ownerDesignName>
<useDomainConstraints>false</useDomainConstraints>
<use>1</use>
<logicalDatatype>LOGDT018</logicalDatatype>
<ownDataTypeParameters>,,</ownDataTypeParameters>
<autoIncrementCycle>false</autoIncrementCycle>
</Column>
<Column name="ordered_quantity" id="6AACF61C-4BC5-B009-35F7-0907CF22D649">
<createdBy>admin</createdBy>
<createdTime>2015-10-27 04:01:07 UTC</createdTime>
<generatorID>7309F4FA-CA21-D57F-8426-B0D6DBD5D083</generatorID>
<ownerDesignName>orders_1</ownerDesignName>
<useDomainConstraints>false</useDomainConstraints>
<use>1</use>
<logicalDatatype>LOGDT019</logicalDatatype>
<dataTypePrecision>10</dataTypePrecision>
<dataTypeScale>3</dataTypeScale>
<ownDataTypeParameters>,10,3</ownDataTypeParameters>
<autoIncrementCycle>false</autoIncrementCycle>
</Column>
<Column name="order_id" id="69E1FD5E-20AA-8A9A-5496-507E9E06F32A">
<createdBy>admin</createdBy>
<createdTime>2015-10-27 04:01:07 UTC</createdTime>
<generatorID>08D2B5EC-6959-9D48-F8F0-0881A6768C29</generatorID>
<ownerDesignName>orders_1</ownerDesignName>
<useDomainConstraints>false</useDomainConstraints>
<use>1</use>
<logicalDatatype>LOGDT011</logicalDatatype>
<ownDataTypeParameters>,,</ownDataTypeParameters>
<previousColumn>false</previousColumn>
<autoIncrementCycle>false</autoIncrementCycle>
<associations>
<colAssociation fkAssociation="BF3768A1-8332-D409-5BA2-7D1C5B805A59" referredColumn="8CE5588D-2C3B-842C-E49F-FE0ADB6036FA"/>
</associations>
</Column>
<Column name="product_id" id="346923C0-A328-D064-A394-F53B23978D4A">
<createdBy>admin</createdBy>
<createdTime>2015-10-27 04:01:07 UTC</createdTime>
<generatorID>6F613B97-3DDF-1070-D85F-570EA9BF6503</generatorID>
<ownerDesignName>orders_1</ownerDesignName>
<useDomainConstraints>false</useDomainConstraints>
<use>1</use>
<logicalDatatype>LOGDT011</logicalDatatype>
<ownDataTypeParameters>,,</ownDataTypeParameters>
<previousColumn>false</previousColumn>
<autoIncrementCycle>false</autoIncrementCycle>
<associations>
<colAssociation fkAssociation="38282AC8-65D4-C0C1-80A8-3541FE555293" referredColumn="CAB35DDD-5B6A-B797-6DFC-15181B056B0C"/>
</associations>
</Column>
<Column name="comments" id="C2BCF780-CECF-12C9-9BB4-FE5E3E5168A4">
<createdBy>admin</createdBy>
<createdTime>2015-10-27 04:01:07 UTC</createdTime>
<generatorID>45491E2B-E00A-2A59-9E6D-027AECAECFC5</generatorID>
<ownerDesignName>orders_1</ownerDesignName>
<nullsAllowed>true</nullsAllowed>
<useDomainConstraints>false</useDomainConstraints>
<use>1</use>
<logicalDatatype>LOGDT024</logicalDatatype>
<ownDataTypeParameters>,,</ownDataTypeParameters>
<autoIncrementCycle>false</autoIncrementCycle>
<isRelationshipColumn>true</isRelationshipColumn>
<dependOnForeignKeyID>BF3768A1-8332-D409-5BA2-7D1C5B805A59</dependOnForeignKeyID>
</Column>
</columns>
<indexes itemClass="oracle.dbtools.crest.model.design.relational.Index">
<ind_PK_UK id="72F7E76E-0D94-6804-5D46-49B5B24306EA" name="order_details_PK">
<createdBy>admin</createdBy>
<createdTime>2015-10-27 04:01:07 UTC</createdTime>
<generatorID>E4E6C37D-B3FA-5F09-F69D-47992D9D976E</generatorID>
<ownerDesignName>orders_1</ownerDesignName>
<pk>true</pk>
<indexState>Primary Constraint</indexState>
<isSurrogateKey>false</isSurrogateKey>
<indexColumnUsage>
<colUsage columnID="8E3354FD-D849-9F52-88D8-235A028BCF3D"/>
<colUsage columnID="69E1FD5E-20AA-8A9A-5496-507E9E06F32A"/>
</indexColumnUsage>
</ind_PK_UK>
<ind_PK_UK id="359AA921-3C1E-C806-98BE-659210A1D373" name="order_details_orders_FK">
<createdBy>admin</createdBy>
<createdTime>2015-10-27 04:01:07 UTC</createdTime>
<generatorID>2D911A6D-E630-2A45-7B63-AAB13E0A8800</generatorID>
<ownerDesignName>orders_1</ownerDesignName>
<indexState>Foreign Key</indexState>
<isSurrogateKey>false</isSurrogateKey>
<indexColumnUsage>
<colUsage columnID="69E1FD5E-20AA-8A9A-5496-507E9E06F32A"/>
</indexColumnUsage>
</ind_PK_UK>
<ind_PK_UK id="E2314437-5543-C5DE-7D35-E3F0F004D027" name="order_details_products_FK">
<createdBy>admin</createdBy>
<createdTime>2015-10-27 04:01:07 UTC</createdTime>
<generatorID>2E8201ED-752B-8E4B-D49E-B23AE01E455A</generatorID>
<ownerDesignName>orders_1</ownerDesignName>
<indexState>Foreign Key</indexState>
<isSurrogateKey>false</isSurrogateKey>
<indexColumnUsage>
<colUsage columnID="346923C0-A328-D064-A394-F53B23978D4A"/>
</indexColumnUsage>
</ind_PK_UK>
</indexes>
</Table>