<?xml version = '1.0' encoding = 'UTF-8'?>
<Table class="oracle.dbtools.crest.model.design.relational.Table" directorySegmentName="seg_0" id="23A17D0A-E416-63A1-0EF8-935B52FCEE83" name="orders">
<createdBy>admin</createdBy>
<createdTime>2015-10-27 04:01:07 UTC</createdTime>
<generatorID>66CBB4C3-EE3E-0F71-2E37-8EC95DAE7343</generatorID>
<ownerDesignName>orders_1</ownerDesignName>
<existDependencyGenerateInDDl>true</existDependencyGenerateInDDl>
<parsed>true</parsed>
<columns itemClass="oracle.dbtools.crest.model.design.relational.Column">
<Column name="order_id" id="8CE5588D-2C3B-842C-E49F-FE0ADB6036FA">
<createdBy>admin</createdBy>
<createdTime>2015-10-27 04:01:07 UTC</createdTime>
<generatorID>B473352E-87F8-7F8C-0160-985DD531ADA4</generatorID>
<ownerDesignName>orders_1</ownerDesignName>
<useDomainConstraints>false</useDomainConstraints>
<use>1</use>
<logicalDatatype>LOGDT011</logicalDatatype>
<ownDataTypeParameters>,,</ownDataTypeParameters>
<autoIncrementCycle>false</autoIncrementCycle>
</Column>
<Column name="order_timestamp" id="9875DC8C-BB80-326C-5514-76F93B1C0D7D">
<createdBy>admin</createdBy>
<createdTime>2015-10-27 04:01:07 UTC</createdTime>
<generatorID>DC8088FA-BDE1-9682-87D8-2D49AF6FC719</generatorID>
<ownerDesignName>orders_1</ownerDesignName>
<useDomainConstraints>false</useDomainConstraints>
<use>1</use>
<logicalDatatype>LOGDT046</logicalDatatype>
<ownDataTypeParameters>,,</ownDataTypeParameters>
<autoIncrementCycle>false</autoIncrementCycle>
</Column>
<Column name="comments" id="1E07510A-921D-BD64-3BA7-5514E3E4C1E1">
<createdBy>admin</createdBy>
<createdTime>2015-10-27 04:01:07 UTC</createdTime>
<generatorID>3A5EE095-DEAB-F2B6-BDDE-18DD9298AB6B</generatorID>
<ownerDesignName>orders_1</ownerDesignName>
<nullsAllowed>true</nullsAllowed>
<useDomainConstraints>false</useDomainConstraints>
<use>1</use>
<logicalDatatype>LOGDT024</logicalDatatype>
<dataTypeSize>100</dataTypeSize>
<ownDataTypeParameters>100,,</ownDataTypeParameters>
<autoIncrementCycle>false</autoIncrementCycle>
</Column>
<Column name="customer_id" id="935E7373-D879-4D14-35FF-BD0A86B70FED">
<createdBy>admin</createdBy>
<createdTime>2015-10-27 04:01:07 UTC</createdTime>
<generatorID>B6AE9892-29E9-154C-A6D5-751DBBCA1D46</generatorID>
<ownerDesignName>orders_1</ownerDesignName>
<useDomainConstraints>false</useDomainConstraints>
<use>1</use>
<logicalDatatype>LOGDT011</logicalDatatype>
<ownDataTypeParameters>,,</ownDataTypeParameters>
<previousColumn>false</previousColumn>
<autoIncrementCycle>false</autoIncrementCycle>
<associations>
<colAssociation fkAssociation="048F170D-A1FB-2C8D-BB28-FE99B0A1800A" referredColumn="B15BB999-EBD5-A652-C343-CDDA72A014BA"/>
</associations>
</Column>
<Column name="salesman_id" id="708BBFE3-44D5-098F-7635-24D105085855">
<createdBy>admin</createdBy>
<createdTime>2015-10-27 04:01:07 UTC</createdTime>
<generatorID>2478ADB2-2319-72F6-1678-CBE4ACFF59B9</generatorID>
<ownerDesignName>orders_1</ownerDesignName>
<nullsAllowed>true</nullsAllowed>
<useDomainConstraints>false</useDomainConstraints>
<use>1</use>
<logicalDatatype>LOGDT011</logicalDatatype>
<ownDataTypeParameters>,,</ownDataTypeParameters>
<previousColumn>false</previousColumn>
<autoIncrementCycle>false</autoIncrementCycle>
<associations>
<colAssociation fkAssociation="63FDD44A-064C-7D58-7233-65FDACBE1A84" referredColumn="512F089D-DD6F-3AA0-A030-390360436458"/>
</associations>
</Column>
</columns>
<indexes itemClass="oracle.dbtools.crest.model.design.relational.Index">
<ind_PK_UK id="E2CAA4C7-199D-F24C-53E9-540280BE3BE7" name="orders_PK">
<createdBy>admin</createdBy>
<createdTime>2015-10-27 04:01:07 UTC</createdTime>
<generatorID>9120AD16-325B-0A35-A024-19E514F64FB6</generatorID>
<ownerDesignName>orders_1</ownerDesignName>
<pk>true</pk>
<indexState>Primary Constraint</indexState>
<isSurrogateKey>false</isSurrogateKey>
<indexColumnUsage>
<colUsage columnID="8CE5588D-2C3B-842C-E49F-FE0ADB6036FA"/>
</indexColumnUsage>
</ind_PK_UK>
<ind_PK_UK id="C92AFED4-EC5F-A188-4FAE-519A16EF408F" name="orders_customers_FK">
<createdBy>admin</createdBy>
<createdTime>2015-10-27 04:01:07 UTC</createdTime>
<generatorID>49B4835E-6073-D100-4DDA-8405C00B3F70</generatorID>
<ownerDesignName>orders_1</ownerDesignName>
<indexState>Foreign Key</indexState>
<isSurrogateKey>false</isSurrogateKey>
<indexColumnUsage>
<colUsage columnID="935E7373-D879-4D14-35FF-BD0A86B70FED"/>
</indexColumnUsage>
</ind_PK_UK>
<ind_PK_UK id="7CC87208-5F07-435A-B074-F6C8448A9580" name="orders_salesmen_FK">
<createdBy>admin</createdBy>
<createdTime>2015-10-27 04:01:07 UTC</createdTime>
<generatorID>E678E312-43FF-0A28-A9C5-366D21E19C38</generatorID>
<ownerDesignName>orders_1</ownerDesignName>
<indexState>Foreign Key</indexState>
<isSurrogateKey>false</isSurrogateKey>
<indexColumnUsage>
<colUsage columnID="708BBFE3-44D5-098F-7635-24D105085855"/>
</indexColumnUsage>
</ind_PK_UK>
</indexes>
</Table>