<?xml version = '1.0' encoding = 'UTF-8'?>
<Table class="oracle.dbtools.crest.model.design.relational.Table" directorySegmentName="seg_0" id="3E8FF0C0-4D6E-1B9D-9E9B-CFC715F43BE8" name="customer">
<createdBy>Marin F</createdBy>
<createdTime>2012-11-05 17:54:55 UTC</createdTime>
<generatorID>387BB63B-7FE6-24A5-A804-D06EE6F6F9C6</generatorID>
<ownerDesignName>orders_1</ownerDesignName>
<parsed>true</parsed>
<columns itemClass="oracle.dbtools.crest.model.design.relational.Column">
<Column name="customer_id" id="862D8FE7-0B38-88A1-D04F-BCF8831609DE">
<createdBy>Marin F</createdBy>
<createdTime>2012-11-05 17:54:55 UTC</createdTime>
<generatorID>DCCFA337-91CE-A4BC-E3A8-A459BC38EBE1</generatorID>
<ownerDesignName>orders_1</ownerDesignName>
<useDomainConstraints>false</useDomainConstraints>
<use>1</use>
<logicalDatatype>LOGDT011</logicalDatatype>
<ownDataTypeParameters>,,</ownDataTypeParameters>
<previousColumn>false</previousColumn>
<autoIncrementCycle>false</autoIncrementCycle>
</Column>
<Column name="customer_name" id="2C77F274-EA5F-A1EA-76F1-87BED7F09EBA">
<createdBy>Marin F</createdBy>
<createdTime>2012-11-05 17:54:55 UTC</createdTime>
<generatorID>081604CE-8225-34CA-614C-1B68E0811A70</generatorID>
<ownerDesignName>orders_1</ownerDesignName>
<useDomainConstraints>false</useDomainConstraints>
<use>1</use>
<logicalDatatype>LOGDT024</logicalDatatype>
<dataTypeSize>75 CHAR</dataTypeSize>
<ownDataTypeParameters>75 CHAR,,</ownDataTypeParameters>
<previousColumn>false</previousColumn>
<autoIncrementCycle>false</autoIncrementCycle>
</Column>
<Column name="customer_address" id="DD45A77E-46C9-6844-6AF9-2F5F13FBF3CF">
<createdBy>Marin F</createdBy>
<createdTime>2012-11-05 17:54:55 UTC</createdTime>
<generatorID>458E3BA3-18E4-1484-E6C3-8641D5E8C33D</generatorID>
<ownerDesignName>orders_1</ownerDesignName>
<useDomainConstraints>false</useDomainConstraints>
<use>1</use>
<logicalDatatype>LOGDT024</logicalDatatype>
<dataTypeSize>100</dataTypeSize>
<ownDataTypeParameters>100,,</ownDataTypeParameters>
<previousColumn>false</previousColumn>
<autoIncrementCycle>false</autoIncrementCycle>
</Column>
<Column name="customer_phone" id="AFFB20A2-FCB8-7EFF-CC58-B025F298F9DA">
<createdBy>Marin F</createdBy>
<createdTime>2012-11-05 17:54:55 UTC</createdTime>
<generatorID>D16B6502-0964-9F07-E406-EC9F96F22163</generatorID>
<ownerDesignName>orders_1</ownerDesignName>
<useDomainConstraints>false</useDomainConstraints>
<use>1</use>
<logicalDatatype>LOGDT025</logicalDatatype>
<dataTypeSize>10</dataTypeSize>
<ownDataTypeParameters>10,,</ownDataTypeParameters>
<previousColumn>false</previousColumn>
<autoIncrementCycle>false</autoIncrementCycle>
</Column>
<Column name="customer_email" id="360E42F8-24D7-1EE7-8132-97AECF05874E">
<createdBy>Marin F</createdBy>
<createdTime>2012-11-05 17:54:55 UTC</createdTime>
<generatorID>8617FCF0-E6BF-170F-7222-2CD9A67225AE</generatorID>
<ownerDesignName>orders_1</ownerDesignName>
<nullsAllowed>true</nullsAllowed>
<useDomainConstraints>false</useDomainConstraints>
<use>1</use>
<logicalDatatype>LOGDT024</logicalDatatype>
<dataTypeSize>75</dataTypeSize>
<ownDataTypeParameters>75,,</ownDataTypeParameters>
<previousColumn>false</previousColumn>
<autoIncrementCycle>false</autoIncrementCycle>
</Column>
</columns>
<indexes itemClass="oracle.dbtools.crest.model.design.relational.Index">
<ind_PK_UK id="EAFE7595-FEB8-A35C-D4AE-1A0CD2E5E30F" name="customers__PK">
<createdBy>Marin F</createdBy>
<createdTime>2012-11-05 17:54:55 UTC</createdTime>
<generatorID>7ECFEBE0-3CF3-C186-8F73-82B217A430B0</generatorID>
<ownerDesignName>orders_1</ownerDesignName>
<pk>true</pk>
<indexState>Primary Constraint</indexState>
<indexColumnUsage>
<colUsage columnID="862D8FE7-0B38-88A1-D04F-BCF8831609DE"/>
</indexColumnUsage>
</ind_PK_UK>
</indexes>
</Table>