<?xml version = '1.0' encoding = 'UTF-8'?>
<Table class="oracle.dbtools.crest.model.design.relational.Table" directorySegmentName="seg_0" id="6503EAD4-9323-0EF2-994F-AFA03BE4D091" name="order">
<createdBy>Marin F</createdBy>
<createdTime>2012-11-05 17:54:55 UTC</createdTime>
<generatorID>66CBB4C3-EE3E-0F71-2E37-8EC95DAE7343</generatorID>
<ownerDesignName>orders_1</ownerDesignName>
<parsed>true</parsed>
<columns itemClass="oracle.dbtools.crest.model.design.relational.Column">
<Column name="order_id" id="94E784C3-5E95-B1B0-0B82-B882E99C03E1">
<createdBy>Marin F</createdBy>
<createdTime>2012-11-05 17:54:55 UTC</createdTime>
<generatorID>B473352E-87F8-7F8C-0160-985DD531ADA4</generatorID>
<ownerDesignName>orders_1</ownerDesignName>
<useDomainConstraints>false</useDomainConstraints>
<use>1</use>
<logicalDatatype>LOGDT011</logicalDatatype>
<ownDataTypeParameters>,,</ownDataTypeParameters>
<previousColumn>false</previousColumn>
<autoIncrementCycle>false</autoIncrementCycle>
</Column>
<Column name="order_timestamp" id="A153BBDB-5338-B494-ED43-71BE3FA0BD81">
<createdBy>Marin F</createdBy>
<createdTime>2012-11-05 17:54:55 UTC</createdTime>
<generatorID>DC8088FA-BDE1-9682-87D8-2D49AF6FC719</generatorID>
<ownerDesignName>orders_1</ownerDesignName>
<useDomainConstraints>false</useDomainConstraints>
<use>1</use>
<logicalDatatype>LOGDT046</logicalDatatype>
<ownDataTypeParameters>,,</ownDataTypeParameters>
<previousColumn>false</previousColumn>
<autoIncrementCycle>false</autoIncrementCycle>
</Column>
<Column name="comments" id="12BABEC2-6ECC-FF8A-6E58-7C570E54561B">
<createdBy>Marin F</createdBy>
<createdTime>2012-11-05 17:54:55 UTC</createdTime>
<generatorID>3A5EE095-DEAB-F2B6-BDDE-18DD9298AB6B</generatorID>
<ownerDesignName>orders_1</ownerDesignName>
<nullsAllowed>true</nullsAllowed>
<useDomainConstraints>false</useDomainConstraints>
<use>1</use>
<logicalDatatype>LOGDT024</logicalDatatype>
<dataTypeSize>100</dataTypeSize>
<ownDataTypeParameters>100,,</ownDataTypeParameters>
<previousColumn>false</previousColumn>
<autoIncrementCycle>false</autoIncrementCycle>
</Column>
<Column name="customer_id" id="E9FC7B5D-F8AA-FF05-8A07-F636864247C6">
<createdBy>Marin F</createdBy>
<createdTime>2012-11-05 17:54:55 UTC</createdTime>
<generatorID>B6AE9892-29E9-154C-A6D5-751DBBCA1D46</generatorID>
<ownerDesignName>orders_1</ownerDesignName>
<useDomainConstraints>false</useDomainConstraints>
<use>1</use>
<logicalDatatype>LOGDT011</logicalDatatype>
<ownDataTypeParameters>,,</ownDataTypeParameters>
<previousColumn>false</previousColumn>
<autoIncrementCycle>false</autoIncrementCycle>
<associations>
<colAssociation fkAssociation="E49D9CF4-6A4C-BCA8-9FD6-BA41E32A4BE5" referredColumn="862D8FE7-0B38-88A1-D04F-BCF8831609DE"/>
</associations>
</Column>
<Column name="salesman_id" id="BED67777-0564-1467-C230-7D8FFC6ED083">
<createdBy>Marin F</createdBy>
<createdTime>2012-11-05 17:54:55 UTC</createdTime>
<generatorID>2478ADB2-2319-72F6-1678-CBE4ACFF59B9</generatorID>
<ownerDesignName>orders_1</ownerDesignName>
<nullsAllowed>true</nullsAllowed>
<useDomainConstraints>false</useDomainConstraints>
<use>1</use>
<logicalDatatype>LOGDT011</logicalDatatype>
<ownDataTypeParameters>,,</ownDataTypeParameters>
<previousColumn>false</previousColumn>
<autoIncrementCycle>false</autoIncrementCycle>
<associations>
<colAssociation fkAssociation="F18C0D9B-C0F3-486C-9E69-EE4AAD6EF3C9" referredColumn="C6E3A518-6AA0-D245-7FA6-13D3D18FB0F3"/>
</associations>
</Column>
</columns>
<indexes itemClass="oracle.dbtools.crest.model.design.relational.Index">
<ind_PK_UK id="BA5D5B94-91B4-20C6-349B-A3BA3C32375B" name="orders__PK">
<createdBy>Marin F</createdBy>
<createdTime>2012-11-05 17:54:55 UTC</createdTime>
<generatorID>9120AD16-325B-0A35-A024-19E514F64FB6</generatorID>
<ownerDesignName>orders_1</ownerDesignName>
<pk>true</pk>
<indexState>Primary Constraint</indexState>
<indexColumnUsage>
<colUsage columnID="94E784C3-5E95-B1B0-0B82-B882E99C03E1"/>
</indexColumnUsage>
</ind_PK_UK>
<ind_PK_UK id="9FABE5DF-14B2-7A97-DAA3-44EF595569F7" name="persuades_customer_to_fill">
<createdBy>Marin F</createdBy>
<createdTime>2012-11-05 17:54:55 UTC</createdTime>
<generatorID>E678E312-43FF-0A28-A9C5-366D21E19C38</generatorID>
<ownerDesignName>orders_1</ownerDesignName>
<indexState>Foreign Key</indexState>
<indexColumnUsage>
<colUsage columnID="BED67777-0564-1467-C230-7D8FFC6ED083"/>
</indexColumnUsage>
</ind_PK_UK>
<ind_PK_UK id="10D13BBB-AD1C-04CF-CC65-5FCD927E0A0B" name="fills_up">
<createdBy>Marin F</createdBy>
<createdTime>2012-11-05 17:54:55 UTC</createdTime>
<generatorID>49B4835E-6073-D100-4DDA-8405C00B3F70</generatorID>
<ownerDesignName>orders_1</ownerDesignName>
<indexState>Foreign Key</indexState>
<indexColumnUsage>
<colUsage columnID="E9FC7B5D-F8AA-FF05-8A07-F636864247C6"/>
</indexColumnUsage>
</ind_PK_UK>
</indexes>
</Table>