<?xml version = '1.0' encoding = 'UTF-8'?>
<Table class="oracle.dbtools.crest.model.design.relational.Table" directorySegmentName="seg_0" id="828D09FC-523A-4E2E-855B-4720FF37EC39" name="product">
<createdBy>Marin F</createdBy>
<createdTime>2012-11-05 17:54:55 UTC</createdTime>
<generatorID>CC614045-B4F5-D3C1-CA5B-B241DDE313D6</generatorID>
<ownerDesignName>orders_1</ownerDesignName>
<parsed>true</parsed>
<columns itemClass="oracle.dbtools.crest.model.design.relational.Column">
<Column name="product_id" id="6D855492-34E3-FB65-B402-765751AD740C">
<createdBy>Marin F</createdBy>
<createdTime>2012-11-05 17:54:55 UTC</createdTime>
<generatorID>83CCF0F7-9B16-4921-3AA4-0167D76ED6F5</generatorID>
<ownerDesignName>orders_1</ownerDesignName>
<useDomainConstraints>false</useDomainConstraints>
<use>1</use>
<logicalDatatype>LOGDT011</logicalDatatype>
<ownDataTypeParameters>,,</ownDataTypeParameters>
<previousColumn>false</previousColumn>
<autoIncrementCycle>false</autoIncrementCycle>
</Column>
<Column name="product_name" id="3C1842D6-FE8D-2969-3B8B-C65730E61CE8">
<createdBy>Marin F</createdBy>
<createdTime>2012-11-05 17:54:55 UTC</createdTime>
<generatorID>B5E3A7EC-7684-0340-84EE-0E813A517DF2</generatorID>
<ownerDesignName>orders_1</ownerDesignName>
<useDomainConstraints>false</useDomainConstraints>
<use>1</use>
<logicalDatatype>LOGDT024</logicalDatatype>
<dataTypeSize>75 CHAR</dataTypeSize>
<ownDataTypeParameters>75 CHAR,,</ownDataTypeParameters>
<previousColumn>false</previousColumn>
<autoIncrementCycle>false</autoIncrementCycle>
</Column>
<Column name="measure_unit" id="D23F7036-5B1D-7F27-84A2-06FE7DD1DBA9">
<createdBy>Marin F</createdBy>
<createdTime>2012-11-05 17:54:55 UTC</createdTime>
<generatorID>BB850587-4614-B50D-0960-B532AC599460</generatorID>
<ownerDesignName>orders_1</ownerDesignName>
<useDomainConstraints>false</useDomainConstraints>
<use>1</use>
<logicalDatatype>LOGDT024</logicalDatatype>
<dataTypeSize>15</dataTypeSize>
<ownDataTypeParameters>15,,</ownDataTypeParameters>
<previousColumn>false</previousColumn>
<autoIncrementCycle>false</autoIncrementCycle>
</Column>
<Column name="group" id="F9403C31-9628-3538-71D3-B182446F5BE0">
<createdBy>Marin F</createdBy>
<createdTime>2012-11-05 17:54:55 UTC</createdTime>
<generatorID>B6C23F75-17D5-EF3E-7C02-6C890112E900</generatorID>
<ownerDesignName>orders_1</ownerDesignName>
<nullsAllowed>true</nullsAllowed>
<useDomainConstraints>false</useDomainConstraints>
<use>1</use>
<logicalDatatype>LOGDT024</logicalDatatype>
<dataTypeSize>20 CHAR</dataTypeSize>
<ownDataTypeParameters>20 CHAR,,</ownDataTypeParameters>
<previousColumn>false</previousColumn>
<autoIncrementCycle>false</autoIncrementCycle>
</Column>
<Column name="VAT_percent" id="A7BA4D7E-6E66-C270-F720-96C1834EF507">
<createdBy>Marin F</createdBy>
<createdTime>2012-11-05 17:54:55 UTC</createdTime>
<generatorID>582A2A95-0673-A9EE-F72D-18BC5345397B</generatorID>
<ownerDesignName>orders_1</ownerDesignName>
<nullsAllowed>true</nullsAllowed>
<useDomainConstraints>false</useDomainConstraints>
<use>1</use>
<logicalDatatype>LOGDT019</logicalDatatype>
<dataTypePrecision>6</dataTypePrecision>
<dataTypeScale>4</dataTypeScale>
<ownDataTypeParameters>,6,4</ownDataTypeParameters>
<previousColumn>false</previousColumn>
<autoIncrementCycle>false</autoIncrementCycle>
</Column>
</columns>
<indexes itemClass="oracle.dbtools.crest.model.design.relational.Index">
<ind_PK_UK id="65472DD6-6614-11A5-6493-D7CDC9759711" name="products__PK">
<createdBy>Marin F</createdBy>
<createdTime>2012-11-05 17:54:55 UTC</createdTime>
<generatorID>25C4AE19-CF6E-4B7F-CD24-0EFB3E75FE86</generatorID>
<ownerDesignName>orders_1</ownerDesignName>
<pk>true</pk>
<indexState>Primary Constraint</indexState>
<indexColumnUsage>
<colUsage columnID="6D855492-34E3-FB65-B402-765751AD740C"/>
</indexColumnUsage>
</ind_PK_UK>
</indexes>
</Table>