<?xml version = '1.0' encoding = 'UTF-8'?>
<Table class="oracle.dbtools.crest.model.design.relational.Table" directorySegmentName="seg_0" id="A45FB24D-4744-98C0-F599-D0B0DAD24059" name="order_detail">
<createdBy>Marin F</createdBy>
<createdTime>2012-11-05 17:54:55 UTC</createdTime>
<generatorID>DE6C7DFB-24B3-0FA4-1874-8AE5FE957848</generatorID>
<ownerDesignName>orders_1</ownerDesignName>
<parsed>true</parsed>
<columns itemClass="oracle.dbtools.crest.model.design.relational.Column">
<Column name="row_number" id="DB625E95-BCDE-1E26-D52A-274E98AA561E">
<createdBy>Marin F</createdBy>
<createdTime>2012-11-05 17:54:55 UTC</createdTime>
<generatorID>456DF76D-DA39-8758-091D-1D1D3EC938ED</generatorID>
<ownerDesignName>orders_1</ownerDesignName>
<useDomainConstraints>false</useDomainConstraints>
<use>1</use>
<logicalDatatype>LOGDT018</logicalDatatype>
<ownDataTypeParameters>,,</ownDataTypeParameters>
<previousColumn>false</previousColumn>
<autoIncrementCycle>false</autoIncrementCycle>
</Column>
<Column name="ordered_quantity" id="8988BCE7-D2C2-BB12-CF1C-2A2D1205873E">
<createdBy>Marin F</createdBy>
<createdTime>2012-11-05 17:54:55 UTC</createdTime>
<generatorID>7309F4FA-CA21-D57F-8426-B0D6DBD5D083</generatorID>
<ownerDesignName>orders_1</ownerDesignName>
<useDomainConstraints>false</useDomainConstraints>
<use>1</use>
<logicalDatatype>LOGDT019</logicalDatatype>
<dataTypePrecision>10</dataTypePrecision>
<dataTypeScale>3</dataTypeScale>
<ownDataTypeParameters>,10,3</ownDataTypeParameters>
<previousColumn>false</previousColumn>
<autoIncrementCycle>false</autoIncrementCycle>
</Column>
<Column name="order_id" id="8A61F69B-3007-B287-E66E-CF443991C226">
<createdBy>Marin F</createdBy>
<createdTime>2012-11-05 17:54:55 UTC</createdTime>
<generatorID>08D2B5EC-6959-9D48-F8F0-0881A6768C29</generatorID>
<ownerDesignName>orders_1</ownerDesignName>
<useDomainConstraints>false</useDomainConstraints>
<use>1</use>
<logicalDatatype>LOGDT011</logicalDatatype>
<ownDataTypeParameters>,,</ownDataTypeParameters>
<previousColumn>false</previousColumn>
<autoIncrementCycle>false</autoIncrementCycle>
<associations>
<colAssociation fkAssociation="D4CDBAED-D26E-D39A-AE3E-49DF63DA0182" referredColumn="94E784C3-5E95-B1B0-0B82-B882E99C03E1"/>
</associations>
</Column>
<Column name="product_id" id="BD3526CB-B680-B787-91B2-7C6B15EA2360">
<createdBy>Marin F</createdBy>
<createdTime>2012-11-05 17:54:55 UTC</createdTime>
<generatorID>6F613B97-3DDF-1070-D85F-570EA9BF6503</generatorID>
<ownerDesignName>orders_1</ownerDesignName>
<useDomainConstraints>false</useDomainConstraints>
<use>1</use>
<logicalDatatype>LOGDT011</logicalDatatype>
<ownDataTypeParameters>,,</ownDataTypeParameters>
<previousColumn>false</previousColumn>
<autoIncrementCycle>false</autoIncrementCycle>
<associations>
<colAssociation fkAssociation="A95D1204-C01A-A730-18E4-9B5D40AED601" referredColumn="6D855492-34E3-FB65-B402-765751AD740C"/>
</associations>
</Column>
<Column name="comments" id="E331CFFB-D300-D200-7B66-90C46583AF01">
<createdBy>admin</createdBy>
<createdTime>2015-10-21 19:33:37 UTC</createdTime>
<generatorID>45491E2B-E00A-2A59-9E6D-027AECAECFC5</generatorID>
<ownerDesignName>orders_1</ownerDesignName>
<nullsAllowed>true</nullsAllowed>
<useDomainConstraints>false</useDomainConstraints>
<use>1</use>
<logicalDatatype>LOGDT024</logicalDatatype>
<ownDataTypeParameters>,,</ownDataTypeParameters>
<autoIncrementCycle>false</autoIncrementCycle>
<isRelationshipColumn>true</isRelationshipColumn>
<dependOnForeignKeyID>D4CDBAED-D26E-D39A-AE3E-49DF63DA0182</dependOnForeignKeyID>
</Column>
</columns>
<indexes itemClass="oracle.dbtools.crest.model.design.relational.Index">
<ind_PK_UK id="18F90DA4-5562-E6D7-F31B-D1B80428F82B" name="order_details__PK">
<createdBy>Marin F</createdBy>
<createdTime>2012-11-05 17:54:55 UTC</createdTime>
<generatorID>E4E6C37D-B3FA-5F09-F69D-47992D9D976E</generatorID>
<ownerDesignName>orders_1</ownerDesignName>
<pk>true</pk>
<indexState>Primary Constraint</indexState>
<indexColumnUsage>
<colUsage columnID="DB625E95-BCDE-1E26-D52A-274E98AA561E"/>
<colUsage columnID="8A61F69B-3007-B287-E66E-CF443991C226"/>
</indexColumnUsage>
</ind_PK_UK>
<ind_PK_UK id="3C19EC62-836C-766F-CCEE-AA7E8E3091BB" name="is_composed_of">
<createdBy>Marin F</createdBy>
<createdTime>2012-11-05 17:54:55 UTC</createdTime>
<generatorID>2D911A6D-E630-2A45-7B63-AAB13E0A8800</generatorID>
<ownerDesignName>orders_1</ownerDesignName>
<indexState>Foreign Key</indexState>
<indexColumnUsage>
<colUsage columnID="8A61F69B-3007-B287-E66E-CF443991C226"/>
</indexColumnUsage>
</ind_PK_UK>
<ind_PK_UK id="E521E7F2-A0AF-3A00-6259-BAC5D03603B9" name="is_refered_in">
<createdBy>Marin F</createdBy>
<createdTime>2012-11-05 17:54:55 UTC</createdTime>
<generatorID>2E8201ED-752B-8E4B-D49E-B23AE01E455A</generatorID>
<ownerDesignName>orders_1</ownerDesignName>
<indexState>Foreign Key</indexState>
<indexColumnUsage>
<colUsage columnID="BD3526CB-B680-B787-91B2-7C6B15EA2360"/>
</indexColumnUsage>
</ind_PK_UK>
</indexes>
</Table>