<?xml version = '1.0' encoding = 'UTF-8'?>
<Table class="oracle.dbtools.crest.model.design.relational.Table" directorySegmentName="seg_0" id="B657701E-733E-172B-10BD-7538DF7C483C" name="customers">
<createdBy>admin</createdBy>
<createdTime>2015-10-27 04:01:07 UTC</createdTime>
<generatorID>387BB63B-7FE6-24A5-A804-D06EE6F6F9C6</generatorID>
<ownerDesignName>orders_1</ownerDesignName>
<existDependencyGenerateInDDl>true</existDependencyGenerateInDDl>
<parsed>true</parsed>
<columns itemClass="oracle.dbtools.crest.model.design.relational.Column">
<Column name="customer_id" id="B15BB999-EBD5-A652-C343-CDDA72A014BA">
<createdBy>admin</createdBy>
<createdTime>2015-10-27 04:01:07 UTC</createdTime>
<generatorID>DCCFA337-91CE-A4BC-E3A8-A459BC38EBE1</generatorID>
<ownerDesignName>orders_1</ownerDesignName>
<useDomainConstraints>false</useDomainConstraints>
<use>1</use>
<logicalDatatype>LOGDT011</logicalDatatype>
<ownDataTypeParameters>,,</ownDataTypeParameters>
<autoIncrementCycle>false</autoIncrementCycle>
</Column>
<Column name="customer_name" id="4CEC96D1-AC7B-1B9D-95EF-B1594657C159">
<createdBy>admin</createdBy>
<createdTime>2015-10-27 04:01:07 UTC</createdTime>
<generatorID>081604CE-8225-34CA-614C-1B68E0811A70</generatorID>
<ownerDesignName>orders_1</ownerDesignName>
<useDomainConstraints>false</useDomainConstraints>
<use>1</use>
<logicalDatatype>LOGDT024</logicalDatatype>
<dataTypeSize>75 CHAR</dataTypeSize>
<ownDataTypeParameters>75 CHAR,,</ownDataTypeParameters>
<autoIncrementCycle>false</autoIncrementCycle>
</Column>
<Column name="customer_address" id="40D39D5C-718F-C82E-4F9B-8D3049275276">
<createdBy>admin</createdBy>
<createdTime>2015-10-27 04:01:07 UTC</createdTime>
<generatorID>458E3BA3-18E4-1484-E6C3-8641D5E8C33D</generatorID>
<ownerDesignName>orders_1</ownerDesignName>
<useDomainConstraints>false</useDomainConstraints>
<use>1</use>
<logicalDatatype>LOGDT024</logicalDatatype>
<dataTypeSize>100</dataTypeSize>
<ownDataTypeParameters>100,,</ownDataTypeParameters>
<autoIncrementCycle>false</autoIncrementCycle>
</Column>
<Column name="customer_phone" id="C5CBF17E-F11F-A8BB-B8C4-F97DAEDB3ECF">
<createdBy>admin</createdBy>
<createdTime>2015-10-27 04:01:07 UTC</createdTime>
<generatorID>D16B6502-0964-9F07-E406-EC9F96F22163</generatorID>
<ownerDesignName>orders_1</ownerDesignName>
<useDomainConstraints>false</useDomainConstraints>
<use>1</use>
<logicalDatatype>LOGDT025</logicalDatatype>
<dataTypeSize>10</dataTypeSize>
<ownDataTypeParameters>10,,</ownDataTypeParameters>
<autoIncrementCycle>false</autoIncrementCycle>
</Column>
<Column name="customer_email" id="C90605B1-E609-89CD-0CB0-8CBB3F3BE698">
<createdBy>admin</createdBy>
<createdTime>2015-10-27 04:01:07 UTC</createdTime>
<generatorID>8617FCF0-E6BF-170F-7222-2CD9A67225AE</generatorID>
<ownerDesignName>orders_1</ownerDesignName>
<nullsAllowed>true</nullsAllowed>
<useDomainConstraints>false</useDomainConstraints>
<use>1</use>
<logicalDatatype>LOGDT024</logicalDatatype>
<dataTypeSize>75</dataTypeSize>
<ownDataTypeParameters>75,,</ownDataTypeParameters>
<autoIncrementCycle>false</autoIncrementCycle>
</Column>
</columns>
<indexes itemClass="oracle.dbtools.crest.model.design.relational.Index">
<ind_PK_UK id="2AAD55B0-C922-DD35-62EC-6FA328EBAC71" name="customers_PK">
<createdBy>admin</createdBy>
<createdTime>2015-10-27 04:01:07 UTC</createdTime>
<generatorID>7ECFEBE0-3CF3-C186-8F73-82B217A430B0</generatorID>
<ownerDesignName>orders_1</ownerDesignName>
<pk>true</pk>
<indexState>Primary Constraint</indexState>
<isSurrogateKey>false</isSurrogateKey>
<indexColumnUsage>
<colUsage columnID="B15BB999-EBD5-A652-C343-CDDA72A014BA"/>
</indexColumnUsage>
</ind_PK_UK>
</indexes>
</Table>