<?xml version = '1.0' encoding = 'UTF-8'?>
<Table class="oracle.dbtools.crest.model.design.relational.Table" directorySegmentName="seg_0" id="B75E9AD7-FB32-F201-FC34-0101752E8C51" name="salesman">
<createdBy>Marin F</createdBy>
<createdTime>2012-11-05 17:54:55 UTC</createdTime>
<generatorID>217D6F5D-0068-A74E-B424-92EC699927B0</generatorID>
<ownerDesignName>orders_1</ownerDesignName>
<parsed>true</parsed>
<columns itemClass="oracle.dbtools.crest.model.design.relational.Column">
<Column name="salesman_id" id="C6E3A518-6AA0-D245-7FA6-13D3D18FB0F3">
<createdBy>Marin F</createdBy>
<createdTime>2012-11-05 17:54:55 UTC</createdTime>
<generatorID>DA0F3611-3F0A-73A0-7ACC-14D54B76DCEE</generatorID>
<ownerDesignName>orders_1</ownerDesignName>
<useDomainConstraints>false</useDomainConstraints>
<use>1</use>
<logicalDatatype>LOGDT011</logicalDatatype>
<ownDataTypeParameters>,,</ownDataTypeParameters>
<previousColumn>false</previousColumn>
<autoIncrementCycle>false</autoIncrementCycle>
</Column>
<Column name="salesman_name" id="4EA05920-CA6F-65EB-A788-2312D80C654F">
<createdBy>Marin F</createdBy>
<createdTime>2012-11-05 17:54:55 UTC</createdTime>
<generatorID>6BB0ED27-1929-9FD6-FDFB-35700A10155E</generatorID>
<ownerDesignName>orders_1</ownerDesignName>
<useDomainConstraints>false</useDomainConstraints>
<use>1</use>
<logicalDatatype>LOGDT024</logicalDatatype>
<dataTypeSize>75 CHAR</dataTypeSize>
<ownDataTypeParameters>75 CHAR,,</ownDataTypeParameters>
<previousColumn>false</previousColumn>
<autoIncrementCycle>false</autoIncrementCycle>
</Column>
<Column name="salesman_phone" id="553041A2-E93C-B10E-5F2E-2B37FDC8A6E0">
<createdBy>Marin F</createdBy>
<createdTime>2012-11-05 17:54:55 UTC</createdTime>
<generatorID>EA119994-8CAE-E43C-3270-3515520F1036</generatorID>
<ownerDesignName>orders_1</ownerDesignName>
<useDomainConstraints>false</useDomainConstraints>
<use>1</use>
<logicalDatatype>LOGDT025</logicalDatatype>
<dataTypeSize>10</dataTypeSize>
<ownDataTypeParameters>10,,</ownDataTypeParameters>
<previousColumn>false</previousColumn>
<autoIncrementCycle>false</autoIncrementCycle>
</Column>
<Column name="salesman_email" id="4702F3FD-6548-9C34-AD7C-F491147C74DB">
<createdBy>Marin F</createdBy>
<createdTime>2012-11-05 17:54:55 UTC</createdTime>
<generatorID>7140F521-FA55-A589-CF4D-513931369097</generatorID>
<ownerDesignName>orders_1</ownerDesignName>
<nullsAllowed>true</nullsAllowed>
<useDomainConstraints>false</useDomainConstraints>
<use>1</use>
<logicalDatatype>LOGDT024</logicalDatatype>
<dataTypeSize>75</dataTypeSize>
<ownDataTypeParameters>75,,</ownDataTypeParameters>
<previousColumn>false</previousColumn>
<autoIncrementCycle>false</autoIncrementCycle>
</Column>
</columns>
<indexes itemClass="oracle.dbtools.crest.model.design.relational.Index">
<ind_PK_UK id="09480CC0-A883-FBE9-DF9D-00A2DF4C8793" name="salesmen__PK">
<createdBy>Marin F</createdBy>
<createdTime>2012-11-05 17:54:55 UTC</createdTime>
<generatorID>F76ED099-A8F6-4DEE-30FC-830C820D7A1B</generatorID>
<ownerDesignName>orders_1</ownerDesignName>
<pk>true</pk>
<indexState>Primary Constraint</indexState>
<indexColumnUsage>
<colUsage columnID="C6E3A518-6AA0-D245-7FA6-13D3D18FB0F3"/>
</indexColumnUsage>
</ind_PK_UK>
</indexes>
</Table>