<?xml version = '1.0' encoding = 'UTF-8'?>
<Table class="oracle.dbtools.crest.model.design.relational.Table" directorySegmentName="seg_0" id="D047AC1D-65CF-3924-5BA2-C3421BD7D3B6" name="salesmen">
<createdBy>admin</createdBy>
<createdTime>2015-10-27 04:01:07 UTC</createdTime>
<generatorID>217D6F5D-0068-A74E-B424-92EC699927B0</generatorID>
<ownerDesignName>orders_1</ownerDesignName>
<existDependencyGenerateInDDl>true</existDependencyGenerateInDDl>
<parsed>true</parsed>
<columns itemClass="oracle.dbtools.crest.model.design.relational.Column">
<Column name="salesman_id" id="512F089D-DD6F-3AA0-A030-390360436458">
<createdBy>admin</createdBy>
<createdTime>2015-10-27 04:01:07 UTC</createdTime>
<generatorID>DA0F3611-3F0A-73A0-7ACC-14D54B76DCEE</generatorID>
<ownerDesignName>orders_1</ownerDesignName>
<useDomainConstraints>false</useDomainConstraints>
<use>1</use>
<logicalDatatype>LOGDT011</logicalDatatype>
<ownDataTypeParameters>,,</ownDataTypeParameters>
<autoIncrementCycle>false</autoIncrementCycle>
</Column>
<Column name="salesman_name" id="F139BB10-4EB8-582F-51B3-810DE47D7BDD">
<createdBy>admin</createdBy>
<createdTime>2015-10-27 04:01:07 UTC</createdTime>
<generatorID>6BB0ED27-1929-9FD6-FDFB-35700A10155E</generatorID>
<ownerDesignName>orders_1</ownerDesignName>
<useDomainConstraints>false</useDomainConstraints>
<use>1</use>
<logicalDatatype>LOGDT024</logicalDatatype>
<dataTypeSize>75 CHAR</dataTypeSize>
<ownDataTypeParameters>75 CHAR,,</ownDataTypeParameters>
<autoIncrementCycle>false</autoIncrementCycle>
</Column>
<Column name="salesman_phone" id="4478D50D-A8F0-7A0F-A815-C9454B5956EC">
<createdBy>admin</createdBy>
<createdTime>2015-10-27 04:01:07 UTC</createdTime>
<generatorID>EA119994-8CAE-E43C-3270-3515520F1036</generatorID>
<ownerDesignName>orders_1</ownerDesignName>
<useDomainConstraints>false</useDomainConstraints>
<use>1</use>
<logicalDatatype>LOGDT025</logicalDatatype>
<dataTypeSize>10</dataTypeSize>
<ownDataTypeParameters>10,,</ownDataTypeParameters>
<autoIncrementCycle>false</autoIncrementCycle>
</Column>
<Column name="salesman_email" id="5C509D44-8905-6916-9F45-39DE0E7AAC73">
<createdBy>admin</createdBy>
<createdTime>2015-10-27 04:01:07 UTC</createdTime>
<generatorID>7140F521-FA55-A589-CF4D-513931369097</generatorID>
<ownerDesignName>orders_1</ownerDesignName>
<nullsAllowed>true</nullsAllowed>
<useDomainConstraints>false</useDomainConstraints>
<use>1</use>
<logicalDatatype>LOGDT024</logicalDatatype>
<dataTypeSize>75</dataTypeSize>
<ownDataTypeParameters>75,,</ownDataTypeParameters>
<autoIncrementCycle>false</autoIncrementCycle>
</Column>
</columns>
<indexes itemClass="oracle.dbtools.crest.model.design.relational.Index">
<ind_PK_UK id="73676178-FF9E-1FEC-A201-AF86F5846C5E" name="salesmen_PK">
<createdBy>admin</createdBy>
<createdTime>2015-10-27 04:01:07 UTC</createdTime>
<generatorID>F76ED099-A8F6-4DEE-30FC-830C820D7A1B</generatorID>
<ownerDesignName>orders_1</ownerDesignName>
<pk>true</pk>
<indexState>Primary Constraint</indexState>
<isSurrogateKey>false</isSurrogateKey>
<indexColumnUsage>
<colUsage columnID="512F089D-DD6F-3AA0-A030-390360436458"/>
</indexColumnUsage>
</ind_PK_UK>
</indexes>
</Table>