<?xml version = '1.0' encoding = 'UTF-8'?>
<Table class="oracle.dbtools.crest.model.design.relational.Table" directorySegmentName="seg_0" id="F6E6DFE8-7340-D2C3-2329-CA263B2BEBC1" name="products">
<createdBy>admin</createdBy>
<createdTime>2015-10-27 04:01:07 UTC</createdTime>
<generatorID>CC614045-B4F5-D3C1-CA5B-B241DDE313D6</generatorID>
<ownerDesignName>orders_1</ownerDesignName>
<existDependencyGenerateInDDl>true</existDependencyGenerateInDDl>
<parsed>true</parsed>
<columns itemClass="oracle.dbtools.crest.model.design.relational.Column">
<Column name="product_id" id="CAB35DDD-5B6A-B797-6DFC-15181B056B0C">
<createdBy>admin</createdBy>
<createdTime>2015-10-27 04:01:07 UTC</createdTime>
<generatorID>83CCF0F7-9B16-4921-3AA4-0167D76ED6F5</generatorID>
<ownerDesignName>orders_1</ownerDesignName>
<useDomainConstraints>false</useDomainConstraints>
<use>1</use>
<logicalDatatype>LOGDT011</logicalDatatype>
<ownDataTypeParameters>,,</ownDataTypeParameters>
<autoIncrementCycle>false</autoIncrementCycle>
</Column>
<Column name="product_name" id="41EB3DD5-FB6D-6FBD-9871-4CDABC292470">
<createdBy>admin</createdBy>
<createdTime>2015-10-27 04:01:07 UTC</createdTime>
<generatorID>B5E3A7EC-7684-0340-84EE-0E813A517DF2</generatorID>
<ownerDesignName>orders_1</ownerDesignName>
<useDomainConstraints>false</useDomainConstraints>
<use>1</use>
<logicalDatatype>LOGDT024</logicalDatatype>
<dataTypeSize>75 CHAR</dataTypeSize>
<ownDataTypeParameters>75 CHAR,,</ownDataTypeParameters>
<autoIncrementCycle>false</autoIncrementCycle>
</Column>
<Column name="measure_unit" id="B4BB2020-B3FF-8465-58CF-1008E564FF84">
<createdBy>admin</createdBy>
<createdTime>2015-10-27 04:01:07 UTC</createdTime>
<generatorID>BB850587-4614-B50D-0960-B532AC599460</generatorID>
<ownerDesignName>orders_1</ownerDesignName>
<useDomainConstraints>false</useDomainConstraints>
<use>1</use>
<logicalDatatype>LOGDT024</logicalDatatype>
<dataTypeSize>15</dataTypeSize>
<ownDataTypeParameters>15,,</ownDataTypeParameters>
<autoIncrementCycle>false</autoIncrementCycle>
</Column>
<Column name="group" id="AD3FEF71-5730-A9E5-4A30-83F405B7C29A">
<createdBy>admin</createdBy>
<createdTime>2015-10-27 04:01:07 UTC</createdTime>
<generatorID>B6C23F75-17D5-EF3E-7C02-6C890112E900</generatorID>
<ownerDesignName>orders_1</ownerDesignName>
<nullsAllowed>true</nullsAllowed>
<useDomainConstraints>false</useDomainConstraints>
<use>1</use>
<logicalDatatype>LOGDT024</logicalDatatype>
<dataTypeSize>20 CHAR</dataTypeSize>
<ownDataTypeParameters>20 CHAR,,</ownDataTypeParameters>
<autoIncrementCycle>false</autoIncrementCycle>
</Column>
<Column name="VAT_percent" id="13BDFFE4-5CD2-C09F-FB7C-AA6CE9DD5A58">
<createdBy>admin</createdBy>
<createdTime>2015-10-27 04:01:07 UTC</createdTime>
<generatorID>582A2A95-0673-A9EE-F72D-18BC5345397B</generatorID>
<ownerDesignName>orders_1</ownerDesignName>
<nullsAllowed>true</nullsAllowed>
<useDomainConstraints>false</useDomainConstraints>
<use>1</use>
<logicalDatatype>LOGDT019</logicalDatatype>
<dataTypePrecision>6</dataTypePrecision>
<dataTypeScale>4</dataTypeScale>
<ownDataTypeParameters>,6,4</ownDataTypeParameters>
<autoIncrementCycle>false</autoIncrementCycle>
</Column>
</columns>
<indexes itemClass="oracle.dbtools.crest.model.design.relational.Index">
<ind_PK_UK id="7C62A35B-1830-CABA-7587-0A08F922C1EC" name="products_PK">
<createdBy>admin</createdBy>
<createdTime>2015-10-27 04:01:07 UTC</createdTime>
<generatorID>25C4AE19-CF6E-4B7F-CD24-0EFB3E75FE86</generatorID>
<ownerDesignName>orders_1</ownerDesignName>
<pk>true</pk>
<indexState>Primary Constraint</indexState>
<isSurrogateKey>false</isSurrogateKey>
<indexColumnUsage>
<colUsage columnID="CAB35DDD-5B6A-B797-6DFC-15181B056B0C"/>
</indexColumnUsage>
</ind_PK_UK>
</indexes>
</Table>