<?xml version = '1.0' encoding = 'UTF-8'?>
<Diagram class="oracle.dbtools.crest.swingui.logical.DPVLogical" name="Logical" id="FD1AAEAC-2264-8ABE-84D9-D2104E1AC047">
<createdBy>admin</createdBy>
<modifiedBy>admin</modifiedBy>
<createdTime>2015-11-10 15:44:36 UTC</createdTime>
<autoRoute>false</autoRoute>
<boxInbox>true</boxInbox>
<showLegend>false</showLegend>
<showLabels>false</showLabels>
<showRelAttributes>false</showRelAttributes>
<gridEnabled>false</gridEnabled>
<showGrid>false</showGrid>
<diagramColor>-1</diagramColor>
<display>false</display>
<notation>1</notation>
<objectViews>
<OView class="oracle.dbtools.crest.swingui.logical.TVEntity" oid="111CD7AD-8259-DCAD-758B-B49FB04568BA" otype="Entity" vid="516C4287-64E2-D2AD-D134-4CF4686D52A2">
<hideElementsInCurrentOnly>false</hideElementsInCurrentOnly>
<bounds x="59" y="47" width="153" height="112"/>
</OView>
<OView class="oracle.dbtools.crest.swingui.logical.TVEntity" oid="6B13F4F6-76DA-ED4E-331A-25BA2E073417" otype="Entity" vid="0EB190BF-6A39-0004-91C9-CCF671078CA5">
<hideElementsInCurrentOnly>false</hideElementsInCurrentOnly>
<bounds x="326" y="46" width="187" height="116"/>
</OView>
</objectViews>
<connectors>
<Connector class="oracle.dbtools.crest.swingui.logical.TVRelation" oid="028FBF69-D019-900F-03CF-ADFBB99D81BC" otype="Relation" vid_source="516C4287-64E2-D2AD-D134-4CF4686D52A2" vid_target="0EB190BF-6A39-0004-91C9-CCF671078CA5">
<hideElementsInCurrentOnly>false</hideElementsInCurrentOnly>
<backgroundColor>-16777216</backgroundColor>
<lineWidth>1</lineWidth>
<points>
<point x="212" y="113"/>
<point x="326" y="113"/>
</points>
</Connector>
<Connector class="oracle.dbtools.crest.swingui.logical.TVRelation" oid="B4173E1E-F578-6A72-B3A3-9210D4F76136" otype="Relation" vid_source="516C4287-64E2-D2AD-D134-4CF4686D52A2" vid_target="0EB190BF-6A39-0004-91C9-CCF671078CA5">
<hideElementsInCurrentOnly>false</hideElementsInCurrentOnly>
<backgroundColor>-16777216</backgroundColor>
<lineWidth>1</lineWidth>
<points>
<point x="212" y="103"/>
<point x="326" y="103"/>
</points>
</Connector>
</connectors>
</Diagram>