<?xml version = '1.0' encoding = 'UTF-8'?>
<Table class="oracle.dbtools.crest.model.design.relational.Table" directorySegmentName="seg_0" id="51A28A69-6299-ADB5-EC2D-0BA14715A93D" name="invoices">
<createdBy>admin</createdBy>
<createdTime>2015-10-29 16:23:06 UTC</createdTime>
<generatorID>9B6DCC06-4F09-1244-27C0-C0BE0CEF865A</generatorID>
<ownerDesignName>sales_4</ownerDesignName>
<existDependencyGenerateInDDl>true</existDependencyGenerateInDDl>
<parsed>true</parsed>
<columns itemClass="oracle.dbtools.crest.model.design.relational.Column">
<Column name="invoice_id" id="D9806E24-1C59-4797-2DA1-41AE78C35EED">
<createdBy>admin</createdBy>
<createdTime>2015-10-29 16:23:06 UTC</createdTime>
<generatorID>C90220F5-6B91-8896-D28C-2F28CE7009D2</generatorID>
<ownerDesignName>sales_4</ownerDesignName>
<useDomainConstraints>false</useDomainConstraints>
<use>1</use>
<logicalDatatype>LOGDT011</logicalDatatype>
<ownDataTypeParameters>,,</ownDataTypeParameters>
<autoIncrementCycle>false</autoIncrementCycle>
</Column>
<Column name="invoice_number" id="AAC83382-38A1-753E-9099-96F67C437B6D">
<createdBy>admin</createdBy>
<createdTime>2015-10-29 16:23:06 UTC</createdTime>
<generatorID>7F0AE5DB-EB56-2E35-7AAF-501C6F1DA2DD</generatorID>
<ownerDesignName>sales_4</ownerDesignName>
<useDomainConstraints>false</useDomainConstraints>
<use>1</use>
<logicalDatatype>LOGDT011</logicalDatatype>
<ownDataTypeParameters>,,</ownDataTypeParameters>
<autoIncrementCycle>false</autoIncrementCycle>
</Column>
<Column name="invoice_date" id="1109E811-6A38-EF8B-36A2-DAE4B62172E3">
<createdBy>admin</createdBy>
<createdTime>2015-10-29 16:23:06 UTC</createdTime>
<generatorID>F53E5B56-08E6-AF80-C44E-79CBD3DB33D1</generatorID>
<ownerDesignName>sales_4</ownerDesignName>
<useDomainConstraints>false</useDomainConstraints>
<use>1</use>
<logicalDatatype>LOGDT007</logicalDatatype>
<ownDataTypeParameters>,,</ownDataTypeParameters>
<autoIncrementCycle>false</autoIncrementCycle>
</Column>
<Column name="cust_id" id="691A7C7E-9B13-1854-DE58-8A4285E447BF">
<createdBy>admin</createdBy>
<createdTime>2015-10-29 16:23:06 UTC</createdTime>
<generatorID>F41CCC80-5626-3100-D6D2-D7830E59077A</generatorID>
<ownerDesignName>sales_4</ownerDesignName>
<useDomainConstraints>false</useDomainConstraints>
<use>1</use>
<logicalDatatype>LOGDT011</logicalDatatype>
<ownDataTypeParameters>,,</ownDataTypeParameters>
<previousColumn>false</previousColumn>
<autoIncrementCycle>false</autoIncrementCycle>
<associations>
<colAssociation fkAssociation="266AA2B2-51C4-D9F8-4FDB-20A919875186" referredColumn="7FE9D832-CF3B-E50C-F240-6F1A28EBDD42"/>
</associations>
</Column>
<Column name="comments" id="1481E8BD-2BD3-EE0E-DCD0-10BB92B4E5D5">
<createdBy>admin</createdBy>
<createdTime>2015-10-29 16:23:06 UTC</createdTime>
<generatorID>57B3A592-EB2C-A732-C0CD-6462234C160D</generatorID>
<ownerDesignName>sales_4</ownerDesignName>
<nullsAllowed>true</nullsAllowed>
<useDomainConstraints>false</useDomainConstraints>
<use>1</use>
<logicalDatatype>LOGDT037</logicalDatatype>
<dataTypeSize>300 CHAR</dataTypeSize>
<ownDataTypeParameters>300 CHAR,,</ownDataTypeParameters>
<autoIncrementCycle>false</autoIncrementCycle>
</Column>
<Column name="invoice_VAT" id="4286A404-AE28-9FA6-882F-28E271F424C2">
<createdBy>admin</createdBy>
<createdTime>2015-10-29 16:23:06 UTC</createdTime>
<generatorID>A08347F0-21AA-CB15-6C2A-413467005D97</generatorID>
<ownerDesignName>sales_4</ownerDesignName>
<useDomainConstraints>false</useDomainConstraints>
<use>1</use>
<logicalDatatype>LOGDT019</logicalDatatype>
<dataTypePrecision>12</dataTypePrecision>
<dataTypeScale>2</dataTypeScale>
<ownDataTypeParameters>,12,2</ownDataTypeParameters>
<autoIncrementCycle>false</autoIncrementCycle>
</Column>
<Column name="invoice_amount" id="8B2D33D9-C7F4-FFAE-6182-A5B640005405">
<createdBy>admin</createdBy>
<createdTime>2015-10-29 16:23:06 UTC</createdTime>
<generatorID>F8936AC6-6524-F7F4-854A-BC695CB37C12</generatorID>
<ownerDesignName>sales_4</ownerDesignName>
<useDomainConstraints>false</useDomainConstraints>
<use>1</use>
<logicalDatatype>LOGDT019</logicalDatatype>
<dataTypePrecision>12</dataTypePrecision>
<dataTypeScale>2</dataTypeScale>
<ownDataTypeParameters>,12,2</ownDataTypeParameters>
<autoIncrementCycle>false</autoIncrementCycle>
</Column>
<Column name="amount_received" id="E83042F1-8714-7B46-C32C-BAC28B339821">
<createdBy>admin</createdBy>
<createdTime>2015-10-29 16:23:06 UTC</createdTime>
<generatorID>BE162D39-4BCA-C5F6-0941-49C2B8CBB94A</generatorID>
<ownerDesignName>sales_4</ownerDesignName>
<useDomainConstraints>false</useDomainConstraints>
<use>1</use>
<logicalDatatype>LOGDT019</logicalDatatype>
<dataTypePrecision>12</dataTypePrecision>
<dataTypeScale>2</dataTypeScale>
<ownDataTypeParameters>,12,2</ownDataTypeParameters>
<autoIncrementCycle>false</autoIncrementCycle>
</Column>
<Column name="n_or_rows" id="AD402C22-078B-CBC2-B15D-6F62DC57FC00">
<createdBy>admin</createdBy>
<createdTime>2015-10-29 16:23:06 UTC</createdTime>
<generatorID>E8CE0D55-7BC7-CF8C-A303-A734E0829189</generatorID>
<ownerDesignName>sales_4</ownerDesignName>
<useDomainConstraints>false</useDomainConstraints>
<use>1</use>
<logicalDatatype>LOGDT011</logicalDatatype>
<ownDataTypeParameters>,,</ownDataTypeParameters>
<autoIncrementCycle>false</autoIncrementCycle>
</Column>
<Column name="is_closed" id="6AACBA70-472B-EB96-79A6-4731405AAC06">
<createdBy>admin</createdBy>
<createdTime>2015-10-29 16:23:06 UTC</createdTime>
<generatorID>CA3906DA-6686-AA04-3BD8-DFA1DB249AA6</generatorID>
<ownerDesignName>sales_4</ownerDesignName>
<constraintName>ck_invoice_is_closed</constraintName>
<useDomainConstraints>false</useDomainConstraints>
<use>1</use>
<logicalDatatype>LOGDT006</logicalDatatype>
<defaultValue>No</defaultValue>
<ownDataTypeParameters>,,</ownDataTypeParameters>
<autoIncrementCycle>false</autoIncrementCycle>
</Column>
<Column name="invoice_status" id="8BA58775-1E30-FF50-0EBC-F24E178DF8EC">
<createdBy>admin</createdBy>
<createdTime>2015-10-29 16:23:06 UTC</createdTime>
<generatorID>2BAE6FC0-860D-27B5-D436-46DD6B0CBFD0</generatorID>
<ownerDesignName>sales_4</ownerDesignName>
<nullsAllowed>true</nullsAllowed>
<useDomainConstraints>false</useDomainConstraints>
<use>1</use>
<logicalDatatype>LOGDT037</logicalDatatype>
<dataTypeSize>50</dataTypeSize>
<ownDataTypeParameters>50,,</ownDataTypeParameters>
<autoIncrementCycle>false</autoIncrementCycle>
</Column>
</columns>
<indexes itemClass="oracle.dbtools.crest.model.design.relational.Index">
<ind_PK_UK id="1C5D3845-5D56-2B8E-886B-3710F73BC89D" name="invoices_PK">
<createdBy>admin</createdBy>
<createdTime>2015-10-29 16:23:06 UTC</createdTime>
<generatorID>D0B2DB68-6D9E-659C-A596-16AA379526BF</generatorID>
<ownerDesignName>sales_4</ownerDesignName>
<pk>true</pk>
<indexState>Primary Constraint</indexState>
<isSurrogateKey>false</isSurrogateKey>
<indexColumnUsage>
<colUsage columnID="D9806E24-1C59-4797-2DA1-41AE78C35EED"/>
</indexColumnUsage>
</ind_PK_UK>
<ind_PK_UK id="EAE3C140-7222-11FA-165E-877A107326DD" name="invoices_customers_FK">
<createdBy>admin</createdBy>
<createdTime>2015-10-29 16:23:06 UTC</createdTime>
<generatorID>3887E4B0-99D7-4D22-8E5D-DB276E64F678</generatorID>
<ownerDesignName>sales_4</ownerDesignName>
<indexState>Foreign Key</indexState>
<isSurrogateKey>false</isSurrogateKey>
<indexColumnUsage>
<colUsage columnID="691A7C7E-9B13-1854-DE58-8A4285E447BF"/>
</indexColumnUsage>
</ind_PK_UK>
</indexes>
</Table>