<?xml version = '1.0' encoding = 'UTF-8'?>
<Table class="oracle.dbtools.crest.model.design.relational.Table" directorySegmentName="seg_0" id="56C9B787-69AC-D958-5E93-339123B75A08" name="refused_products">
<createdBy>admin</createdBy>
<createdTime>2015-10-29 16:23:06 UTC</createdTime>
<generatorID>70249285-81D3-E5EF-EA1B-3DA98C418470</generatorID>
<ownerDesignName>sales_4</ownerDesignName>
<existDependencyGenerateInDDl>true</existDependencyGenerateInDDl>
<parsed>true</parsed>
<columns itemClass="oracle.dbtools.crest.model.design.relational.Column">
<Column name="refused_quantity" id="7B43A9FF-0B78-3AFA-1D64-7AA4BAFBCCDA">
<createdBy>admin</createdBy>
<createdTime>2015-10-29 16:23:06 UTC</createdTime>
<generatorID>2C2CBBCC-45A8-0AC3-52B7-1269552E29F8</generatorID>
<ownerDesignName>sales_4</ownerDesignName>
<useDomainConstraints>false</useDomainConstraints>
<use>1</use>
<logicalDatatype>LOGDT019</logicalDatatype>
<dataTypePrecision>10</dataTypePrecision>
<dataTypeScale>3</dataTypeScale>
<ownDataTypeParameters>,10,3</ownDataTypeParameters>
<autoIncrementCycle>false</autoIncrementCycle>
</Column>
<Column name="refusal_reason" id="6B11E6FB-46C2-0034-413B-AAAF710F3EBF">
<createdBy>admin</createdBy>
<createdTime>2015-10-29 16:23:06 UTC</createdTime>
<generatorID>B9D26D07-BA9D-143D-8442-CB0672D8DC91</generatorID>
<ownerDesignName>sales_4</ownerDesignName>
<nullsAllowed>true</nullsAllowed>
<useDomainConstraints>false</useDomainConstraints>
<use>1</use>
<logicalDatatype>LOGDT037</logicalDatatype>
<dataTypeSize>100</dataTypeSize>
<ownDataTypeParameters>100,,</ownDataTypeParameters>
<autoIncrementCycle>false</autoIncrementCycle>
</Column>
<Column name="refused_unit_price" id="01C82557-8325-1E81-35D4-5F55FD1587D7">
<createdBy>admin</createdBy>
<createdTime>2015-10-29 16:23:06 UTC</createdTime>
<generatorID>0902E5D0-FA24-759D-BB47-CA949AFD2A18</generatorID>
<ownerDesignName>sales_4</ownerDesignName>
<nullsAllowed>true</nullsAllowed>
<useDomainConstraints>false</useDomainConstraints>
<use>1</use>
<logicalDatatype>LOGDT019</logicalDatatype>
<dataTypePrecision>9</dataTypePrecision>
<dataTypeScale>2</dataTypeScale>
<ownDataTypeParameters>,9,2</ownDataTypeParameters>
<autoIncrementCycle>false</autoIncrementCycle>
</Column>
<Column name="product_id" id="E82FB693-76C4-495E-A2C6-6224A4C143B9">
<createdBy>admin</createdBy>
<createdTime>2015-10-29 16:23:06 UTC</createdTime>
<generatorID>AB8A3077-16F3-93A0-A316-23057C0AA826</generatorID>
<ownerDesignName>sales_4</ownerDesignName>
<useDomainConstraints>false</useDomainConstraints>
<use>1</use>
<logicalDatatype>LOGDT011</logicalDatatype>
<ownDataTypeParameters>,,</ownDataTypeParameters>
<previousColumn>false</previousColumn>
<autoIncrementCycle>false</autoIncrementCycle>
<associations>
<colAssociation fkAssociation="0D162EBC-0340-FC23-253B-2004AFB5B233" referredColumn="7F37B424-CE29-6263-36C6-89C20710BF3C"/>
</associations>
</Column>
<Column name="refusal_id" id="B20BFDCD-7B53-E708-5302-F09BB01943CA">
<createdBy>admin</createdBy>
<createdTime>2015-10-29 16:23:06 UTC</createdTime>
<generatorID>8FC38CCA-80A4-A3D3-FFD7-23A6E5FFAE7E</generatorID>
<ownerDesignName>sales_4</ownerDesignName>
<useDomainConstraints>false</useDomainConstraints>
<use>1</use>
<logicalDatatype>LOGDT011</logicalDatatype>
<ownDataTypeParameters>,,</ownDataTypeParameters>
<previousColumn>false</previousColumn>
<autoIncrementCycle>false</autoIncrementCycle>
<associations>
<colAssociation fkAssociation="674A6D79-8C0E-C350-CD7C-BF65DB7BF347" referredColumn="975565C0-B9C3-B5AA-E728-B9868DDE8D49"/>
</associations>
</Column>
</columns>
<indexes itemClass="oracle.dbtools.crest.model.design.relational.Index">
<ind_PK_UK id="2C9C2B22-07F4-6F16-7A37-C039F08AE882" name="refused_products_PK">
<createdBy>admin</createdBy>
<createdTime>2015-10-29 16:23:06 UTC</createdTime>
<generatorID>DA28FB5A-263A-207F-A2BC-05F618826B9F</generatorID>
<ownerDesignName>sales_4</ownerDesignName>
<pk>true</pk>
<indexState>Primary Constraint</indexState>
<isSurrogateKey>false</isSurrogateKey>
<indexColumnUsage>
<colUsage columnID="E82FB693-76C4-495E-A2C6-6224A4C143B9"/>
<colUsage columnID="B20BFDCD-7B53-E708-5302-F09BB01943CA"/>
</indexColumnUsage>
</ind_PK_UK>
<ind_PK_UK id="B957483C-9392-B861-13D5-4AF48A4BFFB4" name="refused_products_refusals_FK">
<createdBy>admin</createdBy>
<createdTime>2015-10-29 16:23:06 UTC</createdTime>
<generatorID>8616D814-14C5-793F-6448-01B5887F92E3</generatorID>
<ownerDesignName>sales_4</ownerDesignName>
<indexState>Foreign Key</indexState>
<isSurrogateKey>false</isSurrogateKey>
<indexColumnUsage>
<colUsage columnID="B20BFDCD-7B53-E708-5302-F09BB01943CA"/>
</indexColumnUsage>
</ind_PK_UK>
<ind_PK_UK id="2F0E6B92-5EFE-DCC6-D59F-F2945B8E5011" name="refused_products_products_FK">
<createdBy>admin</createdBy>
<createdTime>2015-10-29 16:23:06 UTC</createdTime>
<generatorID>8C27B7DD-45FA-8245-524F-9A753EC7EF80</generatorID>
<ownerDesignName>sales_4</ownerDesignName>
<indexState>Foreign Key</indexState>
<isSurrogateKey>false</isSurrogateKey>
<indexColumnUsage>
<colUsage columnID="E82FB693-76C4-495E-A2C6-6224A4C143B9"/>
</indexColumnUsage>
</ind_PK_UK>
</indexes>
</Table>