<?xml version = '1.0' encoding = 'UTF-8'?>
<Table class="oracle.dbtools.crest.model.design.relational.Table" directorySegmentName="seg_0" id="61408E0F-B20E-15BA-01CF-0E9232C395FF" name="refusals">
<createdBy>admin</createdBy>
<createdTime>2015-10-29 16:23:06 UTC</createdTime>
<generatorID>159E3FB7-784F-F485-ADB8-DF20348E0DB5</generatorID>
<ownerDesignName>sales_4</ownerDesignName>
<existDependencyGenerateInDDl>true</existDependencyGenerateInDDl>
<parsed>true</parsed>
<columns itemClass="oracle.dbtools.crest.model.design.relational.Column">
<Column name="refusal_id" id="975565C0-B9C3-B5AA-E728-B9868DDE8D49">
<createdBy>admin</createdBy>
<createdTime>2015-10-29 16:23:06 UTC</createdTime>
<generatorID>122DE09A-859B-AD9F-AFF1-8C90BDB8D23A</generatorID>
<ownerDesignName>sales_4</ownerDesignName>
<useDomainConstraints>false</useDomainConstraints>
<use>1</use>
<logicalDatatype>LOGDT011</logicalDatatype>
<ownDataTypeParameters>,,</ownDataTypeParameters>
<autoIncrementCycle>false</autoIncrementCycle>
</Column>
<Column name="refusal_dt" id="5DA4A322-863E-1A5D-1C4A-7A4B35476175">
<createdBy>admin</createdBy>
<createdTime>2015-10-29 16:23:06 UTC</createdTime>
<generatorID>5014AAB3-8222-B1E9-1AEB-4171E353B6BF</generatorID>
<ownerDesignName>sales_4</ownerDesignName>
<nullsAllowed>true</nullsAllowed>
<useDomainConstraints>false</useDomainConstraints>
<use>1</use>
<logicalDatatype>LOGDT047</logicalDatatype>
<ownDataTypeParameters>,,</ownDataTypeParameters>
<autoIncrementCycle>false</autoIncrementCycle>
</Column>
<Column name="refusal_amount" id="DC8748AC-398F-1847-7D4B-0FA084ECACC9">
<createdBy>admin</createdBy>
<createdTime>2015-10-29 16:23:06 UTC</createdTime>
<generatorID>933B019D-88E9-377A-D713-E661D8EE1D5C</generatorID>
<ownerDesignName>sales_4</ownerDesignName>
<useDomainConstraints>false</useDomainConstraints>
<use>1</use>
<logicalDatatype>LOGDT019</logicalDatatype>
<dataTypePrecision>12</dataTypePrecision>
<dataTypeScale>2</dataTypeScale>
<ownDataTypeParameters>,12,2</ownDataTypeParameters>
<autoIncrementCycle>false</autoIncrementCycle>
</Column>
<Column name="invoice_id" id="B441F727-216A-FF07-4D1A-0057ACEB643B">
<createdBy>admin</createdBy>
<createdTime>2015-10-29 16:23:06 UTC</createdTime>
<generatorID>27FA4400-B494-1AFF-3C04-56BBDB22A597</generatorID>
<ownerDesignName>sales_4</ownerDesignName>
<useDomainConstraints>false</useDomainConstraints>
<use>1</use>
<logicalDatatype>LOGDT011</logicalDatatype>
<ownDataTypeParameters>,,</ownDataTypeParameters>
<previousColumn>false</previousColumn>
<autoIncrementCycle>false</autoIncrementCycle>
<associations>
<colAssociation fkAssociation="8AFB9178-D6A7-0A02-DBC1-AA908404B922" referredColumn="D9806E24-1C59-4797-2DA1-41AE78C35EED"/>
</associations>
</Column>
</columns>
<indexes itemClass="oracle.dbtools.crest.model.design.relational.Index">
<ind_PK_UK id="DD9889BA-F4D6-31F5-A51A-EDC35AD5A644" name="refusals_PK">
<createdBy>admin</createdBy>
<createdTime>2015-10-29 16:23:06 UTC</createdTime>
<generatorID>31454341-9A3F-122F-DF1B-F70D08C1230C</generatorID>
<ownerDesignName>sales_4</ownerDesignName>
<pk>true</pk>
<indexState>Primary Constraint</indexState>
<isSurrogateKey>false</isSurrogateKey>
<indexColumnUsage>
<colUsage columnID="975565C0-B9C3-B5AA-E728-B9868DDE8D49"/>
</indexColumnUsage>
</ind_PK_UK>
<ind_PK_UK id="697E0A0C-B55D-2514-FA6B-290205DC074B" name="refusals__IDX">
<createdBy>admin</createdBy>
<createdTime>2015-10-29 16:23:06 UTC</createdTime>
<ownerDesignName>sales_4</ownerDesignName>
<indexState>Unique Plain Index</indexState>
<isSurrogateKey>false</isSurrogateKey>
<relationGeneratorID>E7FFA077-44AC-87FA-065E-BFAA11FE6881</relationGeneratorID>
<indexColumnUsage>
<colUsage columnID="B441F727-216A-FF07-4D1A-0057ACEB643B"/>
</indexColumnUsage>
</ind_PK_UK>
<ind_PK_UK id="AFD045AA-5F80-06CE-5638-EFB390A02311" name="refusals_invoices_FK">
<createdBy>admin</createdBy>
<createdTime>2015-10-29 16:23:06 UTC</createdTime>
<generatorID>E7FFA077-44AC-87FA-065E-BFAA11FE6881</generatorID>
<ownerDesignName>sales_4</ownerDesignName>
<indexState>Foreign Key</indexState>
<isSurrogateKey>false</isSurrogateKey>
<indexColumnUsage>
<colUsage columnID="B441F727-216A-FF07-4D1A-0057ACEB643B"/>
</indexColumnUsage>
</ind_PK_UK>
</indexes>
</Table>