<?xml version = '1.0' encoding = 'UTF-8'?>
<Table class="oracle.dbtools.crest.model.design.relational.Table" directorySegmentName="seg_0" id="71DA3775-EE6B-140F-7DE9-F95A2EA1C2A5" name="former_vat_percents">
<createdBy>admin</createdBy>
<createdTime>2015-10-29 16:23:06 UTC</createdTime>
<generatorID>0AB40356-D92A-8831-5428-F06514DD049D</generatorID>
<ownerDesignName>sales_4</ownerDesignName>
<existDependencyGenerateInDDl>true</existDependencyGenerateInDDl>
<parsed>true</parsed>
<columns itemClass="oracle.dbtools.crest.model.design.relational.Column">
<Column name="date_start" id="45670471-4799-C762-C659-DA2BE26F7C0A">
<createdBy>admin</createdBy>
<createdTime>2015-10-29 16:23:06 UTC</createdTime>
<generatorID>11447150-0688-64A3-F82A-99D6C0B42263</generatorID>
<ownerDesignName>sales_4</ownerDesignName>
<useDomainConstraints>false</useDomainConstraints>
<use>1</use>
<logicalDatatype>LOGDT007</logicalDatatype>
<ownDataTypeParameters>,,</ownDataTypeParameters>
<autoIncrementCycle>false</autoIncrementCycle>
</Column>
<Column name="date_until" id="928BE58C-A8D2-AB72-BD64-1AFC69D5D1C7">
<createdBy>admin</createdBy>
<createdTime>2015-10-29 16:23:06 UTC</createdTime>
<generatorID>9E5A5034-2C93-2C21-F3EA-01827B0402FC</generatorID>
<ownerDesignName>sales_4</ownerDesignName>
<nullsAllowed>true</nullsAllowed>
<useDomainConstraints>false</useDomainConstraints>
<use>1</use>
<logicalDatatype>LOGDT007</logicalDatatype>
<ownDataTypeParameters>,,</ownDataTypeParameters>
<autoIncrementCycle>false</autoIncrementCycle>
</Column>
<Column name="VAT_percent" id="D527108E-3269-CDAD-5546-1AB3B956F696">
<createdBy>admin</createdBy>
<createdTime>2015-10-29 16:23:06 UTC</createdTime>
<generatorID>DC7A7091-114B-1753-16CB-594DF662B800</generatorID>
<ownerDesignName>sales_4</ownerDesignName>
<useDomainConstraints>false</useDomainConstraints>
<use>1</use>
<logicalDatatype>LOGDT019</logicalDatatype>
<dataTypePrecision>4</dataTypePrecision>
<dataTypeScale>2</dataTypeScale>
<ownDataTypeParameters>,4,2</ownDataTypeParameters>
<autoIncrementCycle>false</autoIncrementCycle>
</Column>
<Column name="product_id" id="6E1918A1-4329-7256-AD11-07F5638C6A71">
<createdBy>admin</createdBy>
<createdTime>2015-10-29 16:23:06 UTC</createdTime>
<generatorID>8C959E8D-D0AB-703B-2D72-7F1E21452378</generatorID>
<ownerDesignName>sales_4</ownerDesignName>
<useDomainConstraints>false</useDomainConstraints>
<use>1</use>
<logicalDatatype>LOGDT011</logicalDatatype>
<ownDataTypeParameters>,,</ownDataTypeParameters>
<previousColumn>false</previousColumn>
<autoIncrementCycle>false</autoIncrementCycle>
<associations>
<colAssociation fkAssociation="96D64DD7-42A6-25AB-C763-4F06E411C6A5" referredColumn="7F37B424-CE29-6263-36C6-89C20710BF3C"/>
</associations>
</Column>
</columns>
<indexes itemClass="oracle.dbtools.crest.model.design.relational.Index">
<ind_PK_UK id="B11A42A5-C6C9-F452-3905-5AFCCDA25778" name="former_vat_percents_PK">
<createdBy>admin</createdBy>
<createdTime>2015-10-29 16:23:06 UTC</createdTime>
<generatorID>B57DEACB-B934-3134-BE5D-839F400C59FF</generatorID>
<ownerDesignName>sales_4</ownerDesignName>
<pk>true</pk>
<indexState>Primary Constraint</indexState>
<isSurrogateKey>false</isSurrogateKey>
<indexColumnUsage>
<colUsage columnID="6E1918A1-4329-7256-AD11-07F5638C6A71"/>
<colUsage columnID="45670471-4799-C762-C659-DA2BE26F7C0A"/>
</indexColumnUsage>
</ind_PK_UK>
<ind_PK_UK id="0A251C7F-2E04-C556-AB66-53740892BA03" name="former_vat_percents_products_FK">
<createdBy>admin</createdBy>
<createdTime>2015-10-29 16:23:06 UTC</createdTime>
<generatorID>B20EC83E-C530-0234-2A11-A79159E7DE1C</generatorID>
<ownerDesignName>sales_4</ownerDesignName>
<indexState>Foreign Key</indexState>
<isSurrogateKey>false</isSurrogateKey>
<indexColumnUsage>
<colUsage columnID="6E1918A1-4329-7256-AD11-07F5638C6A71"/>
</indexColumnUsage>
</ind_PK_UK>
</indexes>
</Table>