<?xml version = '1.0' encoding = 'UTF-8'?>
<Table class="oracle.dbtools.crest.model.design.relational.Table" directorySegmentName="seg_0" id="A086693A-FAFD-7CE4-9112-E34F161BF723" name="invoice_details">
<createdBy>admin</createdBy>
<createdTime>2015-10-29 16:23:06 UTC</createdTime>
<generatorID>AE183615-38B5-05D7-B4D4-C0A36668DC81</generatorID>
<ownerDesignName>sales_4</ownerDesignName>
<existDependencyGenerateInDDl>true</existDependencyGenerateInDDl>
<parsed>true</parsed>
<columns itemClass="oracle.dbtools.crest.model.design.relational.Column">
<Column name="invoice_id" id="31499A31-C9DB-D20F-85D5-CE44E148787E">
<createdBy>admin</createdBy>
<createdTime>2015-10-29 16:23:06 UTC</createdTime>
<generatorID>FB06227C-EDF1-2369-E0EF-A6041F5FE960</generatorID>
<ownerDesignName>sales_4</ownerDesignName>
<useDomainConstraints>false</useDomainConstraints>
<use>1</use>
<logicalDatatype>LOGDT011</logicalDatatype>
<ownDataTypeParameters>,,</ownDataTypeParameters>
<previousColumn>false</previousColumn>
<autoIncrementCycle>false</autoIncrementCycle>
<associations>
<colAssociation fkAssociation="C6DF6768-43E2-C85D-5E7D-AA8189CFF92C" referredColumn="D9806E24-1C59-4797-2DA1-41AE78C35EED"/>
</associations>
</Column>
<Column name="row_number" id="D907A470-14C4-BB09-152F-A1E2C93BA572">
<createdBy>admin</createdBy>
<createdTime>2015-10-29 16:23:06 UTC</createdTime>
<generatorID>3B9414C7-4687-A4CC-2CA1-644805AC6167</generatorID>
<ownerDesignName>sales_4</ownerDesignName>
<constraintName>ck_linie</constraintName>
<useDomainConstraints>false</useDomainConstraints>
<use>1</use>
<logicalDatatype>LOGDT042</logicalDatatype>
<checkConstraint>
<implementationDef dbType="Oracle Database 10g" definition="linie &gt; 0"/>
</checkConstraint>
<ownDataTypeParameters>,,</ownDataTypeParameters>
<autoIncrementCycle>false</autoIncrementCycle>
</Column>
<Column name="quantity" id="F958468C-4EFA-FFB5-2593-11559067F57A">
<createdBy>admin</createdBy>
<createdTime>2015-10-29 16:23:06 UTC</createdTime>
<generatorID>0BC4EDB1-0834-9749-082D-419662A21509</generatorID>
<ownerDesignName>sales_4</ownerDesignName>
<useDomainConstraints>false</useDomainConstraints>
<use>1</use>
<logicalDatatype>LOGDT019</logicalDatatype>
<dataTypePrecision>10</dataTypePrecision>
<dataTypeScale>3</dataTypeScale>
<ownDataTypeParameters>,10,3</ownDataTypeParameters>
<autoIncrementCycle>false</autoIncrementCycle>
</Column>
<Column name="unit_price" id="80824B8C-D9E3-BB91-2103-C836CAFD9DE3">
<createdBy>admin</createdBy>
<createdTime>2015-10-29 16:23:06 UTC</createdTime>
<generatorID>B1343FEA-FB7D-2E3F-FD0E-99C4516F5B22</generatorID>
<ownerDesignName>sales_4</ownerDesignName>
<useDomainConstraints>false</useDomainConstraints>
<use>1</use>
<logicalDatatype>LOGDT019</logicalDatatype>
<dataTypePrecision>8</dataTypePrecision>
<dataTypeScale>2</dataTypeScale>
<ownDataTypeParameters>,8,2</ownDataTypeParameters>
<autoIncrementCycle>false</autoIncrementCycle>
</Column>
<Column name="product_id" id="21EA98F9-CA4C-6F8B-6E4E-CE4657A018F9">
<createdBy>admin</createdBy>
<createdTime>2015-10-29 16:23:06 UTC</createdTime>
<generatorID>19016841-DAB5-A040-19BD-5FE0FF0CFCB4</generatorID>
<ownerDesignName>sales_4</ownerDesignName>
<useDomainConstraints>false</useDomainConstraints>
<use>1</use>
<logicalDatatype>LOGDT011</logicalDatatype>
<ownDataTypeParameters>,,</ownDataTypeParameters>
<previousColumn>false</previousColumn>
<autoIncrementCycle>false</autoIncrementCycle>
<associations>
<colAssociation fkAssociation="554C10E9-0AA9-F41D-F213-68A61DD04C1C" referredColumn="7F37B424-CE29-6263-36C6-89C20710BF3C"/>
</associations>
</Column>
<Column name="row_VAT" id="41273C7C-8EE0-A6FB-77F3-4F34BA3D5202">
<createdBy>admin</createdBy>
<createdTime>2015-10-29 16:23:06 UTC</createdTime>
<generatorID>332A8C26-B8ED-7DF2-429E-6A70267CCABA</generatorID>
<ownerDesignName>sales_4</ownerDesignName>
<nullsAllowed>true</nullsAllowed>
<useDomainConstraints>false</useDomainConstraints>
<use>1</use>
<logicalDatatype>LOGDT019</logicalDatatype>
<dataTypePrecision>12</dataTypePrecision>
<dataTypeScale>2</dataTypeScale>
<ownDataTypeParameters>,12,2</ownDataTypeParameters>
<autoIncrementCycle>false</autoIncrementCycle>
</Column>
</columns>
<indexes itemClass="oracle.dbtools.crest.model.design.relational.Index">
<ind_PK_UK id="35AB0B63-B830-7353-8243-DAC104F6A037" name="invoice_details_PK">
<createdBy>admin</createdBy>
<createdTime>2015-10-29 16:23:06 UTC</createdTime>
<generatorID>C23FB1C8-9526-9315-2F2A-5F2D47415535</generatorID>
<ownerDesignName>sales_4</ownerDesignName>
<pk>true</pk>
<indexState>Primary Constraint</indexState>
<isSurrogateKey>false</isSurrogateKey>
<indexColumnUsage>
<colUsage columnID="31499A31-C9DB-D20F-85D5-CE44E148787E"/>
<colUsage columnID="D907A470-14C4-BB09-152F-A1E2C93BA572"/>
</indexColumnUsage>
</ind_PK_UK>
<ind_PK_UK id="C7BA4C82-3D11-94A2-1026-D836856D780E" name="invoice_details_invoices_FK">
<createdBy>admin</createdBy>
<createdTime>2015-10-29 16:23:06 UTC</createdTime>
<generatorID>FDA6341C-BE50-5CE3-3821-644B4FD1FDCC</generatorID>
<ownerDesignName>sales_4</ownerDesignName>
<indexState>Foreign Key</indexState>
<isSurrogateKey>false</isSurrogateKey>
<indexColumnUsage>
<colUsage columnID="31499A31-C9DB-D20F-85D5-CE44E148787E"/>
</indexColumnUsage>
</ind_PK_UK>
<ind_PK_UK id="09C82B12-4FDC-A934-EEBA-F196768BE71C" name="invoice_details_products_FK">
<createdBy>admin</createdBy>
<createdTime>2015-10-29 16:23:06 UTC</createdTime>
<generatorID>A29855C0-B8E0-9AB1-939F-006BD29DD707</generatorID>
<ownerDesignName>sales_4</ownerDesignName>
<indexState>Foreign Key</indexState>
<isSurrogateKey>false</isSurrogateKey>
<indexColumnUsage>
<colUsage columnID="21EA98F9-CA4C-6F8B-6E4E-CE4657A018F9"/>
</indexColumnUsage>
</ind_PK_UK>
</indexes>
</Table>