<?xml version = '1.0' encoding = 'UTF-8'?>
<Table class="oracle.dbtools.crest.model.design.relational.Table" directorySegmentName="seg_0" id="AE349F79-D0AB-128D-C4B7-7DB99A7C641B" name="receipt_details">
<createdBy>admin</createdBy>
<createdTime>2015-10-29 16:23:06 UTC</createdTime>
<generatorID>B70CD4E1-34A8-9F6C-A3CF-403C1A0B635E</generatorID>
<ownerDesignName>sales_4</ownerDesignName>
<existDependencyGenerateInDDl>true</existDependencyGenerateInDDl>
<parsed>true</parsed>
<columns itemClass="oracle.dbtools.crest.model.design.relational.Column">
<Column name="receipt_id" id="66DA2C22-4156-1847-F675-BD986D0541F3">
<createdBy>admin</createdBy>
<createdTime>2015-10-29 16:23:06 UTC</createdTime>
<generatorID>F1DA05D9-C570-6F7E-733E-923398ED6586</generatorID>
<ownerDesignName>sales_4</ownerDesignName>
<useDomainConstraints>false</useDomainConstraints>
<use>1</use>
<logicalDatatype>LOGDT011</logicalDatatype>
<ownDataTypeParameters>,,</ownDataTypeParameters>
<previousColumn>false</previousColumn>
<autoIncrementCycle>false</autoIncrementCycle>
<associations>
<colAssociation fkAssociation="EB6570EC-4849-DFAE-8C58-1B15AC17F0BA" referredColumn="95702AAE-26AD-B51B-6000-237F7F3309DC"/>
</associations>
</Column>
<Column name="invoice_id" id="4D1DDC7A-75B2-B0E3-69CC-B409208AE235">
<createdBy>admin</createdBy>
<createdTime>2015-10-29 16:23:06 UTC</createdTime>
<generatorID>0C14151E-D4EE-ADA2-1872-555172A66F23</generatorID>
<ownerDesignName>sales_4</ownerDesignName>
<useDomainConstraints>false</useDomainConstraints>
<use>1</use>
<logicalDatatype>LOGDT011</logicalDatatype>
<ownDataTypeParameters>,,</ownDataTypeParameters>
<previousColumn>false</previousColumn>
<autoIncrementCycle>false</autoIncrementCycle>
<associations>
<colAssociation fkAssociation="C5DFFF89-22C1-25EF-9D40-BB39D7F875DC" referredColumn="D9806E24-1C59-4797-2DA1-41AE78C35EED"/>
</associations>
</Column>
<Column name="amount" id="030DA15A-CEC2-B175-8595-2590B2F4BDCB">
<createdBy>admin</createdBy>
<createdTime>2015-10-29 16:23:06 UTC</createdTime>
<generatorID>7B263314-88C8-4CD6-147B-D25C8B94984A</generatorID>
<ownerDesignName>sales_4</ownerDesignName>
<useDomainConstraints>false</useDomainConstraints>
<use>1</use>
<logicalDatatype>LOGDT019</logicalDatatype>
<dataTypePrecision>10</dataTypePrecision>
<dataTypeScale>2</dataTypeScale>
<ownDataTypeParameters>,10,2</ownDataTypeParameters>
<autoIncrementCycle>false</autoIncrementCycle>
</Column>
</columns>
<indexes itemClass="oracle.dbtools.crest.model.design.relational.Index">
<ind_PK_UK id="E737F22E-5082-89F2-F108-0E7769CAC5CE" name="receipt_details_PK">
<createdBy>admin</createdBy>
<createdTime>2015-10-29 16:23:06 UTC</createdTime>
<generatorID>833AF945-D4D6-7A94-3F15-626CF5B39775</generatorID>
<ownerDesignName>sales_4</ownerDesignName>
<pk>true</pk>
<indexState>Primary Constraint</indexState>
<isSurrogateKey>false</isSurrogateKey>
<indexColumnUsage>
<colUsage columnID="4D1DDC7A-75B2-B0E3-69CC-B409208AE235"/>
<colUsage columnID="66DA2C22-4156-1847-F675-BD986D0541F3"/>
</indexColumnUsage>
</ind_PK_UK>
<ind_PK_UK id="E77B120A-347B-DCF2-DD63-00B8100B9B6B" name="receipt_details_receipts_FK">
<createdBy>admin</createdBy>
<createdTime>2015-10-29 16:23:06 UTC</createdTime>
<generatorID>3DC8AEB8-57D3-AFB7-FCE8-7F08DCC93164</generatorID>
<ownerDesignName>sales_4</ownerDesignName>
<indexState>Foreign Key</indexState>
<isSurrogateKey>false</isSurrogateKey>
<indexColumnUsage>
<colUsage columnID="66DA2C22-4156-1847-F675-BD986D0541F3"/>
</indexColumnUsage>
</ind_PK_UK>
<ind_PK_UK id="0DF48555-BD7E-B116-69A5-643F855D59AD" name="receipt_details_invoices_FK">
<createdBy>admin</createdBy>
<createdTime>2015-10-29 16:23:06 UTC</createdTime>
<generatorID>BFF71C8D-60AE-DDB3-E312-B35FE343EFE9</generatorID>
<ownerDesignName>sales_4</ownerDesignName>
<indexState>Foreign Key</indexState>
<isSurrogateKey>false</isSurrogateKey>
<indexColumnUsage>
<colUsage columnID="4D1DDC7A-75B2-B0E3-69CC-B409208AE235"/>
</indexColumnUsage>
</ind_PK_UK>
</indexes>
</Table>