<?xml version = '1.0' encoding = 'UTF-8'?>
<Table class="oracle.dbtools.crest.model.design.relational.Table" directorySegmentName="seg_0" id="B3BEF0EE-677E-9479-E4EA-8965FDA1031F" name="postal_codes">
<createdBy>admin</createdBy>
<createdTime>2015-10-29 16:23:06 UTC</createdTime>
<generatorID>08E3BC06-4CF9-936A-D8B8-E4C6434B4779</generatorID>
<ownerDesignName>sales_4</ownerDesignName>
<existDependencyGenerateInDDl>true</existDependencyGenerateInDDl>
<parsed>true</parsed>
<columns itemClass="oracle.dbtools.crest.model.design.relational.Column">
<Column name="post_code" id="F3329AFE-DF4B-25BD-4716-6BF75C6494D8">
<createdBy>admin</createdBy>
<createdTime>2015-10-29 16:23:06 UTC</createdTime>
<generatorID>4CBD0F28-4E0B-A80F-044C-813457777C50</generatorID>
<ownerDesignName>sales_4</ownerDesignName>
<constraintName>ck_codpost</constraintName>
<useDomainConstraints>false</useDomainConstraints>
<use>1</use>
<logicalDatatype>LOGDT025</logicalDatatype>
<dataTypeSize>6</dataTypeSize>
<checkConstraint>
<implementationDef dbType="Oracle Database 10g" definition="codpost=LTRIM(codpost)"/>
</checkConstraint>
<ownDataTypeParameters>6,,</ownDataTypeParameters>
<autoIncrementCycle>false</autoIncrementCycle>
</Column>
<Column name="town" id="DE2B9EF9-47B9-00C0-2392-F2091A456E1D">
<createdBy>admin</createdBy>
<createdTime>2015-10-29 16:23:06 UTC</createdTime>
<generatorID>85B145CA-7A6F-F849-F42A-544F24755CE7</generatorID>
<ownerDesignName>sales_4</ownerDesignName>
<constraintName>nn_loc</constraintName>
<useDomainConstraints>false</useDomainConstraints>
<use>1</use>
<logicalDatatype>LOGDT037</logicalDatatype>
<dataTypeSize>75</dataTypeSize>
<checkConstraint>
<implementationDef dbType="Oracle Database 10g" definition="loc=LTRIM(INITCAP(loc))"/>
</checkConstraint>
<ownDataTypeParameters>75,,</ownDataTypeParameters>
<autoIncrementCycle>false</autoIncrementCycle>
</Column>
<Column name="county_code" id="76BCE00E-3E0B-997C-8F3D-031D1DB464CB">
<createdBy>admin</createdBy>
<createdTime>2015-10-29 16:23:06 UTC</createdTime>
<generatorID>E467490A-45E9-A67D-FF34-0EE1D55B76F6</generatorID>
<ownerDesignName>sales_4</ownerDesignName>
<useDomainConstraints>false</useDomainConstraints>
<use>1</use>
<logicalDatatype>LOGDT025</logicalDatatype>
<ownDataTypeParameters>,,</ownDataTypeParameters>
<previousColumn>false</previousColumn>
<autoIncrementCycle>false</autoIncrementCycle>
<associations>
<colAssociation fkAssociation="D43EA52E-8193-45A3-ABDE-AB61F02DB110" referredColumn="6885219B-8F94-47EE-D07E-6118DB6D8A06"/>
</associations>
</Column>
</columns>
<indexes itemClass="oracle.dbtools.crest.model.design.relational.Index">
<ind_PK_UK id="E7F0A27B-64B0-F8CC-F37C-2CEA44A182A5" name="postal_codes_PK">
<createdBy>admin</createdBy>
<createdTime>2015-10-29 16:23:06 UTC</createdTime>
<generatorID>35CD679C-AB1F-11CA-0A46-1BA47C75B313</generatorID>
<ownerDesignName>sales_4</ownerDesignName>
<pk>true</pk>
<indexState>Primary Constraint</indexState>
<isSurrogateKey>false</isSurrogateKey>
<indexColumnUsage>
<colUsage columnID="F3329AFE-DF4B-25BD-4716-6BF75C6494D8"/>
</indexColumnUsage>
</ind_PK_UK>
<ind_PK_UK id="57189D06-26F9-BA72-4F60-18E292744FE5" name="postal_codes_counties_FK">
<createdBy>admin</createdBy>
<createdTime>2015-10-29 16:23:06 UTC</createdTime>
<generatorID>D42DE3C4-CE63-CA76-6A11-59ADAADC375E</generatorID>
<ownerDesignName>sales_4</ownerDesignName>
<indexState>Foreign Key</indexState>
<isSurrogateKey>false</isSurrogateKey>
<indexColumnUsage>
<colUsage columnID="76BCE00E-3E0B-997C-8F3D-031D1DB464CB"/>
</indexColumnUsage>
</ind_PK_UK>
</indexes>
</Table>