<?xml version = '1.0' encoding = 'UTF-8'?>
<DataTypesDesign class="oracle.dbtools.crest.model.design.datatypes.DataTypesDesign" name="DataTypes" id="C5ECF0E1-6954-E356-15EE-9632A027BDE1" mainViewID="60631EC9-2498-2B12-4D32-DE992A5950BA">
<createdBy>Marin F</createdBy>
<createdTime>2011-07-11 05:46:13 UTC</createdTime>
<ownerDesignName>vinzari1</ownerDesignName>
<shouldBeOpen>false</shouldBeOpen>
<defaultArrayLimit>0</defaultArrayLimit>
<useRoleInAssociationEndAsName>false</useRoleInAssociationEndAsName>
</DataTypesDesign>