<?xml version = '1.0' encoding = 'UTF-8'?>
<Table class="oracle.dbtools.crest.model.design.relational.Table" directorySegmentName="seg_0" id="048981BB-9E19-A050-10A7-2F4CCB9B5F4D" name="recipes">
<createdBy>admin</createdBy>
<createdTime>2015-11-09 05:34:26 UTC</createdTime>
<generatorID>3D8375BD-73F6-EE86-87FE-E57C12711FB3</generatorID>
<ownerDesignName>04_recipes</ownerDesignName>
<existDependencyGenerateInDDl>true</existDependencyGenerateInDDl>
<parsed>true</parsed>
<columns itemClass="oracle.dbtools.crest.model.design.relational.Column">
<Column name="recipe_id" id="6A028C5B-3D5E-4832-4389-4247EF04760C">
<createdBy>admin</createdBy>
<createdTime>2015-11-09 05:34:26 UTC</createdTime>
<generatorID>320B4756-1C31-B737-1B7D-4342598F39F6</generatorID>
<ownerDesignName>04_recipes</ownerDesignName>
<useDomainConstraints>false</useDomainConstraints>
<use>1</use>
<logicalDatatype>LOGDT011</logicalDatatype>
<ownDataTypeParameters>,,</ownDataTypeParameters>
<autoIncrementCycle>false</autoIncrementCycle>
</Column>
<Column name="recipe_name" id="DC4A1950-3FE1-5751-7D72-E3A104C18294">
<createdBy>admin</createdBy>
<createdTime>2015-11-09 05:34:26 UTC</createdTime>
<generatorID>7DE96C28-3146-E98E-1742-130B1BEF4C91</generatorID>
<ownerDesignName>04_recipes</ownerDesignName>
<nullsAllowed>true</nullsAllowed>
<useDomainConstraints>false</useDomainConstraints>
<use>1</use>
<logicalDatatype>LOGDT037</logicalDatatype>
<dataTypeSize>50</dataTypeSize>
<ownDataTypeParameters>50,,</ownDataTypeParameters>
<autoIncrementCycle>false</autoIncrementCycle>
</Column>
<Column name="usage_start_date" id="71017EC0-4385-B329-FDEC-B87C29F0757A">
<createdBy>admin</createdBy>
<createdTime>2015-11-09 05:34:26 UTC</createdTime>
<generatorID>FA7C1D58-8DB9-501A-6E58-49115F4B855C</generatorID>
<ownerDesignName>04_recipes</ownerDesignName>
<useDomainConstraints>false</useDomainConstraints>
<use>1</use>
<logicalDatatype>LOGDT007</logicalDatatype>
<ownDataTypeParameters>,,</ownDataTypeParameters>
<autoIncrementCycle>false</autoIncrementCycle>
</Column>
<Column name="usage_stop_date" id="ADD1BC58-D07B-9A84-A5E4-ADE90236ED9E">
<createdBy>admin</createdBy>
<createdTime>2015-11-09 05:34:26 UTC</createdTime>
<generatorID>E2C3D8F5-D75B-DD08-276D-BD99CC4DBBD9</generatorID>
<ownerDesignName>04_recipes</ownerDesignName>
<nullsAllowed>true</nullsAllowed>
<useDomainConstraints>false</useDomainConstraints>
<use>1</use>
<logicalDatatype>LOGDT007</logicalDatatype>
<ownDataTypeParameters>,,</ownDataTypeParameters>
<autoIncrementCycle>false</autoIncrementCycle>
</Column>
<Column name="comments" id="2B1D060A-4CF9-C9D1-5B9E-CFB1E2802373">
<createdBy>admin</createdBy>
<createdTime>2015-11-09 05:34:26 UTC</createdTime>
<generatorID>C2AEFC6F-A059-303A-9244-61A2DD2CE3EC</generatorID>
<ownerDesignName>04_recipes</ownerDesignName>
<nullsAllowed>true</nullsAllowed>
<useDomainConstraints>false</useDomainConstraints>
<use>1</use>
<logicalDatatype>LOGDT037</logicalDatatype>
<dataTypeSize>200</dataTypeSize>
<ownDataTypeParameters>200,,</ownDataTypeParameters>
<autoIncrementCycle>false</autoIncrementCycle>
</Column>
<Column name="prod_id" id="B818F55E-79C6-A73F-9D03-0FDBDC3FA263">
<createdBy>admin</createdBy>
<createdTime>2015-11-09 05:34:26 UTC</createdTime>
<generatorID>E1974339-5A07-8DCF-3F53-5921D91AAF9F</generatorID>
<ownerDesignName>04_recipes</ownerDesignName>
<useDomainConstraints>false</useDomainConstraints>
<use>1</use>
<logicalDatatype>LOGDT011</logicalDatatype>
<ownDataTypeParameters>,,</ownDataTypeParameters>
<previousColumn>false</previousColumn>
<autoIncrementCycle>false</autoIncrementCycle>
<associations>
<colAssociation fkAssociation="019BA118-C6EB-5BB3-A87D-5A028737AE97" referredColumn="790A6448-AB00-CD2B-016C-CA6C560EA7EA"/>
</associations>
</Column>
</columns>
<indexes itemClass="oracle.dbtools.crest.model.design.relational.Index">
<ind_PK_UK id="7072968C-8019-7BFA-6874-65D73281451F" name="recipes_PK">
<createdBy>admin</createdBy>
<createdTime>2015-11-09 05:34:26 UTC</createdTime>
<generatorID>CCFE77BB-A748-1E92-D990-B4F6E291EF56</generatorID>
<ownerDesignName>04_recipes</ownerDesignName>
<pk>true</pk>
<indexState>Primary Constraint</indexState>
<isSurrogateKey>false</isSurrogateKey>
<indexColumnUsage>
<colUsage columnID="6A028C5B-3D5E-4832-4389-4247EF04760C"/>
</indexColumnUsage>
</ind_PK_UK>
<ind_PK_UK id="53C948E5-1F4F-EA72-FECC-C22C66D9DAA2" name="recipes_products_FK">
<createdBy>admin</createdBy>
<createdTime>2015-11-09 05:34:26 UTC</createdTime>
<generatorID>A789EC15-217D-78AF-8D8B-F283183AC1D3</generatorID>
<ownerDesignName>04_recipes</ownerDesignName>
<indexState>Foreign Key</indexState>
<isSurrogateKey>false</isSurrogateKey>
<indexColumnUsage>
<colUsage columnID="B818F55E-79C6-A73F-9D03-0FDBDC3FA263"/>
</indexColumnUsage>
</ind_PK_UK>
</indexes>
</Table>