<?xml version = '1.0' encoding = 'UTF-8'?>
<Table class="oracle.dbtools.crest.model.design.relational.Table" directorySegmentName="seg_0" id="3E1B1CE9-7CAA-BD8E-8671-1E9DBACAFBE5" name="product_description">
<createdBy>admin</createdBy>
<createdTime>2015-11-09 05:34:26 UTC</createdTime>
<generatorID>8F76DA1B-098A-8F2C-1C1A-46DFC01863D9</generatorID>
<ownerDesignName>04_recipes</ownerDesignName>
<existDependencyGenerateInDDl>true</existDependencyGenerateInDDl>
<parsed>true</parsed>
<columns itemClass="oracle.dbtools.crest.model.design.relational.Column">
<Column name="prop_value_for_crt_prod" id="27CF7931-8F12-B1D5-A6CA-FFF88DF158B7">
<createdBy>admin</createdBy>
<createdTime>2015-11-09 05:34:26 UTC</createdTime>
<generatorID>77B1E9F0-EF2B-77E5-4A11-8810890727D8</generatorID>
<ownerDesignName>04_recipes</ownerDesignName>
<useDomainConstraints>false</useDomainConstraints>
<use>1</use>
<logicalDatatype>LOGDT024</logicalDatatype>
<dataTypeSize>30</dataTypeSize>
<ownDataTypeParameters>30,,</ownDataTypeParameters>
<autoIncrementCycle>false</autoIncrementCycle>
</Column>
<Column name="prod_id" id="1E97BB7A-3BE3-D72F-C6C9-FCBD59876F6E">
<createdBy>admin</createdBy>
<createdTime>2015-11-09 05:34:26 UTC</createdTime>
<generatorID>E531E7BE-ABE2-3FCB-0D2F-93875813310B</generatorID>
<ownerDesignName>04_recipes</ownerDesignName>
<useDomainConstraints>false</useDomainConstraints>
<use>1</use>
<logicalDatatype>LOGDT011</logicalDatatype>
<ownDataTypeParameters>,,</ownDataTypeParameters>
<previousColumn>false</previousColumn>
<autoIncrementCycle>false</autoIncrementCycle>
<associations>
<colAssociation fkAssociation="95D5F82D-84AE-324D-3ED2-8C16D9BA195E" referredColumn="790A6448-AB00-CD2B-016C-CA6C560EA7EA"/>
</associations>
</Column>
<Column name="property_id" id="DF9BA3BD-AC5A-BF1D-7ECF-63885425613F">
<createdBy>admin</createdBy>
<createdTime>2015-11-09 05:34:26 UTC</createdTime>
<generatorID>4FB9C687-9229-A055-F6CF-B096DA3E3FD2</generatorID>
<ownerDesignName>04_recipes</ownerDesignName>
<useDomainConstraints>false</useDomainConstraints>
<use>1</use>
<logicalDatatype>LOGDT011</logicalDatatype>
<ownDataTypeParameters>,,</ownDataTypeParameters>
<previousColumn>false</previousColumn>
<autoIncrementCycle>false</autoIncrementCycle>
<associations>
<colAssociation fkAssociation="B7D0D824-0D8B-5935-685C-44F4A515581D" referredColumn="616F2866-7C3D-6C87-838E-5001206C8096"/>
</associations>
</Column>
<Column name="enter_date" id="67854159-7410-AC75-3D0D-8818CA7E3A8E">
<createdBy>admin</createdBy>
<createdTime>2015-11-09 05:34:26 UTC</createdTime>
<generatorID>EA5E0ECB-B25C-F0C8-9AA6-35C76B146577</generatorID>
<ownerDesignName>04_recipes</ownerDesignName>
<useDomainConstraints>false</useDomainConstraints>
<use>1</use>
<logicalDatatype>LOGDT007</logicalDatatype>
<ownDataTypeParameters>,,</ownDataTypeParameters>
<autoIncrementCycle>false</autoIncrementCycle>
</Column>
<Column name="comments" id="FA146627-4776-4211-8411-9FF87204DA70">
<createdBy>admin</createdBy>
<createdTime>2015-11-09 05:34:26 UTC</createdTime>
<generatorID>ACA0E38F-4132-A36D-18E7-3EE6808CCBD9</generatorID>
<ownerDesignName>04_recipes</ownerDesignName>
<nullsAllowed>true</nullsAllowed>
<useDomainConstraints>false</useDomainConstraints>
<use>1</use>
<logicalDatatype>LOGDT037</logicalDatatype>
<dataTypeSize>50</dataTypeSize>
<ownDataTypeParameters>50,,</ownDataTypeParameters>
<autoIncrementCycle>false</autoIncrementCycle>
</Column>
<Column name="discard_date" id="2E68F8C7-7587-1FD1-1C63-5CA8E2F34F7E">
<createdBy>admin</createdBy>
<createdTime>2015-11-09 05:34:26 UTC</createdTime>
<generatorID>988BB0B1-BAEB-9376-4CD7-FE37A2FB4D3D</generatorID>
<ownerDesignName>04_recipes</ownerDesignName>
<nullsAllowed>true</nullsAllowed>
<useDomainConstraints>false</useDomainConstraints>
<use>1</use>
<logicalDatatype>LOGDT007</logicalDatatype>
<ownDataTypeParameters>,,</ownDataTypeParameters>
<autoIncrementCycle>false</autoIncrementCycle>
</Column>
</columns>
<indexes itemClass="oracle.dbtools.crest.model.design.relational.Index">
<ind_PK_UK id="D34621EC-FF42-0450-1B40-6AD166A15194" name="product_description_PK">
<createdBy>admin</createdBy>
<createdTime>2015-11-09 05:34:26 UTC</createdTime>
<generatorID>51066801-0E76-BB61-4A93-FFB26EF77F44</generatorID>
<ownerDesignName>04_recipes</ownerDesignName>
<pk>true</pk>
<indexState>Primary Constraint</indexState>
<isSurrogateKey>false</isSurrogateKey>
<indexColumnUsage>
<colUsage columnID="1E97BB7A-3BE3-D72F-C6C9-FCBD59876F6E"/>
<colUsage columnID="DF9BA3BD-AC5A-BF1D-7ECF-63885425613F"/>
</indexColumnUsage>
</ind_PK_UK>
<ind_PK_UK id="71FB54E5-509E-D4C1-21F0-E1426AF259D8" name="product_description_properties_FK">
<createdBy>admin</createdBy>
<createdTime>2015-11-09 05:34:26 UTC</createdTime>
<generatorID>548DAA53-54D6-500D-4ED2-A9AA554BC099</generatorID>
<ownerDesignName>04_recipes</ownerDesignName>
<indexState>Foreign Key</indexState>
<isSurrogateKey>false</isSurrogateKey>
<indexColumnUsage>
<colUsage columnID="DF9BA3BD-AC5A-BF1D-7ECF-63885425613F"/>
</indexColumnUsage>
</ind_PK_UK>
<ind_PK_UK id="5142DACB-FFFD-9A0B-33AE-6B10000AAA4F" name="product_description_products_FK">
<createdBy>admin</createdBy>
<createdTime>2015-11-09 05:34:26 UTC</createdTime>
<generatorID>9862C52A-BE18-1555-57BB-2FADE2E36092</generatorID>
<ownerDesignName>04_recipes</ownerDesignName>
<indexState>Foreign Key</indexState>
<isSurrogateKey>false</isSurrogateKey>
<indexColumnUsage>
<colUsage columnID="1E97BB7A-3BE3-D72F-C6C9-FCBD59876F6E"/>
</indexColumnUsage>
</ind_PK_UK>
</indexes>
</Table>