<?xml version = '1.0' encoding = 'UTF-8'?>
<Table class="oracle.dbtools.crest.model.design.relational.Table" directorySegmentName="seg_0" id="767730B1-F5A0-11A7-B439-32425023DCC8" name="recipe_detail">
<createdBy>admin</createdBy>
<createdTime>2015-11-09 05:34:26 UTC</createdTime>
<generatorID>70A078DF-9EFC-2DF2-99C9-D339861C94C1</generatorID>
<ownerDesignName>04_recipes</ownerDesignName>
<existDependencyGenerateInDDl>true</existDependencyGenerateInDDl>
<parsed>true</parsed>
<columns itemClass="oracle.dbtools.crest.model.design.relational.Column">
<Column name="needed_quantity" id="1CFD2D03-5DA9-FCCD-9757-562518765222">
<createdBy>admin</createdBy>
<createdTime>2015-11-09 05:34:26 UTC</createdTime>
<generatorID>D4A3709B-63F2-F625-DB87-EAF65B91BA4F</generatorID>
<ownerDesignName>04_recipes</ownerDesignName>
<useDomainConstraints>false</useDomainConstraints>
<use>1</use>
<logicalDatatype>LOGDT019</logicalDatatype>
<dataTypePrecision>9</dataTypePrecision>
<dataTypeScale>3</dataTypeScale>
<ownDataTypeParameters>,9,3</ownDataTypeParameters>
<autoIncrementCycle>false</autoIncrementCycle>
</Column>
<Column name="recipe_id" id="83E5F1DC-AC5F-65C2-97FC-075B1514F5FB">
<createdBy>admin</createdBy>
<createdTime>2015-11-09 05:34:26 UTC</createdTime>
<generatorID>C007E132-B71E-33BF-EAC5-700D24A5E684</generatorID>
<ownerDesignName>04_recipes</ownerDesignName>
<useDomainConstraints>false</useDomainConstraints>
<use>1</use>
<logicalDatatype>LOGDT011</logicalDatatype>
<ownDataTypeParameters>,,</ownDataTypeParameters>
<previousColumn>false</previousColumn>
<autoIncrementCycle>false</autoIncrementCycle>
<associations>
<colAssociation fkAssociation="2CF7F6F5-3084-8AF9-91AB-DDC1656A76A3" referredColumn="6A028C5B-3D5E-4832-4389-4247EF04760C"/>
</associations>
</Column>
<Column name="prod_id" id="B054971A-FCE8-76DE-B590-7BAD209B96AE">
<createdBy>admin</createdBy>
<createdTime>2015-11-09 05:34:26 UTC</createdTime>
<generatorID>B01FBF03-EC4D-6E50-9E07-367B9E96FFA1</generatorID>
<ownerDesignName>04_recipes</ownerDesignName>
<useDomainConstraints>false</useDomainConstraints>
<use>1</use>
<logicalDatatype>LOGDT011</logicalDatatype>
<ownDataTypeParameters>,,</ownDataTypeParameters>
<previousColumn>false</previousColumn>
<autoIncrementCycle>false</autoIncrementCycle>
<associations>
<colAssociation fkAssociation="056A7F6A-9733-73B9-F820-22FF9B59A760" referredColumn="790A6448-AB00-CD2B-016C-CA6C560EA7EA"/>
</associations>
</Column>
</columns>
<indexes itemClass="oracle.dbtools.crest.model.design.relational.Index">
<ind_PK_UK id="9C9092D0-3D8F-2A24-11BE-A5BB4B34AF32" name="recipe_detail_PK">
<createdBy>admin</createdBy>
<createdTime>2015-11-09 05:34:26 UTC</createdTime>
<generatorID>47BABF2E-81C8-00DB-EA7A-D711EDA0B8D7</generatorID>
<ownerDesignName>04_recipes</ownerDesignName>
<pk>true</pk>
<indexState>Primary Constraint</indexState>
<isSurrogateKey>false</isSurrogateKey>
<indexColumnUsage>
<colUsage columnID="83E5F1DC-AC5F-65C2-97FC-075B1514F5FB"/>
<colUsage columnID="B054971A-FCE8-76DE-B590-7BAD209B96AE"/>
</indexColumnUsage>
</ind_PK_UK>
<ind_PK_UK id="A5F2C7A2-128E-6702-F8BB-D903F0BA8E7F" name="recipe_detail_products_FK">
<createdBy>admin</createdBy>
<createdTime>2015-11-09 05:34:26 UTC</createdTime>
<generatorID>FC273F96-278C-C5C4-AE38-48ED42DDFFC4</generatorID>
<ownerDesignName>04_recipes</ownerDesignName>
<indexState>Foreign Key</indexState>
<isSurrogateKey>false</isSurrogateKey>
<indexColumnUsage>
<colUsage columnID="B054971A-FCE8-76DE-B590-7BAD209B96AE"/>
</indexColumnUsage>
</ind_PK_UK>
<ind_PK_UK id="172D869E-F056-F7DA-1D3B-4EC7A3A382E1" name="recipe_detail_recipes_FK">
<createdBy>admin</createdBy>
<createdTime>2015-11-09 05:34:26 UTC</createdTime>
<generatorID>88DB1E51-A230-58AF-AC2D-21DCC326EAD8</generatorID>
<ownerDesignName>04_recipes</ownerDesignName>
<indexState>Foreign Key</indexState>
<isSurrogateKey>false</isSurrogateKey>
<indexColumnUsage>
<colUsage columnID="83E5F1DC-AC5F-65C2-97FC-075B1514F5FB"/>
</indexColumnUsage>
</ind_PK_UK>
</indexes>
</Table>