<?xml version = '1.0' encoding = 'UTF-8'?>
<Table class="oracle.dbtools.crest.model.design.relational.Table" directorySegmentName="seg_0" id="7D6199CF-EA6E-4491-36FC-9F3F399D3F25" name="groups_description">
<createdBy>admin</createdBy>
<createdTime>2015-11-09 05:34:26 UTC</createdTime>
<generatorID>F5A42B6E-0F4A-204B-E863-FA2EC91CCD0E</generatorID>
<ownerDesignName>04_recipes</ownerDesignName>
<existDependencyGenerateInDDl>true</existDependencyGenerateInDDl>
<parsed>true</parsed>
<columns itemClass="oracle.dbtools.crest.model.design.relational.Column">
<Column name="group_name" id="7E10F1C1-6BF6-BB19-DA1B-7D178EE4164D">
<createdBy>admin</createdBy>
<createdTime>2015-11-09 05:34:26 UTC</createdTime>
<generatorID>AE8C9E48-E322-2715-727D-27FB23A633F0</generatorID>
<ownerDesignName>04_recipes</ownerDesignName>
<useDomainConstraints>false</useDomainConstraints>
<use>1</use>
<logicalDatatype>LOGDT037</logicalDatatype>
<dataTypeSize>50</dataTypeSize>
<ownDataTypeParameters>50,,</ownDataTypeParameters>
<previousColumn>false</previousColumn>
<autoIncrementCycle>false</autoIncrementCycle>
<associations>
<colAssociation fkAssociation="9900C4EA-2255-F095-A889-3EE6CB613C70" referredColumn="0A84271F-F49E-9F08-4E50-54B88FC20A61"/>
</associations>
</Column>
<Column name="property_id" id="39ABD7FD-42DD-D027-5CE7-CDA51486BA19">
<createdBy>admin</createdBy>
<createdTime>2015-11-09 05:34:26 UTC</createdTime>
<generatorID>1CC60A19-B853-6403-199B-A70BE6FDA21C</generatorID>
<ownerDesignName>04_recipes</ownerDesignName>
<useDomainConstraints>false</useDomainConstraints>
<use>1</use>
<logicalDatatype>LOGDT011</logicalDatatype>
<ownDataTypeParameters>,,</ownDataTypeParameters>
<previousColumn>false</previousColumn>
<autoIncrementCycle>false</autoIncrementCycle>
<associations>
<colAssociation fkAssociation="B9D575BC-2AA7-B505-0E7A-0845144A3C9F" referredColumn="616F2866-7C3D-6C87-838E-5001206C8096"/>
</associations>
</Column>
<Column name="compulsory_or_not" id="DABC369A-4349-2EEB-DD85-9DC7784E045E">
<createdBy>admin</createdBy>
<createdTime>2015-11-09 05:34:26 UTC</createdTime>
<comment>it is compulsory or not (optional or other case) to specify current property for current group</comment>
<generatorID>2ADA2F0A-38D3-870B-1860-C407C3E80E9B</generatorID>
<ownerDesignName>04_recipes</ownerDesignName>
<useDomainConstraints>false</useDomainConstraints>
<use>1</use>
<logicalDatatype>LOGDT024</logicalDatatype>
<dataTypeSize>20</dataTypeSize>
<ownDataTypeParameters>20,,</ownDataTypeParameters>
<autoIncrementCycle>false</autoIncrementCycle>
</Column>
<Column name="defaulf_value" id="5E9BEAC0-2A3A-EA21-A74C-52B3B1FD9AAE">
<createdBy>admin</createdBy>
<createdTime>2015-11-09 05:34:26 UTC</createdTime>
<generatorID>D6F392E8-3F18-73DC-C6A7-B3726AD2B785</generatorID>
<ownerDesignName>04_recipes</ownerDesignName>
<nullsAllowed>true</nullsAllowed>
<useDomainConstraints>false</useDomainConstraints>
<use>1</use>
<logicalDatatype>LOGDT037</logicalDatatype>
<dataTypeSize>30</dataTypeSize>
<ownDataTypeParameters>30,,</ownDataTypeParameters>
<autoIncrementCycle>false</autoIncrementCycle>
</Column>
<Column name="min_accepted_value" id="A396AF62-F39C-D592-1347-0C8E59484CAB">
<createdBy>admin</createdBy>
<createdTime>2015-11-09 05:34:26 UTC</createdTime>
<generatorID>9B3C6B49-EF46-DD00-485E-186D52787F1A</generatorID>
<ownerDesignName>04_recipes</ownerDesignName>
<nullsAllowed>true</nullsAllowed>
<useDomainConstraints>false</useDomainConstraints>
<use>1</use>
<logicalDatatype>LOGDT037</logicalDatatype>
<dataTypeSize>30</dataTypeSize>
<ownDataTypeParameters>30,,</ownDataTypeParameters>
<autoIncrementCycle>false</autoIncrementCycle>
</Column>
<Column name="max_accepted_value" id="303920CF-DE2F-1123-AB67-C78FA35F0556">
<createdBy>admin</createdBy>
<createdTime>2015-11-09 05:34:26 UTC</createdTime>
<generatorID>0CE5858F-B37B-4E4E-294D-F5A62DC25230</generatorID>
<ownerDesignName>04_recipes</ownerDesignName>
<nullsAllowed>true</nullsAllowed>
<useDomainConstraints>false</useDomainConstraints>
<use>1</use>
<logicalDatatype>LOGDT037</logicalDatatype>
<dataTypeSize>20</dataTypeSize>
<ownDataTypeParameters>20,,</ownDataTypeParameters>
<autoIncrementCycle>false</autoIncrementCycle>
</Column>
</columns>
<indexes itemClass="oracle.dbtools.crest.model.design.relational.Index">
<ind_PK_UK id="3FDDC4B7-DA0E-B31E-DD30-BD05691D8EF8" name="groups_description_PK">
<createdBy>admin</createdBy>
<createdTime>2015-11-09 05:34:26 UTC</createdTime>
<generatorID>9ED9037D-1985-9BC4-095B-9CF11D684419</generatorID>
<ownerDesignName>04_recipes</ownerDesignName>
<pk>true</pk>
<indexState>Primary Constraint</indexState>
<isSurrogateKey>false</isSurrogateKey>
<indexColumnUsage>
<colUsage columnID="7E10F1C1-6BF6-BB19-DA1B-7D178EE4164D"/>
<colUsage columnID="39ABD7FD-42DD-D027-5CE7-CDA51486BA19"/>
</indexColumnUsage>
</ind_PK_UK>
<ind_PK_UK id="A82492CD-89CB-F5AA-064E-C0CEF9DB6685" name="groups_description_properties_FK">
<createdBy>admin</createdBy>
<createdTime>2015-11-09 05:34:26 UTC</createdTime>
<generatorID>36C9882B-E622-3248-848F-63569AD8D246</generatorID>
<ownerDesignName>04_recipes</ownerDesignName>
<indexState>Foreign Key</indexState>
<isSurrogateKey>false</isSurrogateKey>
<indexColumnUsage>
<colUsage columnID="39ABD7FD-42DD-D027-5CE7-CDA51486BA19"/>
</indexColumnUsage>
</ind_PK_UK>
<ind_PK_UK id="5112CF42-76DD-6ADA-369F-9A63711A9F06" name="groups_description_item_groups_FK">
<createdBy>admin</createdBy>
<createdTime>2015-11-09 05:34:26 UTC</createdTime>
<generatorID>FADAB7FD-5DF3-394E-58EA-3ED875877EB7</generatorID>
<ownerDesignName>04_recipes</ownerDesignName>
<indexState>Foreign Key</indexState>
<isSurrogateKey>false</isSurrogateKey>
<indexColumnUsage>
<colUsage columnID="7E10F1C1-6BF6-BB19-DA1B-7D178EE4164D"/>
</indexColumnUsage>
</ind_PK_UK>
</indexes>
</Table>