<?xml version = '1.0' encoding = 'UTF-8'?>
<Table class="oracle.dbtools.crest.model.design.relational.Table" directorySegmentName="seg_0" id="ABE363AC-A64D-DB36-57A8-65BD81D2A27E" name="properties">
<createdBy>admin</createdBy>
<createdTime>2015-11-09 05:34:26 UTC</createdTime>
<generatorID>2B353EF3-171E-52CA-ACCD-9E1C26F89CE8</generatorID>
<ownerDesignName>04_recipes</ownerDesignName>
<existDependencyGenerateInDDl>true</existDependencyGenerateInDDl>
<parsed>true</parsed>
<columns itemClass="oracle.dbtools.crest.model.design.relational.Column">
<Column name="property_id" id="616F2866-7C3D-6C87-838E-5001206C8096">
<createdBy>admin</createdBy>
<createdTime>2015-11-09 05:34:26 UTC</createdTime>
<generatorID>6CA1D7DE-59FA-1F29-B012-43975169DA8D</generatorID>
<ownerDesignName>04_recipes</ownerDesignName>
<useDomainConstraints>false</useDomainConstraints>
<use>1</use>
<logicalDatatype>LOGDT011</logicalDatatype>
<ownDataTypeParameters>,,</ownDataTypeParameters>
<autoIncrementCycle>false</autoIncrementCycle>
</Column>
<Column name="property_name" id="7979BBE6-C58B-926D-775F-75E168CDE3AB">
<createdBy>admin</createdBy>
<createdTime>2015-11-09 05:34:26 UTC</createdTime>
<generatorID>A2D26F0D-6A1B-58FE-116A-1AE03D55DC87</generatorID>
<ownerDesignName>04_recipes</ownerDesignName>
<nullsAllowed>true</nullsAllowed>
<useDomainConstraints>false</useDomainConstraints>
<use>1</use>
<logicalDatatype>LOGDT037</logicalDatatype>
<dataTypeSize>50</dataTypeSize>
<ownDataTypeParameters>50,,</ownDataTypeParameters>
<autoIncrementCycle>false</autoIncrementCycle>
</Column>
<Column name="usage_start_date" id="663AC52F-87A9-320E-C7FC-5814E2FA887C">
<createdBy>admin</createdBy>
<createdTime>2015-11-09 05:34:26 UTC</createdTime>
<generatorID>EAA3EF5B-C3B8-65C0-6B57-8294167D2C41</generatorID>
<ownerDesignName>04_recipes</ownerDesignName>
<useDomainConstraints>false</useDomainConstraints>
<use>1</use>
<logicalDatatype>LOGDT007</logicalDatatype>
<ownDataTypeParameters>,,</ownDataTypeParameters>
<autoIncrementCycle>false</autoIncrementCycle>
</Column>
<Column name="usage_end_date" id="77ECA22C-B478-3AB9-4346-7840035B9A83">
<createdBy>admin</createdBy>
<createdTime>2015-11-09 05:34:26 UTC</createdTime>
<generatorID>C55AF948-BFAA-3CF3-543B-EEE49C6731C2</generatorID>
<ownerDesignName>04_recipes</ownerDesignName>
<nullsAllowed>true</nullsAllowed>
<useDomainConstraints>false</useDomainConstraints>
<use>1</use>
<logicalDatatype>LOGDT007</logicalDatatype>
<ownDataTypeParameters>,,</ownDataTypeParameters>
<autoIncrementCycle>false</autoIncrementCycle>
</Column>
<Column name="comments" id="20D6FD0C-7609-B561-7BF7-635DF97AE7AE">
<createdBy>admin</createdBy>
<createdTime>2015-11-09 05:34:26 UTC</createdTime>
<generatorID>60989C48-5D43-99E5-1EE8-C18ABCE4950A</generatorID>
<ownerDesignName>04_recipes</ownerDesignName>
<nullsAllowed>true</nullsAllowed>
<useDomainConstraints>false</useDomainConstraints>
<use>1</use>
<logicalDatatype>LOGDT037</logicalDatatype>
<dataTypeSize>100</dataTypeSize>
<ownDataTypeParameters>100,,</ownDataTypeParameters>
<autoIncrementCycle>false</autoIncrementCycle>
</Column>
<Column name="data_type" id="C28FE8E9-0B79-DFFB-B968-267518E240DC">
<createdBy>admin</createdBy>
<createdTime>2015-11-09 05:34:26 UTC</createdTime>
<generatorID>A136A0A8-051C-35BD-A7E8-21B6A9022016</generatorID>
<ownerDesignName>04_recipes</ownerDesignName>
<nullsAllowed>true</nullsAllowed>
<useDomainConstraints>false</useDomainConstraints>
<use>1</use>
<logicalDatatype>LOGDT024</logicalDatatype>
<dataTypeSize>20</dataTypeSize>
<ownDataTypeParameters>20,,</ownDataTypeParameters>
<autoIncrementCycle>false</autoIncrementCycle>
</Column>
<Column name="abbreviation" id="442649E2-923B-577F-E8B8-FA8D754D9252">
<createdBy>admin</createdBy>
<createdTime>2015-11-09 05:34:26 UTC</createdTime>
<generatorID>D69D3E49-466C-7173-75B0-57B06DD1C744</generatorID>
<ownerDesignName>04_recipes</ownerDesignName>
<useDomainConstraints>false</useDomainConstraints>
<use>1</use>
<logicalDatatype>LOGDT037</logicalDatatype>
<dataTypeSize>20</dataTypeSize>
<ownDataTypeParameters>20,,</ownDataTypeParameters>
<previousColumn>false</previousColumn>
<autoIncrementCycle>false</autoIncrementCycle>
<associations>
<colAssociation fkAssociation="C232FEBE-90DF-7595-00D1-C4E8F91EEDF4" referredColumn="73E9D5CE-AED6-7B4C-16C1-9ACB9A07C051"/>
</associations>
</Column>
</columns>
<indexes itemClass="oracle.dbtools.crest.model.design.relational.Index">
<ind_PK_UK id="50CE4DE7-2E2E-95A7-2657-3A15741FE151" name="properties_PK">
<createdBy>admin</createdBy>
<createdTime>2015-11-09 05:34:26 UTC</createdTime>
<generatorID>896421A6-88EE-506D-58B9-B8D6CE3363B6</generatorID>
<ownerDesignName>04_recipes</ownerDesignName>
<pk>true</pk>
<indexState>Primary Constraint</indexState>
<isSurrogateKey>false</isSurrogateKey>
<indexColumnUsage>
<colUsage columnID="616F2866-7C3D-6C87-838E-5001206C8096"/>
</indexColumnUsage>
</ind_PK_UK>
<ind_PK_UK id="B1DFB636-8910-66BC-7943-DB1651541BAE" name="properties_measure_units_FK">
<createdBy>admin</createdBy>
<createdTime>2015-11-09 05:34:26 UTC</createdTime>
<generatorID>9F20F320-98E2-ABB8-C8CC-877482DC77DB</generatorID>
<ownerDesignName>04_recipes</ownerDesignName>
<indexState>Foreign Key</indexState>
<isSurrogateKey>false</isSurrogateKey>
<indexColumnUsage>
<colUsage columnID="442649E2-923B-577F-E8B8-FA8D754D9252"/>
</indexColumnUsage>
</ind_PK_UK>
</indexes>
</Table>