<?xml version = '1.0' encoding = 'UTF-8'?>
<Table class="oracle.dbtools.crest.model.design.relational.Table" directorySegmentName="seg_0" id="D8724F2A-630D-3164-CE67-854F3D3FDE95" name="equiv_measure_units">
<createdBy>admin</createdBy>
<createdTime>2015-11-09 05:34:26 UTC</createdTime>
<generatorID>7E75DEE9-D0BA-6329-13ED-64D64B66A936</generatorID>
<ownerDesignName>04_recipes</ownerDesignName>
<existDependencyGenerateInDDl>true</existDependencyGenerateInDDl>
<parsed>true</parsed>
<columns itemClass="oracle.dbtools.crest.model.design.relational.Column">
<Column name="quantity" id="6431F1FF-F9CE-C4C8-58B9-A0FB1DEA5BF2">
<createdBy>admin</createdBy>
<createdTime>2015-11-09 05:34:26 UTC</createdTime>
<generatorID>1F295584-80D4-B97D-12DA-B2BB71979958</generatorID>
<ownerDesignName>04_recipes</ownerDesignName>
<useDomainConstraints>false</useDomainConstraints>
<use>1</use>
<logicalDatatype>LOGDT019</logicalDatatype>
<dataTypePrecision>7</dataTypePrecision>
<dataTypeScale>3</dataTypeScale>
<ownDataTypeParameters>,7,3</ownDataTypeParameters>
<autoIncrementCycle>false</autoIncrementCycle>
</Column>
<Column name="equiv_quantity" id="86E95FD0-BFC1-2536-A397-FCAF2C4B28C5">
<createdBy>admin</createdBy>
<createdTime>2015-11-09 05:34:26 UTC</createdTime>
<generatorID>D733FE51-C0DE-18C9-04E1-AB4C066A5BE5</generatorID>
<ownerDesignName>04_recipes</ownerDesignName>
<useDomainConstraints>false</useDomainConstraints>
<use>1</use>
<logicalDatatype>LOGDT019</logicalDatatype>
<dataTypePrecision>7</dataTypePrecision>
<dataTypeScale>3</dataTypeScale>
<ownDataTypeParameters>,7,3</ownDataTypeParameters>
<autoIncrementCycle>false</autoIncrementCycle>
</Column>
<Column name="abbreviation" id="2BF88033-4964-A557-6449-4C0331E57131">
<createdBy>admin</createdBy>
<createdTime>2015-11-09 05:34:26 UTC</createdTime>
<generatorID>87672FD4-4353-FAAC-DE11-21F35162A058</generatorID>
<ownerDesignName>04_recipes</ownerDesignName>
<useDomainConstraints>false</useDomainConstraints>
<use>1</use>
<logicalDatatype>LOGDT037</logicalDatatype>
<dataTypeSize>20</dataTypeSize>
<ownDataTypeParameters>20,,</ownDataTypeParameters>
<previousColumn>false</previousColumn>
<autoIncrementCycle>false</autoIncrementCycle>
<associations>
<colAssociation fkAssociation="516DBAF4-3F19-392D-2D39-244ABBF171A0" referredColumn="73E9D5CE-AED6-7B4C-16C1-9ACB9A07C051"/>
</associations>
</Column>
<Column name="abbreviation1" id="4F3E3BC5-40F2-21AF-ADBF-D653990EA620">
<createdBy>admin</createdBy>
<createdTime>2015-11-09 05:34:26 UTC</createdTime>
<generatorID>87853565-2237-9046-3A7C-505F0E9E812F</generatorID>
<ownerDesignName>04_recipes</ownerDesignName>
<useDomainConstraints>false</useDomainConstraints>
<use>1</use>
<logicalDatatype>LOGDT037</logicalDatatype>
<dataTypeSize>20</dataTypeSize>
<ownDataTypeParameters>20,,</ownDataTypeParameters>
<previousColumn>false</previousColumn>
<autoIncrementCycle>false</autoIncrementCycle>
<associations>
<colAssociation fkAssociation="21FF27E2-BD51-D2AC-F0D3-53071389AFD2" referredColumn="73E9D5CE-AED6-7B4C-16C1-9ACB9A07C051"/>
</associations>
</Column>
</columns>
<indexes itemClass="oracle.dbtools.crest.model.design.relational.Index">
<ind_PK_UK id="8FBAF3A0-AD57-63F6-C98B-431146512BD2" name="equiv_measure_units_PK">
<createdBy>admin</createdBy>
<createdTime>2015-11-09 05:34:26 UTC</createdTime>
<generatorID>84546245-1D56-13BC-CA88-44AEF4573E0C</generatorID>
<ownerDesignName>04_recipes</ownerDesignName>
<pk>true</pk>
<indexState>Primary Constraint</indexState>
<isSurrogateKey>false</isSurrogateKey>
<indexColumnUsage>
<colUsage columnID="2BF88033-4964-A557-6449-4C0331E57131"/>
<colUsage columnID="4F3E3BC5-40F2-21AF-ADBF-D653990EA620"/>
</indexColumnUsage>
</ind_PK_UK>
<ind_PK_UK id="58CEBBC0-982A-C995-3786-79353ECBBB36" name="equiv_measure_units_measure_units_FK">
<createdBy>admin</createdBy>
<createdTime>2015-11-09 05:34:26 UTC</createdTime>
<generatorID>7F4845F5-1050-9CAA-3BFB-F838E84D69E5</generatorID>
<ownerDesignName>04_recipes</ownerDesignName>
<indexState>Foreign Key</indexState>
<isSurrogateKey>false</isSurrogateKey>
<indexColumnUsage>
<colUsage columnID="4F3E3BC5-40F2-21AF-ADBF-D653990EA620"/>
</indexColumnUsage>
</ind_PK_UK>
<ind_PK_UK id="C8A91EEB-8988-3B44-3D13-928D6F2260A1" name="equiv_measure_units_measure_units_FKv1">
<createdBy>admin</createdBy>
<createdTime>2015-11-09 05:34:26 UTC</createdTime>
<generatorID>1862BC83-BCCB-ED4B-994C-F36D823BA101</generatorID>
<ownerDesignName>04_recipes</ownerDesignName>
<indexState>Foreign Key</indexState>
<isSurrogateKey>false</isSurrogateKey>
<indexColumnUsage>
<colUsage columnID="2BF88033-4964-A557-6449-4C0331E57131"/>
</indexColumnUsage>
</ind_PK_UK>
</indexes>
</Table>