<?xml version = '1.0' encoding = 'UTF-8'?>
<Relation class="oracle.dbtools.crest.model.design.logical.Relation" name="is_about" directorySegmentName="seg_0" id="2B997CC7-A67E-6EE0-4A82-7200798CD0AD">
<createdBy>admin</createdBy>
<createdTime>2015-10-25 08:19:41 UTC</createdTime>
<ownerDesignName>sales_2</ownerDesignName>
<useSurrogateKey>true</useSurrogateKey>
<identifying>true</identifying>
<optionalSource>true</optionalSource>
<optionalTarget>false</optionalTarget>
<sourceCardinality>1</sourceCardinality>
<sourceEntity>9B643DE7-AE99-9E3E-B7F8-CD5D91D01CAC</sourceEntity>
<targetCardinalityString>*</targetCardinalityString>
<targetEntity>1EED0582-C8A3-77F1-9D89-D235291ECF21</targetEntity>
<transferable>true</transferable>
</Relation>