<?xml version = '1.0' encoding = 'UTF-8'?>
<FKIndexAssociation class="oracle.dbtools.crest.model.design.relational.FKIndexAssociation" directorySegmentName="seg_0" id="723293D3-FD46-BA31-F508-66900F3F9496" containerWithKeyObject="6887348B-8BBB-8F4A-EAA5-A8943ED560B9" localFKIndex="57E9E0C8-19BD-5902-6F03-4C4D6A65C976" name="employees_employees_FK">
<createdBy>admin</createdBy>
<createdTime>2015-10-27 03:29:49 UTC</createdTime>
<generatorID>3CDA5A05-FB35-B406-DCD5-AD70CFA7F9A8</generatorID>
<ownerDesignName>manages_1</ownerDesignName>
<deleteRule>NO ACTION</deleteRule>
<referredTableID>6887348B-8BBB-8F4A-EAA5-A8943ED560B9</referredTableID>
<keyObject>289E9197-CEA1-7CB9-4B24-E14DE8C7F709</keyObject>
<referredKeyID>289E9197-CEA1-7CB9-4B24-E14DE8C7F709</referredKeyID>
<mandatory>false</mandatory>
<transferable>true</transferable>
<rely>false</rely>
<columnDependencyConstraintGenerateInDDL>true</columnDependencyConstraintGenerateInDDL>
</FKIndexAssociation>