<?xml version = '1.0' encoding = 'UTF-8'?>
<FKIndexAssociation class="oracle.dbtools.crest.model.design.relational.FKIndexAssociation" directorySegmentName="seg_0" id="A4AE0C57-BC47-65D2-6AD3-994BF23144F3" containerWithKeyObject="CE1519C2-9F8D-D022-EEF8-BF2D0A38F81D" localFKIndex="46376DFE-5EB4-4C74-E62F-DB45F22F2A1E" name="sefie">
<createdBy>Marin F</createdBy>
<createdTime>2012-11-05 18:01:08 UTC</createdTime>
<generatorID>3CDA5A05-FB35-B406-DCD5-AD70CFA7F9A8</generatorID>
<ownerDesignName>manages_1</ownerDesignName>
<deleteRule>RESTRICT</deleteRule>
<referredTableID>CE1519C2-9F8D-D022-EEF8-BF2D0A38F81D</referredTableID>
<keyObject>3DF89F6F-60B5-15BF-98FD-CEC78E26B373</keyObject>
<referredKeyID>3DF89F6F-60B5-15BF-98FD-CEC78E26B373</referredKeyID>
<mandatory>false</mandatory>
<transferable>true</transferable>
<rely>false</rely>
<columnDependencyConstraintGenerateInDDL>false</columnDependencyConstraintGenerateInDDL>
</FKIndexAssociation>