<?xml version = '1.0' encoding = 'UTF-8'?>
<FKIndexAssociation class="oracle.dbtools.crest.model.design.relational.FKIndexAssociation" directorySegmentName="seg_0" id="BCC2F0AE-D3E9-46FC-9EA7-DC826CBC4A68" containerWithKeyObject="51DEC6FE-2A47-CB60-0A44-CD66975276F4" localFKIndex="773D90A3-5058-9818-1E99-48B72ECB1FC3" name="employees_employees_FK">
<createdBy>admin</createdBy>
<createdTime>2015-10-27 03:57:15 UTC</createdTime>
<generatorID>3CDA5A05-FB35-B406-DCD5-AD70CFA7F9A8</generatorID>
<ownerDesignName>manages_1</ownerDesignName>
<deleteRule>NO ACTION</deleteRule>
<referredTableID>51DEC6FE-2A47-CB60-0A44-CD66975276F4</referredTableID>
<keyObject>AA5940DA-581A-AFBF-AEBB-9596F1080267</keyObject>
<referredKeyID>AA5940DA-581A-AFBF-AEBB-9596F1080267</referredKeyID>
<mandatory>false</mandatory>
<transferable>true</transferable>
<rely>false</rely>
<columnDependencyConstraintGenerateInDDL>true</columnDependencyConstraintGenerateInDDL>
</FKIndexAssociation>