<?xml version = '1.0' encoding = 'UTF-8'?>
<Arc class="oracle.dbtools.crest.model.design.logical.Arc" directorySegmentName="seg_0" id="A894B26F-8E05-3711-445B-CBA2364AC6B4" name="Arc_2">
<createdBy>marinfotache</createdBy>
<createdTime>2016-11-07 08:52:43 UTC</createdTime>
<ownerDesignName>01b_heterogeneous_items_v2</ownerDesignName>
<engineerTo>
<item key="BF5AFB3E-6CA2-743D-561C-82AC065C1B98" value="true"/>
</engineerTo>
<entity>F83C1949-608D-81D4-5FB2-16FF9D499229</entity>
<relations>
<relationID>784501A0-8811-ADBA-ED35-DDA6257944CE</relationID>
<relationID>23ADD691-E327-5C7B-1F5A-8C6F135F6A8A</relationID>
</relations>
</Arc>