<?xml version = '1.0' encoding = 'UTF-8'?>
<Entity class="oracle.dbtools.crest.model.design.logical.Entity" directorySegmentName="seg_0" id="31D7E745-BF20-2475-44D8-43FE2613DC9A" name="product">
<createdBy>admin</createdBy>
<createdTime>2015-10-30 07:00:52 UTC</createdTime>
<ownerDesignName>02a_package_of_items_v1</ownerDesignName>
<engineerTo>
<item key="2C5E84CB-0FD6-FB15-1982-89650C3ECADC" value="true"/>
</engineerTo>
<adequatelyNormalized>NO</adequatelyNormalized>
<expectedVolumes>0</expectedVolumes>
<fwdEngineeringStrategyName>Single Table</fwdEngineeringStrategyName>
<growthPercent>0</growthPercent>
<growthType>Year</growthType>
<maxVolumes>9999999</maxVolumes>
<minVolumes>0</minVolumes>
<normalForm>Third</normalForm>
<preferredAbbreviation>products</preferredAbbreviation>
<attributes itemClass="oracle.dbtools.crest.model.design.logical.Attribute">
<Attribute name="prod_id" id="7F934447-4C2B-E8DA-3DDF-89B8F58D0E2C">
<createdBy>admin</createdBy>
<createdTime>2015-10-30 08:37:32 UTC</createdTime>
<ownerDesignName>02a_package_of_items_v1</ownerDesignName>
<engineerTo>
<item key="2C5E84CB-0FD6-FB15-1982-89650C3ECADC" value="true"/>
</engineerTo>
<useDomainConstraints>false</useDomainConstraints>
<use>1</use>
<logicalDatatype>LOGDT011</logicalDatatype>
<ownDataTypeParameters>,,</ownDataTypeParameters>
</Attribute>
<Attribute name="prod_name" id="047F76B5-2563-FBAB-FC6E-5B63BD67C2A4">
<createdBy>admin</createdBy>
<createdTime>2015-10-30 08:37:47 UTC</createdTime>
<ownerDesignName>02a_package_of_items_v1</ownerDesignName>
<engineerTo>
<item key="2C5E84CB-0FD6-FB15-1982-89650C3ECADC" value="true"/>
</engineerTo>
<useDomainConstraints>false</useDomainConstraints>
<use>1</use>
<logicalDatatype>LOGDT037</logicalDatatype>
<dataTypeSize>50</dataTypeSize>
<ownDataTypeParameters>50,,</ownDataTypeParameters>
</Attribute>
<Attribute name="sell_measure_unit" id="33368A6C-54B0-B76E-4507-7AD07C2F0B9E">
<createdBy>admin</createdBy>
<createdTime>2015-10-30 07:02:10 UTC</createdTime>
<commentInRDBMS>The measure unit as the product is sold.&lt;br/&gt;Example: &lt;br/&gt;Product: 2 liter Coca-cola pet&lt;br/&gt;sell_measure_unit: pet &lt;br/&gt;</commentInRDBMS>
<ownerDesignName>02a_package_of_items_v1</ownerDesignName>
<engineerTo>
<item key="2C5E84CB-0FD6-FB15-1982-89650C3ECADC" value="true"/>
</engineerTo>
<useDomainConstraints>false</useDomainConstraints>
<use>1</use>
<logicalDatatype>LOGDT037</logicalDatatype>
<dataTypeSize>30</dataTypeSize>
<ownDataTypeParameters>30,,</ownDataTypeParameters>
</Attribute>
<Attribute name="prod_quant_in_sold_unit" id="6C40DB67-84A7-3EA7-F9B1-10DD5C4B2872">
<createdBy>admin</createdBy>
<createdTime>2015-10-30 07:02:46 UTC</createdTime>
<commentInRDBMS>The quantity of the prodct in a sold  unit.&lt;br/&gt;Example: &lt;br/&gt;Product: 2 liter Coca-cola pet&lt;br/&gt;sell_measure_unit: pet &lt;br/&gt;prod_quant_in_sold_unit: 2&lt;br/&gt; &lt;br/&gt;&lt;br/&gt;</commentInRDBMS>
<ownerDesignName>02a_package_of_items_v1</ownerDesignName>
<engineerTo>
<item key="2C5E84CB-0FD6-FB15-1982-89650C3ECADC" value="true"/>
</engineerTo>
<useDomainConstraints>false</useDomainConstraints>
<use>1</use>
<logicalDatatype>LOGDT019</logicalDatatype>
<dataTypePrecision>7</dataTypePrecision>
<dataTypeScale>3</dataTypeScale>
<ownDataTypeParameters>,7,3</ownDataTypeParameters>
</Attribute>
<Attribute name="measure_unit_qpsu" id="2135A05F-1032-2206-2A39-9484BFFB3E5F">
<createdBy>admin</createdBy>
<createdTime>2015-10-30 07:05:23 UTC</createdTime>
<commentInRDBMS>Measure unit of the quantity of the product in a sold  unit.&lt;br/&gt;Example: &lt;br/&gt;Product: 2 liter Coca-cola pet&lt;br/&gt;sell_measure_unit: pet &lt;br/&gt;prod_quant_in_sold_unit: 2&lt;br/&gt;measure_unit_qpsu: liter &lt;br/&gt;&lt;br/&gt;</commentInRDBMS>
<ownerDesignName>02a_package_of_items_v1</ownerDesignName>
<engineerTo>
<item key="2C5E84CB-0FD6-FB15-1982-89650C3ECADC" value="true"/>
</engineerTo>
<nullsAllowed>true</nullsAllowed>
<useDomainConstraints>false</useDomainConstraints>
<use>1</use>
<ownDataTypeParameters>,,</ownDataTypeParameters>
</Attribute>
<Attribute name="current_vat_percent" id="4AB08FCC-D68A-A111-BE83-DA01AEDCA23F">
<createdBy>admin</createdBy>
<createdTime>2015-10-30 08:38:11 UTC</createdTime>
<ownerDesignName>02a_package_of_items_v1</ownerDesignName>
<engineerTo>
<item key="2C5E84CB-0FD6-FB15-1982-89650C3ECADC" value="true"/>
</engineerTo>
<useDomainConstraints>false</useDomainConstraints>
<use>1</use>
<logicalDatatype>LOGDT019</logicalDatatype>
<dataTypePrecision>4</dataTypePrecision>
<dataTypeScale>2</dataTypeScale>
<ownDataTypeParameters>,4,2</ownDataTypeParameters>
</Attribute>
<Attribute name="group_name" id="2D1AB2DE-8EFA-5C3C-93EE-75D4C9AEC96E">
<createdBy>admin</createdBy>
<createdTime>2015-10-30 08:43:39 UTC</createdTime>
<generatorID>6D6F96D6-A718-831D-B4E4-9D22F4FC9760</generatorID>
<ownerDesignName>02a_package_of_items_v1</ownerDesignName>
<engineerTo>
<item key="2C5E84CB-0FD6-FB15-1982-89650C3ECADC" value="true"/>
</engineerTo>
<referedAttribute>1762E63D-7844-6487-C08B-4BCF73B819E8</referedAttribute>
<useDomainConstraints>false</useDomainConstraints>
<use>1</use>
<logicalDatatype>LOGDT037</logicalDatatype>
<dataTypeSize>50</dataTypeSize>
<ownDataTypeParameters>50,,</ownDataTypeParameters>
</Attribute>
<Attribute name="abbreviation" id="BDE5909C-9EB2-062F-710E-7A5454E6030D">
<createdBy>admin</createdBy>
<createdTime>2015-10-30 09:12:54 UTC</createdTime>
<generatorID>173357BD-B4E5-5AC4-DDA6-93926AB312C5</generatorID>
<ownerDesignName>02a_package_of_items_v1</ownerDesignName>
<engineerTo>
<item key="2C5E84CB-0FD6-FB15-1982-89650C3ECADC" value="true"/>
</engineerTo>
<referedAttribute>D51499B0-66B2-B01A-56A9-71E949CF3DB9</referedAttribute>
<useDomainConstraints>false</useDomainConstraints>
<use>1</use>
<logicalDatatype>LOGDT037</logicalDatatype>
<dataTypeSize>20</dataTypeSize>
<ownDataTypeParameters>20,,</ownDataTypeParameters>
</Attribute>
<Attribute name="abbreviation1" id="14684F6C-9066-59C5-EA75-650A8A9C26FC">
<createdBy>admin</createdBy>
<createdTime>2015-10-30 09:13:09 UTC</createdTime>
<generatorID>26DC25EA-33BA-D687-BA64-7E32F8A5CA2A</generatorID>
<ownerDesignName>02a_package_of_items_v1</ownerDesignName>
<engineerTo>
<item key="2C5E84CB-0FD6-FB15-1982-89650C3ECADC" value="true"/>
</engineerTo>
<referedAttribute>D51499B0-66B2-B01A-56A9-71E949CF3DB9</referedAttribute>
<useDomainConstraints>false</useDomainConstraints>
<use>1</use>
<logicalDatatype>LOGDT037</logicalDatatype>
<dataTypeSize>20</dataTypeSize>
<ownDataTypeParameters>20,,</ownDataTypeParameters>
</Attribute>
</attributes>
<identifiers itemClass="oracle.dbtools.crest.model.design.logical.CandidateKey">
<identifier id="AEE44A97-209D-12FA-AEC6-0DD8128DBA6F" name="product PK">
<createdBy>admin</createdBy>
<createdTime>2015-10-30 08:37:38 UTC</createdTime>
<ownerDesignName>02a_package_of_items_v1</ownerDesignName>
<engineerTo>
<item key="2C5E84CB-0FD6-FB15-1982-89650C3ECADC" value="true"/>
</engineerTo>
<pk>true</pk>
<usedAttributes>
<attributeRef>7F934447-4C2B-E8DA-3DDF-89B8F58D0E2C</attributeRef>
</usedAttributes>
</identifier>
</identifiers>
</Entity>