<?xml version = '1.0' encoding = 'UTF-8'?>
<Entity class="oracle.dbtools.crest.model.design.logical.Entity" directorySegmentName="seg_0" id="F83C1949-608D-81D4-5FB2-16FF9D499229" name="ordered_item">
<createdBy>admin</createdBy>
<createdTime>2015-10-30 08:12:25 UTC</createdTime>
<ownerDesignName>01b_heterogeneous_items_v2</ownerDesignName>
<engineerTo>
<item key="BF5AFB3E-6CA2-743D-561C-82AC065C1B98" value="true"/>
</engineerTo>
<adequatelyNormalized>NO</adequatelyNormalized>
<expectedVolumes>0</expectedVolumes>
<fwdEngineeringStrategyName>Single Table</fwdEngineeringStrategyName>
<growthPercent>0</growthPercent>
<growthType>Year</growthType>
<maxVolumes>9999999</maxVolumes>
<minVolumes>0</minVolumes>
<normalForm>Third</normalForm>
<preferredAbbreviation>ordered_items</preferredAbbreviation>
<attributes itemClass="oracle.dbtools.crest.model.design.logical.Attribute">
<Attribute name="quantity" id="80DD8CB9-BEBD-FD64-FEB8-4134C1C271ED">
<createdBy>admin</createdBy>
<createdTime>2015-10-30 08:12:39 UTC</createdTime>
<ownerDesignName>01b_heterogeneous_items_v2</ownerDesignName>
<engineerTo>
<item key="BF5AFB3E-6CA2-743D-561C-82AC065C1B98" value="true"/>
</engineerTo>
<useDomainConstraints>false</useDomainConstraints>
<use>1</use>
<logicalDatatype>LOGDT019</logicalDatatype>
<dataTypePrecision>9</dataTypePrecision>
<dataTypeScale>3</dataTypeScale>
<ownDataTypeParameters>,9,3</ownDataTypeParameters>
</Attribute>
<Attribute name="order_id" id="1DA98C8A-FC77-0A45-701B-036A0E5A01F1">
<createdBy>admin</createdBy>
<createdTime>2015-10-30 08:13:36 UTC</createdTime>
<generatorID>2AFE7B4B-0337-CBB2-49DE-B73C185A50F3</generatorID>
<ownerDesignName>01b_heterogeneous_items_v2</ownerDesignName>
<engineerTo>
<item key="BF5AFB3E-6CA2-743D-561C-82AC065C1B98" value="true"/>
</engineerTo>
<referedAttribute>8A98ACB6-4887-B5F0-8B20-94C3085EBB91</referedAttribute>
<useDomainConstraints>false</useDomainConstraints>
<use>1</use>
<logicalDatatype>LOGDT011</logicalDatatype>
<ownDataTypeParameters>,,</ownDataTypeParameters>
</Attribute>
<Attribute name="prod_id" id="3C086D64-AD45-C80A-52EA-3D98DA3C9C32">
<createdBy>marinfotache</createdBy>
<createdTime>2016-11-07 08:34:13 UTC</createdTime>
<generatorID>23ADD691-E327-5C7B-1F5A-8C6F135F6A8A</generatorID>
<ownerDesignName>01b_heterogeneous_items_v2</ownerDesignName>
<engineerTo>
<item key="BF5AFB3E-6CA2-743D-561C-82AC065C1B98" value="true"/>
</engineerTo>
<referedAttribute>7F934447-4C2B-E8DA-3DDF-89B8F58D0E2C</referedAttribute>
<useDomainConstraints>false</useDomainConstraints>
<use>1</use>
<logicalDatatype>LOGDT011</logicalDatatype>
<ownDataTypeParameters>,,</ownDataTypeParameters>
</Attribute>
<Attribute name="serv_id" id="09C5E238-5F3C-2870-E6CF-DEF7F778A844">
<createdBy>marinfotache</createdBy>
<createdTime>2016-11-07 08:34:47 UTC</createdTime>
<generatorID>784501A0-8811-ADBA-ED35-DDA6257944CE</generatorID>
<ownerDesignName>01b_heterogeneous_items_v2</ownerDesignName>
<engineerTo>
<item key="BF5AFB3E-6CA2-743D-561C-82AC065C1B98" value="true"/>
</engineerTo>
<referedAttribute>108E074E-EB5D-87A7-8671-920EE9863BE0</referedAttribute>
<useDomainConstraints>false</useDomainConstraints>
<use>1</use>
<logicalDatatype>LOGDT011</logicalDatatype>
<ownDataTypeParameters>,,</ownDataTypeParameters>
</Attribute>
</attributes>
<identifiers itemClass="oracle.dbtools.crest.model.design.logical.CandidateKey">
<identifier id="E298E30E-FE1F-6742-A910-8A6D7786E0D1" name="ordered_item PK">
<createdBy>admin</createdBy>
<createdTime>2015-10-30 08:13:20 UTC</createdTime>
<ownerDesignName>01b_heterogeneous_items_v2</ownerDesignName>
<engineerTo>
<item key="BF5AFB3E-6CA2-743D-561C-82AC065C1B98" value="true"/>
</engineerTo>
<pk>true</pk>
<usedAttributes>
<attributeRef>1DA98C8A-FC77-0A45-701B-036A0E5A01F1</attributeRef>
<attributeRef>3C086D64-AD45-C80A-52EA-3D98DA3C9C32</attributeRef>
<attributeRef>09C5E238-5F3C-2870-E6CF-DEF7F778A844</attributeRef>
</usedAttributes>
</identifier>
</identifiers>
</Entity>