<?xml version = '1.0' encoding = 'UTF-8'?>
<relationalModel class="oracle.dbtools.crest.model.design.relational.RelationalDesign" name="Relational_1" id="DDA23D84-0735-5BF3-E5BD-C7E396B42E75" mainViewID="83240C8B-5B58-24E9-7286-C546BFD1FC39">
<createdBy>marinfotache</createdBy>
<createdTime>2018-10-26 05:11:13 UTC</createdTime>
<ownerDesignName>07a_Discounts_on_range_of_values</ownerDesignName>
<shouldBeOpen>false</shouldBeOpen>
<selectedRDBMSSite>3FD120B5-9F4E-6278-D5E2-746D192C8319</selectedRDBMSSite>
</relationalModel>