<?xml version = '1.0' encoding = 'UTF-8'?>
<relationalModel class="oracle.dbtools.crest.model.design.relational.RelationalDesign" name="Relational_1" id="64819460-E252-C554-8B39-DC204812603F" mainViewID="4B292ABE-6F03-CA54-C466-DACE2F7F3DDE">
<createdBy>Marin F</createdBy>
<createdTime>2011-12-12 06:48:28 UTC</createdTime>
<ownerDesignName>06_Modele_dotari_standard_optionale</ownerDesignName>
<shouldBeOpen>true</shouldBeOpen>
<selectedRDBMSSite>32076570-2523-435C-2E92-BF29817DFF70</selectedRDBMSSite>
</relationalModel>