<?xml version = '1.0' encoding = 'UTF-8'?>
<Entity class="oracle.dbtools.crest.model.design.logical.Entity" directorySegmentName="seg_0" id="3AA8946A-9003-0C30-8AE4-CBF1BE55E355" name="course_section">
<createdBy>Marin F</createdBy>
<createdTime>2011-10-05 05:47:38 UTC</createdTime>
<ownerDesignName>teaches_1</ownerDesignName>
<engineerTo>
<item key="8D97322B-A031-7F6D-EFB9-8B606264CDCF" value="true"/>
</engineerTo>
<adequatelyNormalized>NO</adequatelyNormalized>
<expectedVolumes>0</expectedVolumes>
<fwdEngineeringStrategyName>Single Table</fwdEngineeringStrategyName>
<growthPercent>0</growthPercent>
<growthType>Year</growthType>
<maxVolumes>9999999</maxVolumes>
<minVolumes>0</minVolumes>
<normalForm>Third</normalForm>
<preferredAbbreviation>course_sections</preferredAbbreviation>
<attributes itemClass="oracle.dbtools.crest.model.design.logical.Attribute">
<Attribute name="section_code" id="F6A31D83-3A0B-D5E5-1A63-5E11BC2107BB">
<createdBy>Marin F</createdBy>
<createdTime>2011-10-05 05:55:25 UTC</createdTime>
<ownerDesignName>teaches_1</ownerDesignName>
<engineerTo>
<item key="8D97322B-A031-7F6D-EFB9-8B606264CDCF" value="true"/>
</engineerTo>
<useDomainConstraints>false</useDomainConstraints>
<use>1</use>
<logicalDatatype>LOGDT024</logicalDatatype>
<dataTypeSize>10 CHAR</dataTypeSize>
<ownDataTypeParameters>10 CHAR,,</ownDataTypeParameters>
</Attribute>
<Attribute name="section_name" id="858C1AFA-865E-E15E-92ED-F612082F5184">
<createdBy>Marin F</createdBy>
<createdTime>2011-10-05 05:55:46 UTC</createdTime>
<ownerDesignName>teaches_1</ownerDesignName>
<engineerTo>
<item key="8D97322B-A031-7F6D-EFB9-8B606264CDCF" value="true"/>
</engineerTo>
<useDomainConstraints>false</useDomainConstraints>
<use>1</use>
<logicalDatatype>LOGDT037</logicalDatatype>
<dataTypeSize>100 CHAR</dataTypeSize>
<ownDataTypeParameters>100 CHAR,,</ownDataTypeParameters>
</Attribute>
<Attribute name="n_of_credits" id="7CD9D759-DB8C-3D20-8DCF-654F360A2F90">
<createdBy>Marin F</createdBy>
<createdTime>2011-10-05 05:56:01 UTC</createdTime>
<ownerDesignName>teaches_1</ownerDesignName>
<engineerTo>
<item key="8D97322B-A031-7F6D-EFB9-8B606264CDCF" value="true"/>
</engineerTo>
<useDomainConstraints>false</useDomainConstraints>
<use>1</use>
<logicalDatatype>LOGDT042</logicalDatatype>
<ownDataTypeParameters>,,</ownDataTypeParameters>
</Attribute>
<Attribute name="prof_code" id="CCC49BF0-550C-7278-726B-45483C2ECA43">
<createdBy>admin</createdBy>
<createdTime>2015-10-21 09:47:52 UTC</createdTime>
<generatorID>8FF67823-B677-2361-873A-719588FDF327</generatorID>
<ownerDesignName>teaches_1</ownerDesignName>
<engineerTo>
<item key="8D97322B-A031-7F6D-EFB9-8B606264CDCF" value="true"/>
</engineerTo>
<referedAttribute>793A0736-C527-CE8E-B82C-AA4631583B52</referedAttribute>
<useDomainConstraints>false</useDomainConstraints>
<use>1</use>
<logicalDatatype>LOGDT037</logicalDatatype>
<ownDataTypeParameters>,,</ownDataTypeParameters>
</Attribute>
</attributes>
<identifiers itemClass="oracle.dbtools.crest.model.design.logical.CandidateKey">
<identifier id="619231F8-3B97-5EC4-8D40-5EDFFF476A17" name="cursuri__PK">
<createdBy>Marin F</createdBy>
<createdTime>2011-10-05 05:55:44 UTC</createdTime>
<ownerDesignName>teaches_1</ownerDesignName>
<engineerTo>
<item key="8D97322B-A031-7F6D-EFB9-8B606264CDCF" value="true"/>
</engineerTo>
<pk>true</pk>
<usedAttributes>
<attributeRef>F6A31D83-3A0B-D5E5-1A63-5E11BC2107BB</attributeRef>
</usedAttributes>
</identifier>
</identifiers>
</Entity>