<?xml version = '1.0' encoding = 'UTF-8'?>
<Entity class="oracle.dbtools.crest.model.design.logical.Entity" directorySegmentName="seg_0" id="52BD976E-8A14-57A3-2AF6-630E2EFDA1E7" name="cancelled_invoice">
<createdBy>admin</createdBy>
<createdTime>2015-10-29 12:33:05 UTC</createdTime>
<ownerDesignName>sales_5</ownerDesignName>
<engineerTo>
<item key="816A3C02-44CE-7149-F477-48F12E03391A" value="true"/>
</engineerTo>
<adequatelyNormalized>NO</adequatelyNormalized>
<expectedVolumes>0</expectedVolumes>
<fwdEngineeringStrategyName>Single Table</fwdEngineeringStrategyName>
<growthPercent>0</growthPercent>
<growthType>Year</growthType>
<maxVolumes>9999999</maxVolumes>
<minVolumes>0</minVolumes>
<normalForm>Third</normalForm>
<preferredAbbreviation>cancelled_invoices</preferredAbbreviation>
<attributes itemClass="oracle.dbtools.crest.model.design.logical.Attribute">
<Attribute name="cancellation_dt" id="5C321BB5-9B05-701A-C317-246D32D62CF4">
<createdBy>admin</createdBy>
<createdTime>2015-10-29 12:33:29 UTC</createdTime>
<ownerDesignName>sales_5</ownerDesignName>
<engineerTo>
<item key="816A3C02-44CE-7149-F477-48F12E03391A" value="true"/>
</engineerTo>
<useDomainConstraints>false</useDomainConstraints>
<use>1</use>
<logicalDatatype>LOGDT047</logicalDatatype>
<ownDataTypeParameters>,,</ownDataTypeParameters>
</Attribute>
<Attribute name="comments" id="077EA897-9B50-E7D4-69C3-5B70DDC29737">
<createdBy>admin</createdBy>
<createdTime>2015-10-29 12:34:00 UTC</createdTime>
<ownerDesignName>sales_5</ownerDesignName>
<engineerTo>
<item key="816A3C02-44CE-7149-F477-48F12E03391A" value="true"/>
</engineerTo>
<nullsAllowed>true</nullsAllowed>
<useDomainConstraints>false</useDomainConstraints>
<use>1</use>
<logicalDatatype>LOGDT037</logicalDatatype>
<dataTypeSize>100</dataTypeSize>
<ownDataTypeParameters>100,,</ownDataTypeParameters>
</Attribute>
<Attribute name="invoice_id" id="2DBC507C-31B4-83B1-23E6-F2169C675DC9">
<createdBy>admin</createdBy>
<createdTime>2015-10-29 12:34:58 UTC</createdTime>
<generatorID>7D2AD5BB-9026-8B35-F7CF-C8103C4BC4B7</generatorID>
<ownerDesignName>sales_5</ownerDesignName>
<engineerTo>
<item key="816A3C02-44CE-7149-F477-48F12E03391A" value="true"/>
</engineerTo>
<referedAttribute>C90220F5-6B91-8896-D28C-2F28CE7009D2</referedAttribute>
<useDomainConstraints>false</useDomainConstraints>
<use>1</use>
<logicalDatatype>LOGDT011</logicalDatatype>
<ownDataTypeParameters>,,</ownDataTypeParameters>
</Attribute>
</attributes>
<identifiers itemClass="oracle.dbtools.crest.model.design.logical.CandidateKey">
<identifier id="F9D0699B-31BD-3924-074E-49BC442F5833" name="cancelled_order PK">
<createdBy>admin</createdBy>
<createdTime>2015-10-29 12:47:38 UTC</createdTime>
<ownerDesignName>sales_5</ownerDesignName>
<engineerTo>
<item key="816A3C02-44CE-7149-F477-48F12E03391A" value="true"/>
</engineerTo>
<pk>true</pk>
<usedAttributes>
<attributeRef>2DBC507C-31B4-83B1-23E6-F2169C675DC9</attributeRef>
</usedAttributes>
</identifier>
</identifiers>
</Entity>