<?xml version = '1.0' encoding = 'UTF-8'?>
<Entity class="oracle.dbtools.crest.model.design.logical.Entity" directorySegmentName="seg_0" id="70249285-81D3-E5EF-EA1B-3DA98C418470" name="refused_product">
<createdBy>admin</createdBy>
<createdTime>2015-10-29 12:25:34 UTC</createdTime>
<ownerDesignName>sales_5</ownerDesignName>
<engineerTo>
<item key="816A3C02-44CE-7149-F477-48F12E03391A" value="true"/>
</engineerTo>
<adequatelyNormalized>NO</adequatelyNormalized>
<expectedVolumes>0</expectedVolumes>
<fwdEngineeringStrategyName>Single Table</fwdEngineeringStrategyName>
<growthPercent>0</growthPercent>
<growthType>Year</growthType>
<maxVolumes>9999999</maxVolumes>
<minVolumes>0</minVolumes>
<normalForm>Third</normalForm>
<preferredAbbreviation>refused_products</preferredAbbreviation>
<attributes itemClass="oracle.dbtools.crest.model.design.logical.Attribute">
<Attribute name="refused_quantity" id="2C2CBBCC-45A8-0AC3-52B7-1269552E29F8">
<createdBy>admin</createdBy>
<createdTime>2015-10-29 12:26:45 UTC</createdTime>
<ownerDesignName>sales_5</ownerDesignName>
<engineerTo>
<item key="816A3C02-44CE-7149-F477-48F12E03391A" value="true"/>
</engineerTo>
<useDomainConstraints>false</useDomainConstraints>
<use>1</use>
<logicalDatatype>LOGDT019</logicalDatatype>
<dataTypePrecision>10</dataTypePrecision>
<dataTypeScale>3</dataTypeScale>
<ownDataTypeParameters>,10,3</ownDataTypeParameters>
</Attribute>
<Attribute name="refusal_reason" id="B9D26D07-BA9D-143D-8442-CB0672D8DC91">
<createdBy>admin</createdBy>
<createdTime>2015-10-29 12:27:35 UTC</createdTime>
<ownerDesignName>sales_5</ownerDesignName>
<engineerTo>
<item key="816A3C02-44CE-7149-F477-48F12E03391A" value="true"/>
</engineerTo>
<nullsAllowed>true</nullsAllowed>
<useDomainConstraints>false</useDomainConstraints>
<use>1</use>
<logicalDatatype>LOGDT037</logicalDatatype>
<dataTypeSize>100</dataTypeSize>
<ownDataTypeParameters>100,,</ownDataTypeParameters>
</Attribute>
<Attribute name="refused_unit_price" id="0902E5D0-FA24-759D-BB47-CA949AFD2A18">
<createdBy>admin</createdBy>
<createdTime>2015-10-29 12:29:22 UTC</createdTime>
<ownerDesignName>sales_5</ownerDesignName>
<engineerTo>
<item key="816A3C02-44CE-7149-F477-48F12E03391A" value="true"/>
</engineerTo>
<nullsAllowed>true</nullsAllowed>
<useDomainConstraints>false</useDomainConstraints>
<use>1</use>
<logicalDatatype>LOGDT019</logicalDatatype>
<dataTypePrecision>9</dataTypePrecision>
<dataTypeScale>2</dataTypeScale>
<ownDataTypeParameters>,9,2</ownDataTypeParameters>
</Attribute>
<Attribute name="product_id" id="AB8A3077-16F3-93A0-A316-23057C0AA826">
<createdBy>admin</createdBy>
<createdTime>2015-10-29 12:39:13 UTC</createdTime>
<generatorID>8C27B7DD-45FA-8245-524F-9A753EC7EF80</generatorID>
<ownerDesignName>sales_5</ownerDesignName>
<engineerTo>
<item key="816A3C02-44CE-7149-F477-48F12E03391A" value="true"/>
</engineerTo>
<referedAttribute>30D52D27-3E5E-7BBD-B6FB-DD2DAFF8E9FA</referedAttribute>
<useDomainConstraints>false</useDomainConstraints>
<use>1</use>
<logicalDatatype>LOGDT011</logicalDatatype>
<ownDataTypeParameters>,,</ownDataTypeParameters>
</Attribute>
<Attribute name="refusal_id" id="8FC38CCA-80A4-A3D3-FFD7-23A6E5FFAE7E">
<createdBy>admin</createdBy>
<createdTime>2015-10-29 12:42:47 UTC</createdTime>
<generatorID>8616D814-14C5-793F-6448-01B5887F92E3</generatorID>
<ownerDesignName>sales_5</ownerDesignName>
<engineerTo>
<item key="816A3C02-44CE-7149-F477-48F12E03391A" value="true"/>
</engineerTo>
<referedAttribute>122DE09A-859B-AD9F-AFF1-8C90BDB8D23A</referedAttribute>
<useDomainConstraints>false</useDomainConstraints>
<use>1</use>
<logicalDatatype>LOGDT011</logicalDatatype>
<ownDataTypeParameters>,,</ownDataTypeParameters>
</Attribute>
</attributes>
<identifiers itemClass="oracle.dbtools.crest.model.design.logical.CandidateKey">
<identifier id="DA28FB5A-263A-207F-A2BC-05F618826B9F" name="refused_product PK">
<createdBy>admin</createdBy>
<createdTime>2015-10-29 12:39:13 UTC</createdTime>
<ownerDesignName>sales_5</ownerDesignName>
<engineerTo>
<item key="816A3C02-44CE-7149-F477-48F12E03391A" value="true"/>
</engineerTo>
<pk>true</pk>
<usedAttributes>
<attributeRef>AB8A3077-16F3-93A0-A316-23057C0AA826</attributeRef>
<attributeRef>8FC38CCA-80A4-A3D3-FFD7-23A6E5FFAE7E</attributeRef>
</usedAttributes>
</identifier>
</identifiers>
</Entity>