<?xml version = '1.0' encoding = 'UTF-8'?>
<Diagram class="oracle.dbtools.crest.swingui.logical.DPVLogical" name="Logical" id="5C38C1AE-1620-1875-B0FB-A8F537548763">
<createdBy>admin</createdBy>
<modifiedBy>admin</modifiedBy>
<createdTime>2015-10-30 06:59:19 UTC</createdTime>
<autoRoute>false</autoRoute>
<boxInbox>true</boxInbox>
<showLegend>false</showLegend>
<showLabels>false</showLabels>
<showRelAttributes>false</showRelAttributes>
<gridEnabled>false</gridEnabled>
<showGrid>false</showGrid>
<diagramColor>-1</diagramColor>
<display>false</display>
<notation>1</notation>
<objectViews>
<OView class="oracle.dbtools.crest.swingui.logical.TVEntity" oid="1F4DA5A9-5128-2BE7-4AEC-FE0D0E0CCDDF" otype="Entity" vid="E478D875-1C3F-F757-A4AA-55C8CEBA1E43">
<hideElementsInCurrentOnly>false</hideElementsInCurrentOnly>
<bounds x="423" y="289" width="180" height="90"/>
</OView>
<OView class="oracle.dbtools.crest.swingui.logical.TVEntity" oid="236E7C15-6D26-6086-E364-534DFF1234D4" otype="Entity" vid="85E6C146-CBD1-CB89-CB85-215A4D2719C3">
<hideElementsInCurrentOnly>false</hideElementsInCurrentOnly>
<bounds x="96" y="177" width="140" height="62"/>
</OView>
<OView class="oracle.dbtools.crest.swingui.logical.TVEntity" oid="31D7E745-BF20-2475-44D8-43FE2613DC9A" otype="Entity" vid="24AC1A08-0A7D-E265-6CF6-C1025AD48FD2">
<hideElementsInCurrentOnly>false</hideElementsInCurrentOnly>
<bounds x="185" y="45" width="164" height="75"/>
</OView>
<OView class="oracle.dbtools.crest.swingui.logical.TVEntity" oid="38FA2BA3-27A0-5338-90FD-CFDBDD5249E8" otype="Entity" vid="18371CDF-A421-F7A7-132B-910BE8FE6B7C">
<hideElementsInCurrentOnly>false</hideElementsInCurrentOnly>
<bounds x="252" y="176" width="119" height="57"/>
</OView>
<OView class="oracle.dbtools.crest.swingui.logical.TVEntity" oid="3A018823-5E70-45BB-B5A4-EDA7E36B82F4" otype="Entity" vid="6822A438-A329-0E54-15C5-5F42334E6C56">
<hideElementsInCurrentOnly>false</hideElementsInCurrentOnly>
<bounds x="463" y="167" width="129" height="88"/>
</OView>
<OView class="oracle.dbtools.crest.swingui.TVNote" oid="73314347-20A4-0757-65AE-F46FDED775DE" otype="Note" vid="AD02AAA2-E66A-DF78-7DB0-CCD644CF9F40">
<hideElementsInCurrentOnly>false</hideElementsInCurrentOnly>
<bounds x="416" y="20" width="180" height="133"/>
<comment>Attributes in class &quot;product&quot; are awkward (a bit).&lt;br/&gt;Here&apos; s an example: &lt;br/&gt;Product: &lt;br/&gt;     2 liter Coca-cola pet&lt;br/&gt;&lt;br/&gt;sell_measure_unit: pet &lt;br/&gt;prod_quant_in_sold_unit: 2&lt;br/&gt;measure_unit_qpsu: liter </comment>
</OView>
<OView class="oracle.dbtools.crest.swingui.logical.TVEntity" oid="CE438035-A1E7-668F-8CE2-5917FDEDD9D3" otype="Entity" vid="12FBD0AF-08A7-58A6-62AD-7635DBAEFAF8">
<hideElementsInCurrentOnly>false</hideElementsInCurrentOnly>
<bounds x="76" y="135" width="305" height="114"/>
</OView>
<OView class="oracle.dbtools.crest.swingui.logical.TVEntity" oid="E28FADA5-2158-4442-7038-E3BEAA1BCAB0" otype="Entity" vid="28F8D969-979F-5BFF-BAE1-89DBBA8C4903">
<hideElementsInCurrentOnly>false</hideElementsInCurrentOnly>
<bounds x="50" y="28" width="341" height="231"/>
</OView>
<OView class="oracle.dbtools.crest.swingui.logical.TVEntity" oid="F83C1949-608D-81D4-5FB2-16FF9D499229" otype="Entity" vid="2CD4CFB2-0F80-89E5-911E-B378FC9A1BAD">
<hideElementsInCurrentOnly>false</hideElementsInCurrentOnly>
<bounds x="144" y="303" width="161" height="65"/>
</OView>
</objectViews>
<connectors>
<Connector class="oracle.dbtools.crest.swingui.logical.TVRelation" oid="2AFE7B4B-0337-CBB2-49DE-B73C185A50F3" otype="Relation" vid_source="E478D875-1C3F-F757-A4AA-55C8CEBA1E43" vid_target="2CD4CFB2-0F80-89E5-911E-B378FC9A1BAD">
<hideElementsInCurrentOnly>false</hideElementsInCurrentOnly>
<backgroundColor>-16777216</backgroundColor>
<lineWidth>1</lineWidth>
<points>
<point x="423" y="335"/>
<point x="305" y="335"/>
</points>
</Connector>
<Connector class="oracle.dbtools.crest.swingui.logical.TVRelation" oid="69FE3009-7F53-FC03-DF65-5913A34C5AD8" otype="Relation" vid_source="28F8D969-979F-5BFF-BAE1-89DBBA8C4903" vid_target="2CD4CFB2-0F80-89E5-911E-B378FC9A1BAD">
<hideElementsInCurrentOnly>false</hideElementsInCurrentOnly>
<backgroundColor>-16777216</backgroundColor>
<lineWidth>1</lineWidth>
<points>
<point x="224" y="259"/>
<point x="224" y="303"/>
</points>
</Connector>
<Connector class="oracle.dbtools.crest.swingui.logical.TVInheritanceRelation" oid="81C48145-1421-FB94-577D-742EE129B2B4" otype="Hierarchy relation" vid_source="12FBD0AF-08A7-58A6-62AD-7635DBAEFAF8" vid_target="85E6C146-CBD1-CB89-CB85-215A4D2719C3">
<hideElementsInCurrentOnly>false</hideElementsInCurrentOnly>
<backgroundColor>-65536</backgroundColor>
<lineWidth>1</lineWidth>
</Connector>
<Connector class="oracle.dbtools.crest.swingui.logical.TVRelation" oid="85F74E0B-BCDB-98C5-755E-D0BEFB91BF7F" otype="Relation" vid_source="6822A438-A329-0E54-15C5-5F42334E6C56" vid_target="28F8D969-979F-5BFF-BAE1-89DBBA8C4903">
<hideElementsInCurrentOnly>false</hideElementsInCurrentOnly>
<backgroundColor>-16777216</backgroundColor>
<lineWidth>1</lineWidth>
<points>
<point x="463" y="211"/>
<point x="391" y="211"/>
</points>
</Connector>
<Connector class="oracle.dbtools.crest.swingui.logical.TVInheritanceRelation" oid="9BFF8122-CB69-FA40-B338-4F41DE6F89C0" otype="Hierarchy relation" vid_source="12FBD0AF-08A7-58A6-62AD-7635DBAEFAF8" vid_target="18371CDF-A421-F7A7-132B-910BE8FE6B7C">
<hideElementsInCurrentOnly>false</hideElementsInCurrentOnly>
<backgroundColor>-65536</backgroundColor>
<lineWidth>1</lineWidth>
</Connector>
<Connector class="oracle.dbtools.crest.swingui.logical.TVInheritanceRelation" oid="9F7882A7-999D-0CC2-7820-A796FB9B3CCC" otype="Hierarchy relation" vid_source="28F8D969-979F-5BFF-BAE1-89DBBA8C4903" vid_target="24AC1A08-0A7D-E265-6CF6-C1025AD48FD2">
<hideElementsInCurrentOnly>false</hideElementsInCurrentOnly>
<backgroundColor>-65536</backgroundColor>
<lineWidth>1</lineWidth>
</Connector>
<Connector class="oracle.dbtools.crest.swingui.logical.TVInheritanceRelation" oid="C63A5930-6A1E-CC6E-8847-09051FA52665" otype="Hierarchy relation" vid_source="28F8D969-979F-5BFF-BAE1-89DBBA8C4903" vid_target="12FBD0AF-08A7-58A6-62AD-7635DBAEFAF8">
<hideElementsInCurrentOnly>false</hideElementsInCurrentOnly>
<backgroundColor>-65536</backgroundColor>
<lineWidth>1</lineWidth>
</Connector>
</connectors>
</Diagram>