<?xml version = '1.0' encoding = 'UTF-8'?>
<Relation class="oracle.dbtools.crest.model.design.logical.Relation" name="is_performed_by" directorySegmentName="seg_0" id="38F8AFDF-5117-A1C9-8116-A183A0DC14A1">
<createdBy>admin</createdBy>
<createdTime>2015-11-17 05:38:13 UTC</createdTime>
<ownerDesignName>11a_simple_request_flow</ownerDesignName>
<engineerTo>
<item key="6EDF8B8C-5E45-FCFF-E10C-927DE50C0D2A" value="true"/>
</engineerTo>
<sourcePk>0E55CB1C-7FD6-C37B-4BAB-38102960B520</sourcePk>
<identifying>true</identifying>
<optionalSource>true</optionalSource>
<optionalTarget>false</optionalTarget>
<sourceCardinality>1</sourceCardinality>
<sourceEntity>3EA21102-91A4-8937-EB53-A74A79D1A18E</sourceEntity>
<targetCardinalityString>*</targetCardinalityString>
<targetEntity>329BE96B-DE2C-475D-52E7-D5C96B2224DE</targetEntity>
<transferable>true</transferable>
</Relation>