<?xml version = '1.0' encoding = 'UTF-8'?>
<Relation class="oracle.dbtools.crest.model.design.logical.Relation" name="fills" directorySegmentName="seg_0" id="3E5B78A3-660D-7942-D308-1DB8931CCE52">
<createdBy>admin</createdBy>
<createdTime>2015-11-17 05:30:51 UTC</createdTime>
<ownerDesignName>11a_simple_request_flow</ownerDesignName>
<engineerTo>
<item key="6EDF8B8C-5E45-FCFF-E10C-927DE50C0D2A" value="true"/>
</engineerTo>
<sourcePk>9FA40920-CA5E-E41F-8B74-C61CF3244643</sourcePk>
<identifying>true</identifying>
<optionalSource>true</optionalSource>
<optionalTarget>false</optionalTarget>
<sourceCardinality>1</sourceCardinality>
<sourceEntity>CC2E4070-E51D-F1CC-0635-D8F86C3D0758</sourceEntity>
<targetCardinalityString>*</targetCardinalityString>
<targetEntity>394DE5A9-D863-199D-1A35-358B254204C6</targetEntity>
<transferable>true</transferable>
</Relation>