<?xml version = '1.0' encoding = 'UTF-8'?>
<Relation class="oracle.dbtools.crest.model.design.logical.Relation" name="is_organized_in" directorySegmentName="seg_0" id="490E076D-0EDF-842E-AC53-2939AE086EDB">
<createdBy>admin</createdBy>
<createdTime>2015-11-17 05:24:13 UTC</createdTime>
<ownerDesignName>11a_simple_request_flow</ownerDesignName>
<engineerTo>
<item key="6EDF8B8C-5E45-FCFF-E10C-927DE50C0D2A" value="true"/>
</engineerTo>
<sourcePk>84FE02A3-F976-A919-0D41-D0E32A852085</sourcePk>
<identifying>false</identifying>
<optionalSource>true</optionalSource>
<optionalTarget>false</optionalTarget>
<sourceCardinality>1</sourceCardinality>
<sourceEntity>DA08197E-EEC1-840A-62A1-75B0CCBC0A82</sourceEntity>
<targetCardinalityString>*</targetCardinalityString>
<targetEntity>37959DAC-E748-03DE-BF8D-C553082BFD0C</targetEntity>
<transferable>true</transferable>
</Relation>