<?xml version = '1.0' encoding = 'UTF-8'?>
<Relation class="oracle.dbtools.crest.model.design.logical.Relation" name="comprises" directorySegmentName="seg_0" id="7EA7BB4E-3FD5-038F-8F19-048021C712CE">
<createdBy>admin</createdBy>
<createdTime>2015-11-17 05:35:09 UTC</createdTime>
<ownerDesignName>11a_simple_request_flow</ownerDesignName>
<engineerTo>
<item key="6EDF8B8C-5E45-FCFF-E10C-927DE50C0D2A" value="true"/>
</engineerTo>
<sourcePk>88444296-FC91-6CB4-8F4E-EB572BF2F032</sourcePk>
<identifying>false</identifying>
<optionalSource>true</optionalSource>
<optionalTarget>false</optionalTarget>
<sourceCardinality>1</sourceCardinality>
<sourceEntity>37959DAC-E748-03DE-BF8D-C553082BFD0C</sourceEntity>
<targetCardinalityString>*</targetCardinalityString>
<targetEntity>3EA21102-91A4-8937-EB53-A74A79D1A18E</targetEntity>
<transferable>true</transferable>
</Relation>