<?xml version = '1.0' encoding = 'UTF-8'?>
<Relation class="oracle.dbtools.crest.model.design.logical.Relation" name="Relation_2" directorySegmentName="seg_0" id="99015D6D-24B2-EC74-11D9-669D1E7C19D5">
<createdBy>admin</createdBy>
<createdTime>2015-11-17 05:28:34 UTC</createdTime>
<ownerDesignName>11a_simple_request_flow</ownerDesignName>
<engineerTo>
<item key="6EDF8B8C-5E45-FCFF-E10C-927DE50C0D2A" value="true"/>
</engineerTo>
<sourcePk>D80D8F3E-B791-E5DA-960F-B745CF071F1C</sourcePk>
<identifying>false</identifying>
<optionalSource>true</optionalSource>
<optionalTarget>false</optionalTarget>
<sourceCardinality>1</sourceCardinality>
<sourceEntity>8A3435CF-733A-F43C-9122-1EC71F9E50DA</sourceEntity>
<targetCardinalityString>1</targetCardinalityString>
<targetEntity>CC2E4070-E51D-F1CC-0635-D8F86C3D0758</targetEntity>
<transferable>true</transferable>
</Relation>