<?xml version = '1.0' encoding = 'UTF-8'?>
<Relation class="oracle.dbtools.crest.model.design.logical.Relation" name="performs" directorySegmentName="seg_0" id="B20998AE-9B5D-17FD-048A-A843FF481843">
<createdBy>admin</createdBy>
<createdTime>2015-11-17 05:38:31 UTC</createdTime>
<ownerDesignName>11a_simple_request_flow</ownerDesignName>
<engineerTo>
<item key="6EDF8B8C-5E45-FCFF-E10C-927DE50C0D2A" value="true"/>
</engineerTo>
<sourcePk>6B8E859F-EB2F-7DF1-5D30-E7D60D028BCB</sourcePk>
<identifying>true</identifying>
<optionalSource>true</optionalSource>
<optionalTarget>false</optionalTarget>
<sourceCardinality>1</sourceCardinality>
<sourceEntity>185FDAED-4142-8F6C-1627-AB6430C52812</sourceEntity>
<targetCardinalityString>*</targetCardinalityString>
<targetEntity>329BE96B-DE2C-475D-52E7-D5C96B2224DE</targetEntity>
<transferable>true</transferable>
</Relation>