<?xml version = '1.0' encoding = 'UTF-8'?>
<Relation class="oracle.dbtools.crest.model.design.logical.Relation" name="appears_in" directorySegmentName="seg_0" id="B568B4AB-6371-8F89-B98B-3E0D38898EDB">
<createdBy>admin</createdBy>
<createdTime>2015-11-17 05:34:45 UTC</createdTime>
<ownerDesignName>11a_simple_request_flow</ownerDesignName>
<engineerTo>
<item key="6EDF8B8C-5E45-FCFF-E10C-927DE50C0D2A" value="true"/>
</engineerTo>
<sourcePk>1200AEE8-9AE4-8AAC-6AFC-28B3C5B2E165</sourcePk>
<identifying>false</identifying>
<optionalSource>true</optionalSource>
<optionalTarget>false</optionalTarget>
<sourceCardinality>1</sourceCardinality>
<sourceEntity>ABB7AA0D-B8EE-16B7-DC2B-65E73F6A5347</sourceEntity>
<targetCardinalityString>*</targetCardinalityString>
<targetEntity>3EA21102-91A4-8937-EB53-A74A79D1A18E</targetEntity>
<transferable>true</transferable>
</Relation>