<?xml version = '1.0' encoding = 'UTF-8'?>
<Diagram class="oracle.dbtools.crest.swingui.logical.DPVLogical" name="Logical" id="1D9E7102-5A79-F24D-6CDC-541810D915D1">
<createdBy>Marin F</createdBy>
<modifiedBy>admin</modifiedBy>
<createdTime>2011-07-11 06:51:52 UTC</createdTime>
<autoRoute>false</autoRoute>
<boxInbox>true</boxInbox>
<showLegend>false</showLegend>
<showLabels>false</showLabels>
<showRelAttributes>false</showRelAttributes>
<gridEnabled>false</gridEnabled>
<showGrid>false</showGrid>
<diagramColor>-1</diagramColor>
<display>false</display>
<notation>1</notation>
<objectViews>
<OView class="oracle.dbtools.crest.swingui.logical.TVEntity" oid="08E3BC06-4CF9-936A-D8B8-E4C6434B4779" otype="Entity" vid="B7652020-1602-FFB4-9432-8CE4F6A847C7">
<hideElementsInCurrentOnly>false</hideElementsInCurrentOnly>
<bounds x="367" y="12" width="115" height="73"/>
</OView>
<OView class="oracle.dbtools.crest.swingui.logical.TVEntity" oid="0AB40356-D92A-8831-5428-F06514DD049D" otype="Entity" vid="396446C6-DC2D-366A-2BFC-9C5E0C617769">
<hideElementsInCurrentOnly>false</hideElementsInCurrentOnly>
<bounds x="22" y="369" width="134" height="78"/>
</OView>
<OView class="oracle.dbtools.crest.swingui.logical.TVEntity" oid="159E3FB7-784F-F485-ADB8-DF20348E0DB5" otype="Entity" vid="3A695CA7-F357-56C1-63C4-3118573688C0">
<hideElementsInCurrentOnly>false</hideElementsInCurrentOnly>
<bounds x="232" y="409" width="105" height="65"/>
</OView>
<OView class="oracle.dbtools.crest.swingui.logical.TVEntity" oid="31CB7F12-471A-FF0E-39DA-B6D0798F14D5" otype="Entity" vid="DB7A8D8E-0340-DD7E-8606-7846315A1EC8">
<hideElementsInCurrentOnly>false</hideElementsInCurrentOnly>
<bounds x="577" y="108" width="147" height="99"/>
</OView>
<OView class="oracle.dbtools.crest.swingui.logical.TVEntity" oid="33FDE9F3-576F-7146-A3D1-ADA28F1E6B78" otype="Entity" vid="65753839-59FF-CEF7-7E9F-5D90664B4909">
<hideElementsInCurrentOnly>false</hideElementsInCurrentOnly>
<bounds x="222" y="62" width="134" height="80"/>
</OView>
<OView class="oracle.dbtools.crest.swingui.logical.TVEntity" oid="42A4EF6E-85D7-F909-8C66-C3CB408774D5" otype="Entity" vid="5398B38B-3E7D-C34C-1AF6-6A8403019809">
<hideElementsInCurrentOnly>false</hideElementsInCurrentOnly>
<bounds x="27" y="10" width="140" height="180"/>
</OView>
<OView class="oracle.dbtools.crest.swingui.logical.TVEntity" oid="52BD976E-8A14-57A3-2AF6-630E2EFDA1E7" otype="Entity" vid="6B7E180C-0573-43CA-0074-7E0D41C884E7">
<hideElementsInCurrentOnly>false</hideElementsInCurrentOnly>
<bounds x="599" y="286" width="123" height="50"/>
</OView>
<OView class="oracle.dbtools.crest.swingui.logical.TVEntity" oid="70249285-81D3-E5EF-EA1B-3DA98C418470" otype="Entity" vid="8338AEC5-8167-9FC2-E816-2C106E71189D">
<hideElementsInCurrentOnly>false</hideElementsInCurrentOnly>
<bounds x="213" y="306" width="124" height="69"/>
</OView>
<OView class="oracle.dbtools.crest.swingui.logical.TVEntity" oid="862CD71F-8ACA-33A5-6C24-FBA4AC6FAA7F" otype="Entity" vid="C7F8E35F-AE52-FA38-C5B9-B4B3B64E90C6">
<hideElementsInCurrentOnly>false</hideElementsInCurrentOnly>
<bounds x="438" y="119" width="119" height="114"/>
</OView>
<OView class="oracle.dbtools.crest.swingui.logical.TVEntity" oid="98D735D6-4742-C82D-7BFB-79BBDC624A7D" otype="Entity" vid="002F9AEC-EB3E-8AF6-0736-276F10B2281B">
<hideElementsInCurrentOnly>false</hideElementsInCurrentOnly>
<bounds x="577" y="9" width="132" height="78"/>
</OView>
<OView class="oracle.dbtools.crest.swingui.logical.TVEntity" oid="9B643DE7-AE99-9E3E-B7F8-CD5D91D01CAC" otype="Entity" vid="158A8EF5-B1A7-66C9-9DE6-D7572B53D1D7">
<hideElementsInCurrentOnly>false</hideElementsInCurrentOnly>
<bounds x="19" y="244" width="141" height="87"/>
</OView>
<OView class="oracle.dbtools.crest.swingui.logical.TVEntity" oid="9B6DCC06-4F09-1244-27C0-C0BE0CEF865A" otype="Entity" vid="A4967431-CF21-442E-58C6-01722461CAE5">
<hideElementsInCurrentOnly>false</hideElementsInCurrentOnly>
<bounds x="393" y="268" width="126" height="175"/>
</OView>
<OView class="oracle.dbtools.crest.swingui.logical.TVEntity" oid="AE183615-38B5-05D7-B4D4-C0A36668DC81" otype="Entity" vid="7755DB5B-CA08-484C-E3C8-710C9ACC1E03">
<hideElementsInCurrentOnly>false</hideElementsInCurrentOnly>
<bounds x="209" y="208" width="123" height="79"/>
</OView>
<OView class="oracle.dbtools.crest.swingui.logical.TVEntity" oid="B5901E4F-FE16-8497-C6FA-77254367AE09" otype="Entity" vid="2C1D9299-F087-1349-A594-13F7FD6B7702">
<hideElementsInCurrentOnly>false</hideElementsInCurrentOnly>
<bounds x="233" y="154" width="146" height="49"/>
</OView>
<OView class="oracle.dbtools.crest.swingui.logical.TVEntity" oid="B70CD4E1-34A8-9F6C-A3CF-403C1A0B635E" otype="Entity" vid="9EDFA38C-9BC5-803C-B77D-FB4158CBF06E">
<hideElementsInCurrentOnly>false</hideElementsInCurrentOnly>
<bounds x="599" y="233" width="131" height="46"/>
</OView>
<OView class="oracle.dbtools.crest.swingui.TVNote" oid="CB4A3394-71FA-2025-F2C8-B744801A17B4" otype="Note" vid="679908CF-D74B-2268-4B59-4BED5C16DFA1">
<hideElementsInCurrentOnly>false</hideElementsInCurrentOnly>
<bounds x="524" y="343" width="207" height="148"/>
<comment>New atributes (compared to &quot;sales_3&quot; schema):&lt;br/&gt;- &quot;current_balance&quot; in entity &quot;customer&quot;&lt;br/&gt;- &quot;amount_refused&quot; in entity &quot;invoice&quot;&lt;br/&gt;- &quot;n_of_rows&quot; in entity &quot;invoice&quot;&lt;br/&gt;- &quot;is_closed&quot; in entity &quot;invoice&quot;&lt;br/&gt;- &quot;invoice_status&quot; in entity &quot;invoice&quot;&lt;br/&gt;New entities:&lt;br/&gt;- &quot;refusal&quot;&lt;br/&gt;- &quot;refusal_product&quot;&lt;br/&gt;- &quot;cancelled_invoice&quot;</comment>
</OView>
</objectViews>
<connectors>
<Connector class="oracle.dbtools.crest.swingui.logical.TVRelation" oid="041CAC65-CEE4-CBF4-1D2E-12DF8E5B7D4E" otype="Relation" vid_source="B7652020-1602-FFB4-9432-8CE4F6A847C7" vid_target="C7F8E35F-AE52-FA38-C5B9-B4B3B64E90C6">
<hideElementsInCurrentOnly>false</hideElementsInCurrentOnly>
<lineWidth>1</lineWidth>
<points>
<point x="460" y="85"/>
<point x="460" y="119"/>
</points>
</Connector>
<Connector class="oracle.dbtools.crest.swingui.logical.TVRelation" oid="34A37B5B-544C-2D89-9AA4-162A2F3AA375" otype="Relation" vid_source="C7F8E35F-AE52-FA38-C5B9-B4B3B64E90C6" vid_target="65753839-59FF-CEF7-7E9F-5D90664B4909">
<hideElementsInCurrentOnly>false</hideElementsInCurrentOnly>
<lineWidth>1</lineWidth>
<points>
<point x="438" y="130"/>
<point x="356" y="130"/>
</points>
</Connector>
<Connector class="oracle.dbtools.crest.swingui.logical.TVRelation" oid="3887E4B0-99D7-4D22-8E5D-DB276E64F678" otype="Relation" vid_source="C7F8E35F-AE52-FA38-C5B9-B4B3B64E90C6" vid_target="A4967431-CF21-442E-58C6-01722461CAE5">
<hideElementsInCurrentOnly>false</hideElementsInCurrentOnly>
<lineWidth>1</lineWidth>
<points>
<point x="478" y="233"/>
<point x="478" y="268"/>
</points>
</Connector>
<Connector class="oracle.dbtools.crest.swingui.logical.TVRelation" oid="3DC8AEB8-57D3-AFB7-FCE8-7F08DCC93164" otype="Relation" vid_source="DB7A8D8E-0340-DD7E-8606-7846315A1EC8" vid_target="9EDFA38C-9BC5-803C-B77D-FB4158CBF06E">
<hideElementsInCurrentOnly>false</hideElementsInCurrentOnly>
<lineWidth>1</lineWidth>
<points>
<point x="661" y="207"/>
<point x="661" y="233"/>
</points>
</Connector>
<Connector class="oracle.dbtools.crest.swingui.logical.TVRelation" oid="6F42A286-0894-7836-2315-203EE65990C9" otype="Relation" vid_source="5398B38B-3E7D-C34C-1AF6-6A8403019809" vid_target="2C1D9299-F087-1349-A594-13F7FD6B7702">
<hideElementsInCurrentOnly>false</hideElementsInCurrentOnly>
<lineWidth>1</lineWidth>
<points>
<point x="167" y="172"/>
<point x="233" y="172"/>
</points>
</Connector>
<Connector class="oracle.dbtools.crest.swingui.logical.TVRelation" oid="7D2AD5BB-9026-8B35-F7CF-C8103C4BC4B7" otype="Relation" vid_source="A4967431-CF21-442E-58C6-01722461CAE5" vid_target="6B7E180C-0573-43CA-0074-7E0D41C884E7">
<hideElementsInCurrentOnly>false</hideElementsInCurrentOnly>
<lineWidth>1</lineWidth>
<points>
<point x="519" y="311"/>
<point x="599" y="311"/>
</points>
</Connector>
<Connector class="oracle.dbtools.crest.swingui.logical.TVRelation" oid="8616D814-14C5-793F-6448-01B5887F92E3" otype="Relation" vid_source="3A695CA7-F357-56C1-63C4-3118573688C0" vid_target="8338AEC5-8167-9FC2-E816-2C106E71189D">
<hideElementsInCurrentOnly>false</hideElementsInCurrentOnly>
<lineWidth>1</lineWidth>
<points>
<point x="284" y="409"/>
<point x="284" y="375"/>
</points>
</Connector>
<Connector class="oracle.dbtools.crest.swingui.logical.TVRelation" oid="8C1FC7B8-6660-31CC-55EE-8BE19F7D8F4F" otype="Relation" vid_source="B7652020-1602-FFB4-9432-8CE4F6A847C7" vid_target="5398B38B-3E7D-C34C-1AF6-6A8403019809">
<hideElementsInCurrentOnly>false</hideElementsInCurrentOnly>
<lineWidth>1</lineWidth>
<points>
<point x="367" y="48"/>
<point x="167" y="48"/>
</points>
</Connector>
<Connector class="oracle.dbtools.crest.swingui.logical.TVRelation" oid="8C27B7DD-45FA-8245-524F-9A753EC7EF80" otype="Relation" vid_source="158A8EF5-B1A7-66C9-9DE6-D7572B53D1D7" vid_target="8338AEC5-8167-9FC2-E816-2C106E71189D">
<hideElementsInCurrentOnly>false</hideElementsInCurrentOnly>
<lineWidth>1</lineWidth>
<points>
<point x="160" y="318"/>
<point x="213" y="318"/>
</points>
</Connector>
<Connector class="oracle.dbtools.crest.swingui.logical.TVRelation" oid="A29855C0-B8E0-9AB1-939F-006BD29DD707" otype="Relation" vid_source="158A8EF5-B1A7-66C9-9DE6-D7572B53D1D7" vid_target="7755DB5B-CA08-484C-E3C8-710C9ACC1E03">
<hideElementsInCurrentOnly>false</hideElementsInCurrentOnly>
<lineWidth>1</lineWidth>
<points>
<point x="160" y="265"/>
<point x="209" y="265"/>
</points>
</Connector>
<Connector class="oracle.dbtools.crest.swingui.logical.TVRelation" oid="B20EC83E-C530-0234-2A11-A79159E7DE1C" otype="Relation" vid_source="158A8EF5-B1A7-66C9-9DE6-D7572B53D1D7" vid_target="396446C6-DC2D-366A-2BFC-9C5E0C617769">
<hideElementsInCurrentOnly>false</hideElementsInCurrentOnly>
<lineWidth>1</lineWidth>
<points>
<point x="89" y="331"/>
<point x="89" y="369"/>
</points>
</Connector>
<Connector class="oracle.dbtools.crest.swingui.logical.TVRelation" oid="B4FE6DAF-4B3F-DC93-501E-907D8D4A2E0D" otype="Relation" vid_source="5398B38B-3E7D-C34C-1AF6-6A8403019809" vid_target="65753839-59FF-CEF7-7E9F-5D90664B4909">
<hideElementsInCurrentOnly>false</hideElementsInCurrentOnly>
<lineWidth>1</lineWidth>
<points>
<point x="167" y="120"/>
<point x="222" y="120"/>
</points>
</Connector>
<Connector class="oracle.dbtools.crest.swingui.logical.TVRelation" oid="BFF71C8D-60AE-DDB3-E312-B35FE343EFE9" otype="Relation" vid_source="A4967431-CF21-442E-58C6-01722461CAE5" vid_target="9EDFA38C-9BC5-803C-B77D-FB4158CBF06E">
<hideElementsInCurrentOnly>false</hideElementsInCurrentOnly>
<lineWidth>1</lineWidth>
<points>
<point x="519" y="273"/>
<point x="599" y="273"/>
</points>
</Connector>
<Connector class="oracle.dbtools.crest.swingui.logical.TVRelation" oid="C8A70461-C856-4D8C-9F97-C9F252DDEE62" otype="Relation" vid_source="C7F8E35F-AE52-FA38-C5B9-B4B3B64E90C6" vid_target="2C1D9299-F087-1349-A594-13F7FD6B7702">
<hideElementsInCurrentOnly>false</hideElementsInCurrentOnly>
<lineWidth>1</lineWidth>
<points>
<point x="438" y="178"/>
<point x="379" y="178"/>
</points>
</Connector>
<Connector class="oracle.dbtools.crest.swingui.logical.TVRelation" oid="D42DE3C4-CE63-CA76-6A11-59ADAADC375E" otype="Relation" vid_source="002F9AEC-EB3E-8AF6-0736-276F10B2281B" vid_target="B7652020-1602-FFB4-9432-8CE4F6A847C7">
<hideElementsInCurrentOnly>false</hideElementsInCurrentOnly>
<lineWidth>1</lineWidth>
<points>
<point x="577" y="48"/>
<point x="482" y="48"/>
</points>
</Connector>
<Connector class="oracle.dbtools.crest.swingui.logical.TVRelation" oid="E7FFA077-44AC-87FA-065E-BFAA11FE6881" otype="Relation" vid_source="A4967431-CF21-442E-58C6-01722461CAE5" vid_target="3A695CA7-F357-56C1-63C4-3118573688C0">
<hideElementsInCurrentOnly>false</hideElementsInCurrentOnly>
<lineWidth>1</lineWidth>
<points>
<point x="393" y="426"/>
<point x="337" y="426"/>
</points>
</Connector>
<Connector class="oracle.dbtools.crest.swingui.logical.TVRelation" oid="FDA6341C-BE50-5CE3-3821-644B4FD1FDCC" otype="Relation" vid_source="A4967431-CF21-442E-58C6-01722461CAE5" vid_target="7755DB5B-CA08-484C-E3C8-710C9ACC1E03">
<hideElementsInCurrentOnly>false</hideElementsInCurrentOnly>
<lineWidth>1</lineWidth>
<points>
<point x="393" y="277"/>
<point x="332" y="277"/>
</points>
</Connector>
</connectors>
</Diagram>