<?xml version = '1.0' encoding = 'UTF-8'?>
<DataTypesDesign class="oracle.dbtools.crest.model.design.datatypes.DataTypesDesign" name="DataTypes" id="8F428152-1C26-CA8E-CEBB-B206ADC7B137" mainViewID="051EBE66-86F5-C33F-D241-198B3F61CD07">
<createdBy>Marin F</createdBy>
<createdTime>2011-12-12 06:48:28 UTC</createdTime>
<ownerDesignName>06_Modele_dotari_standard_optionale</ownerDesignName>
<shouldBeOpen>false</shouldBeOpen>
<defaultArrayLimit>10</defaultArrayLimit>
<useRoleInAssociationEndAsName>true</useRoleInAssociationEndAsName>
</DataTypesDesign>