<?xml version = '1.0' encoding = 'UTF-8'?>
<FKIndexAssociation class="oracle.dbtools.crest.model.design.relational.FKIndexAssociation" directorySegmentName="seg_0" id="48E13B47-46E0-ACE1-E2E1-DA440E8A56A8" containerWithKeyObject="37D48CD1-648F-F693-4433-E0B23CCD6EC3" localFKIndex="6D13227B-F8EA-D3C1-13D7-FEE377F030C0" name="subordination_node_FKv2">
<createdBy>marinfotache</createdBy>
<createdTime>2018-11-03 05:31:32 UTC</createdTime>
<generatorID>028FBF69-D019-900F-03CF-ADFBB99D81BC</generatorID>
<ownerDesignName>08a_basic_tree</ownerDesignName>
<referredTableLongName>node</referredTableLongName>
<deleteRule>NO ACTION</deleteRule>
<referredTableID>DB94F827-8877-C70A-2E0D-58193466AA90</referredTableID>
<keyObject>EE1B1230-F7C9-D7EE-6BA6-525DF6EE91D1</keyObject>
<referredKeyID>EE1B1230-F7C9-D7EE-6BA6-525DF6EE91D1</referredKeyID>
<mandatory>true</mandatory>
<refColNames>node_id</refColNames>
<transferable>true</transferable>
<rely>false</rely>
<columnDependencyConstraintGenerateInDDL>true</columnDependencyConstraintGenerateInDDL>
</FKIndexAssociation>