<?xml version = '1.0' encoding = 'UTF-8'?>
<FKIndexAssociation class="oracle.dbtools.crest.model.design.relational.FKIndexAssociation" directorySegmentName="seg_0" id="9B771541-D804-62F8-5787-1B084E10390E" containerWithKeyObject="37D48CD1-648F-F693-4433-E0B23CCD6EC3" localFKIndex="8DF16F7E-1180-58C0-D479-DF6E2D32C170" name="subordination_node_FK">
<createdBy>marinfotache</createdBy>
<createdTime>2018-11-03 05:31:32 UTC</createdTime>
<generatorID>B4173E1E-F578-6A72-B3A3-9210D4F76136</generatorID>
<ownerDesignName>08a_basic_tree</ownerDesignName>
<referredTableLongName>node</referredTableLongName>
<deleteRule>NO ACTION</deleteRule>
<referredTableID>DB94F827-8877-C70A-2E0D-58193466AA90</referredTableID>
<keyObject>EE1B1230-F7C9-D7EE-6BA6-525DF6EE91D1</keyObject>
<referredKeyID>EE1B1230-F7C9-D7EE-6BA6-525DF6EE91D1</referredKeyID>
<mandatory>true</mandatory>
<refColNames>node_id</refColNames>
<transferable>true</transferable>
<rely>false</rely>
<columnDependencyConstraintGenerateInDDL>true</columnDependencyConstraintGenerateInDDL>
</FKIndexAssociation>