<?xml version = '1.0' encoding = 'UTF-8'?>
<FKIndexAssociation class="oracle.dbtools.crest.model.design.relational.FKIndexAssociation" directorySegmentName="seg_0" id="0DAF1DF4-52FF-A69C-A3D8-291EA768D7AA" containerWithKeyObject="7E237454-3B9F-E4B9-FB67-0F78E50A1A25" localFKIndex="98495BA7-DB32-9F08-7DED-308CE74AC719" name="refused_products_refusals_FK">
<createdBy>marinfotache</createdBy>
<createdTime>2018-10-25 20:30:11 UTC</createdTime>
<generatorID>8616D814-14C5-793F-6448-01B5887F92E3</generatorID>
<ownerDesignName>sales_5</ownerDesignName>
<referredTableLongName>refusals</referredTableLongName>
<deleteRule>NO ACTION</deleteRule>
<referredTableID>8B70264C-2781-6916-C6C2-E8A99AA74216</referredTableID>
<keyObject>B265811A-D21F-6F79-0EAC-98B7F7D22384</keyObject>
<referredKeyID>B265811A-D21F-6F79-0EAC-98B7F7D22384</referredKeyID>
<mandatory>true</mandatory>
<refColNames>refusal_id</refColNames>
<transferable>true</transferable>
<rely>false</rely>
<columnDependencyConstraintGenerateInDDL>true</columnDependencyConstraintGenerateInDDL>
</FKIndexAssociation>