<?xml version = '1.0' encoding = 'UTF-8'?>
<FKIndexAssociation class="oracle.dbtools.crest.model.design.relational.FKIndexAssociation" directorySegmentName="seg_0" id="255AAC4D-4EA4-5106-1C84-5A7B24766817" containerWithKeyObject="2172E149-8173-92B7-1E4B-5D20EED098D6" localFKIndex="6F5C6543-3B24-A515-3241-119206868222" name="invoices_customers_FK">
<createdBy>marinfotache</createdBy>
<createdTime>2018-10-25 20:30:11 UTC</createdTime>
<generatorID>3887E4B0-99D7-4D22-8E5D-DB276E64F678</generatorID>
<ownerDesignName>sales_5</ownerDesignName>
<referredTableLongName>customers</referredTableLongName>
<deleteRule>NO ACTION</deleteRule>
<referredTableID>80CF5151-C175-9006-726D-C227440B4BDA</referredTableID>
<keyObject>9BAA7ED3-E2C6-0C5D-0823-CD3DF769E4EA</keyObject>
<referredKeyID>9BAA7ED3-E2C6-0C5D-0823-CD3DF769E4EA</referredKeyID>
<mandatory>true</mandatory>
<refColNames>cust_id</refColNames>
<transferable>true</transferable>
<rely>false</rely>
<columnDependencyConstraintGenerateInDDL>true</columnDependencyConstraintGenerateInDDL>
</FKIndexAssociation>