<?xml version = '1.0' encoding = 'UTF-8'?>
<FKIndexAssociation class="oracle.dbtools.crest.model.design.relational.FKIndexAssociation" directorySegmentName="seg_0" id="2CB7AFF6-EE8A-48E7-8686-329C2CD3473C" containerWithKeyObject="7E237454-3B9F-E4B9-FB67-0F78E50A1A25" localFKIndex="7184497F-A9ED-AD06-E090-5B90010AE402" name="refused_products_products_FK">
<createdBy>marinfotache</createdBy>
<createdTime>2018-10-25 20:30:11 UTC</createdTime>
<generatorID>8C27B7DD-45FA-8245-524F-9A753EC7EF80</generatorID>
<ownerDesignName>sales_5</ownerDesignName>
<referredTableLongName>products</referredTableLongName>
<deleteRule>NO ACTION</deleteRule>
<referredTableID>F857BC7E-0BB5-20F2-06FC-799502FECDF9</referredTableID>
<keyObject>774E5CF6-6F8B-15BB-9B75-EB0058E07BAC</keyObject>
<referredKeyID>774E5CF6-6F8B-15BB-9B75-EB0058E07BAC</referredKeyID>
<mandatory>true</mandatory>
<refColNames>product_id</refColNames>
<transferable>true</transferable>
<rely>false</rely>
<columnDependencyConstraintGenerateInDDL>true</columnDependencyConstraintGenerateInDDL>
</FKIndexAssociation>