<?xml version = '1.0' encoding = 'UTF-8'?>
<FKIndexAssociation class="oracle.dbtools.crest.model.design.relational.FKIndexAssociation" directorySegmentName="seg_0" id="425A7C06-3937-A2B6-6358-CFD35D682D09" containerWithKeyObject="0673C6EA-83F2-4F07-D341-2B8CE980DC14" localFKIndex="2242C0CD-747E-95B3-8DD3-83611D2342DC" name="invoice_details_products_FK">
<createdBy>marinfotache</createdBy>
<createdTime>2018-10-25 20:30:11 UTC</createdTime>
<generatorID>A29855C0-B8E0-9AB1-939F-006BD29DD707</generatorID>
<ownerDesignName>sales_5</ownerDesignName>
<referredTableLongName>products</referredTableLongName>
<deleteRule>NO ACTION</deleteRule>
<referredTableID>F857BC7E-0BB5-20F2-06FC-799502FECDF9</referredTableID>
<keyObject>774E5CF6-6F8B-15BB-9B75-EB0058E07BAC</keyObject>
<referredKeyID>774E5CF6-6F8B-15BB-9B75-EB0058E07BAC</referredKeyID>
<mandatory>true</mandatory>
<refColNames>product_id</refColNames>
<transferable>true</transferable>
<rely>false</rely>
<columnDependencyConstraintGenerateInDDL>true</columnDependencyConstraintGenerateInDDL>
</FKIndexAssociation>