<?xml version = '1.0' encoding = 'UTF-8'?>
<FKIndexAssociation class="oracle.dbtools.crest.model.design.relational.FKIndexAssociation" directorySegmentName="seg_0" id="42C4BB05-F503-4760-1B8C-BBACC2FD98E9" containerWithKeyObject="AB1D4C95-6080-F605-63E8-D28B38CAF31C" localFKIndex="24ADF1B9-CB8D-3E1B-DAE1-B4C42DCF6E68" name="product_montly_stats_products_FK">
<createdBy>marinfotache</createdBy>
<createdTime>2018-10-25 20:30:11 UTC</createdTime>
<generatorID>08EB082B-1F6E-B511-CB1F-66F5D235BF07</generatorID>
<ownerDesignName>sales_5</ownerDesignName>
<referredTableLongName>products</referredTableLongName>
<deleteRule>NO ACTION</deleteRule>
<referredTableID>F857BC7E-0BB5-20F2-06FC-799502FECDF9</referredTableID>
<keyObject>774E5CF6-6F8B-15BB-9B75-EB0058E07BAC</keyObject>
<referredKeyID>774E5CF6-6F8B-15BB-9B75-EB0058E07BAC</referredKeyID>
<mandatory>true</mandatory>
<refColNames>product_id</refColNames>
<transferable>true</transferable>
<rely>false</rely>
<columnDependencyConstraintGenerateInDDL>true</columnDependencyConstraintGenerateInDDL>
</FKIndexAssociation>