<?xml version = '1.0' encoding = 'UTF-8'?>
<FKIndexAssociation class="oracle.dbtools.crest.model.design.relational.FKIndexAssociation" directorySegmentName="seg_0" id="5F8777AD-BA53-2AEC-3941-9C77C4759D37" containerWithKeyObject="8B70264C-2781-6916-C6C2-E8A99AA74216" localFKIndex="B2E89CB9-5A16-E52D-8F43-619C7A093E16" name="refusals_invoices_FK">
<createdBy>marinfotache</createdBy>
<createdTime>2018-10-25 20:30:11 UTC</createdTime>
<generatorID>E7FFA077-44AC-87FA-065E-BFAA11FE6881</generatorID>
<ownerDesignName>sales_5</ownerDesignName>
<referredTableLongName>invoices</referredTableLongName>
<deleteRule>NO ACTION</deleteRule>
<referredTableID>2172E149-8173-92B7-1E4B-5D20EED098D6</referredTableID>
<keyObject>3BA04348-0020-8B2F-50D2-5E46AB7356D1</keyObject>
<referredKeyID>3BA04348-0020-8B2F-50D2-5E46AB7356D1</referredKeyID>
<mandatory>true</mandatory>
<refColNames>invoice_id</refColNames>
<transferable>true</transferable>
<rely>false</rely>
<columnDependencyConstraintGenerateInDDL>true</columnDependencyConstraintGenerateInDDL>
</FKIndexAssociation>