<?xml version = '1.0' encoding = 'UTF-8'?>
<FKIndexAssociation class="oracle.dbtools.crest.model.design.relational.FKIndexAssociation" directorySegmentName="seg_0" id="67CEECFB-B451-140B-7A58-738293936CB6" containerWithKeyObject="5ECE9E26-9774-F203-5040-EA8679874471" localFKIndex="50CE85ED-5081-2433-7495-029F08D59ED2" name="current_contacts_customers_FK">
<createdBy>marinfotache</createdBy>
<createdTime>2018-10-25 20:30:11 UTC</createdTime>
<generatorID>C8A70461-C856-4D8C-9F97-C9F252DDEE62</generatorID>
<ownerDesignName>sales_5</ownerDesignName>
<referredTableLongName>customers</referredTableLongName>
<deleteRule>NO ACTION</deleteRule>
<referredTableID>80CF5151-C175-9006-726D-C227440B4BDA</referredTableID>
<keyObject>9BAA7ED3-E2C6-0C5D-0823-CD3DF769E4EA</keyObject>
<referredKeyID>9BAA7ED3-E2C6-0C5D-0823-CD3DF769E4EA</referredKeyID>
<mandatory>true</mandatory>
<refColNames>cust_id</refColNames>
<transferable>true</transferable>
<rely>false</rely>
<columnDependencyConstraintGenerateInDDL>true</columnDependencyConstraintGenerateInDDL>
</FKIndexAssociation>