<?xml version = '1.0' encoding = 'UTF-8'?>
<FKIndexAssociation class="oracle.dbtools.crest.model.design.relational.FKIndexAssociation" directorySegmentName="seg_0" id="6AE43120-2436-1ADD-7CF6-ACFCF7AA5A00" containerWithKeyObject="29F615BB-FFAC-AE86-BBB1-957F0923AA83" localFKIndex="17F739C5-8290-6E21-46E6-4660A499C305" name="former_vat_percents_products_FK">
<createdBy>marinfotache</createdBy>
<createdTime>2018-10-25 20:30:11 UTC</createdTime>
<generatorID>B20EC83E-C530-0234-2A11-A79159E7DE1C</generatorID>
<ownerDesignName>sales_5</ownerDesignName>
<referredTableLongName>products</referredTableLongName>
<deleteRule>NO ACTION</deleteRule>
<referredTableID>F857BC7E-0BB5-20F2-06FC-799502FECDF9</referredTableID>
<keyObject>774E5CF6-6F8B-15BB-9B75-EB0058E07BAC</keyObject>
<referredKeyID>774E5CF6-6F8B-15BB-9B75-EB0058E07BAC</referredKeyID>
<mandatory>true</mandatory>
<refColNames>product_id</refColNames>
<transferable>true</transferable>
<rely>false</rely>
<columnDependencyConstraintGenerateInDDL>true</columnDependencyConstraintGenerateInDDL>
</FKIndexAssociation>