<?xml version = '1.0' encoding = 'UTF-8'?>
<FKIndexAssociation class="oracle.dbtools.crest.model.design.relational.FKIndexAssociation" directorySegmentName="seg_0" id="7DC36B67-4169-1AB2-473E-28A662BA9816" containerWithKeyObject="4B0B846E-D660-BC22-ADF6-47DBF27ED3C9" localFKIndex="C48EEBA6-0DA5-D9D1-6635-427A05DD1D80" name="customer_montly_stats_customers_FK">
<createdBy>marinfotache</createdBy>
<createdTime>2018-10-25 20:30:11 UTC</createdTime>
<generatorID>58D22822-17DE-E93C-8D0C-0080DAFE466C</generatorID>
<ownerDesignName>sales_5</ownerDesignName>
<referredTableLongName>customers</referredTableLongName>
<deleteRule>NO ACTION</deleteRule>
<referredTableID>80CF5151-C175-9006-726D-C227440B4BDA</referredTableID>
<keyObject>9BAA7ED3-E2C6-0C5D-0823-CD3DF769E4EA</keyObject>
<referredKeyID>9BAA7ED3-E2C6-0C5D-0823-CD3DF769E4EA</referredKeyID>
<mandatory>true</mandatory>
<refColNames>cust_id</refColNames>
<transferable>true</transferable>
<rely>false</rely>
<columnDependencyConstraintGenerateInDDL>true</columnDependencyConstraintGenerateInDDL>
</FKIndexAssociation>