<?xml version = '1.0' encoding = 'UTF-8'?>
<FKIndexAssociation class="oracle.dbtools.crest.model.design.relational.FKIndexAssociation" directorySegmentName="seg_0" id="82DEF414-CC90-A3FF-F524-0C68FD5CED18" containerWithKeyObject="5ECE9E26-9774-F203-5040-EA8679874471" localFKIndex="686F89F0-13A0-60A6-9F98-F5510EDDA1F6" name="current_contacts_people_FK">
<createdBy>marinfotache</createdBy>
<createdTime>2018-10-25 20:30:11 UTC</createdTime>
<generatorID>6F42A286-0894-7836-2315-203EE65990C9</generatorID>
<ownerDesignName>sales_5</ownerDesignName>
<referredTableLongName>people</referredTableLongName>
<deleteRule>NO ACTION</deleteRule>
<referredTableID>1FAAD92B-B89F-E652-7DAF-6C798BF68EAC</referredTableID>
<keyObject>16DF7A42-758E-752C-DB50-7918909355F3</keyObject>
<referredKeyID>16DF7A42-758E-752C-DB50-7918909355F3</referredKeyID>
<mandatory>true</mandatory>
<refColNames>pers_id</refColNames>
<transferable>true</transferable>
<rely>false</rely>
<columnDependencyConstraintGenerateInDDL>true</columnDependencyConstraintGenerateInDDL>
</FKIndexAssociation>