<?xml version = '1.0' encoding = 'UTF-8'?>
<FKIndexAssociation class="oracle.dbtools.crest.model.design.relational.FKIndexAssociation" directorySegmentName="seg_0" id="88959510-041C-A5E4-0715-5FB84680E002" containerWithKeyObject="30008EE8-D175-8394-34B8-DCD85110FB1B" localFKIndex="4AB15F98-6537-32EF-E22E-A34EF86F03C7" name="cancelled_invoices_invoices_FK">
<createdBy>marinfotache</createdBy>
<createdTime>2018-10-25 20:30:11 UTC</createdTime>
<generatorID>7D2AD5BB-9026-8B35-F7CF-C8103C4BC4B7</generatorID>
<ownerDesignName>sales_5</ownerDesignName>
<referredTableLongName>invoices</referredTableLongName>
<deleteRule>NO ACTION</deleteRule>
<referredTableID>2172E149-8173-92B7-1E4B-5D20EED098D6</referredTableID>
<keyObject>3BA04348-0020-8B2F-50D2-5E46AB7356D1</keyObject>
<referredKeyID>3BA04348-0020-8B2F-50D2-5E46AB7356D1</referredKeyID>
<mandatory>true</mandatory>
<refColNames>invoice_id</refColNames>
<transferable>true</transferable>
<rely>false</rely>
<columnDependencyConstraintGenerateInDDL>true</columnDependencyConstraintGenerateInDDL>
</FKIndexAssociation>