<?xml version = '1.0' encoding = 'UTF-8'?>
<FKIndexAssociation class="oracle.dbtools.crest.model.design.relational.FKIndexAssociation" directorySegmentName="seg_0" id="962E141C-3570-F044-8422-CBC74D82B6EA" containerWithKeyObject="AB1D4C95-6080-F605-63E8-D28B38CAF31C" localFKIndex="27E51A85-092B-A22B-FE37-E841DA588FA4" name="product_montly_stats_months_FK">
<createdBy>marinfotache</createdBy>
<createdTime>2018-10-25 20:30:11 UTC</createdTime>
<generatorID>AA5D1984-FB1D-A844-1D48-1557DD1B109A</generatorID>
<ownerDesignName>sales_5</ownerDesignName>
<referredTableLongName>months</referredTableLongName>
<deleteRule>NO ACTION</deleteRule>
<referredTableID>61E303EF-8213-33AC-9CB4-69E5B64E8E64</referredTableID>
<keyObject>0CCD05CD-706B-3805-735B-AB4CA8ACF751</keyObject>
<referredKeyID>0CCD05CD-706B-3805-735B-AB4CA8ACF751</referredKeyID>
<mandatory>true</mandatory>
<refColNames>year,month</refColNames>
<transferable>true</transferable>
<rely>false</rely>
<columnDependencyConstraintGenerateInDDL>true</columnDependencyConstraintGenerateInDDL>
</FKIndexAssociation>