<?xml version = '1.0' encoding = 'UTF-8'?>
<FKIndexAssociation class="oracle.dbtools.crest.model.design.relational.FKIndexAssociation" directorySegmentName="seg_0" id="9D44DD4E-26E0-2242-C313-7835F675F74A" containerWithKeyObject="4B0B846E-D660-BC22-ADF6-47DBF27ED3C9" localFKIndex="B5A809DF-8D0C-AEDA-7CEC-9CF81EE66897" name="customer_montly_stats_months_FK">
<createdBy>marinfotache</createdBy>
<createdTime>2018-10-25 20:30:11 UTC</createdTime>
<generatorID>2DC15E09-67BA-D635-873E-EF619E27F9D3</generatorID>
<ownerDesignName>sales_5</ownerDesignName>
<referredTableLongName>months</referredTableLongName>
<deleteRule>NO ACTION</deleteRule>
<referredTableID>61E303EF-8213-33AC-9CB4-69E5B64E8E64</referredTableID>
<keyObject>0CCD05CD-706B-3805-735B-AB4CA8ACF751</keyObject>
<referredKeyID>0CCD05CD-706B-3805-735B-AB4CA8ACF751</referredKeyID>
<mandatory>true</mandatory>
<refColNames>year,month</refColNames>
<transferable>true</transferable>
<rely>false</rely>
<columnDependencyConstraintGenerateInDDL>true</columnDependencyConstraintGenerateInDDL>
</FKIndexAssociation>