<?xml version = '1.0' encoding = 'UTF-8'?>
<FKIndexAssociation class="oracle.dbtools.crest.model.design.relational.FKIndexAssociation" directorySegmentName="seg_0" id="A9BBC1FD-50CD-56EE-19E8-D88D963E7FC6" containerWithKeyObject="F712AEFA-DD70-BED9-8B1C-510CA32F4D59" localFKIndex="86D85E10-ADEB-CB38-FE04-F199E292A83B" name="postal_codes_counties_FK">
<createdBy>marinfotache</createdBy>
<createdTime>2018-10-25 20:30:11 UTC</createdTime>
<generatorID>D42DE3C4-CE63-CA76-6A11-59ADAADC375E</generatorID>
<ownerDesignName>sales_5</ownerDesignName>
<referredTableLongName>counties</referredTableLongName>
<deleteRule>NO ACTION</deleteRule>
<referredTableID>5126BC51-C9C9-3E84-D387-74C85030708D</referredTableID>
<keyObject>3328CA03-DE50-B9D8-C703-A1DCEE0D4640</keyObject>
<referredKeyID>3328CA03-DE50-B9D8-C703-A1DCEE0D4640</referredKeyID>
<mandatory>true</mandatory>
<refColNames>county_code</refColNames>
<transferable>true</transferable>
<rely>false</rely>
<columnDependencyConstraintGenerateInDDL>true</columnDependencyConstraintGenerateInDDL>
</FKIndexAssociation>