<?xml version = '1.0' encoding = 'UTF-8'?>
<FKIndexAssociation class="oracle.dbtools.crest.model.design.relational.FKIndexAssociation" directorySegmentName="seg_0" id="ACE9887B-E6E7-5343-6F3F-AF952991EF09" containerWithKeyObject="0673C6EA-83F2-4F07-D341-2B8CE980DC14" localFKIndex="7E4D5877-8F2A-3080-8044-E94E240D1C80" name="invoice_details_invoices_FK">
<createdBy>marinfotache</createdBy>
<createdTime>2018-10-25 20:30:11 UTC</createdTime>
<generatorID>FDA6341C-BE50-5CE3-3821-644B4FD1FDCC</generatorID>
<ownerDesignName>sales_5</ownerDesignName>
<referredTableLongName>invoices</referredTableLongName>
<deleteRule>NO ACTION</deleteRule>
<referredTableID>2172E149-8173-92B7-1E4B-5D20EED098D6</referredTableID>
<keyObject>3BA04348-0020-8B2F-50D2-5E46AB7356D1</keyObject>
<referredKeyID>3BA04348-0020-8B2F-50D2-5E46AB7356D1</referredKeyID>
<mandatory>true</mandatory>
<refColNames>invoice_id</refColNames>
<transferable>true</transferable>
<rely>false</rely>
<columnDependencyConstraintGenerateInDDL>true</columnDependencyConstraintGenerateInDDL>
</FKIndexAssociation>