<?xml version = '1.0' encoding = 'UTF-8'?>
<FKIndexAssociation class="oracle.dbtools.crest.model.design.relational.FKIndexAssociation" directorySegmentName="seg_0" id="B30A104B-96E6-9235-5CAF-6C9299DC363E" containerWithKeyObject="F7CB2C55-45C2-EF20-0863-71A6C2F89D54" localFKIndex="5D55EBE7-73B4-7E57-4ABA-19869BF764DF" name="receipt_details_invoices_FK">
<createdBy>marinfotache</createdBy>
<createdTime>2018-10-25 20:30:11 UTC</createdTime>
<generatorID>BFF71C8D-60AE-DDB3-E312-B35FE343EFE9</generatorID>
<ownerDesignName>sales_5</ownerDesignName>
<referredTableLongName>invoices</referredTableLongName>
<deleteRule>NO ACTION</deleteRule>
<referredTableID>2172E149-8173-92B7-1E4B-5D20EED098D6</referredTableID>
<keyObject>3BA04348-0020-8B2F-50D2-5E46AB7356D1</keyObject>
<referredKeyID>3BA04348-0020-8B2F-50D2-5E46AB7356D1</referredKeyID>
<mandatory>true</mandatory>
<refColNames>invoice_id</refColNames>
<transferable>true</transferable>
<rely>false</rely>
<columnDependencyConstraintGenerateInDDL>true</columnDependencyConstraintGenerateInDDL>
</FKIndexAssociation>