<?xml version = '1.0' encoding = 'UTF-8'?>
<FKIndexAssociation class="oracle.dbtools.crest.model.design.relational.FKIndexAssociation" directorySegmentName="seg_0" id="CC48C021-ED1C-6959-C14B-5E21648B9438" containerWithKeyObject="43CEE9AA-BF06-755B-8117-0A267FFBE1DF" localFKIndex="0EE8234F-FE50-B8B0-C470-54D40F21D157" name="former_contacts_people_FK">
<createdBy>marinfotache</createdBy>
<createdTime>2018-10-25 20:30:11 UTC</createdTime>
<generatorID>B4FE6DAF-4B3F-DC93-501E-907D8D4A2E0D</generatorID>
<ownerDesignName>sales_5</ownerDesignName>
<referredTableLongName>people</referredTableLongName>
<deleteRule>NO ACTION</deleteRule>
<referredTableID>1FAAD92B-B89F-E652-7DAF-6C798BF68EAC</referredTableID>
<keyObject>16DF7A42-758E-752C-DB50-7918909355F3</keyObject>
<referredKeyID>16DF7A42-758E-752C-DB50-7918909355F3</referredKeyID>
<mandatory>true</mandatory>
<refColNames>pers_id</refColNames>
<transferable>true</transferable>
<rely>false</rely>
<columnDependencyConstraintGenerateInDDL>true</columnDependencyConstraintGenerateInDDL>
</FKIndexAssociation>