<?xml version = '1.0' encoding = 'UTF-8'?>
<FKIndexAssociation class="oracle.dbtools.crest.model.design.relational.FKIndexAssociation" directorySegmentName="seg_0" id="D618561C-250D-08A5-6FFA-794AF0E0279C" containerWithKeyObject="F7CB2C55-45C2-EF20-0863-71A6C2F89D54" localFKIndex="D8F5D333-1EBE-AA22-2E42-1ACD56976CA6" name="receipt_details_receipts_FK">
<createdBy>marinfotache</createdBy>
<createdTime>2018-10-25 20:30:11 UTC</createdTime>
<generatorID>3DC8AEB8-57D3-AFB7-FCE8-7F08DCC93164</generatorID>
<ownerDesignName>sales_5</ownerDesignName>
<referredTableLongName>receipts</referredTableLongName>
<deleteRule>NO ACTION</deleteRule>
<referredTableID>610D65CD-E2EF-57D5-9066-6F41AF3072D1</referredTableID>
<keyObject>CED802F8-F17B-1D82-EDB2-FB057ADA627A</keyObject>
<referredKeyID>CED802F8-F17B-1D82-EDB2-FB057ADA627A</referredKeyID>
<mandatory>true</mandatory>
<refColNames>receipt_id</refColNames>
<transferable>true</transferable>
<rely>false</rely>
<columnDependencyConstraintGenerateInDDL>true</columnDependencyConstraintGenerateInDDL>
</FKIndexAssociation>