<?xml version = '1.0' encoding = 'UTF-8'?>
<FKIndexAssociation class="oracle.dbtools.crest.model.design.relational.FKIndexAssociation" directorySegmentName="seg_0" id="D96699B6-5D7B-9BFD-CB4E-5299C762A2F9" containerWithKeyObject="1FAAD92B-B89F-E652-7DAF-6C798BF68EAC" localFKIndex="11C78C4C-BA9E-3B70-24FF-573635EC8754" name="people_postal_codes_FK">
<createdBy>marinfotache</createdBy>
<createdTime>2018-10-25 20:30:11 UTC</createdTime>
<generatorID>8C1FC7B8-6660-31CC-55EE-8BE19F7D8F4F</generatorID>
<ownerDesignName>sales_5</ownerDesignName>
<referredTableLongName>postal_codes</referredTableLongName>
<deleteRule>NO ACTION</deleteRule>
<referredTableID>F712AEFA-DD70-BED9-8B1C-510CA32F4D59</referredTableID>
<keyObject>32EACBDD-C4B9-2F80-362E-C8D6836345E2</keyObject>
<referredKeyID>32EACBDD-C4B9-2F80-362E-C8D6836345E2</referredKeyID>
<mandatory>false</mandatory>
<refColNames>post_code</refColNames>
<transferable>true</transferable>
<rely>false</rely>
<columnDependencyConstraintGenerateInDDL>true</columnDependencyConstraintGenerateInDDL>
</FKIndexAssociation>