<?xml version = '1.0' encoding = 'UTF-8'?>
<FKIndexAssociation class="oracle.dbtools.crest.model.design.relational.FKIndexAssociation" directorySegmentName="seg_0" id="DEAF1DAD-BFC0-BC0A-4B9F-74FD1949E534" containerWithKeyObject="80CF5151-C175-9006-726D-C227440B4BDA" localFKIndex="1F221A6D-9693-E3A1-A0DF-CE26C6D112D2" name="customers_postal_codes_FK">
<createdBy>marinfotache</createdBy>
<createdTime>2018-10-25 20:30:11 UTC</createdTime>
<generatorID>041CAC65-CEE4-CBF4-1D2E-12DF8E5B7D4E</generatorID>
<ownerDesignName>sales_5</ownerDesignName>
<referredTableLongName>postal_codes</referredTableLongName>
<deleteRule>NO ACTION</deleteRule>
<referredTableID>F712AEFA-DD70-BED9-8B1C-510CA32F4D59</referredTableID>
<keyObject>32EACBDD-C4B9-2F80-362E-C8D6836345E2</keyObject>
<referredKeyID>32EACBDD-C4B9-2F80-362E-C8D6836345E2</referredKeyID>
<mandatory>true</mandatory>
<refColNames>post_code</refColNames>
<transferable>true</transferable>
<rely>false</rely>
<columnDependencyConstraintGenerateInDDL>true</columnDependencyConstraintGenerateInDDL>
</FKIndexAssociation>