<?xml version = '1.0' encoding = 'UTF-8'?>
<FKIndexAssociation class="oracle.dbtools.crest.model.design.relational.FKIndexAssociation" directorySegmentName="seg_0" id="F4A808B3-8CB3-1810-EEEB-3C169C1A346F" containerWithKeyObject="43CEE9AA-BF06-755B-8117-0A267FFBE1DF" localFKIndex="E7022894-C2CE-C6B9-A5D5-F3CE22B76E17" name="former_contacts_customers_FK">
<createdBy>marinfotache</createdBy>
<createdTime>2018-10-25 20:30:11 UTC</createdTime>
<generatorID>34A37B5B-544C-2D89-9AA4-162A2F3AA375</generatorID>
<ownerDesignName>sales_5</ownerDesignName>
<referredTableLongName>customers</referredTableLongName>
<deleteRule>NO ACTION</deleteRule>
<referredTableID>80CF5151-C175-9006-726D-C227440B4BDA</referredTableID>
<keyObject>9BAA7ED3-E2C6-0C5D-0823-CD3DF769E4EA</keyObject>
<referredKeyID>9BAA7ED3-E2C6-0C5D-0823-CD3DF769E4EA</referredKeyID>
<mandatory>true</mandatory>
<refColNames>cust_id</refColNames>
<transferable>true</transferable>
<rely>false</rely>
<columnDependencyConstraintGenerateInDDL>true</columnDependencyConstraintGenerateInDDL>
</FKIndexAssociation>