<?xml version = '1.0' encoding = 'UTF-8'?>
<Diagram class="oracle.dbtools.crest.swingui.relational.DPVRelational" name="Relational_1" id="1AB5F28B-32DF-4A2C-AA84-CA294D06A1E1">
<createdBy>admin</createdBy>
<modifiedBy>admin</modifiedBy>
<createdTime>2015-10-30 09:49:59 UTC</createdTime>
<autoRoute>false</autoRoute>
<boxInbox>true</boxInbox>
<showLegend>false</showLegend>
<showLabels>false</showLabels>
<showRelAttributes>false</showRelAttributes>
<gridEnabled>false</gridEnabled>
<showGrid>false</showGrid>
<diagramColor>-1</diagramColor>
<display>false</display>
<notation>1</notation>
<objectViews>
<OView class="oracle.dbtools.crest.swingui.relational.TVTable" oid="136E0676-0277-C049-C709-7FB65CAD1637" otype="Table" vid="235060AB-40E3-A681-E16A-F01BE8D3DFCA">
<hideElementsInCurrentOnly>false</hideElementsInCurrentOnly>
<bounds x="376" y="7" width="230" height="109"/>
</OView>
<OView class="oracle.dbtools.crest.swingui.relational.TVTable" oid="13DC08E5-EACC-5222-D058-89D694D32C13" otype="Table" vid="59042F03-0CE0-2B26-2DD9-1AF617B5B0E6">
<hideElementsInCurrentOnly>false</hideElementsInCurrentOnly>
<bounds x="218" y="6" width="123" height="86"/>
</OView>
<OView class="oracle.dbtools.crest.swingui.relational.TVTable" oid="1660E634-61AC-0515-904A-614C0E3E63E5" otype="Table" vid="39B1CAE8-8634-8EF5-8B0D-273AF926FE8D">
<hideElementsInCurrentOnly>false</hideElementsInCurrentOnly>
<bounds x="432" y="332" width="168" height="112"/>
</OView>
<OView class="oracle.dbtools.crest.swingui.relational.TVTable" oid="39C62990-253D-18A1-4F5E-F33ACE48B1C2" otype="Table" vid="1EBBA6FC-9224-7ADB-C3AF-EB5430C7D854">
<hideElementsInCurrentOnly>false</hideElementsInCurrentOnly>
<bounds x="289" y="349" width="128" height="86"/>
</OView>
<OView class="oracle.dbtools.crest.swingui.relational.TVTable" oid="4483D829-6783-3B35-2F10-4E51A212D438" otype="Table" vid="1D10A135-4F12-78CC-7746-BACE7F1DE380">
<hideElementsInCurrentOnly>false</hideElementsInCurrentOnly>
<bounds x="129" y="349" width="145" height="87"/>
</OView>
<OView class="oracle.dbtools.crest.swingui.relational.TVTable" oid="5677DE78-3FC0-5EDB-C0FE-E5122C2901D4" otype="Table" vid="E8A6404E-979F-E5E5-4185-D1F92E213956">
<hideElementsInCurrentOnly>false</hideElementsInCurrentOnly>
<bounds x="648" y="271" width="157" height="117"/>
</OView>
<OView class="oracle.dbtools.crest.swingui.relational.TVTable" oid="5DA56238-0DC4-E9A9-5397-5BCA6B43BB85" otype="Table" vid="F4801F8B-9CC5-888B-4AFA-D85873016EC7">
<hideElementsInCurrentOnly>false</hideElementsInCurrentOnly>
<bounds x="465" y="141" width="141" height="170"/>
</OView>
<OView class="oracle.dbtools.crest.swingui.relational.TVTable" oid="5F5899F7-AEFC-B9B5-1741-261D48AA0A47" otype="Table" vid="6A2F14F7-B66E-81A1-84FF-4BC3088DF12A">
<hideElementsInCurrentOnly>false</hideElementsInCurrentOnly>
<bounds x="635" y="31" width="167" height="126"/>
</OView>
<OView class="oracle.dbtools.crest.swingui.relational.TVTable" oid="7E4D4EBB-4CF9-90A8-7633-DE67EF19CAF9" otype="Table" vid="1316F71E-E12F-BF98-FDCE-F6A69CD644CC">
<hideElementsInCurrentOnly>false</hideElementsInCurrentOnly>
<bounds x="631" y="432" width="182" height="114"/>
</OView>
<OView class="oracle.dbtools.crest.swingui.relational.TVTable" oid="7F9F6102-7406-5C59-4D59-E12979414DB0" otype="Table" vid="4D54FD58-22FE-5183-0ECD-55DE7A45BC9C">
<hideElementsInCurrentOnly>false</hideElementsInCurrentOnly>
<bounds x="39" y="4" width="135" height="96"/>
</OView>
<OView class="oracle.dbtools.crest.swingui.relational.TVTable" oid="874E7DFE-4C32-FFE3-02F3-24134B9B71BA" otype="Table" vid="373F67B5-702E-0CE8-8286-18400451AEE0">
<hideElementsInCurrentOnly>false</hideElementsInCurrentOnly>
<bounds x="54" y="471" width="539" height="112"/>
</OView>
<OView class="oracle.dbtools.crest.swingui.relational.TVTable" oid="DE76161C-094B-2968-24C9-FAC1FCEA936D" otype="Table" vid="FFB66E33-CAFD-D97E-23C5-6970D60CC53D">
<hideElementsInCurrentOnly>false</hideElementsInCurrentOnly>
<bounds x="198" y="127" width="166" height="216"/>
</OView>
<OView class="oracle.dbtools.crest.swingui.relational.TVTable" oid="E471F568-6E99-71FA-C3E5-5DB4F7D86229" otype="Table" vid="81C89F58-60E3-402B-DD7B-2071140D91F2">
<hideElementsInCurrentOnly>false</hideElementsInCurrentOnly>
<bounds x="25" y="107" width="117" height="80"/>
</OView>
</objectViews>
<connectors>
<Connector class="oracle.dbtools.crest.swingui.relational.TVFKRelation" oid="02055AFF-4827-FF7B-D18B-CD3989EA401B" otype="FKIndexAssociation" vid_source="E8A6404E-979F-E5E5-4185-D1F92E213956" vid_target="6A2F14F7-B66E-81A1-84FF-4BC3088DF12A">
<hideElementsInCurrentOnly>false</hideElementsInCurrentOnly>
<lineWidth>1</lineWidth>
<points>
<point x="735" y="271"/>
<point x="735" y="157"/>
</points>
</Connector>
<Connector class="oracle.dbtools.crest.swingui.relational.TVFKRelation" oid="07A140E6-1519-1FD6-0969-EE873F6A7AF7" otype="FKIndexAssociation" vid_source="59042F03-0CE0-2B26-2DD9-1AF617B5B0E6" vid_target="4D54FD58-22FE-5183-0ECD-55DE7A45BC9C">
<hideElementsInCurrentOnly>false</hideElementsInCurrentOnly>
<lineWidth>1</lineWidth>
<points>
<point x="218" y="49"/>
<point x="174" y="49"/>
</points>
</Connector>
<Connector class="oracle.dbtools.crest.swingui.relational.TVFKRelation" oid="08C58829-707E-B331-D1F9-C31E01D6532F" otype="FKIndexAssociation" vid_source="373F67B5-702E-0CE8-8286-18400451AEE0" vid_target="1316F71E-E12F-BF98-FDCE-F6A69CD644CC">
<hideElementsInCurrentOnly>false</hideElementsInCurrentOnly>
<lineWidth>1</lineWidth>
<points>
<point x="593" y="508"/>
<point x="631" y="508"/>
</points>
</Connector>
<Connector class="oracle.dbtools.crest.swingui.relational.TVFKRelation" oid="141958B3-3CE0-CAAF-3BE6-EA6AF661CC18" otype="FKIndexAssociation" vid_source="FFB66E33-CAFD-D97E-23C5-6970D60CC53D" vid_target="39B1CAE8-8634-8EF5-8B0D-273AF926FE8D">
<hideElementsInCurrentOnly>false</hideElementsInCurrentOnly>
<lineWidth>1</lineWidth>
<points>
<point x="364" y="337"/>
<point x="432" y="337"/>
</points>
</Connector>
<Connector class="oracle.dbtools.crest.swingui.relational.TVFKRelation" oid="3E180CE9-B0DC-A5D0-0DBC-701FF6BDCBA2" otype="FKIndexAssociation" vid_source="373F67B5-702E-0CE8-8286-18400451AEE0" vid_target="1D10A135-4F12-78CC-7746-BACE7F1DE380">
<hideElementsInCurrentOnly>false</hideElementsInCurrentOnly>
<lineWidth>1</lineWidth>
<points>
<point x="201" y="471"/>
<point x="201" y="436"/>
</points>
</Connector>
<Connector class="oracle.dbtools.crest.swingui.relational.TVFKRelation" oid="4CBF1C60-FF98-F932-310D-C4D040010A19" otype="FKIndexAssociation" vid_source="E8A6404E-979F-E5E5-4185-D1F92E213956" vid_target="1316F71E-E12F-BF98-FDCE-F6A69CD644CC">
<hideElementsInCurrentOnly>false</hideElementsInCurrentOnly>
<lineWidth>1</lineWidth>
<points>
<point x="726" y="388"/>
<point x="726" y="432"/>
</points>
</Connector>
<Connector class="oracle.dbtools.crest.swingui.relational.TVFKRelation" oid="694F8816-D698-C85A-F33A-E5EF9919DD6A" otype="FKIndexAssociation" vid_source="FFB66E33-CAFD-D97E-23C5-6970D60CC53D" vid_target="F4801F8B-9CC5-888B-4AFA-D85873016EC7">
<hideElementsInCurrentOnly>false</hideElementsInCurrentOnly>
<lineWidth>1</lineWidth>
<points>
<point x="364" y="226"/>
<point x="465" y="226"/>
</points>
</Connector>
<Connector class="oracle.dbtools.crest.swingui.relational.TVFKRelation" oid="6E4C2927-D110-9428-DDA9-55F44A0B21AB" otype="FKIndexAssociation" vid_source="E8A6404E-979F-E5E5-4185-D1F92E213956" vid_target="F4801F8B-9CC5-888B-4AFA-D85873016EC7">
<hideElementsInCurrentOnly>false</hideElementsInCurrentOnly>
<lineWidth>1</lineWidth>
<points>
<point x="648" y="291"/>
<point x="606" y="291"/>
</points>
</Connector>
<Connector class="oracle.dbtools.crest.swingui.relational.TVFKRelation" oid="748F23B9-669C-6F17-A619-82F0C1E69D44" otype="FKIndexAssociation" vid_source="235060AB-40E3-A681-E16A-F01BE8D3DFCA" vid_target="F4801F8B-9CC5-888B-4AFA-D85873016EC7">
<hideElementsInCurrentOnly>false</hideElementsInCurrentOnly>
<lineWidth>1</lineWidth>
<points>
<point x="535" y="116"/>
<point x="535" y="141"/>
</points>
</Connector>
<Connector class="oracle.dbtools.crest.swingui.relational.TVFKRelation" oid="75062CA2-22B4-BCD1-B660-7BB9EDFA4ABB" otype="FKIndexAssociation" vid_source="59042F03-0CE0-2B26-2DD9-1AF617B5B0E6" vid_target="4D54FD58-22FE-5183-0ECD-55DE7A45BC9C">
<hideElementsInCurrentOnly>false</hideElementsInCurrentOnly>
<lineWidth>1</lineWidth>
<points>
<point x="218" y="39"/>
<point x="174" y="39"/>
</points>
</Connector>
<Connector class="oracle.dbtools.crest.swingui.relational.TVFKRelation" oid="7B3FF42C-3F91-357F-A220-726A3E094D0A" otype="FKIndexAssociation" vid_source="E8A6404E-979F-E5E5-4185-D1F92E213956" vid_target="39B1CAE8-8634-8EF5-8B0D-273AF926FE8D">
<hideElementsInCurrentOnly>false</hideElementsInCurrentOnly>
<lineWidth>1</lineWidth>
<points>
<point x="648" y="360"/>
<point x="600" y="360"/>
</points>
</Connector>
<Connector class="oracle.dbtools.crest.swingui.relational.TVFKRelation" oid="960A01F0-D78B-1A17-A46F-29D7B11A702A" otype="FKIndexAssociation" vid_source="59042F03-0CE0-2B26-2DD9-1AF617B5B0E6" vid_target="FFB66E33-CAFD-D97E-23C5-6970D60CC53D">
<hideElementsInCurrentOnly>false</hideElementsInCurrentOnly>
<lineWidth>1</lineWidth>
<points>
<point x="299" y="92"/>
<point x="299" y="127"/>
</points>
</Connector>
<Connector class="oracle.dbtools.crest.swingui.relational.TVFKRelation" oid="BD7A6BB8-A485-5782-AEF9-3E72EF9AA821" otype="FKIndexAssociation" vid_source="81C89F58-60E3-402B-DD7B-2071140D91F2" vid_target="FFB66E33-CAFD-D97E-23C5-6970D60CC53D">
<hideElementsInCurrentOnly>false</hideElementsInCurrentOnly>
<lineWidth>1</lineWidth>
<points>
<point x="142" y="167"/>
<point x="198" y="167"/>
</points>
</Connector>
<Connector class="oracle.dbtools.crest.swingui.relational.TVFKRelation" oid="CC3CEE5D-8737-CD94-1F9A-9E79E1A87740" otype="FKIndexAssociation" vid_source="81C89F58-60E3-402B-DD7B-2071140D91F2" vid_target="373F67B5-702E-0CE8-8286-18400451AEE0">
<hideElementsInCurrentOnly>false</hideElementsInCurrentOnly>
<lineWidth>1</lineWidth>
<points>
<point x="88" y="187"/>
<point x="88" y="471"/>
</points>
</Connector>
<Connector class="oracle.dbtools.crest.swingui.relational.TVFKRelation" oid="CDAF8817-8EA2-6131-7F3A-2ED8E0AADF2B" otype="FKIndexAssociation" vid_source="373F67B5-702E-0CE8-8286-18400451AEE0" vid_target="1EBBA6FC-9224-7ADB-C3AF-EB5430C7D854">
<hideElementsInCurrentOnly>false</hideElementsInCurrentOnly>
<lineWidth>1</lineWidth>
<points>
<point x="353" y="471"/>
<point x="353" y="435"/>
</points>
</Connector>
<Connector class="oracle.dbtools.crest.swingui.relational.TVFKRelation" oid="D32A087C-E39E-0B76-2E08-8FDD2B47EFE2" otype="FKIndexAssociation" vid_source="373F67B5-702E-0CE8-8286-18400451AEE0" vid_target="F4801F8B-9CC5-888B-4AFA-D85873016EC7">
<hideElementsInCurrentOnly>false</hideElementsInCurrentOnly>
<lineWidth>1</lineWidth>
<points>
<point x="529" y="471"/>
<point x="529" y="311"/>
</points>
</Connector>
<Connector class="oracle.dbtools.crest.swingui.relational.TVFKRelation" oid="D5AB977B-0720-8160-25DB-4D82367FFD82" otype="FKIndexAssociation" vid_source="59042F03-0CE0-2B26-2DD9-1AF617B5B0E6" vid_target="FFB66E33-CAFD-D97E-23C5-6970D60CC53D">
<hideElementsInCurrentOnly>false</hideElementsInCurrentOnly>
<lineWidth>1</lineWidth>
<points>
<point x="259" y="92"/>
<point x="259" y="127"/>
</points>
</Connector>
<Connector class="oracle.dbtools.crest.swingui.relational.TVFKRelation" oid="D85941BC-3242-479B-2D3E-7C6D469095AF" otype="FKIndexAssociation" vid_source="E8A6404E-979F-E5E5-4185-D1F92E213956" vid_target="6A2F14F7-B66E-81A1-84FF-4BC3088DF12A">
<hideElementsInCurrentOnly>false</hideElementsInCurrentOnly>
<lineWidth>1</lineWidth>
<points>
<point x="725" y="271"/>
<point x="725" y="157"/>
</points>
</Connector>
</connectors>
<arcs>
<Arc class="oracle.dbtools.crest.swingui.relational.TVFKArc" oid="436EDE37-6234-BAE4-7370-2805175651C3" otype="FKArc" vid="A981588F-35DA-7F9F-AB6C-F4ADAD8D48B7">
<hideElementsInCurrentOnly>false</hideElementsInCurrentOnly>
<bounds x="34" y="451" width="579" height="152"/>
</Arc>
</arcs>
</Diagram>