<?xml version = '1.0' encoding = 'UTF-8'?>
<Diagram class="oracle.dbtools.crest.swingui.relational.DPVRelational" name="Relational_1" id="1AB5F28B-32DF-4A2C-AA84-CA294D06A1E1">
<createdBy>admin</createdBy>
<modifiedBy>admin</modifiedBy>
<createdTime>2015-10-30 09:49:59 UTC</createdTime>
<autoRoute>false</autoRoute>
<boxInbox>true</boxInbox>
<showLegend>false</showLegend>
<showLabels>false</showLabels>
<showRelAttributes>false</showRelAttributes>
<gridEnabled>false</gridEnabled>
<showGrid>false</showGrid>
<diagramColor>-1</diagramColor>
<display>false</display>
<notation>1</notation>
<objectViews>
<OView class="oracle.dbtools.crest.swingui.relational.TVTable" oid="1631710C-1B39-70D1-AA1D-FC0695EA408A" otype="Table" vid="8917772A-2B92-71F8-2E9B-EA15AE6B4450">
<hideElementsInCurrentOnly>false</hideElementsInCurrentOnly>
<bounds x="668" y="386" width="209" height="107"/>
</OView>
<OView class="oracle.dbtools.crest.swingui.relational.TVTable" oid="2D3EF911-19E2-A4C4-C47E-BB26099A8267" otype="Table" vid="A9B961C6-DF66-24C6-4555-D3B20D277387">
<hideElementsInCurrentOnly>false</hideElementsInCurrentOnly>
<bounds x="457" y="584" width="186" height="99"/>
</OView>
<OView class="oracle.dbtools.crest.swingui.relational.TVTable" oid="3E2CC8B0-5C1B-CCB8-D405-7F1D7FA83AEF" otype="Table" vid="73D786CB-5BCD-9356-6061-16CB3A21BAB2">
<hideElementsInCurrentOnly>false</hideElementsInCurrentOnly>
<bounds x="950" y="356" width="288" height="189"/>
</OView>
<OView class="oracle.dbtools.crest.swingui.relational.TVTable" oid="4797C951-00BD-F025-12B1-E197AC97DAE2" otype="Table" vid="570DAD10-8E58-BDE0-B841-696679A77DEA">
<hideElementsInCurrentOnly>false</hideElementsInCurrentOnly>
<bounds x="680" y="574" width="396" height="125"/>
</OView>
<OView class="oracle.dbtools.crest.swingui.relational.TVTable" oid="514B3CCF-E7A2-5DA4-4982-6F762B3EBCFE" otype="Table" vid="B8D3D11E-DAED-15A0-9449-25160E8F904E">
<hideElementsInCurrentOnly>false</hideElementsInCurrentOnly>
<bounds x="296" y="265" width="231" height="86"/>
</OView>
<OView class="oracle.dbtools.crest.swingui.relational.TVTable" oid="5A94D4A5-C517-8E11-0520-8DC192D5F4C5" otype="Table" vid="3A4361A7-2205-8C71-EB40-3F5414A82D12">
<hideElementsInCurrentOnly>false</hideElementsInCurrentOnly>
<bounds x="669" y="252" width="248" height="120"/>
</OView>
<OView class="oracle.dbtools.crest.swingui.relational.TVTable" oid="61631990-47B3-D5C6-C9B2-970BE2F042AB" otype="Table" vid="10962123-1FB6-B242-312E-A919C18128C3">
<hideElementsInCurrentOnly>false</hideElementsInCurrentOnly>
<bounds x="985" y="24" width="244" height="120"/>
</OView>
<OView class="oracle.dbtools.crest.swingui.relational.TVTable" oid="6651587D-ABE4-3714-2528-1B001D64AFEF" otype="Table" vid="6805A8B1-DBEC-B040-703B-A745E053B8E7">
<hideElementsInCurrentOnly>false</hideElementsInCurrentOnly>
<bounds x="28" y="11" width="448" height="131"/>
</OView>
<OView class="oracle.dbtools.crest.swingui.relational.TVTable" oid="71C6F503-E640-9366-5C68-E1D92B984D5F" otype="Table" vid="DA1DA02A-553E-84B8-FAE8-6EF238E63C07">
<hideElementsInCurrentOnly>false</hideElementsInCurrentOnly>
<bounds x="615" y="7" width="351" height="210"/>
</OView>
<OView class="oracle.dbtools.crest.swingui.relational.TVTable" oid="72B9BBC6-20FB-9BCD-7E6B-B4A5A516B93A" otype="Table" vid="3150C8C0-B3C6-F0CE-1C9F-AC0F41C31DA6">
<hideElementsInCurrentOnly>false</hideElementsInCurrentOnly>
<bounds x="28" y="280" width="241" height="106"/>
</OView>
<OView class="oracle.dbtools.crest.swingui.relational.TVTable" oid="828284D0-CAC0-8321-34A1-940C0CBFCFCB" otype="Table" vid="FE43CCB8-2E2D-95CF-164A-9F94F95BB19B">
<hideElementsInCurrentOnly>false</hideElementsInCurrentOnly>
<bounds x="23" y="500" width="288" height="138"/>
</OView>
<OView class="oracle.dbtools.crest.swingui.relational.TVTable" oid="A75BAEAB-1F07-E052-4A38-FFCC2F46D360" otype="Table" vid="78456BED-8D6F-28B7-3EE5-0D2E46DED913">
<hideElementsInCurrentOnly>false</hideElementsInCurrentOnly>
<bounds x="55" y="177" width="208" height="92"/>
</OView>
<OView class="oracle.dbtools.crest.swingui.relational.TVTable" oid="FEE68B15-1604-0AE9-7379-3F7878A0CE4B" otype="Table" vid="095283E8-667D-0278-BCBF-70DB2E1B1662">
<hideElementsInCurrentOnly>false</hideElementsInCurrentOnly>
<bounds x="398" y="368" width="205" height="124"/>
</OView>
</objectViews>
<connectors>
<Connector class="oracle.dbtools.crest.swingui.relational.TVFKRelation" oid="0AEF8687-B155-5205-3D83-39460169A1C4" otype="FKIndexAssociation" vid_source="8917772A-2B92-71F8-2E9B-EA15AE6B4450" vid_target="3A4361A7-2205-8C71-EB40-3F5414A82D12">
<hideElementsInCurrentOnly>false</hideElementsInCurrentOnly>
<backgroundColor>-16777216</backgroundColor>
<lineWidth>1</lineWidth>
<points>
<point x="773" y="386"/>
<point x="773" y="372"/>
</points>
</Connector>
<Connector class="oracle.dbtools.crest.swingui.relational.TVFKRelation" oid="1565DA92-5ABC-9965-2E5C-0D3DCAAE6BF9" otype="FKIndexAssociation" vid_source="78456BED-8D6F-28B7-3EE5-0D2E46DED913" vid_target="6805A8B1-DBEC-B040-703B-A745E053B8E7">
<hideElementsInCurrentOnly>false</hideElementsInCurrentOnly>
<backgroundColor>-16777216</backgroundColor>
<lineWidth>1</lineWidth>
<points>
<point x="159" y="177"/>
<point x="159" y="142"/>
</points>
</Connector>
<Connector class="oracle.dbtools.crest.swingui.relational.TVFKRelation" oid="17B27B4F-EAA9-0EE0-08F7-51F743A9BBDC" otype="FKIndexAssociation" vid_source="78456BED-8D6F-28B7-3EE5-0D2E46DED913" vid_target="DA1DA02A-553E-84B8-FAE8-6EF238E63C07">
<hideElementsInCurrentOnly>false</hideElementsInCurrentOnly>
<backgroundColor>-16777216</backgroundColor>
<lineWidth>1</lineWidth>
<points>
<point x="263" y="212"/>
<point x="615" y="212"/>
</points>
</Connector>
<Connector class="oracle.dbtools.crest.swingui.relational.TVFKRelation" oid="31BCAB9F-5871-6A52-A051-DA682313551E" otype="FKIndexAssociation" vid_source="8917772A-2B92-71F8-2E9B-EA15AE6B4450" vid_target="095283E8-667D-0278-BCBF-70DB2E1B1662">
<hideElementsInCurrentOnly>false</hideElementsInCurrentOnly>
<backgroundColor>-16777216</backgroundColor>
<lineWidth>1</lineWidth>
<points>
<point x="668" y="439"/>
<point x="603" y="439"/>
</points>
</Connector>
<Connector class="oracle.dbtools.crest.swingui.relational.TVFKRelation" oid="390822A3-B60F-8C21-C829-93016FF6B567" otype="FKIndexAssociation" vid_source="FE43CCB8-2E2D-95CF-164A-9F94F95BB19B" vid_target="3150C8C0-B3C6-F0CE-1C9F-AC0F41C31DA6">
<hideElementsInCurrentOnly>false</hideElementsInCurrentOnly>
<backgroundColor>-16777216</backgroundColor>
<lineWidth>1</lineWidth>
<points>
<point x="148" y="500"/>
<point x="148" y="386"/>
</points>
</Connector>
<Connector class="oracle.dbtools.crest.swingui.relational.TVFKRelation" oid="4B4867EC-4AE1-0120-8EB0-777880E8F273" otype="FKIndexAssociation" vid_source="DA1DA02A-553E-84B8-FAE8-6EF238E63C07" vid_target="73D786CB-5BCD-9356-6061-16CB3A21BAB2">
<hideElementsInCurrentOnly>false</hideElementsInCurrentOnly>
<backgroundColor>-16777216</backgroundColor>
<lineWidth>1</lineWidth>
<points>
<point x="958" y="217"/>
<point x="958" y="356"/>
</points>
</Connector>
<Connector class="oracle.dbtools.crest.swingui.relational.TVFKRelation" oid="5428BC24-6736-D3C4-260F-7414137C153A" otype="FKIndexAssociation" vid_source="78456BED-8D6F-28B7-3EE5-0D2E46DED913" vid_target="DA1DA02A-553E-84B8-FAE8-6EF238E63C07">
<hideElementsInCurrentOnly>false</hideElementsInCurrentOnly>
<backgroundColor>-16777216</backgroundColor>
<lineWidth>1</lineWidth>
<points>
<point x="263" y="197"/>
<point x="615" y="197"/>
</points>
</Connector>
<Connector class="oracle.dbtools.crest.swingui.relational.TVFKRelation" oid="64DDF670-B002-FDFA-1111-FFA39BD2A851" otype="FKIndexAssociation" vid_source="FE43CCB8-2E2D-95CF-164A-9F94F95BB19B" vid_target="73D786CB-5BCD-9356-6061-16CB3A21BAB2">
<hideElementsInCurrentOnly>false</hideElementsInCurrentOnly>
<backgroundColor>-16777216</backgroundColor>
<lineWidth>1</lineWidth>
<points>
<point x="311" y="522"/>
<point x="950" y="522"/>
</points>
</Connector>
<Connector class="oracle.dbtools.crest.swingui.relational.TVFKRelation" oid="85436534-ACC1-17E9-416B-F88E37960E5A" otype="FKIndexAssociation" vid_source="8917772A-2B92-71F8-2E9B-EA15AE6B4450" vid_target="73D786CB-5BCD-9356-6061-16CB3A21BAB2">
<hideElementsInCurrentOnly>false</hideElementsInCurrentOnly>
<backgroundColor>-16777216</backgroundColor>
<lineWidth>1</lineWidth>
<points>
<point x="877" y="439"/>
<point x="950" y="439"/>
</points>
</Connector>
<Connector class="oracle.dbtools.crest.swingui.relational.TVFKRelation" oid="89900304-3D30-9BAE-AAD2-82D7C5DB554B" otype="FKIndexAssociation" vid_source="A9B961C6-DF66-24C6-4555-D3B20D277387" vid_target="DA1DA02A-553E-84B8-FAE8-6EF238E63C07">
<hideElementsInCurrentOnly>false</hideElementsInCurrentOnly>
<backgroundColor>-16777216</backgroundColor>
<lineWidth>1</lineWidth>
<points>
<point x="629" y="584"/>
<point x="629" y="217"/>
</points>
</Connector>
<Connector class="oracle.dbtools.crest.swingui.relational.TVFKRelation" oid="A56506E7-6796-68AF-76B2-77DEFACD3D11" otype="FKIndexAssociation" vid_source="78456BED-8D6F-28B7-3EE5-0D2E46DED913" vid_target="6805A8B1-DBEC-B040-703B-A745E053B8E7">
<hideElementsInCurrentOnly>false</hideElementsInCurrentOnly>
<backgroundColor>-16777216</backgroundColor>
<lineWidth>1</lineWidth>
<points>
<point x="174" y="177"/>
<point x="174" y="142"/>
</points>
</Connector>
<Connector class="oracle.dbtools.crest.swingui.relational.TVFKRelation" oid="A961BCF6-ACF0-51A8-E299-21C4AE57941C" otype="FKIndexAssociation" vid_source="10962123-1FB6-B242-312E-A919C18128C3" vid_target="73D786CB-5BCD-9356-6061-16CB3A21BAB2">
<hideElementsInCurrentOnly>false</hideElementsInCurrentOnly>
<backgroundColor>-16777216</backgroundColor>
<lineWidth>1</lineWidth>
<points>
<point x="1107" y="144"/>
<point x="1107" y="356"/>
</points>
</Connector>
<Connector class="oracle.dbtools.crest.swingui.relational.TVFKRelation" oid="AD29AF1A-E3A6-332E-BA33-5839DF3A4B91" otype="FKIndexAssociation" vid_source="A9B961C6-DF66-24C6-4555-D3B20D277387" vid_target="FE43CCB8-2E2D-95CF-164A-9F94F95BB19B">
<hideElementsInCurrentOnly>false</hideElementsInCurrentOnly>
<backgroundColor>-16777216</backgroundColor>
<lineWidth>1</lineWidth>
<points>
<point x="457" y="611"/>
<point x="311" y="611"/>
</points>
</Connector>
<Connector class="oracle.dbtools.crest.swingui.relational.TVFKRelation" oid="CB7DDE08-1AE8-EE88-19EF-BEA74EB0392E" otype="FKIndexAssociation" vid_source="8917772A-2B92-71F8-2E9B-EA15AE6B4450" vid_target="570DAD10-8E58-BDE0-B841-696679A77DEA">
<hideElementsInCurrentOnly>false</hideElementsInCurrentOnly>
<backgroundColor>-16777216</backgroundColor>
<lineWidth>1</lineWidth>
<points>
<point x="778" y="493"/>
<point x="778" y="574"/>
</points>
</Connector>
<Connector class="oracle.dbtools.crest.swingui.relational.TVFKRelation" oid="D1FF34A4-364B-FEDE-1DB1-DD8E4AB8B5F1" otype="FKIndexAssociation" vid_source="8917772A-2B92-71F8-2E9B-EA15AE6B4450" vid_target="570DAD10-8E58-BDE0-B841-696679A77DEA">
<hideElementsInCurrentOnly>false</hideElementsInCurrentOnly>
<backgroundColor>-16777216</backgroundColor>
<lineWidth>1</lineWidth>
<points>
<point x="793" y="493"/>
<point x="793" y="574"/>
</points>
</Connector>
<Connector class="oracle.dbtools.crest.swingui.relational.TVFKRelation" oid="D72A8317-247A-9316-2EE6-255A610CB60C" otype="FKIndexAssociation" vid_source="FE43CCB8-2E2D-95CF-164A-9F94F95BB19B" vid_target="B8D3D11E-DAED-15A0-9449-25160E8F904E">
<hideElementsInCurrentOnly>false</hideElementsInCurrentOnly>
<backgroundColor>-16777216</backgroundColor>
<lineWidth>1</lineWidth>
<points>
<point x="303" y="500"/>
<point x="303" y="351"/>
</points>
</Connector>
<Connector class="oracle.dbtools.crest.swingui.relational.TVFKRelation" oid="D9D716A8-628E-8287-C384-DC6623452A1F" otype="FKIndexAssociation" vid_source="DA1DA02A-553E-84B8-FAE8-6EF238E63C07" vid_target="3A4361A7-2205-8C71-EB40-3F5414A82D12">
<hideElementsInCurrentOnly>false</hideElementsInCurrentOnly>
<backgroundColor>-16777216</backgroundColor>
<lineWidth>1</lineWidth>
<points>
<point x="793" y="217"/>
<point x="793" y="252"/>
</points>
</Connector>
<Connector class="oracle.dbtools.crest.swingui.relational.TVFKRelation" oid="F3781CEB-33F9-A31F-A6A7-523B3BFEADD8" otype="FKIndexAssociation" vid_source="FE43CCB8-2E2D-95CF-164A-9F94F95BB19B" vid_target="095283E8-667D-0278-BCBF-70DB2E1B1662">
<hideElementsInCurrentOnly>false</hideElementsInCurrentOnly>
<backgroundColor>-16777216</backgroundColor>
<lineWidth>1</lineWidth>
<points>
<point x="311" y="508"/>
<point x="398" y="472"/>
</points>
</Connector>
</connectors>
<arcs>
<Arc class="oracle.dbtools.crest.swingui.relational.TVFKArc" oid="10F53138-CE4B-9BD4-27CB-47521CF8D2CC" otype="FKArc" vid="6E91DF16-A50C-1815-C636-86C34FA6FB45">
<hideElementsInCurrentOnly>false</hideElementsInCurrentOnly>
<bounds x="3" y="480" width="328" height="178"/>
</Arc>
<Arc class="oracle.dbtools.crest.swingui.relational.TVFKArc" oid="728F164C-4FB3-58CB-741B-21F683E657FF" otype="FKArc" vid="32FBE458-92DC-7078-179E-510D13B3C126">
<hideElementsInCurrentOnly>false</hideElementsInCurrentOnly>
<bounds x="930" y="336" width="328" height="229"/>
</Arc>
</arcs>
</Diagram>