<?xml version = '1.0' encoding = 'UTF-8'?>
<Entity class="oracle.dbtools.crest.model.design.logical.Entity" directorySegmentName="seg_0" id="0AB40356-D92A-8831-5428-F06514DD049D" name="former_vat_percent">
<createdBy>admin</createdBy>
<createdTime>2015-10-29 10:32:51 UTC</createdTime>
<ownerDesignName>sales_4</ownerDesignName>
<engineerTo>
<item key="E509B008-F0FB-19A3-CCAF-E1677B6C7C61" value="true"/>
</engineerTo>
<adequatelyNormalized>NO</adequatelyNormalized>
<expectedVolumes>0</expectedVolumes>
<fwdEngineeringStrategyName>Single Table</fwdEngineeringStrategyName>
<growthPercent>0</growthPercent>
<growthType>Year</growthType>
<maxVolumes>9999999</maxVolumes>
<minVolumes>0</minVolumes>
<normalForm>Third</normalForm>
<preferredAbbreviation>former_vat_percents</preferredAbbreviation>
<attributes itemClass="oracle.dbtools.crest.model.design.logical.Attribute">
<Attribute name="date_start" id="11447150-0688-64A3-F82A-99D6C0B42263">
<createdBy>admin</createdBy>
<createdTime>2015-10-29 10:33:42 UTC</createdTime>
<ownerDesignName>sales_4</ownerDesignName>
<engineerTo>
<item key="E509B008-F0FB-19A3-CCAF-E1677B6C7C61" value="true"/>
</engineerTo>
<useDomainConstraints>false</useDomainConstraints>
<use>1</use>
<logicalDatatype>LOGDT007</logicalDatatype>
<ownDataTypeParameters>,,</ownDataTypeParameters>
</Attribute>
<Attribute name="date_until" id="9E5A5034-2C93-2C21-F3EA-01827B0402FC">
<createdBy>admin</createdBy>
<createdTime>2015-10-29 10:34:37 UTC</createdTime>
<ownerDesignName>sales_4</ownerDesignName>
<engineerTo>
<item key="E509B008-F0FB-19A3-CCAF-E1677B6C7C61" value="true"/>
</engineerTo>
<nullsAllowed>true</nullsAllowed>
<useDomainConstraints>false</useDomainConstraints>
<use>1</use>
<logicalDatatype>LOGDT007</logicalDatatype>
<ownDataTypeParameters>,,</ownDataTypeParameters>
</Attribute>
<Attribute name="VAT_percent" id="DC7A7091-114B-1753-16CB-594DF662B800">
<createdBy>admin</createdBy>
<createdTime>2015-10-29 10:34:58 UTC</createdTime>
<ownerDesignName>sales_4</ownerDesignName>
<engineerTo>
<item key="E509B008-F0FB-19A3-CCAF-E1677B6C7C61" value="true"/>
</engineerTo>
<useDomainConstraints>false</useDomainConstraints>
<use>1</use>
<logicalDatatype>LOGDT019</logicalDatatype>
<dataTypePrecision>4</dataTypePrecision>
<dataTypeScale>2</dataTypeScale>
<ownDataTypeParameters>,4,2</ownDataTypeParameters>
</Attribute>
<Attribute name="product_id" id="8C959E8D-D0AB-703B-2D72-7F1E21452378">
<createdBy>admin</createdBy>
<createdTime>2015-10-29 10:44:17 UTC</createdTime>
<generatorID>B20EC83E-C530-0234-2A11-A79159E7DE1C</generatorID>
<ownerDesignName>sales_4</ownerDesignName>
<engineerTo>
<item key="E509B008-F0FB-19A3-CCAF-E1677B6C7C61" value="true"/>
</engineerTo>
<referedAttribute>30D52D27-3E5E-7BBD-B6FB-DD2DAFF8E9FA</referedAttribute>
<useDomainConstraints>false</useDomainConstraints>
<use>1</use>
<logicalDatatype>LOGDT011</logicalDatatype>
<ownDataTypeParameters>,,</ownDataTypeParameters>
</Attribute>
</attributes>
<identifiers itemClass="oracle.dbtools.crest.model.design.logical.CandidateKey">
<identifier id="B57DEACB-B934-3134-BE5D-839F400C59FF" name="former_vat_percents__pk">
<createdBy>admin</createdBy>
<createdTime>2015-10-29 10:44:17 UTC</createdTime>
<ownerDesignName>sales_4</ownerDesignName>
<engineerTo>
<item key="E509B008-F0FB-19A3-CCAF-E1677B6C7C61" value="true"/>
</engineerTo>
<pk>true</pk>
<newElementsIDs>B20EC83E-C530-0234-2A11-A79159E7DE1C,11447150-0688-64A3-F82A-99D6C0B42263</newElementsIDs>
<usedAttributes>
<attributeRef>8C959E8D-D0AB-703B-2D72-7F1E21452378</attributeRef>
<attributeRef>11447150-0688-64A3-F82A-99D6C0B42263</attributeRef>
</usedAttributes>
</identifier>
</identifiers>
</Entity>