<?xml version = '1.0' encoding = 'UTF-8'?>
<Entity class="oracle.dbtools.crest.model.design.logical.Entity" directorySegmentName="seg_0" id="159E3FB7-784F-F485-ADB8-DF20348E0DB5" name="refusal">
<createdBy>admin</createdBy>
<createdTime>2015-10-29 12:17:45 UTC</createdTime>
<ownerDesignName>sales_4</ownerDesignName>
<engineerTo>
<item key="E509B008-F0FB-19A3-CCAF-E1677B6C7C61" value="true"/>
</engineerTo>
<adequatelyNormalized>NO</adequatelyNormalized>
<expectedVolumes>0</expectedVolumes>
<fwdEngineeringStrategyName>Single Table</fwdEngineeringStrategyName>
<growthPercent>0</growthPercent>
<growthType>Year</growthType>
<maxVolumes>9999999</maxVolumes>
<minVolumes>0</minVolumes>
<normalForm>Third</normalForm>
<preferredAbbreviation>refusals</preferredAbbreviation>
<attributes itemClass="oracle.dbtools.crest.model.design.logical.Attribute">
<Attribute name="refusal_id" id="122DE09A-859B-AD9F-AFF1-8C90BDB8D23A">
<createdBy>admin</createdBy>
<createdTime>2015-10-29 12:23:58 UTC</createdTime>
<ownerDesignName>sales_4</ownerDesignName>
<engineerTo>
<item key="E509B008-F0FB-19A3-CCAF-E1677B6C7C61" value="true"/>
</engineerTo>
<useDomainConstraints>false</useDomainConstraints>
<use>1</use>
<logicalDatatype>LOGDT011</logicalDatatype>
<ownDataTypeParameters>,,</ownDataTypeParameters>
</Attribute>
<Attribute name="refusal_dt" id="5014AAB3-8222-B1E9-1AEB-4171E353B6BF">
<createdBy>admin</createdBy>
<createdTime>2015-10-29 12:24:30 UTC</createdTime>
<ownerDesignName>sales_4</ownerDesignName>
<engineerTo>
<item key="E509B008-F0FB-19A3-CCAF-E1677B6C7C61" value="true"/>
</engineerTo>
<nullsAllowed>true</nullsAllowed>
<useDomainConstraints>false</useDomainConstraints>
<use>1</use>
<logicalDatatype>LOGDT047</logicalDatatype>
<ownDataTypeParameters>,,</ownDataTypeParameters>
</Attribute>
<Attribute name="refusal_amount" id="933B019D-88E9-377A-D713-E661D8EE1D5C">
<createdBy>admin</createdBy>
<createdTime>2015-10-29 12:32:18 UTC</createdTime>
<ownerDesignName>sales_4</ownerDesignName>
<engineerTo>
<item key="E509B008-F0FB-19A3-CCAF-E1677B6C7C61" value="true"/>
</engineerTo>
<useDomainConstraints>false</useDomainConstraints>
<use>1</use>
<logicalDatatype>LOGDT019</logicalDatatype>
<dataTypePrecision>12</dataTypePrecision>
<dataTypeScale>2</dataTypeScale>
<ownDataTypeParameters>,12,2</ownDataTypeParameters>
</Attribute>
<Attribute name="invoice_id" id="27FA4400-B494-1AFF-3C04-56BBDB22A597">
<createdBy>admin</createdBy>
<createdTime>2015-10-29 12:41:21 UTC</createdTime>
<generatorID>E7FFA077-44AC-87FA-065E-BFAA11FE6881</generatorID>
<ownerDesignName>sales_4</ownerDesignName>
<engineerTo>
<item key="E509B008-F0FB-19A3-CCAF-E1677B6C7C61" value="true"/>
</engineerTo>
<referedAttribute>C90220F5-6B91-8896-D28C-2F28CE7009D2</referedAttribute>
<useDomainConstraints>false</useDomainConstraints>
<use>1</use>
<logicalDatatype>LOGDT011</logicalDatatype>
<ownDataTypeParameters>,,</ownDataTypeParameters>
</Attribute>
</attributes>
<identifiers itemClass="oracle.dbtools.crest.model.design.logical.CandidateKey">
<identifier id="31454341-9A3F-122F-DF1B-F70D08C1230C" name="refusal PK">
<createdBy>admin</createdBy>
<createdTime>2015-10-29 12:24:22 UTC</createdTime>
<ownerDesignName>sales_4</ownerDesignName>
<engineerTo>
<item key="E509B008-F0FB-19A3-CCAF-E1677B6C7C61" value="true"/>
</engineerTo>
<pk>true</pk>
<usedAttributes>
<attributeRef>122DE09A-859B-AD9F-AFF1-8C90BDB8D23A</attributeRef>
</usedAttributes>
</identifier>
</identifiers>
</Entity>