<?xml version = '1.0' encoding = 'UTF-8'?>
<Entity class="oracle.dbtools.crest.model.design.logical.Entity" directorySegmentName="seg_0" id="31CB7F12-471A-FF0E-39DA-B6D0798F14D5" name="receipt">
<createdBy>Marin F</createdBy>
<createdTime>2011-07-11 06:51:52 UTC</createdTime>
<generatorID>B9CC41B8-C57A-F212-06F3-10F740847260</generatorID>
<ownerDesignName>sales_4</ownerDesignName>
<engineerTo>
<item key="E509B008-F0FB-19A3-CCAF-E1677B6C7C61" value="true"/>
</engineerTo>
<adequatelyNormalized>NO</adequatelyNormalized>
<expectedVolumes>0</expectedVolumes>
<fwdEngineeringStrategyName>Single Table</fwdEngineeringStrategyName>
<growthPercent>0</growthPercent>
<growthType>Year</growthType>
<maxVolumes>9999999</maxVolumes>
<minVolumes>0</minVolumes>
<normalForm>Third</normalForm>
<preferredAbbreviation>receipts</preferredAbbreviation>
<attributes itemClass="oracle.dbtools.crest.model.design.logical.Attribute">
<Attribute name="receipt_id" id="A3CDB75B-2E26-71BC-F06D-B979DCAF6B5A">
<createdBy>Marin F</createdBy>
<createdTime>2011-07-11 06:51:52 UTC</createdTime>
<generatorID>8AF7DE09-B440-9E7C-D534-BE774FA6C528</generatorID>
<ownerDesignName>sales_4</ownerDesignName>
<engineerTo>
<item key="E509B008-F0FB-19A3-CCAF-E1677B6C7C61" value="true"/>
</engineerTo>
<useDomainConstraints>false</useDomainConstraints>
<use>1</use>
<logicalDatatype>LOGDT011</logicalDatatype>
<ownDataTypeParameters>,,</ownDataTypeParameters>
</Attribute>
<Attribute name="receipt_date" id="0B6624FE-B6D4-2A62-7EAF-28009D8F11E2">
<createdBy>Marin F</createdBy>
<createdTime>2011-07-11 06:51:52 UTC</createdTime>
<generatorID>C7C29259-2424-7A72-3FC5-1693FCBAC115</generatorID>
<ownerDesignName>sales_4</ownerDesignName>
<engineerTo>
<item key="E509B008-F0FB-19A3-CCAF-E1677B6C7C61" value="true"/>
</engineerTo>
<constraintName>CK_DATAINC</constraintName>
<useDomainConstraints>false</useDomainConstraints>
<use>1</use>
<logicalDatatype>LOGDT007</logicalDatatype>
<checkConstraint>
<implementationDef dbType="Oracle Database 10g" definition="DATAINC &gt;= TO_DATE(&apos;01/08/2008&apos;,&apos;DD/MM/YYYY&apos;) AND DATAINC &lt;= TO_DATE(&apos;31/12/2015&apos;,&apos;DD/MM/YYYY&apos;)"/>
</checkConstraint>
<ownDataTypeParameters>,,</ownDataTypeParameters>
</Attribute>
<Attribute name="receipt_docum_type" id="FA91ABDE-031D-87CF-1174-5F75E49EC5BE">
<createdBy>Marin F</createdBy>
<createdTime>2011-07-11 06:51:52 UTC</createdTime>
<generatorID>ABDC40D2-6812-748F-7D32-465916FCCA9E</generatorID>
<ownerDesignName>sales_4</ownerDesignName>
<engineerTo>
<item key="E509B008-F0FB-19A3-CCAF-E1677B6C7C61" value="true"/>
</engineerTo>
<constraintName>ck_coddoc</constraintName>
<nullsAllowed>true</nullsAllowed>
<useDomainConstraints>false</useDomainConstraints>
<use>1</use>
<logicalDatatype>LOGDT024</logicalDatatype>
<dataTypeSize>25</dataTypeSize>
<checkConstraint>
<implementationDef dbType="Oracle Database 10g" definition="coddoc=UPPER(LTRIM(coddoc))"/>
</checkConstraint>
<ownDataTypeParameters>25,,</ownDataTypeParameters>
</Attribute>
<Attribute name="receipt_docum_number" id="D83CDAC0-55D9-B557-256B-1AF3275E6C0D">
<createdBy>Marin F</createdBy>
<createdTime>2011-07-11 06:51:52 UTC</createdTime>
<generatorID>8E9017FF-F278-B336-D4E1-2B68727B06FE</generatorID>
<ownerDesignName>sales_4</ownerDesignName>
<engineerTo>
<item key="E509B008-F0FB-19A3-CCAF-E1677B6C7C61" value="true"/>
</engineerTo>
<nullsAllowed>true</nullsAllowed>
<useDomainConstraints>false</useDomainConstraints>
<use>1</use>
<logicalDatatype>LOGDT024</logicalDatatype>
<dataTypeSize>25</dataTypeSize>
<ownDataTypeParameters>25,,</ownDataTypeParameters>
</Attribute>
<Attribute name="receipt_docum_date" id="334D9382-772C-C4BB-0438-48C25C285FB6">
<createdBy>Marin F</createdBy>
<createdTime>2011-07-11 06:51:52 UTC</createdTime>
<generatorID>41309FFD-106F-E0CC-4F19-CB3039D191F8</generatorID>
<ownerDesignName>sales_4</ownerDesignName>
<engineerTo>
<item key="E509B008-F0FB-19A3-CCAF-E1677B6C7C61" value="true"/>
</engineerTo>
<constraintName>CK_DATADOC</constraintName>
<nullsAllowed>true</nullsAllowed>
<useDomainConstraints>false</useDomainConstraints>
<use>1</use>
<logicalDatatype>LOGDT007</logicalDatatype>
<checkConstraint>
<implementationDef dbType="Oracle Database 10g" definition="DATADOC &gt;= TO_DATE(&apos;01/01/2010&apos;,&apos;DD/MM/YYYY&apos;) AND DATADOC &lt;= TO_DATE(&apos;31/12/2015&apos;,&apos;DD/MM/YYYY&apos;)"/>
</checkConstraint>
<ownDataTypeParameters>,,</ownDataTypeParameters>
</Attribute>
<Attribute name="amount_paid" id="4734BAAB-7C6E-8B9C-FB36-96D65FA95DC1">
<createdBy>admin</createdBy>
<createdTime>2015-10-29 10:47:46 UTC</createdTime>
<ownerDesignName>sales_4</ownerDesignName>
<engineerTo>
<item key="E509B008-F0FB-19A3-CCAF-E1677B6C7C61" value="true"/>
</engineerTo>
<useDomainConstraints>false</useDomainConstraints>
<use>1</use>
<logicalDatatype>LOGDT019</logicalDatatype>
<dataTypePrecision>12</dataTypePrecision>
<dataTypeScale>2</dataTypeScale>
<ownDataTypeParameters>,12,2</ownDataTypeParameters>
</Attribute>
</attributes>
<identifiers itemClass="oracle.dbtools.crest.model.design.logical.CandidateKey">
<identifier id="8049D72A-E5F6-4D45-EA0D-24DF018B1BAB" name="receipts__pk">
<createdBy>Marin F</createdBy>
<createdTime>2011-07-11 06:51:52 UTC</createdTime>
<generatorID>392D5A0F-0242-ACB1-E874-CD5E88863FAE</generatorID>
<ownerDesignName>sales_4</ownerDesignName>
<engineerTo>
<item key="E509B008-F0FB-19A3-CCAF-E1677B6C7C61" value="true"/>
</engineerTo>
<pk>true</pk>
<newElementsIDs>A3CDB75B-2E26-71BC-F06D-B979DCAF6B5A</newElementsIDs>
<usedAttributes>
<attributeRef>A3CDB75B-2E26-71BC-F06D-B979DCAF6B5A</attributeRef>
</usedAttributes>
</identifier>
</identifiers>
</Entity>