<?xml version = '1.0' encoding = 'UTF-8'?>
<Relation class="oracle.dbtools.crest.model.design.logical.InheritanceRelation" name="Hierarchy_2" directorySegmentName="seg_0" id="16B86ECF-C46E-8F4B-FA0A-45919BA568DB">
<createdBy>Marin F</createdBy>
<createdTime>2011-10-05 09:20:21 UTC</createdTime>
<ownerDesignName>ierarhie1</ownerDesignName>
<engineerTo>
<item key="8D97322B-A031-7F6D-EFB9-8B606264CDCF" value="true"/>
</engineerTo>
<identifying>false</identifying>
<nameOnSource>Super Type</nameOnSource>
<nameOnTarget>Sub Type</nameOnTarget>
<optionalSource>true</optionalSource>
<optionalTarget>true</optionalTarget>
<sourceEntity>C4B96B18-8CDF-83E7-A904-B522F73DB3AB</sourceEntity>
<targetEntity>5916C24D-210F-F901-F59A-2F8F5190CD73</targetEntity>
<transferable>true</transferable>
</Relation>