<?xml version = '1.0' encoding = 'UTF-8'?>
<Relation class="oracle.dbtools.crest.model.design.logical.InheritanceRelation" name="Hierarchy_3" directorySegmentName="seg_0" id="3FF2C68F-4A66-0F7C-2F44-18A0713A345A">
<createdBy>Marin F</createdBy>
<createdTime>2011-10-05 09:22:06 UTC</createdTime>
<ownerDesignName>ierarhie1</ownerDesignName>
<engineerTo>
<item key="8D97322B-A031-7F6D-EFB9-8B606264CDCF" value="true"/>
</engineerTo>
<identifying>false</identifying>
<nameOnSource>Super Type</nameOnSource>
<nameOnTarget>Sub Type</nameOnTarget>
<optionalSource>true</optionalSource>
<optionalTarget>true</optionalTarget>
<sourceEntity>5916C24D-210F-F901-F59A-2F8F5190CD73</sourceEntity>
<targetEntity>FF02D426-5B75-57CB-C88B-488F7F7EFEB9</targetEntity>
<transferable>true</transferable>
</Relation>