<?xml version = '1.0' encoding = 'UTF-8'?>
<Relation class="oracle.dbtools.crest.model.design.logical.InheritanceRelation" name="Hierarchy_1" directorySegmentName="seg_0" id="55250041-EE93-D3C0-14B2-E7AA1308DB4B">
<createdBy>Marin F</createdBy>
<createdTime>2011-10-05 09:19:59 UTC</createdTime>
<ownerDesignName>ierarhie1</ownerDesignName>
<engineerTo>
<item key="8D97322B-A031-7F6D-EFB9-8B606264CDCF" value="true"/>
</engineerTo>
<identifying>false</identifying>
<nameOnSource>Super Type</nameOnSource>
<nameOnTarget>Sub Type</nameOnTarget>
<optionalSource>true</optionalSource>
<optionalTarget>true</optionalTarget>
<sourceEntity>C4B96B18-8CDF-83E7-A904-B522F73DB3AB</sourceEntity>
<targetEntity>BB108558-BF53-4D1A-86C3-6C053A2E1921</targetEntity>
<transferable>true</transferable>
</Relation>