<?xml version = '1.0' encoding = 'UTF-8'?>
<Relation class="oracle.dbtools.crest.model.design.logical.InheritanceRelation" name="Hierarchy_4" directorySegmentName="seg_0" id="B915B934-F803-8492-4062-F57BE4D2FEC9">
<createdBy>Marin F</createdBy>
<createdTime>2011-10-05 09:23:40 UTC</createdTime>
<ownerDesignName>ierarhie1</ownerDesignName>
<engineerTo>
<item key="8D97322B-A031-7F6D-EFB9-8B606264CDCF" value="true"/>
</engineerTo>
<identifying>false</identifying>
<nameOnSource>Super Type</nameOnSource>
<nameOnTarget>Sub Type</nameOnTarget>
<optionalSource>true</optionalSource>
<optionalTarget>true</optionalTarget>
<sourceEntity>5916C24D-210F-F901-F59A-2F8F5190CD73</sourceEntity>
<targetEntity>C4509B02-5B22-7D8A-8EFB-0C41E855656F</targetEntity>
<transferable>true</transferable>
</Relation>