<?xml version = '1.0' encoding = 'UTF-8'?>
<Entity class="oracle.dbtools.crest.model.design.logical.Entity" directorySegmentName="seg_0" id="F5ED67E0-3C0B-BBF2-B992-B12A56A5B610" name="deposit">
<createdBy>admin</createdBy>
<createdTime>2015-10-28 10:32:05 UTC</createdTime>
<ownerDesignName>bank_cards_2</ownerDesignName>
<engineerTo>
<item key="6D398BFB-6C36-1521-5DB5-8689CAE45AB2" value="true"/>
</engineerTo>
<adequatelyNormalized>NO</adequatelyNormalized>
<expectedVolumes>0</expectedVolumes>
<fwdEngineeringStrategyName>Single Table</fwdEngineeringStrategyName>
<growthPercent>0</growthPercent>
<growthType>Year</growthType>
<maxVolumes>9999999</maxVolumes>
<minVolumes>0</minVolumes>
<normalForm>Third</normalForm>
<preferredAbbreviation>deposits</preferredAbbreviation>
<attributes itemClass="oracle.dbtools.crest.model.design.logical.Attribute">
<Attribute name="deposit_id" id="BD33D6D4-66C5-AFC8-33A4-F0220DBF9FE6">
<createdBy>admin</createdBy>
<createdTime>2015-10-28 10:32:27 UTC</createdTime>
<ownerDesignName>bank_cards_2</ownerDesignName>
<engineerTo>
<item key="6D398BFB-6C36-1521-5DB5-8689CAE45AB2" value="true"/>
</engineerTo>
<useDomainConstraints>false</useDomainConstraints>
<use>1</use>
<logicalDatatype>LOGDT011</logicalDatatype>
<ownDataTypeParameters>,,</ownDataTypeParameters>
</Attribute>
<Attribute name="deposit_dt" id="67424D1C-D399-9030-CAFA-D81EDF4B3FCC">
<createdBy>admin</createdBy>
<createdTime>2015-10-28 10:32:42 UTC</createdTime>
<ownerDesignName>bank_cards_2</ownerDesignName>
<engineerTo>
<item key="6D398BFB-6C36-1521-5DB5-8689CAE45AB2" value="true"/>
</engineerTo>
<nullsAllowed>true</nullsAllowed>
<useDomainConstraints>false</useDomainConstraints>
<use>1</use>
<logicalDatatype>LOGDT047</logicalDatatype>
<ownDataTypeParameters>,,</ownDataTypeParameters>
</Attribute>
<Attribute name="source_name" id="D5B58F9E-D514-DFB2-162B-56D702983AAB">
<createdBy>admin</createdBy>
<createdTime>2015-10-28 10:33:01 UTC</createdTime>
<ownerDesignName>bank_cards_2</ownerDesignName>
<engineerTo>
<item key="6D398BFB-6C36-1521-5DB5-8689CAE45AB2" value="true"/>
</engineerTo>
<nullsAllowed>true</nullsAllowed>
<useDomainConstraints>false</useDomainConstraints>
<use>1</use>
<logicalDatatype>LOGDT037</logicalDatatype>
<dataTypeSize>50</dataTypeSize>
<ownDataTypeParameters>50,,</ownDataTypeParameters>
</Attribute>
<Attribute name="source_iban" id="C473C654-7A46-4642-51B5-2463B038A7E3">
<createdBy>admin</createdBy>
<createdTime>2015-10-28 10:33:19 UTC</createdTime>
<ownerDesignName>bank_cards_2</ownerDesignName>
<engineerTo>
<item key="6D398BFB-6C36-1521-5DB5-8689CAE45AB2" value="true"/>
</engineerTo>
<nullsAllowed>true</nullsAllowed>
<useDomainConstraints>false</useDomainConstraints>
<use>1</use>
<logicalDatatype>LOGDT024</logicalDatatype>
<dataTypeSize>20</dataTypeSize>
<ownDataTypeParameters>20,,</ownDataTypeParameters>
</Attribute>
<Attribute name="amount" id="20C69A59-EF4D-5964-9550-B2DDF841C58C">
<createdBy>admin</createdBy>
<createdTime>2015-10-28 10:33:34 UTC</createdTime>
<ownerDesignName>bank_cards_2</ownerDesignName>
<engineerTo>
<item key="6D398BFB-6C36-1521-5DB5-8689CAE45AB2" value="true"/>
</engineerTo>
<useDomainConstraints>false</useDomainConstraints>
<use>1</use>
<logicalDatatype>LOGDT019</logicalDatatype>
<dataTypePrecision>12</dataTypePrecision>
<dataTypeScale>2</dataTypeScale>
<ownDataTypeParameters>,12,2</ownDataTypeParameters>
</Attribute>
<Attribute name="account_id" id="C15B7862-6994-9DC5-1E16-03B6AE40C169">
<createdBy>admin</createdBy>
<createdTime>2015-10-28 10:35:57 UTC</createdTime>
<generatorID>D9417189-580B-D94A-DB9E-A9FADCE6F787</generatorID>
<ownerDesignName>bank_cards_2</ownerDesignName>
<engineerTo>
<item key="6D398BFB-6C36-1521-5DB5-8689CAE45AB2" value="true"/>
</engineerTo>
<referedAttribute>2B23EDDD-38F9-6C8E-9719-96C7D5807F8B</referedAttribute>
<useDomainConstraints>false</useDomainConstraints>
<use>1</use>
<logicalDatatype>LOGDT011</logicalDatatype>
<ownDataTypeParameters>,,</ownDataTypeParameters>
</Attribute>
</attributes>
<identifiers itemClass="oracle.dbtools.crest.model.design.logical.CandidateKey">
<identifier id="3A8D169F-14BC-2D84-011C-998EE17CB875" name="deposit PK">
<createdBy>admin</createdBy>
<createdTime>2015-10-28 10:32:38 UTC</createdTime>
<ownerDesignName>bank_cards_2</ownerDesignName>
<engineerTo>
<item key="6D398BFB-6C36-1521-5DB5-8689CAE45AB2" value="true"/>
</engineerTo>
<pk>true</pk>
<usedAttributes>
<attributeRef>BD33D6D4-66C5-AFC8-33A4-F0220DBF9FE6</attributeRef>
</usedAttributes>
</identifier>
</identifiers>
</Entity>