<?xml version = '1.0' encoding = 'UTF-8'?>
<Entity class="oracle.dbtools.crest.model.design.logical.Entity" directorySegmentName="seg_0" id="CE438035-A1E7-668F-8CE2-5917FDEDD9D3" name="service">
<createdBy>admin</createdBy>
<createdTime>2015-10-30 07:14:16 UTC</createdTime>
<ownerDesignName>01a_heterogeneous_items_v1</ownerDesignName>
<engineerTo>
<item key="E772B046-A9A1-7A90-F248-DE668A03198A" value="true"/>
</engineerTo>
<adequatelyNormalized>NO</adequatelyNormalized>
<expectedVolumes>0</expectedVolumes>
<fwdEngineeringStrategyName>Single Table</fwdEngineeringStrategyName>
<growthPercent>0</growthPercent>
<growthType>Year</growthType>
<hierarchicalParent>E28FADA5-2158-4442-7038-E3BEAA1BCAB0</hierarchicalParent>
<maxVolumes>9999999</maxVolumes>
<minVolumes>0</minVolumes>
<normalForm>Third</normalForm>
<preferredAbbreviation>services</preferredAbbreviation>
<attributes itemClass="oracle.dbtools.crest.model.design.logical.Attribute">
<Attribute name="brief_description" id="96341F4B-B5C7-7510-51A1-2EF22CF889FA">
<createdBy>admin</createdBy>
<createdTime>2015-10-30 07:15:37 UTC</createdTime>
<ownerDesignName>01a_heterogeneous_items_v1</ownerDesignName>
<engineerTo>
<item key="E772B046-A9A1-7A90-F248-DE668A03198A" value="true"/>
</engineerTo>
<nullsAllowed>true</nullsAllowed>
<useDomainConstraints>false</useDomainConstraints>
<use>1</use>
<logicalDatatype>LOGDT037</logicalDatatype>
<dataTypeSize>100</dataTypeSize>
<ownDataTypeParameters>100,,</ownDataTypeParameters>
</Attribute>
</attributes>
</Entity>