<?xml version = '1.0' encoding = 'UTF-8'?>
<Entity class="oracle.dbtools.crest.model.design.logical.Entity" directorySegmentName="seg_0" id="E28FADA5-2158-4442-7038-E3BEAA1BCAB0" name="item">
<createdBy>admin</createdBy>
<createdTime>2015-10-30 06:59:19 UTC</createdTime>
<ownerDesignName>01a_heterogeneous_items_v1</ownerDesignName>
<engineerTo>
<item key="E772B046-A9A1-7A90-F248-DE668A03198A" value="true"/>
</engineerTo>
<adequatelyNormalized>NO</adequatelyNormalized>
<expectedVolumes>0</expectedVolumes>
<fwdEngineeringStrategyName>Single Table</fwdEngineeringStrategyName>
<growthPercent>0</growthPercent>
<growthType>Year</growthType>
<maxVolumes>9999999</maxVolumes>
<minVolumes>0</minVolumes>
<normalForm>Third</normalForm>
<preferredAbbreviation>item</preferredAbbreviation>
<attributes itemClass="oracle.dbtools.crest.model.design.logical.Attribute">
<Attribute name="item_code" id="1045832C-99A9-222A-A03D-213F70919C8C">
<createdBy>admin</createdBy>
<createdTime>2015-10-30 06:59:31 UTC</createdTime>
<ownerDesignName>01a_heterogeneous_items_v1</ownerDesignName>
<engineerTo>
<item key="E772B046-A9A1-7A90-F248-DE668A03198A" value="true"/>
</engineerTo>
<useDomainConstraints>false</useDomainConstraints>
<use>1</use>
<logicalDatatype>LOGDT011</logicalDatatype>
<ownDataTypeParameters>,,</ownDataTypeParameters>
</Attribute>
<Attribute name="item_name" id="2CC6AC7F-DDB6-0F8A-97F0-491E875A67F5">
<createdBy>admin</createdBy>
<createdTime>2015-10-30 06:59:48 UTC</createdTime>
<ownerDesignName>01a_heterogeneous_items_v1</ownerDesignName>
<engineerTo>
<item key="E772B046-A9A1-7A90-F248-DE668A03198A" value="true"/>
</engineerTo>
<useDomainConstraints>false</useDomainConstraints>
<use>1</use>
<logicalDatatype>LOGDT037</logicalDatatype>
<dataTypeSize>100</dataTypeSize>
<ownDataTypeParameters>100,,</ownDataTypeParameters>
</Attribute>
<Attribute name="crt_vat_percent" id="845D97C4-8F21-CF44-2A7F-8D100D522653">
<createdBy>admin</createdBy>
<createdTime>2015-10-30 07:00:20 UTC</createdTime>
<ownerDesignName>01a_heterogeneous_items_v1</ownerDesignName>
<engineerTo>
<item key="E772B046-A9A1-7A90-F248-DE668A03198A" value="true"/>
</engineerTo>
<useDomainConstraints>false</useDomainConstraints>
<use>1</use>
<logicalDatatype>LOGDT019</logicalDatatype>
<dataTypePrecision>4</dataTypePrecision>
<dataTypeScale>2</dataTypeScale>
<ownDataTypeParameters>,4,2</ownDataTypeParameters>
</Attribute>
<Attribute name="group_name" id="2AA09339-BC90-1698-3883-E021D89B40CD">
<createdBy>admin</createdBy>
<createdTime>2015-10-30 08:09:21 UTC</createdTime>
<generatorID>85F74E0B-BCDB-98C5-755E-D0BEFB91BF7F</generatorID>
<ownerDesignName>01a_heterogeneous_items_v1</ownerDesignName>
<engineerTo>
<item key="E772B046-A9A1-7A90-F248-DE668A03198A" value="true"/>
</engineerTo>
<referedAttribute>1762E63D-7844-6487-C08B-4BCF73B819E8</referedAttribute>
<useDomainConstraints>false</useDomainConstraints>
<use>1</use>
<logicalDatatype>LOGDT037</logicalDatatype>
<dataTypeSize>50</dataTypeSize>
<ownDataTypeParameters>50,,</ownDataTypeParameters>
</Attribute>
</attributes>
<identifiers itemClass="oracle.dbtools.crest.model.design.logical.CandidateKey">
<identifier id="4FBB1410-08FB-9B89-E530-B953ED4B1A43" name="item PK">
<createdBy>admin</createdBy>
<createdTime>2015-10-30 06:59:43 UTC</createdTime>
<ownerDesignName>01a_heterogeneous_items_v1</ownerDesignName>
<engineerTo>
<item key="E772B046-A9A1-7A90-F248-DE668A03198A" value="true"/>
</engineerTo>
<pk>true</pk>
<usedAttributes>
<attributeRef>1045832C-99A9-222A-A03D-213F70919C8C</attributeRef>
</usedAttributes>
</identifier>
</identifiers>
</Entity>