<?xml version = '1.0' encoding = 'UTF-8'?>
<Entity class="oracle.dbtools.crest.model.design.logical.Entity" directorySegmentName="seg_0" id="F83C1949-608D-81D4-5FB2-16FF9D499229" name="ordered_item">
<createdBy>admin</createdBy>
<createdTime>2015-10-30 08:12:25 UTC</createdTime>
<ownerDesignName>01a_heterogeneous_items_v1</ownerDesignName>
<engineerTo>
<item key="E772B046-A9A1-7A90-F248-DE668A03198A" value="true"/>
</engineerTo>
<adequatelyNormalized>NO</adequatelyNormalized>
<expectedVolumes>0</expectedVolumes>
<fwdEngineeringStrategyName>Single Table</fwdEngineeringStrategyName>
<growthPercent>0</growthPercent>
<growthType>Year</growthType>
<maxVolumes>9999999</maxVolumes>
<minVolumes>0</minVolumes>
<normalForm>Third</normalForm>
<preferredAbbreviation>ordered_items</preferredAbbreviation>
<attributes itemClass="oracle.dbtools.crest.model.design.logical.Attribute">
<Attribute name="quantity" id="80DD8CB9-BEBD-FD64-FEB8-4134C1C271ED">
<createdBy>admin</createdBy>
<createdTime>2015-10-30 08:12:39 UTC</createdTime>
<ownerDesignName>01a_heterogeneous_items_v1</ownerDesignName>
<engineerTo>
<item key="E772B046-A9A1-7A90-F248-DE668A03198A" value="true"/>
</engineerTo>
<useDomainConstraints>false</useDomainConstraints>
<use>1</use>
<logicalDatatype>LOGDT019</logicalDatatype>
<dataTypePrecision>9</dataTypePrecision>
<dataTypeScale>3</dataTypeScale>
<ownDataTypeParameters>,9,3</ownDataTypeParameters>
</Attribute>
<Attribute name="item_code" id="D1C62BFF-9C85-DFB4-A4B5-0C96B140BF51">
<createdBy>admin</createdBy>
<createdTime>2015-10-30 08:13:20 UTC</createdTime>
<generatorID>69FE3009-7F53-FC03-DF65-5913A34C5AD8</generatorID>
<ownerDesignName>01a_heterogeneous_items_v1</ownerDesignName>
<engineerTo>
<item key="E772B046-A9A1-7A90-F248-DE668A03198A" value="true"/>
</engineerTo>
<referedAttribute>1045832C-99A9-222A-A03D-213F70919C8C</referedAttribute>
<useDomainConstraints>false</useDomainConstraints>
<use>1</use>
<logicalDatatype>LOGDT011</logicalDatatype>
<ownDataTypeParameters>,,</ownDataTypeParameters>
</Attribute>
<Attribute name="order_id" id="1DA98C8A-FC77-0A45-701B-036A0E5A01F1">
<createdBy>admin</createdBy>
<createdTime>2015-10-30 08:13:36 UTC</createdTime>
<generatorID>2AFE7B4B-0337-CBB2-49DE-B73C185A50F3</generatorID>
<ownerDesignName>01a_heterogeneous_items_v1</ownerDesignName>
<engineerTo>
<item key="E772B046-A9A1-7A90-F248-DE668A03198A" value="true"/>
</engineerTo>
<referedAttribute>8A98ACB6-4887-B5F0-8B20-94C3085EBB91</referedAttribute>
<useDomainConstraints>false</useDomainConstraints>
<use>1</use>
<logicalDatatype>LOGDT011</logicalDatatype>
<ownDataTypeParameters>,,</ownDataTypeParameters>
</Attribute>
</attributes>
<identifiers itemClass="oracle.dbtools.crest.model.design.logical.CandidateKey">
<identifier id="E298E30E-FE1F-6742-A910-8A6D7786E0D1" name="ordered_item PK">
<createdBy>admin</createdBy>
<createdTime>2015-10-30 08:13:20 UTC</createdTime>
<ownerDesignName>01a_heterogeneous_items_v1</ownerDesignName>
<engineerTo>
<item key="E772B046-A9A1-7A90-F248-DE668A03198A" value="true"/>
</engineerTo>
<pk>true</pk>
<usedAttributes>
<attributeRef>D1C62BFF-9C85-DFB4-A4B5-0C96B140BF51</attributeRef>
<attributeRef>1DA98C8A-FC77-0A45-701B-036A0E5A01F1</attributeRef>
</usedAttributes>
</identifier>
</identifiers>
</Entity>