<?xml version = '1.0' encoding = 'UTF-8'?>
<Relation class="oracle.dbtools.crest.model.design.logical.Relation" name="describes_prod" directorySegmentName="seg_0" id="548DAA53-54D6-500D-4ED2-A9AA554BC099">
<createdBy>admin</createdBy>
<createdTime>2015-10-30 15:52:52 UTC</createdTime>
<ownerDesignName>03_metadata</ownerDesignName>
<engineerTo>
<item key="8DCDD79B-691F-B298-73CA-B64A62A3AEEC" value="true"/>
</engineerTo>
<sourcePk>896421A6-88EE-506D-58B9-B8D6CE3363B6</sourcePk>
<identifying>true</identifying>
<optionalSource>true</optionalSource>
<optionalTarget>false</optionalTarget>
<sourceCardinality>1</sourceCardinality>
<sourceEntity>2B353EF3-171E-52CA-ACCD-9E1C26F89CE8</sourceEntity>
<targetCardinalityString>*</targetCardinalityString>
<targetEntity>8F76DA1B-098A-8F2C-1C1A-46DFC01863D9</targetEntity>
<transferable>true</transferable>
</Relation>