<?xml version = '1.0' encoding = 'UTF-8'?>
<Relation class="oracle.dbtools.crest.model.design.logical.Relation" name="measures" directorySegmentName="seg_0" id="9F20F320-98E2-ABB8-C8CC-877482DC77DB">
<createdBy>admin</createdBy>
<createdTime>2015-10-30 15:49:51 UTC</createdTime>
<ownerDesignName>03_metadata</ownerDesignName>
<engineerTo>
<item key="8DCDD79B-691F-B298-73CA-B64A62A3AEEC" value="true"/>
</engineerTo>
<sourcePk>601F2803-D91C-5692-E764-85329B4EE1D7</sourcePk>
<identifying>false</identifying>
<optionalSource>true</optionalSource>
<optionalTarget>false</optionalTarget>
<sourceCardinality>1</sourceCardinality>
<sourceEntity>793CB266-841C-E697-0EA5-7E1769DD141F</sourceEntity>
<targetCardinalityString>*</targetCardinalityString>
<targetEntity>2B353EF3-171E-52CA-ACCD-9E1C26F89CE8</targetEntity>
<transferable>true</transferable>
</Relation>