<?xml version = '1.0' encoding = 'UTF-8'?>
<Relation class="oracle.dbtools.crest.model.design.logical.Relation" name="is_contained" directorySegmentName="seg_0" id="BA15BA92-6528-72A5-DB05-B1FFF5F11BC0">
<createdBy>admin</createdBy>
<createdTime>2015-10-30 09:45:12 UTC</createdTime>
<ownerDesignName>03_metadata</ownerDesignName>
<engineerTo>
<item key="8BD80427-BA40-B74B-5878-AD66E0970AC5" value="true"/>
</engineerTo>
<sourcePk>4D753783-EE60-9C7A-F46E-4B765A25D824</sourcePk>
<identifying>true</identifying>
<optionalSource>true</optionalSource>
<optionalTarget>false</optionalTarget>
<sourceCardinality>1</sourceCardinality>
<sourceEntity>6714288E-718D-93ED-B0E2-57C7129971D9</sourceEntity>
<targetCardinalityString>*</targetCardinalityString>
<targetEntity>F7DBC332-3636-01B3-E819-E426D5A0534D</targetEntity>
<transferable>true</transferable>
</Relation>