<?xml version = '1.0' encoding = 'UTF-8'?>
<FKIndexAssociation class="oracle.dbtools.crest.model.design.relational.FKIndexAssociation" directorySegmentName="seg_0" id="B37D5DED-C691-BBE9-14E4-2B0A310DE4D3" containerWithKeyObject="EEE707C9-FE36-191E-2212-E659248163F5" localFKIndex="1ADF25E8-7201-85C6-1BF7-CF96AB858663" name="course_sections_professors_FK">
<createdBy>marinfotache</createdBy>
<createdTime>2018-10-31 13:49:16 UTC</createdTime>
<generatorID>8FF67823-B677-2361-873A-719588FDF327</generatorID>
<ownerDesignName>teaches_1</ownerDesignName>
<referredTableLongName>professors</referredTableLongName>
<deleteRule>NO ACTION</deleteRule>
<referredTableID>661663AC-068A-FE70-BA3A-F734896E9F49</referredTableID>
<keyObject>E5AA9E9B-2A17-4327-C71E-FF72E60E3C90</keyObject>
<referredKeyID>E5AA9E9B-2A17-4327-C71E-FF72E60E3C90</referredKeyID>
<mandatory>true</mandatory>
<refColNames>prof_code</refColNames>
<transferable>true</transferable>
<rely>false</rely>
<columnDependencyConstraintGenerateInDDL>true</columnDependencyConstraintGenerateInDDL>
</FKIndexAssociation>