<?xml version = '1.0' encoding = 'UTF-8'?>
<Entity class="oracle.dbtools.crest.model.design.logical.Entity" directorySegmentName="seg_0" id="D513F06E-8B63-1AEF-C3A3-2FD75CACA2BA" name="employee">
<createdBy>admin</createdBy>
<createdTime>2015-11-10 16:08:26 UTC</createdTime>
<ownerDesignName>08c_organizational_chart</ownerDesignName>
<engineerTo>
<item key="B2066FEA-2EB7-E6B1-13B1-47381F99176D" value="true"/>
</engineerTo>
<adequatelyNormalized>NO</adequatelyNormalized>
<expectedVolumes>0</expectedVolumes>
<fwdEngineeringStrategyName>Single Table</fwdEngineeringStrategyName>
<growthPercent>0</growthPercent>
<growthType>Year</growthType>
<maxVolumes>9999999</maxVolumes>
<minVolumes>0</minVolumes>
<normalForm>Third</normalForm>
<preferredAbbreviation>employees</preferredAbbreviation>
<attributes itemClass="oracle.dbtools.crest.model.design.logical.Attribute">
<Attribute name="emp_id" id="E13BF889-01BC-4C00-FAB3-58F2702087C5">
<createdBy>admin</createdBy>
<createdTime>2015-11-10 16:08:39 UTC</createdTime>
<ownerDesignName>08c_organizational_chart</ownerDesignName>
<engineerTo>
<item key="B2066FEA-2EB7-E6B1-13B1-47381F99176D" value="true"/>
</engineerTo>
<useDomainConstraints>false</useDomainConstraints>
<use>1</use>
<logicalDatatype>LOGDT011</logicalDatatype>
<ownDataTypeParameters>,,</ownDataTypeParameters>
</Attribute>
<Attribute name="emp_name" id="55D0FABE-85D8-FBD7-77C2-759FB2C40A25">
<createdBy>admin</createdBy>
<createdTime>2015-11-10 16:08:48 UTC</createdTime>
<ownerDesignName>08c_organizational_chart</ownerDesignName>
<engineerTo>
<item key="B2066FEA-2EB7-E6B1-13B1-47381F99176D" value="true"/>
</engineerTo>
<nullsAllowed>true</nullsAllowed>
<useDomainConstraints>false</useDomainConstraints>
<use>1</use>
<logicalDatatype>LOGDT037</logicalDatatype>
<dataTypeSize>50</dataTypeSize>
<ownDataTypeParameters>50,,</ownDataTypeParameters>
</Attribute>
<Attribute name="emp_since" id="78ECCEB6-623B-35BC-23B0-CEF116751AD7">
<createdBy>admin</createdBy>
<createdTime>2015-11-10 16:09:05 UTC</createdTime>
<ownerDesignName>08c_organizational_chart</ownerDesignName>
<engineerTo>
<item key="B2066FEA-2EB7-E6B1-13B1-47381F99176D" value="true"/>
</engineerTo>
<nullsAllowed>true</nullsAllowed>
<useDomainConstraints>false</useDomainConstraints>
<use>1</use>
<logicalDatatype>LOGDT007</logicalDatatype>
<ownDataTypeParameters>,,</ownDataTypeParameters>
</Attribute>
</attributes>
<identifiers itemClass="oracle.dbtools.crest.model.design.logical.CandidateKey">
<identifier id="94007D74-04B6-39BF-CD84-C8F2E9C0B32F" name="employee PK">
<createdBy>admin</createdBy>
<createdTime>2015-11-10 16:08:44 UTC</createdTime>
<ownerDesignName>08c_organizational_chart</ownerDesignName>
<engineerTo>
<item key="B2066FEA-2EB7-E6B1-13B1-47381F99176D" value="true"/>
</engineerTo>
<pk>true</pk>
<usedAttributes>
<attributeRef>E13BF889-01BC-4C00-FAB3-58F2702087C5</attributeRef>
</usedAttributes>
</identifier>
</identifiers>
</Entity>