<?xml version = '1.0' encoding = 'UTF-8'?>
<Entity class="oracle.dbtools.crest.model.design.logical.Entity" directorySegmentName="seg_0" id="DBEB5601-DE01-5BC7-3469-123803231266" name="filled_position">
<createdBy>admin</createdBy>
<createdTime>2015-11-10 16:17:31 UTC</createdTime>
<ownerDesignName>08c_organizational_chart</ownerDesignName>
<engineerTo>
<item key="B2066FEA-2EB7-E6B1-13B1-47381F99176D" value="true"/>
</engineerTo>
<adequatelyNormalized>NO</adequatelyNormalized>
<expectedVolumes>0</expectedVolumes>
<fwdEngineeringStrategyName>Single Table</fwdEngineeringStrategyName>
<growthPercent>0</growthPercent>
<growthType>Year</growthType>
<maxVolumes>9999999</maxVolumes>
<minVolumes>0</minVolumes>
<normalForm>Third</normalForm>
<preferredAbbreviation>filled_positions</preferredAbbreviation>
<attributes itemClass="oracle.dbtools.crest.model.design.logical.Attribute">
<Attribute name="from" id="9AA249BD-27F1-1729-B119-F9219E3A1944">
<createdBy>admin</createdBy>
<createdTime>2015-11-10 16:18:03 UTC</createdTime>
<ownerDesignName>08c_organizational_chart</ownerDesignName>
<engineerTo>
<item key="B2066FEA-2EB7-E6B1-13B1-47381F99176D" value="true"/>
</engineerTo>
<useDomainConstraints>false</useDomainConstraints>
<use>1</use>
<logicalDatatype>LOGDT047</logicalDatatype>
<ownDataTypeParameters>,,</ownDataTypeParameters>
</Attribute>
<Attribute name="until" id="02DECD45-C923-292B-1E7A-0498401CD37B">
<createdBy>admin</createdBy>
<createdTime>2015-11-10 16:18:11 UTC</createdTime>
<ownerDesignName>08c_organizational_chart</ownerDesignName>
<engineerTo>
<item key="B2066FEA-2EB7-E6B1-13B1-47381F99176D" value="true"/>
</engineerTo>
<nullsAllowed>true</nullsAllowed>
<useDomainConstraints>false</useDomainConstraints>
<use>1</use>
<logicalDatatype>LOGDT047</logicalDatatype>
<ownDataTypeParameters>,,</ownDataTypeParameters>
</Attribute>
<Attribute name="emp_id" id="7966249E-0469-3005-FE50-9376E6A51B53">
<createdBy>admin</createdBy>
<createdTime>2015-11-10 16:19:52 UTC</createdTime>
<generatorID>8F00B08B-5928-C15B-EF2B-9CA97E1AECB4</generatorID>
<ownerDesignName>08c_organizational_chart</ownerDesignName>
<engineerTo>
<item key="B2066FEA-2EB7-E6B1-13B1-47381F99176D" value="true"/>
</engineerTo>
<referedAttribute>E13BF889-01BC-4C00-FAB3-58F2702087C5</referedAttribute>
<useDomainConstraints>false</useDomainConstraints>
<use>1</use>
<logicalDatatype>LOGDT011</logicalDatatype>
<ownDataTypeParameters>,,</ownDataTypeParameters>
</Attribute>
<Attribute name="dt_start" id="0B201441-0176-E903-0B23-B448F5CADFEC">
<createdBy>admin</createdBy>
<createdTime>2015-11-10 16:21:36 UTC</createdTime>
<generatorID>D510AD01-E008-B048-93DD-10BD0A1519B3</generatorID>
<ownerDesignName>08c_organizational_chart</ownerDesignName>
<engineerTo>
<item key="B2066FEA-2EB7-E6B1-13B1-47381F99176D" value="true"/>
</engineerTo>
<referedAttribute>F00B8593-76A9-12C9-72F4-1A7BCDF5FEE7</referedAttribute>
<useDomainConstraints>false</useDomainConstraints>
<use>1</use>
<logicalDatatype>LOGDT047</logicalDatatype>
<ownDataTypeParameters>,,</ownDataTypeParameters>
</Attribute>
<Attribute name="entity_id" id="4A86E389-18DE-A3AC-C636-D760170D5037">
<createdBy>admin</createdBy>
<createdTime>2015-11-10 16:21:36 UTC</createdTime>
<generatorID>D510AD01-E008-B048-93DD-10BD0A1519B3</generatorID>
<ownerDesignName>08c_organizational_chart</ownerDesignName>
<engineerTo>
<item key="B2066FEA-2EB7-E6B1-13B1-47381F99176D" value="true"/>
</engineerTo>
<referedAttribute>1BED7DE2-AB51-FB3A-D9FC-61AD7E64C1F7</referedAttribute>
<useDomainConstraints>false</useDomainConstraints>
<use>1</use>
<logicalDatatype>LOGDT011</logicalDatatype>
<ownDataTypeParameters>,,</ownDataTypeParameters>
</Attribute>
<Attribute name="position_id" id="ABDAA3FE-DC15-ADD8-337A-3DB1AEF3ED2F">
<createdBy>admin</createdBy>
<createdTime>2015-11-10 16:22:15 UTC</createdTime>
<generatorID>D510AD01-E008-B048-93DD-10BD0A1519B3</generatorID>
<ownerDesignName>08c_organizational_chart</ownerDesignName>
<engineerTo>
<item key="B2066FEA-2EB7-E6B1-13B1-47381F99176D" value="true"/>
</engineerTo>
<referedAttribute>0B685A95-F033-B074-0E17-16ACA81BF678</referedAttribute>
<useDomainConstraints>false</useDomainConstraints>
<use>1</use>
<logicalDatatype>LOGDT011</logicalDatatype>
<ownDataTypeParameters>,,</ownDataTypeParameters>
</Attribute>
</attributes>
<identifiers itemClass="oracle.dbtools.crest.model.design.logical.CandidateKey">
<identifier id="72F7A671-0DF9-4913-9765-603FBDAF344A" name="filled_position PK">
<createdBy>admin</createdBy>
<createdTime>2015-11-10 16:19:59 UTC</createdTime>
<ownerDesignName>08c_organizational_chart</ownerDesignName>
<engineerTo>
<item key="B2066FEA-2EB7-E6B1-13B1-47381F99176D" value="true"/>
</engineerTo>
<pk>true</pk>
<usedAttributes>
<attributeRef>7966249E-0469-3005-FE50-9376E6A51B53</attributeRef>
<attributeRef>0B201441-0176-E903-0B23-B448F5CADFEC</attributeRef>
<attributeRef>4A86E389-18DE-A3AC-C636-D760170D5037</attributeRef>
<attributeRef>ABDAA3FE-DC15-ADD8-337A-3DB1AEF3ED2F</attributeRef>
<attributeRef>9AA249BD-27F1-1729-B119-F9219E3A1944</attributeRef>
</usedAttributes>
</identifier>
</identifiers>
</Entity>