<?xml version = '1.0' encoding = 'UTF-8'?>
<Entity class="oracle.dbtools.crest.model.design.logical.Entity" directorySegmentName="seg_0" id="EB50440E-AB72-B438-6DF1-39B41C053BA1" name="attached_position">
<createdBy>admin</createdBy>
<createdTime>2015-11-10 16:14:34 UTC</createdTime>
<ownerDesignName>08c_organizational_chart</ownerDesignName>
<engineerTo>
<item key="B2066FEA-2EB7-E6B1-13B1-47381F99176D" value="true"/>
</engineerTo>
<adequatelyNormalized>NO</adequatelyNormalized>
<expectedVolumes>0</expectedVolumes>
<fwdEngineeringStrategyName>Single Table</fwdEngineeringStrategyName>
<growthPercent>0</growthPercent>
<growthType>Year</growthType>
<maxVolumes>9999999</maxVolumes>
<minVolumes>0</minVolumes>
<normalForm>Third</normalForm>
<preferredAbbreviation>attached_positions</preferredAbbreviation>
<attributes itemClass="oracle.dbtools.crest.model.design.logical.Attribute">
<Attribute name="dt_start" id="F00B8593-76A9-12C9-72F4-1A7BCDF5FEE7">
<createdBy>admin</createdBy>
<createdTime>2015-11-10 16:15:56 UTC</createdTime>
<ownerDesignName>08c_organizational_chart</ownerDesignName>
<engineerTo>
<item key="B2066FEA-2EB7-E6B1-13B1-47381F99176D" value="true"/>
</engineerTo>
<useDomainConstraints>false</useDomainConstraints>
<use>1</use>
<logicalDatatype>LOGDT047</logicalDatatype>
<ownDataTypeParameters>,,</ownDataTypeParameters>
</Attribute>
<Attribute name="dt_stop" id="21CAC2A5-B86C-7181-BED9-0CB44B4A329F">
<createdBy>admin</createdBy>
<createdTime>2015-11-10 16:16:13 UTC</createdTime>
<ownerDesignName>08c_organizational_chart</ownerDesignName>
<engineerTo>
<item key="B2066FEA-2EB7-E6B1-13B1-47381F99176D" value="true"/>
</engineerTo>
<nullsAllowed>true</nullsAllowed>
<useDomainConstraints>false</useDomainConstraints>
<use>1</use>
<logicalDatatype>LOGDT047</logicalDatatype>
<ownDataTypeParameters>,,</ownDataTypeParameters>
</Attribute>
<Attribute name="main_task" id="0299C3FB-1C4F-E9B6-0548-59FFC09476CC">
<createdBy>admin</createdBy>
<createdTime>2015-11-10 16:16:22 UTC</createdTime>
<ownerDesignName>08c_organizational_chart</ownerDesignName>
<engineerTo>
<item key="B2066FEA-2EB7-E6B1-13B1-47381F99176D" value="true"/>
</engineerTo>
<useDomainConstraints>false</useDomainConstraints>
<use>1</use>
<logicalDatatype>LOGDT037</logicalDatatype>
<dataTypeSize>100</dataTypeSize>
<ownDataTypeParameters>100,,</ownDataTypeParameters>
</Attribute>
<Attribute name="comments" id="B5602AF4-6F3D-67CC-73BC-B08C4625973C">
<createdBy>admin</createdBy>
<createdTime>2015-11-10 16:16:37 UTC</createdTime>
<ownerDesignName>08c_organizational_chart</ownerDesignName>
<engineerTo>
<item key="B2066FEA-2EB7-E6B1-13B1-47381F99176D" value="true"/>
</engineerTo>
<nullsAllowed>true</nullsAllowed>
<useDomainConstraints>false</useDomainConstraints>
<use>1</use>
<logicalDatatype>LOGDT037</logicalDatatype>
<dataTypeSize>100</dataTypeSize>
<ownDataTypeParameters>100,,</ownDataTypeParameters>
</Attribute>
<Attribute name="n_of_positions_to_be_filled" id="B0647A7C-531D-7979-1916-BC091C59C6F9">
<createdBy>admin</createdBy>
<createdTime>2015-11-10 16:17:05 UTC</createdTime>
<ownerDesignName>08c_organizational_chart</ownerDesignName>
<engineerTo>
<item key="B2066FEA-2EB7-E6B1-13B1-47381F99176D" value="true"/>
</engineerTo>
<nullsAllowed>true</nullsAllowed>
<useDomainConstraints>false</useDomainConstraints>
<use>1</use>
<logicalDatatype>LOGDT011</logicalDatatype>
<ownDataTypeParameters>,,</ownDataTypeParameters>
</Attribute>
<Attribute name="entity_id" id="1BED7DE2-AB51-FB3A-D9FC-61AD7E64C1F7">
<createdBy>admin</createdBy>
<createdTime>2015-11-10 16:20:22 UTC</createdTime>
<generatorID>80705928-F905-9DE6-7EE5-9011560251C2</generatorID>
<ownerDesignName>08c_organizational_chart</ownerDesignName>
<engineerTo>
<item key="B2066FEA-2EB7-E6B1-13B1-47381F99176D" value="true"/>
</engineerTo>
<referedAttribute>D639822F-1AC6-6948-A0CF-560288CE22F2</referedAttribute>
<useDomainConstraints>false</useDomainConstraints>
<use>1</use>
<logicalDatatype>LOGDT011</logicalDatatype>
<ownDataTypeParameters>,,</ownDataTypeParameters>
</Attribute>
<Attribute name="position_id" id="0B685A95-F033-B074-0E17-16ACA81BF678">
<createdBy>admin</createdBy>
<createdTime>2015-11-10 16:22:15 UTC</createdTime>
<generatorID>A61A634E-5406-CA28-1396-2BB38C1B5AA2</generatorID>
<ownerDesignName>08c_organizational_chart</ownerDesignName>
<engineerTo>
<item key="B2066FEA-2EB7-E6B1-13B1-47381F99176D" value="true"/>
</engineerTo>
<referedAttribute>6EA19B0D-E448-7AF9-BCC3-22E25EEF18AF</referedAttribute>
<useDomainConstraints>false</useDomainConstraints>
<use>1</use>
<logicalDatatype>LOGDT011</logicalDatatype>
<ownDataTypeParameters>,,</ownDataTypeParameters>
</Attribute>
</attributes>
<identifiers itemClass="oracle.dbtools.crest.model.design.logical.CandidateKey">
<identifier id="8DE68020-B034-7FD3-D520-C1B5F273E9C9" name="attach_position PK">
<createdBy>admin</createdBy>
<createdTime>2015-11-10 16:16:11 UTC</createdTime>
<ownerDesignName>08c_organizational_chart</ownerDesignName>
<engineerTo>
<item key="B2066FEA-2EB7-E6B1-13B1-47381F99176D" value="true"/>
</engineerTo>
<pk>true</pk>
<usedAttributes>
<attributeRef>F00B8593-76A9-12C9-72F4-1A7BCDF5FEE7</attributeRef>
<attributeRef>1BED7DE2-AB51-FB3A-D9FC-61AD7E64C1F7</attributeRef>
<attributeRef>0B685A95-F033-B074-0E17-16ACA81BF678</attributeRef>
</usedAttributes>
</identifier>
</identifiers>
</Entity>