<?xml version = '1.0' encoding = 'UTF-8'?>
<FKIndexAssociation class="oracle.dbtools.crest.model.design.relational.FKIndexAssociation" directorySegmentName="seg_0" id="1535D9AE-CDF3-8FB8-03EE-24D68CC017F5" containerWithKeyObject="642C2274-2307-BAB2-EBA2-179786BDE499" localFKIndex="5D3B8757-F67A-BE6B-431E-C34733F5F650" name="is_sold_in">
<createdBy>marinfotache</createdBy>
<createdTime>2018-10-25 18:43:26 UTC</createdTime>
<generatorID>A29855C0-B8E0-9AB1-939F-006BD29DD707</generatorID>
<ownerDesignName>sales_1</ownerDesignName>
<referredTableLongName>product</referredTableLongName>
<deleteRule>NO ACTION</deleteRule>
<referredTableID>2AD32E56-B966-4F82-3BA2-29DFEA4F2938</referredTableID>
<keyObject>D26CA48A-BCCA-0823-BA2A-46811E65EA7B</keyObject>
<referredKeyID>D26CA48A-BCCA-0823-BA2A-46811E65EA7B</referredKeyID>
<mandatory>true</mandatory>
<refColNames>product_id</refColNames>
<transferable>true</transferable>
<rely>false</rely>
<columnDependencyConstraintGenerateInDDL>true</columnDependencyConstraintGenerateInDDL>
</FKIndexAssociation>