<?xml version = '1.0' encoding = 'UTF-8'?>
<FKIndexAssociation class="oracle.dbtools.crest.model.design.relational.FKIndexAssociation" directorySegmentName="seg_0" id="3CDEB91D-7C68-87DC-2648-62C26FD2BA70" containerWithKeyObject="75F1FF20-B85E-8415-A2D7-B93E9BC4F36C" localFKIndex="5EA48E13-CEEA-297B-8D27-32E55D59943F" name="has_defined">
<createdBy>marinfotache</createdBy>
<createdTime>2018-10-25 18:43:26 UTC</createdTime>
<generatorID>D42DE3C4-CE63-CA76-6A11-59ADAADC375E</generatorID>
<ownerDesignName>sales_1</ownerDesignName>
<referredTableLongName>county</referredTableLongName>
<deleteRule>NO ACTION</deleteRule>
<referredTableID>AB62277E-2CBB-91FA-AC11-AF7EEB534892</referredTableID>
<keyObject>F540B0BF-1CF8-BE65-91A2-6BCEC15AAABB</keyObject>
<referredKeyID>F540B0BF-1CF8-BE65-91A2-6BCEC15AAABB</referredKeyID>
<mandatory>true</mandatory>
<refColNames>county_code</refColNames>
<transferable>true</transferable>
<rely>false</rely>
<columnDependencyConstraintGenerateInDDL>true</columnDependencyConstraintGenerateInDDL>
</FKIndexAssociation>