<?xml version = '1.0' encoding = 'UTF-8'?>
<FKIndexAssociation class="oracle.dbtools.crest.model.design.relational.FKIndexAssociation" directorySegmentName="seg_0" id="564180BA-5136-2F1F-7E86-9FAFFCDF3E99" containerWithKeyObject="5F8B8C36-9D82-B36B-271B-39948F1DD09A" localFKIndex="DD6B04BE-E405-58E4-898B-E32CE5B453BF" name="is_paid_by">
<createdBy>marinfotache</createdBy>
<createdTime>2018-10-25 18:43:26 UTC</createdTime>
<generatorID>BFF71C8D-60AE-DDB3-E312-B35FE343EFE9</generatorID>
<ownerDesignName>sales_1</ownerDesignName>
<referredTableLongName>invoice</referredTableLongName>
<deleteRule>NO ACTION</deleteRule>
<referredTableID>1739F30E-DF73-F4B1-BCC2-4B2859AB7CEC</referredTableID>
<keyObject>A90E78B1-2026-4848-B22D-7CB84BC0CB4D</keyObject>
<referredKeyID>A90E78B1-2026-4848-B22D-7CB84BC0CB4D</referredKeyID>
<mandatory>true</mandatory>
<refColNames>invoice_id</refColNames>
<transferable>true</transferable>
<rely>false</rely>
<columnDependencyConstraintGenerateInDDL>true</columnDependencyConstraintGenerateInDDL>
</FKIndexAssociation>