<?xml version = '1.0' encoding = 'UTF-8'?>
<FKIndexAssociation class="oracle.dbtools.crest.model.design.relational.FKIndexAssociation" directorySegmentName="seg_0" id="74797BAE-CA35-9062-4F30-2A245FDAE01D" containerWithKeyObject="5F8B8C36-9D82-B36B-271B-39948F1DD09A" localFKIndex="B9AE431F-C7B2-0F59-8E26-CADA022A8F13" name="is_composed_of">
<createdBy>marinfotache</createdBy>
<createdTime>2018-10-25 18:43:26 UTC</createdTime>
<generatorID>3DC8AEB8-57D3-AFB7-FCE8-7F08DCC93164</generatorID>
<ownerDesignName>sales_1</ownerDesignName>
<referredTableLongName>receipt</referredTableLongName>
<deleteRule>NO ACTION</deleteRule>
<referredTableID>1EB8DB12-3725-0C5F-7466-CA86B96AE7F4</referredTableID>
<keyObject>6CE623A4-2E82-1053-158F-A28790F1B383</keyObject>
<referredKeyID>6CE623A4-2E82-1053-158F-A28790F1B383</referredKeyID>
<mandatory>true</mandatory>
<refColNames>receipt_id</refColNames>
<transferable>true</transferable>
<rely>false</rely>
<columnDependencyConstraintGenerateInDDL>true</columnDependencyConstraintGenerateInDDL>
</FKIndexAssociation>