<?xml version = '1.0' encoding = 'UTF-8'?>
<FKIndexAssociation class="oracle.dbtools.crest.model.design.relational.FKIndexAssociation" directorySegmentName="seg_0" id="898ED034-38B5-E89A-ECAD-1E57849FC017" containerWithKeyObject="870C29F9-5D4B-1350-E65A-69FEE64A4763" localFKIndex="DBD9689A-9DAD-A074-0BDF-B84CCEEDB2D8" name="is_represented_by">
<createdBy>marinfotache</createdBy>
<createdTime>2018-10-25 18:43:26 UTC</createdTime>
<generatorID>C8A70461-C856-4D8C-9F97-C9F252DDEE62</generatorID>
<ownerDesignName>sales_1</ownerDesignName>
<referredTableLongName>customer</referredTableLongName>
<deleteRule>NO ACTION</deleteRule>
<referredTableID>6F92C41B-1CCF-ABF6-76DD-610429353574</referredTableID>
<keyObject>85D4B860-AAE2-7ACE-3144-30F21B6B9C4E</keyObject>
<referredKeyID>85D4B860-AAE2-7ACE-3144-30F21B6B9C4E</referredKeyID>
<mandatory>true</mandatory>
<refColNames>cust_id</refColNames>
<transferable>true</transferable>
<rely>false</rely>
<columnDependencyConstraintGenerateInDDL>true</columnDependencyConstraintGenerateInDDL>
</FKIndexAssociation>