<?xml version = '1.0' encoding = 'UTF-8'?>
<FKIndexAssociation class="oracle.dbtools.crest.model.design.relational.FKIndexAssociation" directorySegmentName="seg_0" id="902F5FDD-1AFE-54C2-21E2-F43F9BD3FE10" containerWithKeyObject="1739F30E-DF73-F4B1-BCC2-4B2859AB7CEC" localFKIndex="66EE33D7-9C81-EEAF-29A9-CE8C37F54DFE" name="orders">
<createdBy>marinfotache</createdBy>
<createdTime>2018-10-25 18:43:26 UTC</createdTime>
<generatorID>3887E4B0-99D7-4D22-8E5D-DB276E64F678</generatorID>
<ownerDesignName>sales_1</ownerDesignName>
<referredTableLongName>customer</referredTableLongName>
<deleteRule>NO ACTION</deleteRule>
<referredTableID>6F92C41B-1CCF-ABF6-76DD-610429353574</referredTableID>
<keyObject>85D4B860-AAE2-7ACE-3144-30F21B6B9C4E</keyObject>
<referredKeyID>85D4B860-AAE2-7ACE-3144-30F21B6B9C4E</referredKeyID>
<mandatory>true</mandatory>
<refColNames>cust_id</refColNames>
<transferable>true</transferable>
<rely>false</rely>
<columnDependencyConstraintGenerateInDDL>true</columnDependencyConstraintGenerateInDDL>
</FKIndexAssociation>