<?xml version = '1.0' encoding = 'UTF-8'?>
<FKIndexAssociation class="oracle.dbtools.crest.model.design.relational.FKIndexAssociation" directorySegmentName="seg_0" id="BF67B39C-01E8-B868-7D6B-9566D1E68A44" containerWithKeyObject="870C29F9-5D4B-1350-E65A-69FEE64A4763" localFKIndex="6F1FA909-68AD-8B1D-715B-A6FEBB337613" name="represents_">
<createdBy>marinfotache</createdBy>
<createdTime>2018-10-25 18:43:26 UTC</createdTime>
<generatorID>6F42A286-0894-7836-2315-203EE65990C9</generatorID>
<ownerDesignName>sales_1</ownerDesignName>
<referredTableLongName>person</referredTableLongName>
<deleteRule>NO ACTION</deleteRule>
<referredTableID>DE86BD2D-2CDD-E5AA-089B-BBD56632E043</referredTableID>
<keyObject>AABF5A06-E46F-9923-9D72-F4DAB7BD56A6</keyObject>
<referredKeyID>AABF5A06-E46F-9923-9D72-F4DAB7BD56A6</referredKeyID>
<mandatory>true</mandatory>
<refColNames>pers_id</refColNames>
<transferable>true</transferable>
<rely>false</rely>
<columnDependencyConstraintGenerateInDDL>true</columnDependencyConstraintGenerateInDDL>
</FKIndexAssociation>