<?xml version = '1.0' encoding = 'UTF-8'?>
<FKIndexAssociation class="oracle.dbtools.crest.model.design.relational.FKIndexAssociation" directorySegmentName="seg_0" id="DEDF9F6A-F1AC-563A-5CA6-E99FFF76AA12" containerWithKeyObject="6F92C41B-1CCF-ABF6-76DD-610429353574" localFKIndex="D4208D5C-3A41-F673-BFC8-FC4A827E568B" name="is_for_address_of">
<createdBy>marinfotache</createdBy>
<createdTime>2018-10-25 18:43:26 UTC</createdTime>
<generatorID>041CAC65-CEE4-CBF4-1D2E-12DF8E5B7D4E</generatorID>
<ownerDesignName>sales_1</ownerDesignName>
<referredTableLongName>postal_code</referredTableLongName>
<deleteRule>NO ACTION</deleteRule>
<referredTableID>75F1FF20-B85E-8415-A2D7-B93E9BC4F36C</referredTableID>
<keyObject>8B7433A2-D97B-B427-E33B-2731F9A9CEAA</keyObject>
<referredKeyID>8B7433A2-D97B-B427-E33B-2731F9A9CEAA</referredKeyID>
<mandatory>true</mandatory>
<refColNames>post_code</refColNames>
<transferable>true</transferable>
<rely>false</rely>
<columnDependencyConstraintGenerateInDDL>true</columnDependencyConstraintGenerateInDDL>
</FKIndexAssociation>