<?xml version = '1.0' encoding = 'UTF-8'?>
<FKIndexAssociation class="oracle.dbtools.crest.model.design.relational.FKIndexAssociation" directorySegmentName="seg_0" id="E7B42E68-DEFB-A768-1A05-8FE17A85C871" containerWithKeyObject="642C2274-2307-BAB2-EBA2-179786BDE499" localFKIndex="4A126153-3C1F-AE95-7BAC-135BB8EDEF56" name="contains">
<createdBy>marinfotache</createdBy>
<createdTime>2018-10-25 18:43:26 UTC</createdTime>
<generatorID>FDA6341C-BE50-5CE3-3821-644B4FD1FDCC</generatorID>
<ownerDesignName>sales_1</ownerDesignName>
<referredTableLongName>invoice</referredTableLongName>
<deleteRule>NO ACTION</deleteRule>
<referredTableID>1739F30E-DF73-F4B1-BCC2-4B2859AB7CEC</referredTableID>
<keyObject>A90E78B1-2026-4848-B22D-7CB84BC0CB4D</keyObject>
<referredKeyID>A90E78B1-2026-4848-B22D-7CB84BC0CB4D</referredKeyID>
<mandatory>true</mandatory>
<refColNames>invoice_id</refColNames>
<transferable>true</transferable>
<rely>false</rely>
<columnDependencyConstraintGenerateInDDL>true</columnDependencyConstraintGenerateInDDL>
</FKIndexAssociation>