<?xml version = '1.0' encoding = 'UTF-8'?>
<FKIndexAssociation class="oracle.dbtools.crest.model.design.relational.FKIndexAssociation" directorySegmentName="seg_0" id="EEFEB3C5-3887-B1D7-9E9A-EA174FDB318D" containerWithKeyObject="DE86BD2D-2CDD-E5AA-089B-BBD56632E043" localFKIndex="5CD64954-A2CB-5DD1-140B-D9E5BA77EDBD" name="identifies_town_of">
<createdBy>marinfotache</createdBy>
<createdTime>2018-10-25 18:43:26 UTC</createdTime>
<generatorID>8C1FC7B8-6660-31CC-55EE-8BE19F7D8F4F</generatorID>
<ownerDesignName>sales_1</ownerDesignName>
<referredTableLongName>postal_code</referredTableLongName>
<deleteRule>NO ACTION</deleteRule>
<referredTableID>75F1FF20-B85E-8415-A2D7-B93E9BC4F36C</referredTableID>
<keyObject>8B7433A2-D97B-B427-E33B-2731F9A9CEAA</keyObject>
<referredKeyID>8B7433A2-D97B-B427-E33B-2731F9A9CEAA</referredKeyID>
<mandatory>false</mandatory>
<refColNames>post_code</refColNames>
<transferable>true</transferable>
<rely>false</rely>
<columnDependencyConstraintGenerateInDDL>true</columnDependencyConstraintGenerateInDDL>
</FKIndexAssociation>