<?xml version = '1.0' encoding = 'UTF-8'?>
<Entity class="oracle.dbtools.crest.model.design.logical.Entity" directorySegmentName="seg_0" id="1EED0582-C8A3-77F1-9D89-D235291ECF21" name="product_vat_history">
<createdBy>admin</createdBy>
<createdTime>2015-10-25 08:17:54 UTC</createdTime>
<ownerDesignName>sales_2</ownerDesignName>
<adequatelyNormalized>NO</adequatelyNormalized>
<expectedVolumes>0</expectedVolumes>
<fwdEngineeringStrategyName>Single Table</fwdEngineeringStrategyName>
<growthPercent>0</growthPercent>
<growthType>Year</growthType>
<maxVolumes>9999999</maxVolumes>
<minVolumes>0</minVolumes>
<normalForm>Third</normalForm>
<preferredAbbreviation>products_vat_history</preferredAbbreviation>
<attributes itemClass="oracle.dbtools.crest.model.design.logical.Attribute">
<Attribute name="from" id="6E7476B4-F26C-229D-DEEA-131768C8B965">
<createdBy>admin</createdBy>
<createdTime>2015-10-25 08:18:26 UTC</createdTime>
<ownerDesignName>sales_2</ownerDesignName>
<useDomainConstraints>false</useDomainConstraints>
<use>1</use>
<logicalDatatype>LOGDT007</logicalDatatype>
<ownDataTypeParameters>,,</ownDataTypeParameters>
</Attribute>
<Attribute name="until" id="101B894A-1095-B9AA-E768-5CB32D1F036D">
<createdBy>admin</createdBy>
<createdTime>2015-10-25 08:18:49 UTC</createdTime>
<ownerDesignName>sales_2</ownerDesignName>
<nullsAllowed>true</nullsAllowed>
<useDomainConstraints>false</useDomainConstraints>
<use>1</use>
<logicalDatatype>LOGDT007</logicalDatatype>
<ownDataTypeParameters>,,</ownDataTypeParameters>
</Attribute>
<Attribute name="vat_percent" id="ACF2AAC6-0D44-DC19-3F38-10FDAF33A89A">
<createdBy>admin</createdBy>
<createdTime>2015-10-25 08:19:05 UTC</createdTime>
<ownerDesignName>sales_2</ownerDesignName>
<useDomainConstraints>false</useDomainConstraints>
<use>1</use>
<logicalDatatype>LOGDT019</logicalDatatype>
<dataTypePrecision>4</dataTypePrecision>
<dataTypeScale>2</dataTypeScale>
<ownDataTypeParameters>,4,2</ownDataTypeParameters>
</Attribute>
</attributes>
<identifiers itemClass="oracle.dbtools.crest.model.design.logical.CandidateKey">
<identifier id="68FAC486-B191-8B34-3C46-0DA152C2008A" name="products_vat_history__pk">
<createdBy>admin</createdBy>
<createdTime>2015-10-25 08:18:45 UTC</createdTime>
<ownerDesignName>sales_2</ownerDesignName>
<pk>true</pk>
<newElementsIDs>6E7476B4-F26C-229D-DEEA-131768C8B965</newElementsIDs>
<usedAttributes>
<attributeRef>6E7476B4-F26C-229D-DEEA-131768C8B965</attributeRef>
</usedAttributes>
</identifier>
</identifiers>
</Entity>