<?xml version = '1.0' encoding = 'UTF-8'?>
<Diagram class="oracle.dbtools.crest.swingui.logical.DPVLogical" name="Logical" id="5C38C1AE-1620-1875-B0FB-A8F537548763">
<createdBy>admin</createdBy>
<modifiedBy>admin</modifiedBy>
<createdTime>2015-10-30 06:59:19 UTC</createdTime>
<autoRoute>false</autoRoute>
<boxInbox>true</boxInbox>
<showLegend>false</showLegend>
<showLabels>false</showLabels>
<showRelAttributes>false</showRelAttributes>
<gridEnabled>false</gridEnabled>
<showGrid>false</showGrid>
<diagramColor>-1</diagramColor>
<display>false</display>
<notation>1</notation>
<objectViews>
<OView class="oracle.dbtools.crest.swingui.logical.TVEntity" oid="2B353EF3-171E-52CA-ACCD-9E1C26F89CE8" otype="Entity" vid="16160961-8D66-84FC-6755-CCABBA55ADEB">
<hideElementsInCurrentOnly>false</hideElementsInCurrentOnly>
<bounds x="70" y="179" width="130" height="104"/>
</OView>
<OView class="oracle.dbtools.crest.swingui.logical.TVEntity" oid="31D7E745-BF20-2475-44D8-43FE2613DC9A" otype="Entity" vid="24AC1A08-0A7D-E265-6CF6-C1025AD48FD2">
<hideElementsInCurrentOnly>false</hideElementsInCurrentOnly>
<bounds x="455" y="274" width="149" height="135"/>
</OView>
<OView class="oracle.dbtools.crest.swingui.logical.TVEntity" oid="3A018823-5E70-45BB-B5A4-EDA7E36B82F4" otype="Entity" vid="6822A438-A329-0E54-15C5-5F42334E6C56">
<hideElementsInCurrentOnly>false</hideElementsInCurrentOnly>
<bounds x="460" y="10" width="117" height="80"/>
</OView>
<OView class="oracle.dbtools.crest.swingui.logical.TVEntity" oid="3D8375BD-73F6-EE86-87FE-E57C12711FB3" otype="Entity" vid="3F3379BC-B6A8-FC1F-ECEA-49F44A640842">
<hideElementsInCurrentOnly>false</hideElementsInCurrentOnly>
<bounds x="32" y="293" width="155" height="101"/>
</OView>
<OView class="oracle.dbtools.crest.swingui.logical.TVEntity" oid="70A078DF-9EFC-2DF2-99C9-D339861C94C1" otype="Entity" vid="81F93036-B5FF-DC20-B6B1-E422B6ABC448">
<hideElementsInCurrentOnly>false</hideElementsInCurrentOnly>
<bounds x="251" y="357" width="131" height="44"/>
</OView>
<OView class="oracle.dbtools.crest.swingui.logical.TVEntity" oid="793CB266-841C-E697-0EA5-7E1769DD141F" otype="Entity" vid="13F9B8A0-C449-9CF7-4477-093003B9762D">
<hideElementsInCurrentOnly>false</hideElementsInCurrentOnly>
<bounds x="390" y="118" width="107" height="88"/>
</OView>
<OView class="oracle.dbtools.crest.swingui.logical.TVEntity" oid="7E75DEE9-D0BA-6329-13ED-64D64B66A936" otype="Entity" vid="19DE99A4-6625-8578-43A2-EC3E09A5E58C">
<hideElementsInCurrentOnly>false</hideElementsInCurrentOnly>
<bounds x="21" y="80" width="126" height="86"/>
</OView>
<OView class="oracle.dbtools.crest.swingui.logical.TVEntity" oid="8F76DA1B-098A-8F2C-1C1A-46DFC01863D9" otype="Entity" vid="385D91F1-004E-9208-C46A-C127A4BB9B5F">
<hideElementsInCurrentOnly>false</hideElementsInCurrentOnly>
<bounds x="252" y="239" width="150" height="77"/>
</OView>
<OView class="oracle.dbtools.crest.swingui.logical.TVEntity" oid="F5A42B6E-0F4A-204B-E863-FA2EC91CCD0E" otype="Entity" vid="E3280919-CE1F-B55C-D35D-78FD38F0E050">
<hideElementsInCurrentOnly>false</hideElementsInCurrentOnly>
<bounds x="163" y="6" width="170" height="81"/>
</OView>
</objectViews>
<connectors>
<Connector class="oracle.dbtools.crest.swingui.logical.TVRelation" oid="173357BD-B4E5-5AC4-DDA6-93926AB312C5" otype="Relation" vid_source="13F9B8A0-C449-9CF7-4477-093003B9762D" vid_target="24AC1A08-0A7D-E265-6CF6-C1025AD48FD2">
<hideElementsInCurrentOnly>false</hideElementsInCurrentOnly>
<backgroundColor>-16777216</backgroundColor>
<lineWidth>1</lineWidth>
<points>
<point x="466" y="206"/>
<point x="466" y="274"/>
</points>
</Connector>
<Connector class="oracle.dbtools.crest.swingui.logical.TVRelation" oid="1862BC83-BCCB-ED4B-994C-F36D823BA101" otype="Relation" vid_source="13F9B8A0-C449-9CF7-4477-093003B9762D" vid_target="19DE99A4-6625-8578-43A2-EC3E09A5E58C">
<hideElementsInCurrentOnly>false</hideElementsInCurrentOnly>
<backgroundColor>-16777216</backgroundColor>
<lineWidth>1</lineWidth>
<points>
<point x="390" y="142"/>
<point x="147" y="142"/>
</points>
</Connector>
<Connector class="oracle.dbtools.crest.swingui.logical.TVRelation" oid="26DC25EA-33BA-D687-BA64-7E32F8A5CA2A" otype="Relation" vid_source="13F9B8A0-C449-9CF7-4477-093003B9762D" vid_target="24AC1A08-0A7D-E265-6CF6-C1025AD48FD2">
<hideElementsInCurrentOnly>false</hideElementsInCurrentOnly>
<backgroundColor>-16777216</backgroundColor>
<lineWidth>1</lineWidth>
<points>
<point x="476" y="206"/>
<point x="476" y="274"/>
</points>
</Connector>
<Connector class="oracle.dbtools.crest.swingui.logical.TVRelation" oid="36C9882B-E622-3248-848F-63569AD8D246" otype="Relation" vid_source="16160961-8D66-84FC-6755-CCABBA55ADEB" vid_target="E3280919-CE1F-B55C-D35D-78FD38F0E050">
<hideElementsInCurrentOnly>false</hideElementsInCurrentOnly>
<backgroundColor>-16777216</backgroundColor>
<lineWidth>1</lineWidth>
<points>
<point x="181" y="179"/>
<point x="181" y="87"/>
</points>
</Connector>
<Connector class="oracle.dbtools.crest.swingui.logical.TVRelation" oid="548DAA53-54D6-500D-4ED2-A9AA554BC099" otype="Relation" vid_source="16160961-8D66-84FC-6755-CCABBA55ADEB" vid_target="385D91F1-004E-9208-C46A-C127A4BB9B5F">
<hideElementsInCurrentOnly>false</hideElementsInCurrentOnly>
<backgroundColor>-16777216</backgroundColor>
<lineWidth>1</lineWidth>
<points>
<point x="200" y="261"/>
<point x="252" y="261"/>
</points>
</Connector>
<Connector class="oracle.dbtools.crest.swingui.logical.TVRelation" oid="6D6F96D6-A718-831D-B4E4-9D22F4FC9760" otype="Relation" vid_source="6822A438-A329-0E54-15C5-5F42334E6C56" vid_target="24AC1A08-0A7D-E265-6CF6-C1025AD48FD2">
<hideElementsInCurrentOnly>false</hideElementsInCurrentOnly>
<backgroundColor>-16777216</backgroundColor>
<lineWidth>1</lineWidth>
<points>
<point x="518" y="90"/>
<point x="518" y="274"/>
</points>
</Connector>
<Connector class="oracle.dbtools.crest.swingui.logical.TVRelation" oid="7F4845F5-1050-9CAA-3BFB-F838E84D69E5" otype="Relation" vid_source="13F9B8A0-C449-9CF7-4477-093003B9762D" vid_target="19DE99A4-6625-8578-43A2-EC3E09A5E58C">
<hideElementsInCurrentOnly>false</hideElementsInCurrentOnly>
<backgroundColor>-16777216</backgroundColor>
<lineWidth>1</lineWidth>
<points>
<point x="390" y="157"/>
<point x="147" y="157"/>
</points>
</Connector>
<Connector class="oracle.dbtools.crest.swingui.logical.TVRelation" oid="88DB1E51-A230-58AF-AC2D-21DCC326EAD8" otype="Relation" vid_source="3F3379BC-B6A8-FC1F-ECEA-49F44A640842" vid_target="81F93036-B5FF-DC20-B6B1-E422B6ABC448">
<hideElementsInCurrentOnly>false</hideElementsInCurrentOnly>
<backgroundColor>-16777216</backgroundColor>
<lineWidth>1</lineWidth>
<points>
<point x="187" y="375"/>
<point x="251" y="375"/>
</points>
</Connector>
<Connector class="oracle.dbtools.crest.swingui.logical.TVRelation" oid="9862C52A-BE18-1555-57BB-2FADE2E36092" otype="Relation" vid_source="24AC1A08-0A7D-E265-6CF6-C1025AD48FD2" vid_target="385D91F1-004E-9208-C46A-C127A4BB9B5F">
<hideElementsInCurrentOnly>false</hideElementsInCurrentOnly>
<backgroundColor>-16777216</backgroundColor>
<lineWidth>1</lineWidth>
<points>
<point x="455" y="295"/>
<point x="402" y="295"/>
</points>
</Connector>
<Connector class="oracle.dbtools.crest.swingui.logical.TVRelation" oid="9F20F320-98E2-ABB8-C8CC-877482DC77DB" otype="Relation" vid_source="13F9B8A0-C449-9CF7-4477-093003B9762D" vid_target="16160961-8D66-84FC-6755-CCABBA55ADEB">
<hideElementsInCurrentOnly>false</hideElementsInCurrentOnly>
<backgroundColor>-16777216</backgroundColor>
<lineWidth>1</lineWidth>
<points>
<point x="390" y="192"/>
<point x="200" y="192"/>
</points>
</Connector>
<Connector class="oracle.dbtools.crest.swingui.logical.TVRelation" oid="A789EC15-217D-78AF-8D8B-F283183AC1D3" otype="Relation" vid_source="24AC1A08-0A7D-E265-6CF6-C1025AD48FD2" vid_target="3F3379BC-B6A8-FC1F-ECEA-49F44A640842">
<hideElementsInCurrentOnly>false</hideElementsInCurrentOnly>
<backgroundColor>-16777216</backgroundColor>
<lineWidth>1</lineWidth>
<points>
<point x="455" y="343"/>
<point x="187" y="343"/>
</points>
</Connector>
<Connector class="oracle.dbtools.crest.swingui.logical.TVRelation" oid="FADAB7FD-5DF3-394E-58EA-3ED875877EB7" otype="Relation" vid_source="6822A438-A329-0E54-15C5-5F42334E6C56" vid_target="E3280919-CE1F-B55C-D35D-78FD38F0E050">
<hideElementsInCurrentOnly>false</hideElementsInCurrentOnly>
<backgroundColor>-16777216</backgroundColor>
<lineWidth>1</lineWidth>
<points>
<point x="460" y="48"/>
<point x="333" y="48"/>
</points>
</Connector>
<Connector class="oracle.dbtools.crest.swingui.logical.TVRelation" oid="FC273F96-278C-C5C4-AE38-48ED42DDFFC4" otype="Relation" vid_source="24AC1A08-0A7D-E265-6CF6-C1025AD48FD2" vid_target="81F93036-B5FF-DC20-B6B1-E422B6ABC448">
<hideElementsInCurrentOnly>false</hideElementsInCurrentOnly>
<backgroundColor>-16777216</backgroundColor>
<lineWidth>1</lineWidth>
<points>
<point x="455" y="379"/>
<point x="382" y="379"/>
</points>
</Connector>
</connectors>
</Diagram>