<?xml version = '1.0' encoding = 'UTF-8'?>
<Entity class="oracle.dbtools.crest.model.design.logical.Entity" directorySegmentName="seg_0" id="236E7C15-6D26-6086-E364-534DFF1234D4" name="serv_var_price">
<createdBy>admin</createdBy>
<createdTime>2015-10-30 07:17:56 UTC</createdTime>
<ownerDesignName>03_metadata</ownerDesignName>
<engineerTo>
<item key="8BD80427-BA40-B74B-5878-AD66E0970AC5" value="true"/>
</engineerTo>
<adequatelyNormalized>NO</adequatelyNormalized>
<expectedVolumes>0</expectedVolumes>
<fwdEngineeringStrategyName>Single Table</fwdEngineeringStrategyName>
<growthPercent>0</growthPercent>
<growthType>Year</growthType>
<hierarchicalParent>CE438035-A1E7-668F-8CE2-5917FDEDD9D3</hierarchicalParent>
<maxVolumes>9999999</maxVolumes>
<minVolumes>0</minVolumes>
<normalForm>Third</normalForm>
<preferredAbbreviation>serv_var_price</preferredAbbreviation>
<attributes itemClass="oracle.dbtools.crest.model.design.logical.Attribute">
<Attribute name="calculation_base" id="7563264C-95E4-33F3-8083-3C19AAC6F675">
<createdBy>admin</createdBy>
<createdTime>2015-10-30 08:05:57 UTC</createdTime>
<ownerDesignName>03_metadata</ownerDesignName>
<engineerTo>
<item key="8BD80427-BA40-B74B-5878-AD66E0970AC5" value="true"/>
</engineerTo>
<nullsAllowed>true</nullsAllowed>
<useDomainConstraints>false</useDomainConstraints>
<use>1</use>
<logicalDatatype>LOGDT037</logicalDatatype>
<dataTypeSize>30</dataTypeSize>
<ownDataTypeParameters>30,,</ownDataTypeParameters>
</Attribute>
<Attribute name="price_per_base_unit" id="C3DFBFC9-9F61-E1ED-41FF-D5AF8A0A3C64">
<createdBy>admin</createdBy>
<createdTime>2015-10-30 08:06:11 UTC</createdTime>
<ownerDesignName>03_metadata</ownerDesignName>
<engineerTo>
<item key="8BD80427-BA40-B74B-5878-AD66E0970AC5" value="true"/>
</engineerTo>
<useDomainConstraints>false</useDomainConstraints>
<use>1</use>
<logicalDatatype>LOGDT019</logicalDatatype>
<dataTypePrecision>8</dataTypePrecision>
<dataTypeScale>2</dataTypeScale>
<ownDataTypeParameters>,8,2</ownDataTypeParameters>
</Attribute>
</attributes>
</Entity>