<?xml version = '1.0' encoding = 'UTF-8'?>
<Entity class="oracle.dbtools.crest.model.design.logical.Entity" directorySegmentName="seg_0" id="CE438035-A1E7-668F-8CE2-5917FDEDD9D3" name="service">
<createdBy>admin</createdBy>
<createdTime>2015-10-30 07:14:16 UTC</createdTime>
<ownerDesignName>03_metadata</ownerDesignName>
<engineerTo>
<item key="8BD80427-BA40-B74B-5878-AD66E0970AC5" value="true"/>
</engineerTo>
<adequatelyNormalized>NO</adequatelyNormalized>
<expectedVolumes>0</expectedVolumes>
<fwdEngineeringStrategyName>Single Table</fwdEngineeringStrategyName>
<growthPercent>0</growthPercent>
<growthType>Year</growthType>
<maxVolumes>9999999</maxVolumes>
<minVolumes>0</minVolumes>
<normalForm>Third</normalForm>
<preferredAbbreviation>services</preferredAbbreviation>
<attributes itemClass="oracle.dbtools.crest.model.design.logical.Attribute">
<Attribute name="serv_id" id="108E074E-EB5D-87A7-8671-920EE9863BE0">
<createdBy>admin</createdBy>
<createdTime>2015-10-30 08:39:27 UTC</createdTime>
<ownerDesignName>03_metadata</ownerDesignName>
<engineerTo>
<item key="8BD80427-BA40-B74B-5878-AD66E0970AC5" value="true"/>
</engineerTo>
<useDomainConstraints>false</useDomainConstraints>
<use>1</use>
<logicalDatatype>LOGDT011</logicalDatatype>
<ownDataTypeParameters>,,</ownDataTypeParameters>
</Attribute>
<Attribute name="serv_name" id="05FAC844-AE69-C366-6544-E6916790B7E0">
<createdBy>admin</createdBy>
<createdTime>2015-10-30 08:39:40 UTC</createdTime>
<ownerDesignName>03_metadata</ownerDesignName>
<engineerTo>
<item key="8BD80427-BA40-B74B-5878-AD66E0970AC5" value="true"/>
</engineerTo>
<useDomainConstraints>false</useDomainConstraints>
<use>1</use>
<logicalDatatype>LOGDT037</logicalDatatype>
<dataTypeSize>100</dataTypeSize>
<ownDataTypeParameters>100,,</ownDataTypeParameters>
</Attribute>
<Attribute name="current_vat_percent" id="1CB57B46-BC30-EA4D-9949-7578CACA2D37">
<createdBy>admin</createdBy>
<createdTime>2015-10-30 08:41:02 UTC</createdTime>
<ownerDesignName>03_metadata</ownerDesignName>
<engineerTo>
<item key="8BD80427-BA40-B74B-5878-AD66E0970AC5" value="true"/>
</engineerTo>
<useDomainConstraints>false</useDomainConstraints>
<use>1</use>
<logicalDatatype>LOGDT019</logicalDatatype>
<dataTypePrecision>4</dataTypePrecision>
<dataTypeScale>2</dataTypeScale>
<ownDataTypeParameters>,4,2</ownDataTypeParameters>
</Attribute>
<Attribute name="brief_description" id="96341F4B-B5C7-7510-51A1-2EF22CF889FA">
<createdBy>admin</createdBy>
<createdTime>2015-10-30 07:15:37 UTC</createdTime>
<ownerDesignName>03_metadata</ownerDesignName>
<engineerTo>
<item key="8BD80427-BA40-B74B-5878-AD66E0970AC5" value="true"/>
</engineerTo>
<nullsAllowed>true</nullsAllowed>
<useDomainConstraints>false</useDomainConstraints>
<use>1</use>
<logicalDatatype>LOGDT037</logicalDatatype>
<dataTypeSize>100</dataTypeSize>
<ownDataTypeParameters>100,,</ownDataTypeParameters>
</Attribute>
<Attribute name="group_name" id="C5C314C5-703E-830B-15AF-CC0171B91515">
<createdBy>admin</createdBy>
<createdTime>2015-10-30 08:44:12 UTC</createdTime>
<generatorID>4C48235E-BC28-B9B9-8F37-185083ACBAF7</generatorID>
<ownerDesignName>03_metadata</ownerDesignName>
<engineerTo>
<item key="8BD80427-BA40-B74B-5878-AD66E0970AC5" value="true"/>
</engineerTo>
<referedAttribute>1762E63D-7844-6487-C08B-4BCF73B819E8</referedAttribute>
<useDomainConstraints>false</useDomainConstraints>
<use>1</use>
<logicalDatatype>LOGDT037</logicalDatatype>
<dataTypeSize>50</dataTypeSize>
<ownDataTypeParameters>50,,</ownDataTypeParameters>
</Attribute>
</attributes>
<identifiers itemClass="oracle.dbtools.crest.model.design.logical.CandidateKey">
<identifier id="E55947F8-3963-CDF5-AA8F-8C4E30F129D4" name="service PK">
<createdBy>admin</createdBy>
<createdTime>2015-10-30 08:39:33 UTC</createdTime>
<ownerDesignName>03_metadata</ownerDesignName>
<shouldEngineer>false</shouldEngineer>
<engineerTo>
<item key="8BD80427-BA40-B74B-5878-AD66E0970AC5" value="false"/>
</engineerTo>
<pk>true</pk>
<usedAttributes>
<attributeRef>108E074E-EB5D-87A7-8671-920EE9863BE0</attributeRef>
</usedAttributes>
</identifier>
</identifiers>
</Entity>