<?xml version = '1.0' encoding = 'UTF-8'?>
<Relation class="oracle.dbtools.crest.model.design.logical.Relation" name="is_abour_course_" directorySegmentName="seg_0" id="0349CEAC-492D-9A6D-E9C0-48C08B2D0A1B">
<createdBy>admin</createdBy>
<createdTime>2015-10-26 06:14:21 UTC</createdTime>
<ownerDesignName>univ_info_sys_2</ownerDesignName>
<engineerTo>
<item key="6BB98802-0B60-AC1E-583C-C923CE882AB8" value="true"/>
</engineerTo>
<sourcePk>235C33A6-7F2A-4515-AC7F-3A9E02A4DC92</sourcePk>
<identifying>true</identifying>
<optionalSource>true</optionalSource>
<optionalTarget>false</optionalTarget>
<sourceCardinality>1</sourceCardinality>
<sourceEntity>234FF613-D601-FAA5-B64E-5E24E64C1929</sourceEntity>
<targetCardinalityString>*</targetCardinalityString>
<targetEntity>BB729FFE-6ADC-EF0D-9D4F-7D839D6FFFBE</targetEntity>
<transferable>true</transferable>
</Relation>