<?xml version = '1.0' encoding = 'UTF-8'?>
<Relation class="oracle.dbtools.crest.model.design.logical.Relation" name="valid_for_sg" directorySegmentName="seg_0" id="158D50A7-5492-92E6-AA66-B64E22182327">
<createdBy>admin</createdBy>
<createdTime>2015-10-26 06:13:56 UTC</createdTime>
<ownerDesignName>univ_info_sys_2</ownerDesignName>
<engineerTo>
<item key="6BB98802-0B60-AC1E-583C-C923CE882AB8" value="true"/>
</engineerTo>
<sourcePk>B4B7A40B-D1DA-6F71-0B94-22EAD1F01ABF</sourcePk>
<identifying>true</identifying>
<optionalSource>true</optionalSource>
<optionalTarget>false</optionalTarget>
<sourceCardinality>1</sourceCardinality>
<sourceEntity>8C16992C-CD75-A137-B770-956F23DA85EF</sourceEntity>
<targetCardinalityString>*</targetCardinalityString>
<targetEntity>BB729FFE-6ADC-EF0D-9D4F-7D839D6FFFBE</targetEntity>
<transferable>true</transferable>
</Relation>