<?xml version = '1.0' encoding = 'UTF-8'?>
<Relation class="oracle.dbtools.crest.model.design.logical.Relation" name="part_of_programme_curricula_" directorySegmentName="seg_0" id="16113181-31F2-69E2-73E9-6D4BC8BE522B">
<createdBy>admin</createdBy>
<createdTime>2015-10-26 05:48:01 UTC</createdTime>
<ownerDesignName>univ_info_sys_2</ownerDesignName>
<engineerTo>
<item key="6BB98802-0B60-AC1E-583C-C923CE882AB8" value="true"/>
</engineerTo>
<identifying>true</identifying>
<optionalSource>true</optionalSource>
<optionalTarget>false</optionalTarget>
<sourceCardinality>1</sourceCardinality>
<sourceEntity>9A6211EB-1477-BEC0-8125-9B61B1162EE4</sourceEntity>
<targetCardinalityString>*</targetCardinalityString>
<targetEntity>F2B8A3EE-B55C-7CC4-525E-C1039BE398DC</targetEntity>
<transferable>true</transferable>
</Relation>