<?xml version = '1.0' encoding = 'UTF-8'?>
<Relation class="oracle.dbtools.crest.model.design.logical.Relation" name="was_got_at_" directorySegmentName="seg_0" id="295607FA-52BE-E93C-3736-DC16F668F988">
<createdBy>admin</createdBy>
<createdTime>2015-10-26 06:35:49 UTC</createdTime>
<ownerDesignName>univ_info_sys_2</ownerDesignName>
<engineerTo>
<item key="6BB98802-0B60-AC1E-583C-C923CE882AB8" value="true"/>
</engineerTo>
<sourcePk>28238D97-6FBC-6D28-8AC4-1BAFDD383D9A</sourcePk>
<identifying>true</identifying>
<optionalSource>true</optionalSource>
<optionalTarget>false</optionalTarget>
<sourceCardinality>1</sourceCardinality>
<sourceEntity>F6C4F527-D42E-0F7E-5072-D8203332D1F8</sourceEntity>
<targetCardinalityString>*</targetCardinalityString>
<targetEntity>A7393D13-AFD4-6C9E-10AA-E292027E4471</targetEntity>
<transferable>true</transferable>
</Relation>