<?xml version = '1.0' encoding = 'UTF-8'?>
<Relation class="oracle.dbtools.crest.model.design.logical.Relation" name="declared_for_" directorySegmentName="seg_0" id="420089AF-5E49-C5E6-C9E4-FFA467576D46">
<createdBy>admin</createdBy>
<createdTime>2015-10-26 05:38:30 UTC</createdTime>
<ownerDesignName>univ_info_sys_2</ownerDesignName>
<engineerTo>
<item key="6BB98802-0B60-AC1E-583C-C923CE882AB8" value="true"/>
</engineerTo>
<sourcePk>DD3392CA-2921-C6B1-C8B1-FCB033D6AF68</sourcePk>
<identifying>false</identifying>
<optionalSource>true</optionalSource>
<optionalTarget>false</optionalTarget>
<sourceCardinality>1</sourceCardinality>
<sourceEntity>C8DCB2E3-17F3-109D-E00C-3FADAED21B76</sourceEntity>
<targetCardinalityString>*</targetCardinalityString>
<targetEntity>CFD7AA03-F645-1C47-C54F-649B4097B68C</targetEntity>
<transferable>true</transferable>
</Relation>