<?xml version = '1.0' encoding = 'UTF-8'?>
<Relation class="oracle.dbtools.crest.model.design.logical.Relation" name="is_person_" directorySegmentName="seg_0" id="52910993-8BD7-3864-4ECF-92B0431E78FC">
<createdBy>admin</createdBy>
<createdTime>2015-10-26 06:02:27 UTC</createdTime>
<ownerDesignName>univ_info_sys_2</ownerDesignName>
<engineerTo>
<item key="6BB98802-0B60-AC1E-583C-C923CE882AB8" value="true"/>
</engineerTo>
<sourcePk>C1C77B80-DDF4-07D1-4CD6-84F8E0230BB7</sourcePk>
<identifying>false</identifying>
<optionalSource>true</optionalSource>
<optionalTarget>false</optionalTarget>
<sourceCardinality>1</sourceCardinality>
<sourceEntity>C0A5EEBC-42DE-6DDA-E9E0-29702D3D3663</sourceEntity>
<targetCardinalityString>*</targetCardinalityString>
<targetEntity>B4FF9F98-5257-9A42-80A2-A9B7166E7EA5</targetEntity>
<transferable>true</transferable>
</Relation>