<?xml version = '1.0' encoding = 'UTF-8'?>
<Relation class="oracle.dbtools.crest.model.design.logical.Relation" name="was_got_by" directorySegmentName="seg_0" id="68EEADA6-8520-8FA8-C56F-8C6595E2B80A">
<createdBy>Marin F</createdBy>
<createdTime>2011-08-27 05:35:26 UTC</createdTime>
<ownerDesignName>univ_info_sys_2</ownerDesignName>
<engineerTo>
<item key="6BB98802-0B60-AC1E-583C-C923CE882AB8" value="true"/>
</engineerTo>
<sourcePk>8EB3DA33-5C32-DD1F-0334-D8D2EAE23FF5</sourcePk>
<identifying>true</identifying>
<optionalSource>true</optionalSource>
<optionalTarget>false</optionalTarget>
<sourceCardinality>1</sourceCardinality>
<sourceEntity>B4FF9F98-5257-9A42-80A2-A9B7166E7EA5</sourceEntity>
<targetCardinalityString>*</targetCardinalityString>
<targetEntity>A7393D13-AFD4-6C9E-10AA-E292027E4471</targetEntity>
<transferable>true</transferable>
</Relation>