<?xml version = '1.0' encoding = 'UTF-8'?>
<Relation class="oracle.dbtools.crest.model.design.logical.Relation" name="stands_for_common_" directorySegmentName="seg_0" id="6DE44B08-A309-49FC-151C-D147B0F92A04">
<createdBy>admin</createdBy>
<createdTime>2015-10-26 05:36:44 UTC</createdTime>
<ownerDesignName>univ_info_sys_2</ownerDesignName>
<engineerTo>
<item key="6BB98802-0B60-AC1E-583C-C923CE882AB8" value="true"/>
</engineerTo>
<arc>8ADC1F3E-C564-7278-C480-971C437C6E73</arc>
<identifying>false</identifying>
<optionalSource>true</optionalSource>
<optionalTarget>false</optionalTarget>
<sourceCardinality>1</sourceCardinality>
<sourceEntity>9A6211EB-1477-BEC0-8125-9B61B1162EE4</sourceEntity>
<targetCardinalityString>*</targetCardinalityString>
<targetEntity>8C16992C-CD75-A137-B770-956F23DA85EF</targetEntity>
<transferable>true</transferable>
</Relation>