<?xml version = '1.0' encoding = 'UTF-8'?>
<Relation class="oracle.dbtools.crest.model.design.logical.Relation" name="was_granted_in" directorySegmentName="seg_0" id="8944312C-58E0-1E00-6A3E-5A366E7D082C">
<createdBy>admin</createdBy>
<createdTime>2015-10-26 06:09:10 UTC</createdTime>
<ownerDesignName>univ_info_sys_2</ownerDesignName>
<engineerTo>
<item key="6BB98802-0B60-AC1E-583C-C923CE882AB8" value="true"/>
</engineerTo>
<sourcePk>DD3392CA-2921-C6B1-C8B1-FCB033D6AF68</sourcePk>
<identifying>true</identifying>
<optionalSource>true</optionalSource>
<optionalTarget>false</optionalTarget>
<sourceCardinality>1</sourceCardinality>
<sourceEntity>C8DCB2E3-17F3-109D-E00C-3FADAED21B76</sourceEntity>
<targetCardinalityString>*</targetCardinalityString>
<targetEntity>87614176-2AED-0F30-C09C-9CDFFE2A045D</targetEntity>
<transferable>true</transferable>
</Relation>