<?xml version = '1.0' encoding = 'UTF-8'?>
<Relation class="oracle.dbtools.crest.model.design.logical.Relation" name="assesses_for" directorySegmentName="seg_0" id="970DCD1F-AC7E-F1A5-B3DD-421344F97684">
<createdBy>admin</createdBy>
<createdTime>2015-10-26 06:34:48 UTC</createdTime>
<ownerDesignName>univ_info_sys_2</ownerDesignName>
<engineerTo>
<item key="6BB98802-0B60-AC1E-583C-C923CE882AB8" value="true"/>
</engineerTo>
<sourcePk>AC9ABE1D-4C26-4D4D-3F9C-E4DC3F0D172A</sourcePk>
<identifying>false</identifying>
<optionalSource>true</optionalSource>
<optionalTarget>false</optionalTarget>
<sourceCardinality>1</sourceCardinality>
<sourceEntity>F928E65A-16C7-4142-BFBD-19F9FCE995B0</sourceEntity>
<targetCardinalityString>*</targetCardinalityString>
<targetEntity>F6C4F527-D42E-0F7E-5072-D8203332D1F8</targetEntity>
<transferable>true</transferable>
</Relation>