<?xml version = '1.0' encoding = 'UTF-8'?>
<Relation class="oracle.dbtools.crest.model.design.logical.Relation" name="stands_for_spec_" directorySegmentName="seg_0" id="994D9A3A-F2D2-0B4F-D215-BCA4A4ADD299">
<createdBy>admin</createdBy>
<createdTime>2015-10-26 05:37:42 UTC</createdTime>
<ownerDesignName>univ_info_sys_2</ownerDesignName>
<engineerTo>
<item key="6BB98802-0B60-AC1E-583C-C923CE882AB8" value="true"/>
</engineerTo>
<sourcePk>45EDC511-B130-7C41-87E7-5DB3D42CAB60</sourcePk>
<arc>8ADC1F3E-C564-7278-C480-971C437C6E73</arc>
<identifying>false</identifying>
<optionalSource>true</optionalSource>
<optionalTarget>false</optionalTarget>
<sourceCardinality>1</sourceCardinality>
<sourceEntity>D1492B88-CDFC-2220-91C5-7AB25DC3BF81</sourceEntity>
<targetCardinalityString>*</targetCardinalityString>
<targetEntity>8C16992C-CD75-A137-B770-956F23DA85EF</targetEntity>
<transferable>true</transferable>
</Relation>