<?xml version = '1.0' encoding = 'UTF-8'?>
<Relation class="oracle.dbtools.crest.model.design.logical.Relation" name="is_about_" directorySegmentName="seg_0" id="9E0AA252-8EDD-62B3-20E1-EED248CAC8B8">
<createdBy>admin</createdBy>
<createdTime>2015-10-26 05:54:13 UTC</createdTime>
<ownerDesignName>univ_info_sys_2</ownerDesignName>
<engineerTo>
<item key="6BB98802-0B60-AC1E-583C-C923CE882AB8" value="true"/>
</engineerTo>
<sourcePk>8EB3DA33-5C32-DD1F-0334-D8D2EAE23FF5</sourcePk>
<identifying>true</identifying>
<optionalSource>true</optionalSource>
<optionalTarget>false</optionalTarget>
<sourceCardinality>1</sourceCardinality>
<sourceEntity>B4FF9F98-5257-9A42-80A2-A9B7166E7EA5</sourceEntity>
<targetCardinalityString>*</targetCardinalityString>
<targetEntity>B2D431E1-346D-7391-879A-7F44D2564A08</targetEntity>
<transferable>true</transferable>
</Relation>