<?xml version = '1.0' encoding = 'UTF-8'?>
<Relation class="oracle.dbtools.crest.model.design.logical.Relation" name="taught_for_" directorySegmentName="seg_0" id="C6554D73-CE97-FDB4-6D98-84B35C3DEE16">
<createdBy>admin</createdBy>
<createdTime>2015-10-26 05:32:34 UTC</createdTime>
<ownerDesignName>univ_info_sys_2</ownerDesignName>
<engineerTo>
<item key="6BB98802-0B60-AC1E-583C-C923CE882AB8" value="true"/>
</engineerTo>
<sourcePk>B4B7A40B-D1DA-6F71-0B94-22EAD1F01ABF</sourcePk>
<identifying>false</identifying>
<optionalSource>true</optionalSource>
<optionalTarget>false</optionalTarget>
<sourceCardinality>1</sourceCardinality>
<sourceEntity>8C16992C-CD75-A137-B770-956F23DA85EF</sourceEntity>
<targetCardinalityString>*</targetCardinalityString>
<targetEntity>F928E65A-16C7-4142-BFBD-19F9FCE995B0</targetEntity>
<transferable>true</transferable>
</Relation>