<?xml version = '1.0' encoding = 'UTF-8'?>
<Relation class="oracle.dbtools.crest.model.design.logical.Relation" name="common_module_is" directorySegmentName="seg_0" id="D1FDC8E4-4578-A70C-5D13-F56547F8DADB">
<createdBy>admin</createdBy>
<createdTime>2015-10-26 06:39:47 UTC</createdTime>
<ownerDesignName>univ_info_sys_2</ownerDesignName>
<engineerTo>
<item key="6BB98802-0B60-AC1E-583C-C923CE882AB8" value="true"/>
</engineerTo>
<identifying>true</identifying>
<optionalSource>true</optionalSource>
<optionalTarget>false</optionalTarget>
<sourceCardinality>1</sourceCardinality>
<sourceEntity>9A6211EB-1477-BEC0-8125-9B61B1162EE4</sourceEntity>
<targetCardinalityString>*</targetCardinalityString>
<targetEntity>F2B8A3EE-B55C-7CC4-525E-C1039BE398DC</targetEntity>
<transferable>true</transferable>
</Relation>