<?xml version = '1.0' encoding = 'UTF-8'?>
<Relation class="oracle.dbtools.crest.model.design.logical.Relation" name="active_in" directorySegmentName="seg_0" id="D6BCD7E7-6530-42CA-4251-C0473C79055E">
<createdBy>admin</createdBy>
<createdTime>2015-10-26 05:30:30 UTC</createdTime>
<ownerDesignName>univ_info_sys_2</ownerDesignName>
<engineerTo>
<item key="6BB98802-0B60-AC1E-583C-C923CE882AB8" value="true"/>
</engineerTo>
<sourcePk>DD3392CA-2921-C6B1-C8B1-FCB033D6AF68</sourcePk>
<identifying>false</identifying>
<optionalSource>true</optionalSource>
<optionalTarget>false</optionalTarget>
<sourceCardinality>1</sourceCardinality>
<sourceEntity>C8DCB2E3-17F3-109D-E00C-3FADAED21B76</sourceEntity>
<targetCardinalityString>*</targetCardinalityString>
<targetEntity>8C16992C-CD75-A137-B770-956F23DA85EF</targetEntity>
<transferable>true</transferable>
</Relation>