<?xml version = '1.0' encoding = 'UTF-8'?>
<Relation class="oracle.dbtools.crest.model.design.logical.Relation" name="is_for_" directorySegmentName="seg_0" id="E10190B0-65C5-0E79-C2CB-B15380F27491">
<createdBy>admin</createdBy>
<createdTime>2015-10-26 05:47:01 UTC</createdTime>
<ownerDesignName>univ_info_sys_2</ownerDesignName>
<engineerTo>
<item key="6BB98802-0B60-AC1E-583C-C923CE882AB8" value="true"/>
</engineerTo>
<sourcePk>45EDC511-B130-7C41-87E7-5DB3D42CAB60</sourcePk>
<identifying>true</identifying>
<optionalSource>true</optionalSource>
<optionalTarget>false</optionalTarget>
<sourceCardinality>1</sourceCardinality>
<sourceEntity>D1492B88-CDFC-2220-91C5-7AB25DC3BF81</sourceEntity>
<targetCardinalityString>*</targetCardinalityString>
<targetEntity>F2B8A3EE-B55C-7CC4-525E-C1039BE398DC</targetEntity>
<transferable>true</transferable>
</Relation>