<?xml version = '1.0' encoding = 'UTF-8'?>
<Relation class="oracle.dbtools.crest.model.design.logical.Relation" name="teaches_about" directorySegmentName="seg_0" id="F085211A-745B-49E9-398F-CE32B8805C04">
<createdBy>Marin F</createdBy>
<createdTime>2011-08-27 05:46:05 UTC</createdTime>
<ownerDesignName>univ_info_sys_2</ownerDesignName>
<engineerTo>
<item key="6BB98802-0B60-AC1E-583C-C923CE882AB8" value="true"/>
</engineerTo>
<sourcePk>235C33A6-7F2A-4515-AC7F-3A9E02A4DC92</sourcePk>
<identifying>false</identifying>
<optionalSource>true</optionalSource>
<optionalTarget>false</optionalTarget>
<sourceCardinality>1</sourceCardinality>
<sourceEntity>234FF613-D601-FAA5-B64E-5E24E64C1929</sourceEntity>
<targetCardinalityString>*</targetCardinalityString>
<targetEntity>F928E65A-16C7-4142-BFBD-19F9FCE995B0</targetEntity>
<transferable>true</transferable>
</Relation>