<?xml version = '1.0' encoding = 'UTF-8'?>
<Relation class="oracle.dbtools.crest.model.design.logical.Relation" name="is_about_grant_" directorySegmentName="seg_0" id="F33163BD-66FD-4E3D-7736-AA9CCFE50030">
<createdBy>admin</createdBy>
<createdTime>2015-10-26 06:09:39 UTC</createdTime>
<ownerDesignName>univ_info_sys_2</ownerDesignName>
<engineerTo>
<item key="6BB98802-0B60-AC1E-583C-C923CE882AB8" value="true"/>
</engineerTo>
<sourcePk>DF2A7B05-7C8F-9EC1-0B37-B061DB75DFBF</sourcePk>
<identifying>true</identifying>
<optionalSource>true</optionalSource>
<optionalTarget>false</optionalTarget>
<sourceCardinality>1</sourceCardinality>
<sourceEntity>267E94FD-45CC-EEEB-A1B8-02937C60A862</sourceEntity>
<targetCardinalityString>*</targetCardinalityString>
<targetEntity>87614176-2AED-0F30-C09C-9CDFFE2A045D</targetEntity>
<transferable>true</transferable>
</Relation>