<?xml version = '1.0' encoding = 'UTF-8'?>
<Relation class="oracle.dbtools.crest.model.design.logical.Relation" name="was_granted_" directorySegmentName="seg_0" id="F6A02D53-EAF8-7585-BD90-3E00D0049133">
<createdBy>admin</createdBy>
<createdTime>2015-10-26 06:07:35 UTC</createdTime>
<ownerDesignName>univ_info_sys_2</ownerDesignName>
<engineerTo>
<item key="6BB98802-0B60-AC1E-583C-C923CE882AB8" value="true"/>
</engineerTo>
<sourcePk>DF2A7B05-7C8F-9EC1-0B37-B061DB75DFBF</sourcePk>
<identifying>false</identifying>
<optionalSource>true</optionalSource>
<optionalTarget>false</optionalTarget>
<sourceCardinality>1</sourceCardinality>
<sourceEntity>267E94FD-45CC-EEEB-A1B8-02937C60A862</sourceEntity>
<targetCardinalityString>*</targetCardinalityString>
<targetEntity>B2D431E1-346D-7391-879A-7F44D2564A08</targetEntity>
<transferable>true</transferable>
</Relation>