<?xml version = '1.0' encoding = 'UTF-8'?>
<Relation class="oracle.dbtools.crest.model.design.logical.Relation" name="enrolled_in" directorySegmentName="seg_0" id="FFB62D98-C62B-F675-44FF-79692E77E3EE">
<createdBy>admin</createdBy>
<createdTime>2015-10-26 05:55:54 UTC</createdTime>
<ownerDesignName>univ_info_sys_2</ownerDesignName>
<engineerTo>
<item key="6BB98802-0B60-AC1E-583C-C923CE882AB8" value="true"/>
</engineerTo>
<sourcePk>B4B7A40B-D1DA-6F71-0B94-22EAD1F01ABF</sourcePk>
<identifying>true</identifying>
<optionalSource>true</optionalSource>
<optionalTarget>false</optionalTarget>
<sourceCardinality>1</sourceCardinality>
<sourceEntity>8C16992C-CD75-A137-B770-956F23DA85EF</sourceEntity>
<targetCardinalityString>*</targetCardinalityString>
<targetEntity>B2D431E1-346D-7391-879A-7F44D2564A08</targetEntity>
<transferable>true</transferable>
</Relation>