<?xml version = '1.0' encoding = 'UTF-8'?>
<Table class="oracle.dbtools.crest.model.design.relational.Table" directorySegmentName="seg_0" id="525594F4-C09F-2DF4-A4A7-5727CEEA0C15" name="students">
<createdBy>admin</createdBy>
<createdTime>2015-10-27 06:31:39 UTC</createdTime>
<generatorID>B4FF9F98-5257-9A42-80A2-A9B7166E7EA5</generatorID>
<ownerDesignName>univ_info_sys_1</ownerDesignName>
<existDependencyGenerateInDDl>true</existDependencyGenerateInDDl>
<parsed>true</parsed>
<columns itemClass="oracle.dbtools.crest.model.design.relational.Column">
<Column name="stud_code" id="368032E5-5434-31EA-1748-D73CB2884801">
<createdBy>admin</createdBy>
<createdTime>2015-10-27 06:31:39 UTC</createdTime>
<generatorID>0004A8B5-7C2A-C04D-CB5C-BCA8D89DEE8A</generatorID>
<ownerDesignName>univ_info_sys_1</ownerDesignName>
<useDomainConstraints>false</useDomainConstraints>
<use>1</use>
<logicalDatatype>LOGDT024</logicalDatatype>
<dataTypeSize>18</dataTypeSize>
<ownDataTypeParameters>18,,</ownDataTypeParameters>
<autoIncrementCycle>false</autoIncrementCycle>
</Column>
<Column name="stud_names" id="91126A8F-CFD0-4CF5-3390-53B368BD798C">
<createdBy>admin</createdBy>
<createdTime>2015-10-27 06:31:39 UTC</createdTime>
<generatorID>4D3CB76E-EC88-76E7-A60A-08BCAB27DD3B</generatorID>
<ownerDesignName>univ_info_sys_1</ownerDesignName>
<useDomainConstraints>false</useDomainConstraints>
<use>1</use>
<logicalDatatype>LOGDT024</logicalDatatype>
<dataTypeSize>60</dataTypeSize>
<ownDataTypeParameters>60,,</ownDataTypeParameters>
<autoIncrementCycle>false</autoIncrementCycle>
</Column>
<Column name="stud_address" id="C7C2EB0A-5CAF-6A41-77F2-A6BC5CBE4FB6">
<createdBy>admin</createdBy>
<createdTime>2015-10-27 06:31:39 UTC</createdTime>
<generatorID>17FE611D-91C2-E53A-33E3-80D10CC74C34</generatorID>
<ownerDesignName>univ_info_sys_1</ownerDesignName>
<nullsAllowed>true</nullsAllowed>
<useDomainConstraints>false</useDomainConstraints>
<use>1</use>
<logicalDatatype>LOGDT024</logicalDatatype>
<dataTypeSize>100 CHAR</dataTypeSize>
<ownDataTypeParameters>100 CHAR,,</ownDataTypeParameters>
<autoIncrementCycle>false</autoIncrementCycle>
</Column>
<Column name="stud_phone" id="6A5EF4D4-A568-86EB-9A93-892272A7065D">
<createdBy>admin</createdBy>
<createdTime>2015-10-27 06:31:39 UTC</createdTime>
<generatorID>BD9B2873-DA17-3F3B-08B3-81052BB043EC</generatorID>
<ownerDesignName>univ_info_sys_1</ownerDesignName>
<nullsAllowed>true</nullsAllowed>
<useDomainConstraints>false</useDomainConstraints>
<use>1</use>
<logicalDatatype>LOGDT024</logicalDatatype>
<dataTypeSize>30</dataTypeSize>
<ownDataTypeParameters>30,,</ownDataTypeParameters>
<autoIncrementCycle>false</autoIncrementCycle>
</Column>
<Column name="stud_email" id="BBEB6084-DBE3-E159-D585-25C1A900D52A">
<createdBy>admin</createdBy>
<createdTime>2015-10-27 06:31:39 UTC</createdTime>
<generatorID>A5BC174C-1336-3AC4-F47E-889416F53A94</generatorID>
<ownerDesignName>univ_info_sys_1</ownerDesignName>
<nullsAllowed>true</nullsAllowed>
<useDomainConstraints>false</useDomainConstraints>
<use>1</use>
<logicalDatatype>LOGDT024</logicalDatatype>
<dataTypeSize>60</dataTypeSize>
<ownDataTypeParameters>60,,</ownDataTypeParameters>
<autoIncrementCycle>false</autoIncrementCycle>
</Column>
<Column name="national_pers_code" id="0C497ED4-072C-4CD2-7A2D-39CE052F2958">
<createdBy>admin</createdBy>
<createdTime>2015-10-27 06:31:39 UTC</createdTime>
<generatorID>E11466CE-9390-266B-767D-DE993F81BCAC</generatorID>
<ownerDesignName>univ_info_sys_1</ownerDesignName>
<nullsAllowed>true</nullsAllowed>
<useDomainConstraints>false</useDomainConstraints>
<use>1</use>
<logicalDatatype>LOGDT024</logicalDatatype>
<dataTypeSize>15</dataTypeSize>
<ownDataTypeParameters>15,,</ownDataTypeParameters>
<autoIncrementCycle>false</autoIncrementCycle>
</Column>
<Column name="stud_genre" id="640D8895-194C-D571-AC7B-097280753491">
<createdBy>admin</createdBy>
<createdTime>2015-10-27 06:31:39 UTC</createdTime>
<generatorID>30FAA6EC-F40A-10CC-EACE-FDCD458C4A83</generatorID>
<ownerDesignName>univ_info_sys_1</ownerDesignName>
<useDomainConstraints>false</useDomainConstraints>
<use>1</use>
<logicalDatatype>LOGDT025</logicalDatatype>
<dataTypeSize>1</dataTypeSize>
<ownDataTypeParameters>1,,</ownDataTypeParameters>
<autoIncrementCycle>false</autoIncrementCycle>
</Column>
<Column name="study_level" id="177BAAC0-FF7C-4C39-803A-CB0F69BD1F95">
<createdBy>admin</createdBy>
<createdTime>2015-10-27 06:31:39 UTC</createdTime>
<generatorID>C887B6A6-CAB8-4BA6-8114-10A8C8A69ABB</generatorID>
<ownerDesignName>univ_info_sys_1</ownerDesignName>
<useDomainConstraints>false</useDomainConstraints>
<use>1</use>
<logicalDatatype>LOGDT018</logicalDatatype>
<ownDataTypeParameters>,,</ownDataTypeParameters>
<autoIncrementCycle>false</autoIncrementCycle>
<listOfRanges>
<rangeDef class="oracle.dbtools.crest.model.design.constraint.AVT">
<beginValue>1</beginValue>
<endValue>3</endValue>
<description>cele trei cicluri Bologna</description>
</rangeDef>
</listOfRanges>
</Column>
<Column name="study_year" id="DFB24A12-0D01-9B25-E5FD-1EE0CDA04CC0">
<createdBy>admin</createdBy>
<createdTime>2015-10-27 06:31:39 UTC</createdTime>
<generatorID>7E728E2E-0BCB-A513-5E72-9C83956B1F6E</generatorID>
<ownerDesignName>univ_info_sys_1</ownerDesignName>
<useDomainConstraints>false</useDomainConstraints>
<use>1</use>
<logicalDatatype>LOGDT018</logicalDatatype>
<defaultValue>1</defaultValue>
<ownDataTypeParameters>,,</ownDataTypeParameters>
<autoIncrementCycle>false</autoIncrementCycle>
<listOfRanges>
<rangeDef class="oracle.dbtools.crest.model.design.constraint.AVT">
<beginValue>1</beginValue>
<endValue>3</endValue>
</rangeDef>
</listOfRanges>
</Column>
<Column name="course_attendance" id="6A435FDD-7217-3EF3-406D-33195A48BC39">
<createdBy>admin</createdBy>
<createdTime>2015-10-27 06:31:39 UTC</createdTime>
<generatorID>46AD0CE0-3753-9F91-0AD2-5DD0FA60372B</generatorID>
<ownerDesignName>univ_info_sys_1</ownerDesignName>
<useDomainConstraints>false</useDomainConstraints>
<use>1</use>
<logicalDatatype>LOGDT024</logicalDatatype>
<dataTypeSize>2</dataTypeSize>
<ownDataTypeParameters>2,,</ownDataTypeParameters>
<autoIncrementCycle>false</autoIncrementCycle>
</Column>
<Column name="spec_or_module" id="738887AD-D03B-3BBE-13BE-296F7CA02BE9">
<createdBy>admin</createdBy>
<createdTime>2015-10-27 06:31:39 UTC</createdTime>
<generatorID>F41209FB-9468-28C8-FC5C-6809CD39E269</generatorID>
<ownerDesignName>univ_info_sys_1</ownerDesignName>
<useDomainConstraints>false</useDomainConstraints>
<use>1</use>
<logicalDatatype>LOGDT024</logicalDatatype>
<dataTypeSize>10</dataTypeSize>
<ownDataTypeParameters>10,,</ownDataTypeParameters>
<autoIncrementCycle>false</autoIncrementCycle>
</Column>
<Column name="lecture_group" id="51DDA880-6E29-7080-6ED0-70B0BB77D9E6">
<createdBy>admin</createdBy>
<createdTime>2015-10-27 06:31:39 UTC</createdTime>
<generatorID>16DACA6E-F396-48B6-FB41-EFE04A0D9B0A</generatorID>
<ownerDesignName>univ_info_sys_1</ownerDesignName>
<useDomainConstraints>false</useDomainConstraints>
<use>1</use>
<logicalDatatype>LOGDT018</logicalDatatype>
<ownDataTypeParameters>,,</ownDataTypeParameters>
<autoIncrementCycle>false</autoIncrementCycle>
<listOfRanges>
<rangeDef class="oracle.dbtools.crest.model.design.constraint.AVT">
<beginValue>1</beginValue>
<endValue>20</endValue>
</rangeDef>
</listOfRanges>
</Column>
<Column name="labs_group" id="846DC961-8532-CADD-E4A8-2DE3765BCD35">
<createdBy>admin</createdBy>
<createdTime>2015-10-27 06:31:39 UTC</createdTime>
<generatorID>3324A338-0EF4-25E8-192F-97DB75692FED</generatorID>
<ownerDesignName>univ_info_sys_1</ownerDesignName>
<useDomainConstraints>false</useDomainConstraints>
<use>1</use>
<logicalDatatype>LOGDT018</logicalDatatype>
<ownDataTypeParameters>,,</ownDataTypeParameters>
<autoIncrementCycle>false</autoIncrementCycle>
<listOfRanges>
<rangeDef class="oracle.dbtools.crest.model.design.constraint.AVT">
<beginValue>1</beginValue>
<endValue>150</endValue>
</rangeDef>
</listOfRanges>
</Column>
</columns>
<indexes itemClass="oracle.dbtools.crest.model.design.relational.Index">
<ind_PK_UK id="6B1520B7-6CA1-82EB-7D10-65E04CCAAD01" name="students_PK">
<createdBy>admin</createdBy>
<createdTime>2015-10-27 06:31:39 UTC</createdTime>
<generatorID>8EB3DA33-5C32-DD1F-0334-D8D2EAE23FF5</generatorID>
<ownerDesignName>univ_info_sys_1</ownerDesignName>
<pk>true</pk>
<indexState>Primary Constraint</indexState>
<isSurrogateKey>false</isSurrogateKey>
<indexColumnUsage>
<colUsage columnID="368032E5-5434-31EA-1748-D73CB2884801"/>
</indexColumnUsage>
</ind_PK_UK>
<ind_PK_UK id="52D0BA4B-59B3-BEB3-06B5-3F9D1DEA2381" name="students_scholarship_types_FK">
<createdBy>admin</createdBy>
<createdTime>2015-10-27 06:31:39 UTC</createdTime>
<generatorID>E8717697-8BF2-E190-8BC4-A364A5723280</generatorID>
<ownerDesignName>univ_info_sys_1</ownerDesignName>
<indexState>Foreign Key</indexState>
<isSurrogateKey>false</isSurrogateKey>
</ind_PK_UK>
</indexes>
</Table>