<?xml version = '1.0' encoding = 'UTF-8'?>
<Table class="oracle.dbtools.crest.model.design.relational.Table" directorySegmentName="seg_0" id="ACBBD030-7823-DB44-A355-12552A653762" name="teachersv1">
<createdBy>admin</createdBy>
<createdTime>2015-10-27 06:31:39 UTC</createdTime>
<generatorID>764D6DE8-1636-75E3-88F7-03395AE41736</generatorID>
<ownerDesignName>univ_info_sys_1</ownerDesignName>
<existDependencyGenerateInDDl>true</existDependencyGenerateInDDl>
<parsed>true</parsed>
<columns itemClass="oracle.dbtools.crest.model.design.relational.Column">
<Column name="teacher_code" id="19AADB5D-D4BD-7F07-0BD4-F93F61FBCECA">
<createdBy>admin</createdBy>
<createdTime>2015-10-27 06:31:39 UTC</createdTime>
<generatorID>3447AD76-5D56-7611-D82D-048FEFED29A5</generatorID>
<ownerDesignName>univ_info_sys_1</ownerDesignName>
<useDomainConstraints>false</useDomainConstraints>
<use>1</use>
<logicalDatatype>LOGDT024</logicalDatatype>
<dataTypeSize>5</dataTypeSize>
<ownDataTypeParameters>5,,</ownDataTypeParameters>
<autoIncrementCycle>false</autoIncrementCycle>
</Column>
<Column name="teacher_name" id="B385EBB3-DBA6-6558-B315-88CB006A43F2">
<createdBy>admin</createdBy>
<createdTime>2015-10-27 06:31:39 UTC</createdTime>
<generatorID>79BA8302-F415-8566-5B4A-E37F2960BAC9</generatorID>
<ownerDesignName>univ_info_sys_1</ownerDesignName>
<useDomainConstraints>false</useDomainConstraints>
<use>1</use>
<logicalDatatype>LOGDT024</logicalDatatype>
<dataTypeSize>50 CHAR</dataTypeSize>
<ownDataTypeParameters>50 CHAR,,</ownDataTypeParameters>
<autoIncrementCycle>false</autoIncrementCycle>
</Column>
<Column name="teacher_department" id="A42F6FBC-5140-B019-D236-2A2169E1CE6A">
<createdBy>admin</createdBy>
<createdTime>2015-10-27 06:31:39 UTC</createdTime>
<generatorID>5E21C417-49E5-4F62-03CA-239900C1804C</generatorID>
<ownerDesignName>univ_info_sys_1</ownerDesignName>
<nullsAllowed>true</nullsAllowed>
<useDomainConstraints>false</useDomainConstraints>
<use>1</use>
<logicalDatatype>LOGDT024</logicalDatatype>
<dataTypeSize>75 CHAR</dataTypeSize>
<ownDataTypeParameters>75 CHAR,,</ownDataTypeParameters>
<autoIncrementCycle>false</autoIncrementCycle>
</Column>
<Column name="teacher_sub_department" id="2AB82F11-7C91-BA52-84AE-71F12CFF8881">
<createdBy>admin</createdBy>
<createdTime>2015-10-27 06:31:39 UTC</createdTime>
<generatorID>35FB896F-1E25-2C90-CFC3-EE84D3E25E4A</generatorID>
<ownerDesignName>univ_info_sys_1</ownerDesignName>
<nullsAllowed>true</nullsAllowed>
<useDomainConstraints>false</useDomainConstraints>
<use>1</use>
<logicalDatatype>LOGDT024</logicalDatatype>
<dataTypeSize>50 CHAR</dataTypeSize>
<ownDataTypeParameters>50 CHAR,,</ownDataTypeParameters>
<autoIncrementCycle>false</autoIncrementCycle>
</Column>
<Column name="teacher_email" id="920CFD0A-A305-5E55-D101-9F7B54533BC7">
<createdBy>admin</createdBy>
<createdTime>2015-10-27 06:31:39 UTC</createdTime>
<generatorID>FFD89D9B-2CEE-5785-715E-D7DE5183FACA</generatorID>
<ownerDesignName>univ_info_sys_1</ownerDesignName>
<nullsAllowed>true</nullsAllowed>
<useDomainConstraints>false</useDomainConstraints>
<use>1</use>
<logicalDatatype>LOGDT024</logicalDatatype>
<dataTypeSize>75</dataTypeSize>
<ownDataTypeParameters>75,,</ownDataTypeParameters>
<autoIncrementCycle>false</autoIncrementCycle>
</Column>
<Column name="office_phone" id="C5499079-72DD-64B7-68FF-76DDB2D97A59">
<createdBy>admin</createdBy>
<createdTime>2015-10-27 06:31:39 UTC</createdTime>
<generatorID>FD1A2DCA-A6B1-4613-A963-5C42B42E2DCF</generatorID>
<ownerDesignName>univ_info_sys_1</ownerDesignName>
<nullsAllowed>true</nullsAllowed>
<useDomainConstraints>false</useDomainConstraints>
<use>1</use>
<logicalDatatype>LOGDT024</logicalDatatype>
<dataTypeSize>10</dataTypeSize>
<ownDataTypeParameters>10,,</ownDataTypeParameters>
<autoIncrementCycle>false</autoIncrementCycle>
</Column>
</columns>
<indexes itemClass="oracle.dbtools.crest.model.design.relational.Index">
<ind_PK_UK id="D97BA8E1-B05F-7FB6-AAB7-04ECC1F76B8D" name="teachers_PKv1">
<createdBy>admin</createdBy>
<createdTime>2015-10-27 06:31:39 UTC</createdTime>
<generatorID>B95CE135-6F04-6889-C058-0DAF0426FD2A</generatorID>
<ownerDesignName>univ_info_sys_1</ownerDesignName>
<pk>true</pk>
<indexState>Primary Constraint</indexState>
<isSurrogateKey>false</isSurrogateKey>
<indexColumnUsage>
<colUsage columnID="19AADB5D-D4BD-7F07-0BD4-F93F61FBCECA"/>
</indexColumnUsage>
</ind_PK_UK>
</indexes>
</Table>