<?xml version = '1.0' encoding = 'UTF-8'?>
<Table class="oracle.dbtools.crest.model.design.relational.Table" directorySegmentName="seg_0" id="ADCDD1B2-383E-ACD3-CF32-AB78FC435E4A" name="exams">
<createdBy>admin</createdBy>
<createdTime>2015-10-27 06:31:39 UTC</createdTime>
<generatorID>A7393D13-AFD4-6C9E-10AA-E292027E4471</generatorID>
<ownerDesignName>univ_info_sys_1</ownerDesignName>
<existDependencyGenerateInDDl>true</existDependencyGenerateInDDl>
<parsed>true</parsed>
<columns itemClass="oracle.dbtools.crest.model.design.relational.Column">
<Column name="exam_date" id="F4E4C52E-35A6-F2F3-8B71-3C6DB07B1CC6">
<createdBy>admin</createdBy>
<createdTime>2015-10-27 06:31:39 UTC</createdTime>
<generatorID>831302D9-E0D6-388E-FB28-F903317D4F14</generatorID>
<ownerDesignName>univ_info_sys_1</ownerDesignName>
<useDomainConstraints>false</useDomainConstraints>
<use>1</use>
<logicalDatatype>LOGDT007</logicalDatatype>
<ownDataTypeParameters>,,</ownDataTypeParameters>
<autoIncrementCycle>false</autoIncrementCycle>
</Column>
<Column name="grade" id="EF5DB5A5-A1B5-81E6-2EC1-D698B8051F74">
<createdBy>admin</createdBy>
<createdTime>2015-10-27 06:31:39 UTC</createdTime>
<generatorID>33C309D2-96E9-D65E-BE77-286B63E2E0A2</generatorID>
<ownerDesignName>univ_info_sys_1</ownerDesignName>
<useDomainConstraints>false</useDomainConstraints>
<use>1</use>
<logicalDatatype>LOGDT018</logicalDatatype>
<ownDataTypeParameters>,,</ownDataTypeParameters>
<autoIncrementCycle>false</autoIncrementCycle>
<listOfRanges>
<rangeDef class="oracle.dbtools.crest.model.design.constraint.AVT">
<beginValue>0</beginValue>
<endValue>10</endValue>
</rangeDef>
</listOfRanges>
</Column>
</columns>
<indexes itemClass="oracle.dbtools.crest.model.design.relational.Index">
<ind_PK_UK id="376F40C7-CE08-BCF1-7C0C-4E1613137B15" name="exams_PK">
<createdBy>admin</createdBy>
<createdTime>2015-10-27 06:31:39 UTC</createdTime>
<generatorID>521483B6-4F9D-3C77-3835-0451CDB8CB54</generatorID>
<ownerDesignName>univ_info_sys_1</ownerDesignName>
<pk>true</pk>
<indexState>Primary Constraint</indexState>
<isSurrogateKey>false</isSurrogateKey>
<indexColumnUsage>
<colUsage columnID="F4E4C52E-35A6-F2F3-8B71-3C6DB07B1CC6"/>
</indexColumnUsage>
</ind_PK_UK>
<ind_PK_UK id="8E4942BC-80AA-180E-5E35-AF87D081668A" name="exams_students_FK">
<createdBy>admin</createdBy>
<createdTime>2015-10-27 06:31:39 UTC</createdTime>
<generatorID>68EEADA6-8520-8FA8-C56F-8C6595E2B80A</generatorID>
<ownerDesignName>univ_info_sys_1</ownerDesignName>
<indexState>Foreign Key</indexState>
<isSurrogateKey>false</isSurrogateKey>
</ind_PK_UK>
<ind_PK_UK id="740E9FBF-D2D2-169B-9D9E-EA438DCFD391" name="exams_courses_FK">
<createdBy>admin</createdBy>
<createdTime>2015-10-27 06:31:39 UTC</createdTime>
<generatorID>C9D726A4-7792-4015-57F4-185A47FFC8F3</generatorID>
<ownerDesignName>univ_info_sys_1</ownerDesignName>
<indexState>Foreign Key</indexState>
<isSurrogateKey>false</isSurrogateKey>
</ind_PK_UK>
</indexes>
</Table>