<?xml version = '1.0' encoding = 'UTF-8'?>
<Table class="oracle.dbtools.crest.model.design.relational.Table" directorySegmentName="seg_0" id="BC2E7896-9238-AF7F-F403-E8C51729412D" name="lecture">
<createdBy>marinfotache</createdBy>
<createdTime>2018-10-25 18:48:42 UTC</createdTime>
<generatorID>F928E65A-16C7-4142-BFBD-19F9FCE995B0</generatorID>
<ownerDesignName>univ_info_sys_1</ownerDesignName>
<allowColumnReorder>false</allowColumnReorder>
<existDependencyGenerateInDDl>true</existDependencyGenerateInDDl>
<parsed>true</parsed>
<columns itemClass="oracle.dbtools.crest.model.design.relational.Column">
<Column name="study_level" id="B89C2B4F-78D9-AF75-44A7-31A299B14D94">
<createdBy>marinfotache</createdBy>
<createdTime>2018-10-25 18:48:42 UTC</createdTime>
<generatorID>2091FD56-DF8B-DF85-8755-9FFA8A838763</generatorID>
<ownerDesignName>univ_info_sys_1</ownerDesignName>
<useDomainConstraints>false</useDomainConstraints>
<use>1</use>
<logicalDatatype>LOGDT018</logicalDatatype>
<ownDataTypeParameters>,,</ownDataTypeParameters>
<autoIncrementCycle>false</autoIncrementCycle>
<listOfRanges>
<rangeDef class="oracle.dbtools.crest.model.design.constraint.AVT">
<beginValue>1</beginValue>
<endValue>3</endValue>
<description>cele trei cicluri Bologna</description>
</rangeDef>
</listOfRanges>
</Column>
<Column name="study_year" id="0B0C84CB-823F-2E09-22C6-948D5F4F3576">
<createdBy>marinfotache</createdBy>
<createdTime>2018-10-25 18:48:42 UTC</createdTime>
<generatorID>CFAA1EE1-0B71-6EF5-629D-13160A871B3E</generatorID>
<ownerDesignName>univ_info_sys_1</ownerDesignName>
<useDomainConstraints>false</useDomainConstraints>
<use>1</use>
<logicalDatatype>LOGDT018</logicalDatatype>
<defaultValue>1</defaultValue>
<ownDataTypeParameters>,,</ownDataTypeParameters>
<autoIncrementCycle>false</autoIncrementCycle>
<listOfRanges>
<rangeDef class="oracle.dbtools.crest.model.design.constraint.AVT">
<beginValue>1</beginValue>
<endValue>3</endValue>
</rangeDef>
</listOfRanges>
</Column>
<Column name="course_attendance" id="ACD41494-1B95-3F56-DBC2-7FCB9021DC89">
<createdBy>marinfotache</createdBy>
<createdTime>2018-10-25 18:48:42 UTC</createdTime>
<generatorID>79D1EDB7-3604-86FC-9483-08617B4A124E</generatorID>
<ownerDesignName>univ_info_sys_1</ownerDesignName>
<useDomainConstraints>false</useDomainConstraints>
<use>1</use>
<logicalDatatype>LOGDT024</logicalDatatype>
<ownDataTypeParameters>,,</ownDataTypeParameters>
<autoIncrementCycle>false</autoIncrementCycle>
</Column>
<Column name="spec_or_module" id="98643324-E8A0-E331-0B70-CBFEF424F6F6">
<createdBy>marinfotache</createdBy>
<createdTime>2018-10-25 18:48:42 UTC</createdTime>
<generatorID>154AE4AC-EE25-269D-FDA2-03CD19D721B7</generatorID>
<ownerDesignName>univ_info_sys_1</ownerDesignName>
<useDomainConstraints>false</useDomainConstraints>
<use>1</use>
<logicalDatatype>LOGDT024</logicalDatatype>
<dataTypeSize>10</dataTypeSize>
<ownDataTypeParameters>10,,</ownDataTypeParameters>
<autoIncrementCycle>false</autoIncrementCycle>
</Column>
<Column name="lecture_group" id="B25FD825-027E-CF8A-F33E-743963B569F7">
<createdBy>marinfotache</createdBy>
<createdTime>2018-10-25 18:48:42 UTC</createdTime>
<generatorID>20119DCE-A3F6-A1E5-B3B7-282B2F600366</generatorID>
<ownerDesignName>univ_info_sys_1</ownerDesignName>
<useDomainConstraints>false</useDomainConstraints>
<use>1</use>
<logicalDatatype>LOGDT018</logicalDatatype>
<ownDataTypeParameters>,,</ownDataTypeParameters>
<autoIncrementCycle>false</autoIncrementCycle>
<listOfRanges>
<rangeDef class="oracle.dbtools.crest.model.design.constraint.AVT">
<beginValue>1</beginValue>
<endValue>20</endValue>
</rangeDef>
</listOfRanges>
</Column>
<Column name="teacher_code" id="B9DFF411-896C-1514-603F-9ACB3B8ADA91">
<createdBy>marinfotache</createdBy>
<createdTime>2018-10-25 18:48:42 UTC</createdTime>
<generatorID>3D4EE70F-B5A7-4EDC-4E38-9DF38FCB1B98</generatorID>
<ownerDesignName>univ_info_sys_1</ownerDesignName>
<nullsAllowed>true</nullsAllowed>
<useDomainConstraints>false</useDomainConstraints>
<use>1</use>
<logicalDatatype>LOGDT024</logicalDatatype>
<dataTypeSize>5</dataTypeSize>
<ownDataTypeParameters>,,</ownDataTypeParameters>
<previousColumn>false</previousColumn>
<autoIncrementCycle>false</autoIncrementCycle>
<associations>
<colAssociation fkAssociation="28EB9D2B-EF0E-05E8-94F7-F24B1F09CBBA" referredColumn="CBC2F06E-6683-E48D-48E8-905613F57C5F"/>
</associations>
</Column>
<Column name="course_code" id="30DD382D-6C8F-C5D7-5F33-0CD75F27EACF">
<createdBy>marinfotache</createdBy>
<createdTime>2018-10-25 18:48:42 UTC</createdTime>
<generatorID>0D5FEA4F-C2F4-6ED4-BE2C-C4CC6EEE4D81</generatorID>
<ownerDesignName>univ_info_sys_1</ownerDesignName>
<useDomainConstraints>false</useDomainConstraints>
<use>1</use>
<logicalDatatype>LOGDT024</logicalDatatype>
<dataTypeSize>10</dataTypeSize>
<ownDataTypeParameters>,,</ownDataTypeParameters>
<previousColumn>false</previousColumn>
<autoIncrementCycle>false</autoIncrementCycle>
<associations>
<colAssociation fkAssociation="1F863A36-A801-51BE-FACA-CC54AEB8B4C6" referredColumn="A1FE4CCB-383A-3E50-3C40-D2501C600867"/>
</associations>
</Column>
</columns>
<indexes itemClass="oracle.dbtools.crest.model.design.relational.Index">
<ind_PK_UK id="01022B9F-94DA-1456-7452-D36BAF2706F2" name="lectures__pk">
<createdBy>marinfotache</createdBy>
<createdTime>2018-10-25 18:48:42 UTC</createdTime>
<generatorID>AC9ABE1D-4C26-4D4D-3F9C-E4DC3F0D172A</generatorID>
<ownerDesignName>univ_info_sys_1</ownerDesignName>
<pk>true</pk>
<indexState>Primary Constraint</indexState>
<isSurrogateKey>false</isSurrogateKey>
<indexColumnUsage>
<colUsage columnID="B89C2B4F-78D9-AF75-44A7-31A299B14D94"/>
<colUsage columnID="0B0C84CB-823F-2E09-22C6-948D5F4F3576"/>
<colUsage columnID="ACD41494-1B95-3F56-DBC2-7FCB9021DC89"/>
<colUsage columnID="98643324-E8A0-E331-0B70-CBFEF424F6F6"/>
<colUsage columnID="B25FD825-027E-CF8A-F33E-743963B569F7"/>
<colUsage columnID="30DD382D-6C8F-C5D7-5F33-0CD75F27EACF"/>
</indexColumnUsage>
</ind_PK_UK>
<ind_PK_UK id="CB56B382-DB80-EE4E-9B1D-C1048E789870" name="gives">
<createdBy>marinfotache</createdBy>
<createdTime>2018-10-25 18:48:42 UTC</createdTime>
<generatorID>4C93214B-2E77-7FE1-A653-88EE0A12DD9F</generatorID>
<ownerDesignName>univ_info_sys_1</ownerDesignName>
<indexState>Foreign Key</indexState>
<isSurrogateKey>false</isSurrogateKey>
<indexColumnUsage>
<colUsage columnID="B9DFF411-896C-1514-603F-9ACB3B8ADA91"/>
</indexColumnUsage>
</ind_PK_UK>
<ind_PK_UK id="CCEA3BE6-523F-AA30-F7DA-968AADB9AEA9" name="is_taught_through">
<createdBy>marinfotache</createdBy>
<createdTime>2018-10-25 18:48:42 UTC</createdTime>
<generatorID>F085211A-745B-49E9-398F-CE32B8805C04</generatorID>
<ownerDesignName>univ_info_sys_1</ownerDesignName>
<indexState>Foreign Key</indexState>
<isSurrogateKey>false</isSurrogateKey>
<indexColumnUsage>
<colUsage columnID="30DD382D-6C8F-C5D7-5F33-0CD75F27EACF"/>
</indexColumnUsage>
</ind_PK_UK>
</indexes>
</Table>