<?xml version = '1.0' encoding = 'UTF-8'?>
<Table class="oracle.dbtools.crest.model.design.relational.Table" directorySegmentName="seg_0" id="D088537C-BF4C-D5A7-AA51-269C426BE449" name="student">
<createdBy>marinfotache</createdBy>
<createdTime>2018-10-25 18:48:42 UTC</createdTime>
<generatorID>B4FF9F98-5257-9A42-80A2-A9B7166E7EA5</generatorID>
<ownerDesignName>univ_info_sys_1</ownerDesignName>
<allowColumnReorder>false</allowColumnReorder>
<existDependencyGenerateInDDl>true</existDependencyGenerateInDDl>
<parsed>true</parsed>
<columns itemClass="oracle.dbtools.crest.model.design.relational.Column">
<Column name="stud_code" id="4B7BD2C1-3334-A23C-875C-075A739700BE">
<createdBy>marinfotache</createdBy>
<createdTime>2018-10-25 18:48:42 UTC</createdTime>
<generatorID>0004A8B5-7C2A-C04D-CB5C-BCA8D89DEE8A</generatorID>
<ownerDesignName>univ_info_sys_1</ownerDesignName>
<useDomainConstraints>false</useDomainConstraints>
<use>1</use>
<logicalDatatype>LOGDT024</logicalDatatype>
<dataTypeSize>18</dataTypeSize>
<ownDataTypeParameters>18,,</ownDataTypeParameters>
<autoIncrementCycle>false</autoIncrementCycle>
</Column>
<Column name="stud_names" id="94923B61-4D0A-281D-2145-8C2F8B7ABD52">
<createdBy>marinfotache</createdBy>
<createdTime>2018-10-25 18:48:42 UTC</createdTime>
<generatorID>4D3CB76E-EC88-76E7-A60A-08BCAB27DD3B</generatorID>
<ownerDesignName>univ_info_sys_1</ownerDesignName>
<useDomainConstraints>false</useDomainConstraints>
<use>1</use>
<logicalDatatype>LOGDT024</logicalDatatype>
<dataTypeSize>60</dataTypeSize>
<ownDataTypeParameters>60,,</ownDataTypeParameters>
<autoIncrementCycle>false</autoIncrementCycle>
</Column>
<Column name="stud_address" id="E1C69271-905A-D0FC-7122-810ACBAE1D69">
<createdBy>marinfotache</createdBy>
<createdTime>2018-10-25 18:48:42 UTC</createdTime>
<generatorID>17FE611D-91C2-E53A-33E3-80D10CC74C34</generatorID>
<ownerDesignName>univ_info_sys_1</ownerDesignName>
<nullsAllowed>true</nullsAllowed>
<useDomainConstraints>false</useDomainConstraints>
<use>1</use>
<logicalDatatype>LOGDT024</logicalDatatype>
<dataTypeSize>100 CHAR</dataTypeSize>
<ownDataTypeParameters>100 CHAR,,</ownDataTypeParameters>
<autoIncrementCycle>false</autoIncrementCycle>
</Column>
<Column name="stud_phone" id="C254C167-78B5-AFC2-3049-2BAD9C3FDAE3">
<createdBy>marinfotache</createdBy>
<createdTime>2018-10-25 18:48:42 UTC</createdTime>
<generatorID>BD9B2873-DA17-3F3B-08B3-81052BB043EC</generatorID>
<ownerDesignName>univ_info_sys_1</ownerDesignName>
<nullsAllowed>true</nullsAllowed>
<useDomainConstraints>false</useDomainConstraints>
<use>1</use>
<logicalDatatype>LOGDT024</logicalDatatype>
<dataTypeSize>30</dataTypeSize>
<ownDataTypeParameters>30,,</ownDataTypeParameters>
<autoIncrementCycle>false</autoIncrementCycle>
</Column>
<Column name="stud_email" id="0492513B-4561-9236-8A48-B132095E0B05">
<createdBy>marinfotache</createdBy>
<createdTime>2018-10-25 18:48:42 UTC</createdTime>
<generatorID>A5BC174C-1336-3AC4-F47E-889416F53A94</generatorID>
<ownerDesignName>univ_info_sys_1</ownerDesignName>
<nullsAllowed>true</nullsAllowed>
<useDomainConstraints>false</useDomainConstraints>
<use>1</use>
<logicalDatatype>LOGDT024</logicalDatatype>
<dataTypeSize>60</dataTypeSize>
<ownDataTypeParameters>60,,</ownDataTypeParameters>
<autoIncrementCycle>false</autoIncrementCycle>
</Column>
<Column name="national_pers_code" id="8B87A4E5-12E5-6AAC-E559-2D4D75357131">
<createdBy>marinfotache</createdBy>
<createdTime>2018-10-25 18:48:42 UTC</createdTime>
<generatorID>E11466CE-9390-266B-767D-DE993F81BCAC</generatorID>
<ownerDesignName>univ_info_sys_1</ownerDesignName>
<nullsAllowed>true</nullsAllowed>
<useDomainConstraints>false</useDomainConstraints>
<use>1</use>
<logicalDatatype>LOGDT024</logicalDatatype>
<dataTypeSize>15</dataTypeSize>
<ownDataTypeParameters>15,,</ownDataTypeParameters>
<autoIncrementCycle>false</autoIncrementCycle>
</Column>
<Column name="stud_genre" id="67B60081-D933-6DD8-FA43-54B01170582D">
<createdBy>marinfotache</createdBy>
<createdTime>2018-10-25 18:48:42 UTC</createdTime>
<generatorID>30FAA6EC-F40A-10CC-EACE-FDCD458C4A83</generatorID>
<ownerDesignName>univ_info_sys_1</ownerDesignName>
<useDomainConstraints>false</useDomainConstraints>
<use>1</use>
<logicalDatatype>LOGDT025</logicalDatatype>
<dataTypeSize>1</dataTypeSize>
<ownDataTypeParameters>1,,</ownDataTypeParameters>
<autoIncrementCycle>false</autoIncrementCycle>
</Column>
<Column name="study_level" id="843112AE-5BD2-F734-4519-A15AE4AA0D9A">
<createdBy>marinfotache</createdBy>
<createdTime>2018-10-25 18:48:42 UTC</createdTime>
<generatorID>C887B6A6-CAB8-4BA6-8114-10A8C8A69ABB</generatorID>
<ownerDesignName>univ_info_sys_1</ownerDesignName>
<useDomainConstraints>false</useDomainConstraints>
<use>1</use>
<logicalDatatype>LOGDT018</logicalDatatype>
<ownDataTypeParameters>,,</ownDataTypeParameters>
<autoIncrementCycle>false</autoIncrementCycle>
<listOfRanges>
<rangeDef class="oracle.dbtools.crest.model.design.constraint.AVT">
<beginValue>1</beginValue>
<endValue>3</endValue>
<description>cele trei cicluri Bologna</description>
</rangeDef>
</listOfRanges>
</Column>
<Column name="study_year" id="28C3BA86-17C4-B719-4999-A6BDCE657EE6">
<createdBy>marinfotache</createdBy>
<createdTime>2018-10-25 18:48:42 UTC</createdTime>
<generatorID>7E728E2E-0BCB-A513-5E72-9C83956B1F6E</generatorID>
<ownerDesignName>univ_info_sys_1</ownerDesignName>
<useDomainConstraints>false</useDomainConstraints>
<use>1</use>
<logicalDatatype>LOGDT018</logicalDatatype>
<defaultValue>1</defaultValue>
<ownDataTypeParameters>,,</ownDataTypeParameters>
<autoIncrementCycle>false</autoIncrementCycle>
<listOfRanges>
<rangeDef class="oracle.dbtools.crest.model.design.constraint.AVT">
<beginValue>1</beginValue>
<endValue>3</endValue>
</rangeDef>
</listOfRanges>
</Column>
<Column name="course_attendance" id="A01CEFF7-61C7-BE10-EA89-CFB93C7DC009">
<createdBy>marinfotache</createdBy>
<createdTime>2018-10-25 18:48:42 UTC</createdTime>
<generatorID>46AD0CE0-3753-9F91-0AD2-5DD0FA60372B</generatorID>
<ownerDesignName>univ_info_sys_1</ownerDesignName>
<useDomainConstraints>false</useDomainConstraints>
<use>1</use>
<logicalDatatype>LOGDT024</logicalDatatype>
<dataTypeSize>2</dataTypeSize>
<ownDataTypeParameters>2,,</ownDataTypeParameters>
<autoIncrementCycle>false</autoIncrementCycle>
</Column>
<Column name="spec_or_module" id="DAA9BE6A-238B-E9B5-6F59-B3234940D4EF">
<createdBy>marinfotache</createdBy>
<createdTime>2018-10-25 18:48:42 UTC</createdTime>
<generatorID>F41209FB-9468-28C8-FC5C-6809CD39E269</generatorID>
<ownerDesignName>univ_info_sys_1</ownerDesignName>
<useDomainConstraints>false</useDomainConstraints>
<use>1</use>
<logicalDatatype>LOGDT024</logicalDatatype>
<dataTypeSize>10</dataTypeSize>
<ownDataTypeParameters>10,,</ownDataTypeParameters>
<autoIncrementCycle>false</autoIncrementCycle>
</Column>
<Column name="lecture_group" id="9AAEFB87-0428-50F4-D3C9-B257CC33A141">
<createdBy>marinfotache</createdBy>
<createdTime>2018-10-25 18:48:42 UTC</createdTime>
<generatorID>16DACA6E-F396-48B6-FB41-EFE04A0D9B0A</generatorID>
<ownerDesignName>univ_info_sys_1</ownerDesignName>
<useDomainConstraints>false</useDomainConstraints>
<use>1</use>
<logicalDatatype>LOGDT018</logicalDatatype>
<ownDataTypeParameters>,,</ownDataTypeParameters>
<autoIncrementCycle>false</autoIncrementCycle>
<listOfRanges>
<rangeDef class="oracle.dbtools.crest.model.design.constraint.AVT">
<beginValue>1</beginValue>
<endValue>20</endValue>
</rangeDef>
</listOfRanges>
</Column>
<Column name="labs_group" id="A830A280-A2D3-13E3-17DA-C37A828309B2">
<createdBy>marinfotache</createdBy>
<createdTime>2018-10-25 18:48:42 UTC</createdTime>
<generatorID>3324A338-0EF4-25E8-192F-97DB75692FED</generatorID>
<ownerDesignName>univ_info_sys_1</ownerDesignName>
<useDomainConstraints>false</useDomainConstraints>
<use>1</use>
<logicalDatatype>LOGDT018</logicalDatatype>
<ownDataTypeParameters>,,</ownDataTypeParameters>
<autoIncrementCycle>false</autoIncrementCycle>
<listOfRanges>
<rangeDef class="oracle.dbtools.crest.model.design.constraint.AVT">
<beginValue>1</beginValue>
<endValue>150</endValue>
</rangeDef>
</listOfRanges>
</Column>
<Column name="code" id="4F88A6E9-FA73-DF3D-9F04-F908A14B27E5">
<createdBy>marinfotache</createdBy>
<createdTime>2018-10-25 18:48:42 UTC</createdTime>
<generatorID>36B12DA8-DE1E-1A9A-6C33-70EBD2C898DD</generatorID>
<ownerDesignName>univ_info_sys_1</ownerDesignName>
<nullsAllowed>true</nullsAllowed>
<useDomainConstraints>false</useDomainConstraints>
<use>1</use>
<logicalDatatype>LOGDT024</logicalDatatype>
<dataTypeSize>10</dataTypeSize>
<ownDataTypeParameters>,,</ownDataTypeParameters>
<previousColumn>false</previousColumn>
<autoIncrementCycle>false</autoIncrementCycle>
<associations>
<colAssociation fkAssociation="4D3F6E81-C8D8-A739-0670-149D41A4A455" referredColumn="15CF4162-38BF-4588-82D1-61557959D533"/>
</associations>
</Column>
</columns>
<indexes itemClass="oracle.dbtools.crest.model.design.relational.Index">
<ind_PK_UK id="E8538D1D-313C-E7AA-8709-CBBFD92E665F" name="students__pk">
<createdBy>marinfotache</createdBy>
<createdTime>2018-10-25 18:48:42 UTC</createdTime>
<generatorID>8EB3DA33-5C32-DD1F-0334-D8D2EAE23FF5</generatorID>
<ownerDesignName>univ_info_sys_1</ownerDesignName>
<pk>true</pk>
<indexState>Primary Constraint</indexState>
<isSurrogateKey>false</isSurrogateKey>
<indexColumnUsage>
<colUsage columnID="4B7BD2C1-3334-A23C-875C-075A739700BE"/>
</indexColumnUsage>
</ind_PK_UK>
<ind_PK_UK id="EA317B79-34E1-29FF-7CA3-2153AA0BE0FC" name="is_awarded_to">
<createdBy>marinfotache</createdBy>
<createdTime>2018-10-25 18:48:42 UTC</createdTime>
<generatorID>E8717697-8BF2-E190-8BC4-A364A5723280</generatorID>
<ownerDesignName>univ_info_sys_1</ownerDesignName>
<indexState>Foreign Key</indexState>
<isSurrogateKey>false</isSurrogateKey>
<indexColumnUsage>
<colUsage columnID="4F88A6E9-FA73-DF3D-9F04-F908A14B27E5"/>
</indexColumnUsage>
</ind_PK_UK>
</indexes>
</Table>