<?xml version = '1.0' encoding = 'UTF-8'?>
<Table class="oracle.dbtools.crest.model.design.relational.Table" directorySegmentName="seg_0" id="E5A34940-E43C-B1C7-04A8-9D59306EBCA1" name="exam">
<createdBy>marinfotache</createdBy>
<createdTime>2018-10-25 18:48:42 UTC</createdTime>
<generatorID>A7393D13-AFD4-6C9E-10AA-E292027E4471</generatorID>
<ownerDesignName>univ_info_sys_1</ownerDesignName>
<allowColumnReorder>false</allowColumnReorder>
<existDependencyGenerateInDDl>true</existDependencyGenerateInDDl>
<parsed>true</parsed>
<columns itemClass="oracle.dbtools.crest.model.design.relational.Column">
<Column name="exam_date" id="D9F07A55-74F5-712E-8EB3-2F36A5356877">
<createdBy>marinfotache</createdBy>
<createdTime>2018-10-25 18:48:42 UTC</createdTime>
<generatorID>831302D9-E0D6-388E-FB28-F903317D4F14</generatorID>
<ownerDesignName>univ_info_sys_1</ownerDesignName>
<useDomainConstraints>false</useDomainConstraints>
<use>1</use>
<logicalDatatype>LOGDT007</logicalDatatype>
<ownDataTypeParameters>,,</ownDataTypeParameters>
<autoIncrementCycle>false</autoIncrementCycle>
</Column>
<Column name="grade" id="992B7871-0464-CE21-3C68-1CDBB4133D10">
<createdBy>marinfotache</createdBy>
<createdTime>2018-10-25 18:48:42 UTC</createdTime>
<generatorID>33C309D2-96E9-D65E-BE77-286B63E2E0A2</generatorID>
<ownerDesignName>univ_info_sys_1</ownerDesignName>
<useDomainConstraints>false</useDomainConstraints>
<use>1</use>
<logicalDatatype>LOGDT018</logicalDatatype>
<ownDataTypeParameters>,,</ownDataTypeParameters>
<autoIncrementCycle>false</autoIncrementCycle>
<listOfRanges>
<rangeDef class="oracle.dbtools.crest.model.design.constraint.AVT">
<beginValue>0</beginValue>
<endValue>10</endValue>
</rangeDef>
</listOfRanges>
</Column>
<Column name="stud_code" id="9CA73D5C-56AB-7251-D516-9A6E4DA1A780">
<createdBy>marinfotache</createdBy>
<createdTime>2018-10-25 18:48:42 UTC</createdTime>
<generatorID>1926FAD4-5798-FFA0-07E8-BD2DA0D29AB9</generatorID>
<ownerDesignName>univ_info_sys_1</ownerDesignName>
<useDomainConstraints>false</useDomainConstraints>
<use>1</use>
<logicalDatatype>LOGDT024</logicalDatatype>
<dataTypeSize>18</dataTypeSize>
<ownDataTypeParameters>,,</ownDataTypeParameters>
<previousColumn>false</previousColumn>
<autoIncrementCycle>false</autoIncrementCycle>
<associations>
<colAssociation fkAssociation="4737BD32-0505-6572-F106-AA451D75D9E4" referredColumn="4B7BD2C1-3334-A23C-875C-075A739700BE"/>
</associations>
</Column>
<Column name="course_code" id="D8307AD1-F229-9F3A-F04F-7F6F9D7F51AC">
<createdBy>marinfotache</createdBy>
<createdTime>2018-10-25 18:48:42 UTC</createdTime>
<generatorID>285FA0E2-F8FD-B37E-1BC4-A51A21899B01</generatorID>
<ownerDesignName>univ_info_sys_1</ownerDesignName>
<useDomainConstraints>false</useDomainConstraints>
<use>1</use>
<logicalDatatype>LOGDT024</logicalDatatype>
<dataTypeSize>10</dataTypeSize>
<ownDataTypeParameters>,,</ownDataTypeParameters>
<previousColumn>false</previousColumn>
<autoIncrementCycle>false</autoIncrementCycle>
<associations>
<colAssociation fkAssociation="7017CFE0-D6F1-C4F0-0C91-6179F7AFCC9D" referredColumn="A1FE4CCB-383A-3E50-3C40-D2501C600867"/>
</associations>
</Column>
</columns>
<indexes itemClass="oracle.dbtools.crest.model.design.relational.Index">
<ind_PK_UK id="F43B99A3-D7FE-E7AE-F279-5CF0B48951A3" name="exams__pk">
<createdBy>marinfotache</createdBy>
<createdTime>2018-10-25 18:48:42 UTC</createdTime>
<generatorID>521483B6-4F9D-3C77-3835-0451CDB8CB54</generatorID>
<ownerDesignName>univ_info_sys_1</ownerDesignName>
<pk>true</pk>
<indexState>Primary Constraint</indexState>
<isSurrogateKey>false</isSurrogateKey>
<indexColumnUsage>
<colUsage columnID="D9F07A55-74F5-712E-8EB3-2F36A5356877"/>
<colUsage columnID="9CA73D5C-56AB-7251-D516-9A6E4DA1A780"/>
<colUsage columnID="D8307AD1-F229-9F3A-F04F-7F6F9D7F51AC"/>
</indexColumnUsage>
</ind_PK_UK>
<ind_PK_UK id="7A39DA9F-CD52-76BE-85AB-023327B846BE" name="is_assessed_with">
<createdBy>marinfotache</createdBy>
<createdTime>2018-10-25 18:48:42 UTC</createdTime>
<generatorID>68EEADA6-8520-8FA8-C56F-8C6595E2B80A</generatorID>
<ownerDesignName>univ_info_sys_1</ownerDesignName>
<indexState>Foreign Key</indexState>
<isSurrogateKey>false</isSurrogateKey>
<indexColumnUsage>
<colUsage columnID="9CA73D5C-56AB-7251-D516-9A6E4DA1A780"/>
</indexColumnUsage>
</ind_PK_UK>
<ind_PK_UK id="D6E929DE-172A-880A-95AF-F8674B0FDF79" name="is_subject_of">
<createdBy>marinfotache</createdBy>
<createdTime>2018-10-25 18:48:42 UTC</createdTime>
<generatorID>C9D726A4-7792-4015-57F4-185A47FFC8F3</generatorID>
<ownerDesignName>univ_info_sys_1</ownerDesignName>
<indexState>Foreign Key</indexState>
<isSurrogateKey>false</isSurrogateKey>
<indexColumnUsage>
<colUsage columnID="D8307AD1-F229-9F3A-F04F-7F6F9D7F51AC"/>
</indexColumnUsage>
</ind_PK_UK>
</indexes>
</Table>