<?xml version = '1.0' encoding = 'UTF-8'?>
<Diagram class="oracle.dbtools.crest.swingui.relational.DPVRelational" name="Relational_1" id="0F18E267-AFBB-8AFF-6E2A-0A2C6ED09877">
<createdBy>marinfotache</createdBy>
<modifiedBy>marinfotache</modifiedBy>
<createdTime>2018-10-26 05:03:02 UTC</createdTime>
<autoRoute>false</autoRoute>
<boxInbox>true</boxInbox>
<showLegend>false</showLegend>
<showLabels>false</showLabels>
<showRelAttributes>false</showRelAttributes>
<gridEnabled>false</gridEnabled>
<showGrid>false</showGrid>
<diagramColor>-1</diagramColor>
<display>false</display>
<notation>1</notation>
<objectViews>
<OView class="oracle.dbtools.crest.swingui.relational.TVTable" oid="0188B14F-DF6A-9F33-2E40-E3BAD7ED57B1" otype="Table" vid="F1303176-EC68-A1A1-555C-20F653B82F27">
<hideElementsInCurrentOnly>false</hideElementsInCurrentOnly>
<bounds x="21" y="80" width="122" height="69"/>
</OView>
<OView class="oracle.dbtools.crest.swingui.relational.TVTable" oid="028C1699-9B76-DB4B-5FA6-E8B2A886855D" otype="Table" vid="54B5B0D0-334F-6A43-5C75-435805DB84C3">
<hideElementsInCurrentOnly>false</hideElementsInCurrentOnly>
<bounds x="460" y="10" width="117" height="80"/>
</OView>
<OView class="oracle.dbtools.crest.swingui.relational.TVTable" oid="0F99D7A3-2CB4-8CBF-DB50-8D923985D56A" otype="Table" vid="2E212426-9B30-AB10-013E-6EC1C1D4204C">
<hideElementsInCurrentOnly>false</hideElementsInCurrentOnly>
<bounds x="651" y="303" width="141" height="76"/>
</OView>
<OView class="oracle.dbtools.crest.swingui.relational.TVTable" oid="31912FFE-24D0-A340-A708-16E83ADDF259" otype="Table" vid="4335E317-55B2-408C-5E22-0D95136677E2">
<hideElementsInCurrentOnly>false</hideElementsInCurrentOnly>
<bounds x="455" y="274" width="149" height="135"/>
</OView>
<OView class="oracle.dbtools.crest.swingui.relational.TVTable" oid="433A9D59-3BAA-CE14-0D0A-613AB809DB64" otype="Table" vid="9FA0A11B-3965-8B7F-3985-9E1B838A9A86">
<hideElementsInCurrentOnly>false</hideElementsInCurrentOnly>
<bounds x="32" y="285" width="155" height="101"/>
</OView>
<OView class="oracle.dbtools.crest.swingui.relational.TVTable" oid="4947522F-4405-F734-F2A1-97903EFA34DC" otype="Table" vid="6DB79569-CF50-532E-55E3-584ECAB2858D">
<hideElementsInCurrentOnly>false</hideElementsInCurrentOnly>
<bounds x="487" y="533" width="141" height="90"/>
</OView>
<OView class="oracle.dbtools.crest.swingui.relational.TVTable" oid="4DAEF6F5-AFB6-F9A2-828C-B9B53E62808E" otype="Table" vid="6235E986-DF94-4C1D-E499-BF4FAB7B0B56">
<hideElementsInCurrentOnly>false</hideElementsInCurrentOnly>
<bounds x="163" y="6" width="170" height="81"/>
</OView>
<OView class="oracle.dbtools.crest.swingui.relational.TVTable" oid="8AA64170-A86E-0162-0026-6B064DF7902E" otype="Table" vid="F8E55EB9-4AA8-4C71-BD44-29DAC84B5DE3">
<hideElementsInCurrentOnly>false</hideElementsInCurrentOnly>
<bounds x="390" y="118" width="107" height="88"/>
</OView>
<OView class="oracle.dbtools.crest.swingui.relational.TVTable" oid="8C6D8B6D-458F-504E-651E-477BD0464918" otype="Table" vid="CF9959C9-6AFF-DC4B-39A2-C232532A66EA">
<hideElementsInCurrentOnly>false</hideElementsInCurrentOnly>
<bounds x="247" y="377" width="123" height="67"/>
</OView>
<OView class="oracle.dbtools.crest.swingui.relational.TVTable" oid="905DEE84-A4D7-1CFC-B3D4-764F60A5FD8C" otype="Table" vid="3C7ECE06-CEC9-2F06-461A-22DF1D41BBFF">
<hideElementsInCurrentOnly>false</hideElementsInCurrentOnly>
<bounds x="19" y="457" width="96" height="99"/>
</OView>
<OView class="oracle.dbtools.crest.swingui.relational.TVTable" oid="9CE8BF49-BAD7-2076-DDF4-4230D6E04D42" otype="Table" vid="A1881AE2-9D4F-DA1A-EEFE-D14913DA8D86">
<hideElementsInCurrentOnly>false</hideElementsInCurrentOnly>
<bounds x="252" y="217" width="150" height="77"/>
</OView>
<OView class="oracle.dbtools.crest.swingui.relational.TVTable" oid="A5277541-C8F5-B6CD-EA4C-A2FFADFA0D86" otype="Table" vid="5FD5A6DE-00CE-EA92-88D3-881E9D4029CD">
<hideElementsInCurrentOnly>false</hideElementsInCurrentOnly>
<bounds x="251" y="328" width="131" height="44"/>
</OView>
<OView class="oracle.dbtools.crest.swingui.relational.TVTable" oid="AECFF7E6-C754-14A5-11BB-E9EF17773985" otype="Table" vid="2C72D4F1-F7DC-B241-6F8D-4039C75A2F24">
<hideElementsInCurrentOnly>false</hideElementsInCurrentOnly>
<bounds x="70" y="179" width="130" height="104"/>
</OView>
<OView class="oracle.dbtools.crest.swingui.relational.TVTable" oid="C69E4A8D-3160-40CA-9807-363AAFBE30A8" otype="Table" vid="1A3416B1-7403-4732-CADD-9B2C694CB9FB">
<hideElementsInCurrentOnly>false</hideElementsInCurrentOnly>
<bounds x="564" y="449" width="148" height="57"/>
</OView>
<OView class="oracle.dbtools.crest.swingui.relational.TVTable" oid="E65270B5-C9B3-07DD-A77C-5C24B7D5B86D" otype="Table" vid="95B20969-48EB-64EB-0C80-6ACBDB27355E">
<hideElementsInCurrentOnly>false</hideElementsInCurrentOnly>
<bounds x="398" y="444" width="130" height="53"/>
</OView>
<OView class="oracle.dbtools.crest.swingui.relational.TVTable" oid="E77C1545-7AE3-0B01-32E9-B55B8ECD89E7" otype="Table" vid="7865802F-1CED-9F36-DD46-7EE2DA1E2ABA">
<hideElementsInCurrentOnly>false</hideElementsInCurrentOnly>
<bounds x="212" y="511" width="109" height="90"/>
</OView>
</objectViews>
<connectors>
<Connector class="oracle.dbtools.crest.swingui.relational.TVFKRelation" oid="0D3DC672-67DE-AFB6-5D65-C091297DB0F5" otype="FKIndexAssociation" vid_source="3C7ECE06-CEC9-2F06-461A-22DF1D41BBFF" vid_target="7865802F-1CED-9F36-DD46-7EE2DA1E2ABA">
<hideElementsInCurrentOnly>false</hideElementsInCurrentOnly>
<backgroundColor>-16777216</backgroundColor>
<lineWidth>1</lineWidth>
<points>
<point x="115" y="533"/>
<point x="212" y="533"/>
</points>
</Connector>
<Connector class="oracle.dbtools.crest.swingui.relational.TVFKRelation" oid="1473ACE3-80E4-5FE0-C710-5B30DC7F7C4E" otype="FKIndexAssociation" vid_source="4335E317-55B2-408C-5E22-0D95136677E2" vid_target="A1881AE2-9D4F-DA1A-EEFE-D14913DA8D86">
<hideElementsInCurrentOnly>false</hideElementsInCurrentOnly>
<backgroundColor>-16777216</backgroundColor>
<lineWidth>1</lineWidth>
<points>
<point x="455" y="284"/>
<point x="402" y="284"/>
</points>
</Connector>
<Connector class="oracle.dbtools.crest.swingui.relational.TVFKRelation" oid="1A18F048-CE34-F465-F6BF-D635BD05A583" otype="FKIndexAssociation" vid_source="4335E317-55B2-408C-5E22-0D95136677E2" vid_target="5FD5A6DE-00CE-EA92-88D3-881E9D4029CD">
<hideElementsInCurrentOnly>false</hideElementsInCurrentOnly>
<backgroundColor>-16777216</backgroundColor>
<lineWidth>1</lineWidth>
<points>
<point x="455" y="350"/>
<point x="382" y="350"/>
</points>
</Connector>
<Connector class="oracle.dbtools.crest.swingui.relational.TVFKRelation" oid="2321600A-41B6-605F-484B-547A57955412" otype="FKIndexAssociation" vid_source="2C72D4F1-F7DC-B241-6F8D-4039C75A2F24" vid_target="A1881AE2-9D4F-DA1A-EEFE-D14913DA8D86">
<hideElementsInCurrentOnly>false</hideElementsInCurrentOnly>
<backgroundColor>-16777216</backgroundColor>
<lineWidth>1</lineWidth>
<points>
<point x="200" y="250"/>
<point x="252" y="250"/>
</points>
</Connector>
<Connector class="oracle.dbtools.crest.swingui.relational.TVFKRelation" oid="278AD997-9F76-5745-1743-6304ABEFF0FA" otype="FKIndexAssociation" vid_source="F8E55EB9-4AA8-4C71-BD44-29DAC84B5DE3" vid_target="2C72D4F1-F7DC-B241-6F8D-4039C75A2F24">
<hideElementsInCurrentOnly>false</hideElementsInCurrentOnly>
<backgroundColor>-16777216</backgroundColor>
<lineWidth>1</lineWidth>
<points>
<point x="390" y="192"/>
<point x="200" y="192"/>
</points>
</Connector>
<Connector class="oracle.dbtools.crest.swingui.relational.TVFKRelation" oid="2AA357B0-16D8-12AF-A1D4-8AC3D62B3456" otype="FKIndexAssociation" vid_source="6DB79569-CF50-532E-55E3-584ECAB2858D" vid_target="95B20969-48EB-64EB-0C80-6ACBDB27355E">
<hideElementsInCurrentOnly>false</hideElementsInCurrentOnly>
<backgroundColor>-16777216</backgroundColor>
<lineWidth>1</lineWidth>
<points>
<point x="507" y="533"/>
<point x="507" y="497"/>
</points>
</Connector>
<Connector class="oracle.dbtools.crest.swingui.relational.TVFKRelation" oid="33531CEB-4FED-B672-6F9F-1AB65EEBF09C" otype="FKIndexAssociation" vid_source="4335E317-55B2-408C-5E22-0D95136677E2" vid_target="2E212426-9B30-AB10-013E-6EC1C1D4204C">
<hideElementsInCurrentOnly>false</hideElementsInCurrentOnly>
<backgroundColor>-16777216</backgroundColor>
<lineWidth>1</lineWidth>
<points>
<point x="604" y="341"/>
<point x="651" y="341"/>
</points>
</Connector>
<Connector class="oracle.dbtools.crest.swingui.relational.TVFKRelation" oid="36FA87B1-1F15-335A-7438-5FD3C40D83BB" otype="FKIndexAssociation" vid_source="54B5B0D0-334F-6A43-5C75-435805DB84C3" vid_target="4335E317-55B2-408C-5E22-0D95136677E2">
<hideElementsInCurrentOnly>false</hideElementsInCurrentOnly>
<backgroundColor>-16777216</backgroundColor>
<lineWidth>1</lineWidth>
<points>
<point x="518" y="90"/>
<point x="518" y="274"/>
</points>
</Connector>
<Connector class="oracle.dbtools.crest.swingui.relational.TVFKRelation" oid="429D780A-0BD2-8841-A201-EB7FDCC7E68A" otype="FKIndexAssociation" vid_source="F8E55EB9-4AA8-4C71-BD44-29DAC84B5DE3" vid_target="4335E317-55B2-408C-5E22-0D95136677E2">
<hideElementsInCurrentOnly>false</hideElementsInCurrentOnly>
<backgroundColor>-16777216</backgroundColor>
<lineWidth>1</lineWidth>
<points>
<point x="466" y="206"/>
<point x="466" y="274"/>
</points>
</Connector>
<Connector class="oracle.dbtools.crest.swingui.relational.TVFKRelation" oid="46AA1933-47AE-C4A1-AF7E-3E28A4210E62" otype="FKIndexAssociation" vid_source="9FA0A11B-3965-8B7F-3985-9E1B838A9A86" vid_target="5FD5A6DE-00CE-EA92-88D3-881E9D4029CD">
<hideElementsInCurrentOnly>false</hideElementsInCurrentOnly>
<backgroundColor>-16777216</backgroundColor>
<lineWidth>1</lineWidth>
<points>
<point x="187" y="350"/>
<point x="251" y="350"/>
</points>
</Connector>
<Connector class="oracle.dbtools.crest.swingui.relational.TVFKRelation" oid="643CC28F-3836-5859-2373-0A40DA6D373B" otype="FKIndexAssociation" vid_source="F8E55EB9-4AA8-4C71-BD44-29DAC84B5DE3" vid_target="F1303176-EC68-A1A1-555C-20F653B82F27">
<hideElementsInCurrentOnly>false</hideElementsInCurrentOnly>
<backgroundColor>-16777216</backgroundColor>
<lineWidth>1</lineWidth>
<points>
<point x="390" y="133"/>
<point x="143" y="133"/>
</points>
</Connector>
<Connector class="oracle.dbtools.crest.swingui.relational.TVFKRelation" oid="733BE389-4FAE-6E42-5C6E-3F8EB96454CC" otype="FKIndexAssociation" vid_source="F8E55EB9-4AA8-4C71-BD44-29DAC84B5DE3" vid_target="F1303176-EC68-A1A1-555C-20F653B82F27">
<hideElementsInCurrentOnly>false</hideElementsInCurrentOnly>
<backgroundColor>-16777216</backgroundColor>
<lineWidth>1</lineWidth>
<points>
<point x="390" y="143"/>
<point x="143" y="143"/>
</points>
</Connector>
<Connector class="oracle.dbtools.crest.swingui.relational.TVFKRelation" oid="7D19C4F2-D26E-0829-581F-3A131852FD30" otype="FKIndexAssociation" vid_source="2C72D4F1-F7DC-B241-6F8D-4039C75A2F24" vid_target="6235E986-DF94-4C1D-E499-BF4FAB7B0B56">
<hideElementsInCurrentOnly>false</hideElementsInCurrentOnly>
<backgroundColor>-16777216</backgroundColor>
<lineWidth>1</lineWidth>
<points>
<point x="181" y="179"/>
<point x="181" y="87"/>
</points>
</Connector>
<Connector class="oracle.dbtools.crest.swingui.relational.TVFKRelation" oid="9746929C-BC0F-C134-998B-2F154132D9AA" otype="FKIndexAssociation" vid_source="7865802F-1CED-9F36-DD46-7EE2DA1E2ABA" vid_target="6DB79569-CF50-532E-55E3-584ECAB2858D">
<hideElementsInCurrentOnly>false</hideElementsInCurrentOnly>
<backgroundColor>-16777216</backgroundColor>
<lineWidth>1</lineWidth>
<points>
<point x="321" y="567"/>
<point x="487" y="567"/>
</points>
</Connector>
<Connector class="oracle.dbtools.crest.swingui.relational.TVFKRelation" oid="AFBEBC77-9E96-1FFD-6FF8-E66078BB80FD" otype="FKIndexAssociation" vid_source="2E212426-9B30-AB10-013E-6EC1C1D4204C" vid_target="1A3416B1-7403-4732-CADD-9B2C694CB9FB">
<hideElementsInCurrentOnly>false</hideElementsInCurrentOnly>
<backgroundColor>-16777216</backgroundColor>
<lineWidth>1</lineWidth>
<points>
<point x="681" y="379"/>
<point x="681" y="449"/>
</points>
</Connector>
<Connector class="oracle.dbtools.crest.swingui.relational.TVFKRelation" oid="B15E40BF-20FF-3472-9C9F-93BF7B8552EC" otype="FKIndexAssociation" vid_source="4335E317-55B2-408C-5E22-0D95136677E2" vid_target="9FA0A11B-3965-8B7F-3985-9E1B838A9A86">
<hideElementsInCurrentOnly>false</hideElementsInCurrentOnly>
<backgroundColor>-16777216</backgroundColor>
<lineWidth>1</lineWidth>
<points>
<point x="455" y="319"/>
<point x="187" y="316"/>
</points>
</Connector>
<Connector class="oracle.dbtools.crest.swingui.relational.TVFKRelation" oid="BE00DF06-6AC3-BC42-2ECB-3CED7CF3C343" otype="FKIndexAssociation" vid_source="4335E317-55B2-408C-5E22-0D95136677E2" vid_target="CF9959C9-6AFF-DC4B-39A2-C232532A66EA">
<hideElementsInCurrentOnly>false</hideElementsInCurrentOnly>
<backgroundColor>-16777216</backgroundColor>
<lineWidth>1</lineWidth>
<points>
<point x="455" y="393"/>
<point x="370" y="393"/>
</points>
</Connector>
<Connector class="oracle.dbtools.crest.swingui.relational.TVFKRelation" oid="D0D9A812-1DCC-EC74-751D-C4C43121680D" otype="FKIndexAssociation" vid_source="7865802F-1CED-9F36-DD46-7EE2DA1E2ABA" vid_target="CF9959C9-6AFF-DC4B-39A2-C232532A66EA">
<hideElementsInCurrentOnly>false</hideElementsInCurrentOnly>
<backgroundColor>-16777216</backgroundColor>
<lineWidth>1</lineWidth>
<points>
<point x="284" y="511"/>
<point x="284" y="444"/>
</points>
</Connector>
<Connector class="oracle.dbtools.crest.swingui.relational.TVFKRelation" oid="D228DE7C-2B4C-FEC6-02A3-910913D29ABC" otype="FKIndexAssociation" vid_source="54B5B0D0-334F-6A43-5C75-435805DB84C3" vid_target="6235E986-DF94-4C1D-E499-BF4FAB7B0B56">
<hideElementsInCurrentOnly>false</hideElementsInCurrentOnly>
<backgroundColor>-16777216</backgroundColor>
<lineWidth>1</lineWidth>
<points>
<point x="460" y="48"/>
<point x="333" y="48"/>
</points>
</Connector>
<Connector class="oracle.dbtools.crest.swingui.relational.TVFKRelation" oid="E3F5590F-EC77-505F-B5CB-AC0E1B494107" otype="FKIndexAssociation" vid_source="F8E55EB9-4AA8-4C71-BD44-29DAC84B5DE3" vid_target="4335E317-55B2-408C-5E22-0D95136677E2">
<hideElementsInCurrentOnly>false</hideElementsInCurrentOnly>
<backgroundColor>-16777216</backgroundColor>
<lineWidth>1</lineWidth>
<points>
<point x="476" y="206"/>
<point x="476" y="274"/>
</points>
</Connector>
<Connector class="oracle.dbtools.crest.swingui.relational.TVFKRelation" oid="EFAEFC75-120D-A310-B8BD-FB201A6BF8B9" otype="FKIndexAssociation" vid_source="4335E317-55B2-408C-5E22-0D95136677E2" vid_target="95B20969-48EB-64EB-0C80-6ACBDB27355E">
<hideElementsInCurrentOnly>false</hideElementsInCurrentOnly>
<backgroundColor>-16777216</backgroundColor>
<lineWidth>1</lineWidth>
<points>
<point x="491" y="409"/>
<point x="491" y="444"/>
</points>
</Connector>
<Connector class="oracle.dbtools.crest.swingui.relational.TVFKRelation" oid="F238406D-57E2-3D63-358D-CC9C24B6CD7B" otype="FKIndexAssociation" vid_source="6DB79569-CF50-532E-55E3-584ECAB2858D" vid_target="1A3416B1-7403-4732-CADD-9B2C694CB9FB">
<hideElementsInCurrentOnly>false</hideElementsInCurrentOnly>
<backgroundColor>-16777216</backgroundColor>
<lineWidth>1</lineWidth>
<points>
<point x="596" y="533"/>
<point x="596" y="506"/>
</points>
</Connector>
</connectors>
</Diagram>