<?xml version = '1.0' encoding = 'UTF-8'?>
<Diagram class="oracle.dbtools.crest.swingui.logical.DPVLogical" name="Logical" id="A217BF1A-CDDB-3E24-9B02-445A48DC95AF">
<createdBy>admin</createdBy>
<modifiedBy>admin</modifiedBy>
<createdTime>2015-10-28 10:22:30 UTC</createdTime>
<autoRoute>false</autoRoute>
<boxInbox>true</boxInbox>
<showLegend>false</showLegend>
<showLabels>false</showLabels>
<showRelAttributes>false</showRelAttributes>
<gridEnabled>false</gridEnabled>
<showGrid>false</showGrid>
<diagramColor>-1</diagramColor>
<display>false</display>
<notation>1</notation>
<objectViews>
<OView class="oracle.dbtools.crest.swingui.logical.TVEntity" oid="29D5425A-8DDE-AE83-A3C3-420DDDBAF7D2" otype="Entity" vid="518A237F-404F-14D2-5F01-F587E4F386B0">
<hideElementsInCurrentOnly>false</hideElementsInCurrentOnly>
<bounds x="33" y="33" width="153" height="128"/>
</OView>
<OView class="oracle.dbtools.crest.swingui.TVNote" oid="4AB24846-3B76-28AA-AC86-8D61EC62A39A" otype="Note" vid="07C42EB5-4CF1-AED8-A05A-490AD999F172">
<hideElementsInCurrentOnly>false</hideElementsInCurrentOnly>
<bounds x="8" y="197" width="165" height="59"/>
<comment>in entity &quot;account&quot; attribute &quot;current_balance&quot;  was added</comment>
</OView>
<OView class="oracle.dbtools.crest.swingui.logical.TVEntity" oid="7CB32C00-8327-AE6E-58FF-1D497CE18C15" otype="Entity" vid="BE63A17A-A8E4-4BB2-6903-D42988E6E9B3">
<hideElementsInCurrentOnly>false</hideElementsInCurrentOnly>
<bounds x="373" y="209" width="149" height="113"/>
</OView>
<OView class="oracle.dbtools.crest.swingui.logical.TVEntity" oid="C2C60A32-F9B2-4F22-75F4-03C24DD081C3" otype="Entity" vid="847706E2-D673-77E3-5E26-DDE30A4B4C87">
<hideElementsInCurrentOnly>false</hideElementsInCurrentOnly>
<bounds x="272" y="25" width="160" height="128"/>
</OView>
<OView class="oracle.dbtools.crest.swingui.logical.TVEntity" oid="F5ED67E0-3C0B-BBF2-B992-B12A56A5B610" otype="Entity" vid="7B81DF90-2922-5307-7855-8820B0231454">
<hideElementsInCurrentOnly>false</hideElementsInCurrentOnly>
<bounds x="189" y="206" width="150" height="116"/>
</OView>
</objectViews>
<connectors>
<Connector class="oracle.dbtools.crest.swingui.logical.TVRelation" oid="198B0F8A-2545-03A6-C8A5-3C0403B11BCA" otype="Relation" vid_source="847706E2-D673-77E3-5E26-DDE30A4B4C87" vid_target="BE63A17A-A8E4-4BB2-6903-D42988E6E9B3">
<hideElementsInCurrentOnly>false</hideElementsInCurrentOnly>
<backgroundColor>-16777216</backgroundColor>
<lineWidth>1</lineWidth>
<points>
<point x="402" y="153"/>
<point x="402" y="209"/>
</points>
</Connector>
<Connector class="oracle.dbtools.crest.swingui.logical.TVRelation" oid="5F102A59-5413-3BFD-E396-50C34664DDBD" otype="Relation" vid_source="518A237F-404F-14D2-5F01-F587E4F386B0" vid_target="847706E2-D673-77E3-5E26-DDE30A4B4C87">
<hideElementsInCurrentOnly>false</hideElementsInCurrentOnly>
<backgroundColor>-16777216</backgroundColor>
<lineWidth>1</lineWidth>
<points>
<point x="186" y="93"/>
<point x="272" y="93"/>
</points>
</Connector>
<Connector class="oracle.dbtools.crest.swingui.logical.TVRelation" oid="D9417189-580B-D94A-DB9E-A9FADCE6F787" otype="Relation" vid_source="847706E2-D673-77E3-5E26-DDE30A4B4C87" vid_target="7B81DF90-2922-5307-7855-8820B0231454">
<hideElementsInCurrentOnly>false</hideElementsInCurrentOnly>
<backgroundColor>-16777216</backgroundColor>
<lineWidth>1</lineWidth>
<points>
<point x="305" y="153"/>
<point x="305" y="206"/>
</points>
</Connector>
</connectors>
</Diagram>