<?xml version = '1.0' encoding = 'UTF-8'?>
<relationalModel class="oracle.dbtools.crest.model.design.relational.RelationalDesign" name="Relational_1" id="E96953EC-7C5E-DAD6-B316-0CF9707DF093" mainViewID="19A71080-EA3A-0763-5438-A50EAC63EC93">
<createdBy>marinfotache</createdBy>
<createdTime>2018-10-25 19:10:01 UTC</createdTime>
<ownerDesignName>sales_1_solution_2</ownerDesignName>
<shouldBeOpen>false</shouldBeOpen>
<selectedRDBMSSite>3FD120B5-9F4E-6278-D5E2-746D192C8319</selectedRDBMSSite>
</relationalModel>