<?xml version = '1.0' encoding = 'UTF-8'?>
<Relation class="oracle.dbtools.crest.model.design.logical.Relation" name="contains" directorySegmentName="seg_0" id="85F74E0B-BCDB-98C5-755E-D0BEFB91BF7F">
<createdBy>admin</createdBy>
<createdTime>2015-10-30 08:09:21 UTC</createdTime>
<ownerDesignName>01a_heterogeneous_items_v1</ownerDesignName>
<engineerTo>
<item key="E772B046-A9A1-7A90-F248-DE668A03198A" value="true"/>
</engineerTo>
<sourcePk>B32EEBF9-827C-88E4-08CF-6D3E068056D7</sourcePk>
<identifying>false</identifying>
<optionalSource>true</optionalSource>
<optionalTarget>false</optionalTarget>
<sourceCardinality>1</sourceCardinality>
<sourceEntity>3A018823-5E70-45BB-B5A4-EDA7E36B82F4</sourceEntity>
<targetCardinalityString>*</targetCardinalityString>
<targetEntity>E28FADA5-2158-4442-7038-E3BEAA1BCAB0</targetEntity>
<transferable>true</transferable>
</Relation>