<?xml version = '1.0' encoding = 'UTF-8'?>
<Diagram class="oracle.dbtools.crest.swingui.relational.DPVRelational" name="Relational_1" id="1DA83EFA-8ACE-2AF9-B59C-3A59BBCA7C96">
<createdBy>Marin F</createdBy>
<modifiedBy>admin</modifiedBy>
<createdTime>2011-10-05 05:53:45 UTC</createdTime>
<autoRoute>false</autoRoute>
<boxInbox>true</boxInbox>
<showLegend>false</showLegend>
<showLabels>false</showLabels>
<showRelAttributes>false</showRelAttributes>
<gridEnabled>false</gridEnabled>
<showGrid>false</showGrid>
<diagramColor>-1</diagramColor>
<display>false</display>
<notation>1</notation>
<objectViews>
<OView class="oracle.dbtools.crest.swingui.relational.TVTable" oid="51DEC6FE-2A47-CB60-0A44-CD66975276F4" otype="Table" vid="02DFFDB7-7CED-D20E-C3BD-578DE6575F93">
<hideElementsInCurrentOnly>false</hideElementsInCurrentOnly>
<bounds x="104" y="51" width="257" height="154"/>
</OView>
</objectViews>
<connectors>
<Connector class="oracle.dbtools.crest.swingui.relational.TVFKRelation" oid="A4AE0C57-BC47-65D2-6AD3-994BF23144F3" otype="FKIndexAssociation" vid_source="26B1A2D2-34F8-D073-ABAC-1A4E51395977" vid_target="26B1A2D2-34F8-D073-ABAC-1A4E51395977">
<hideElementsInCurrentOnly>false</hideElementsInCurrentOnly>
<lineWidth>1</lineWidth>
</Connector>
<Connector class="oracle.dbtools.crest.swingui.relational.TVFKRelation" oid="BCC2F0AE-D3E9-46FC-9EA7-DC826CBC4A68" otype="FKIndexAssociation" vid_source="02DFFDB7-7CED-D20E-C3BD-578DE6575F93" vid_target="02DFFDB7-7CED-D20E-C3BD-578DE6575F93">
<hideElementsInCurrentOnly>false</hideElementsInCurrentOnly>
<lineWidth>1</lineWidth>
<points>
<point x="361" y="135"/>
<point x="416" y="135"/>
<point x="416" y="228"/>
<point x="327" y="228"/>
<point x="327" y="205"/>
</points>
</Connector>
</connectors>
</Diagram>