<?xml version = '1.0' encoding = 'UTF-8'?>
<Diagram class="oracle.dbtools.crest.swingui.relational.DPVRelational" name="Relational_1" id="83240C8B-5B58-24E9-7286-C546BFD1FC39">
<createdBy>marinfotache</createdBy>
<modifiedBy>marinfotache</modifiedBy>
<createdTime>2018-10-26 05:11:13 UTC</createdTime>
<autoRoute>false</autoRoute>
<boxInbox>true</boxInbox>
<showLegend>false</showLegend>
<showLabels>false</showLabels>
<showRelAttributes>false</showRelAttributes>
<gridEnabled>false</gridEnabled>
<showGrid>false</showGrid>
<diagramColor>-1</diagramColor>
<display>false</display>
<notation>1</notation>
<objectViews>
<OView class="oracle.dbtools.crest.swingui.relational.TVTable" oid="0331F9CC-2C00-824B-5E00-B012168FEC43" otype="Table" vid="4987F7B7-929E-2293-4308-E0E3036364CE">
<hideElementsInCurrentOnly>false</hideElementsInCurrentOnly>
<bounds x="657" y="352" width="152" height="74"/>
</OView>
<OView class="oracle.dbtools.crest.swingui.relational.TVTable" oid="18DCCA40-6078-0692-7641-1979206B7DD5" otype="Table" vid="6FC747D1-7D48-39CC-3220-4EDFE965DD2A">
<hideElementsInCurrentOnly>false</hideElementsInCurrentOnly>
<bounds x="335" y="3" width="104" height="73"/>
</OView>
<OView class="oracle.dbtools.crest.swingui.relational.TVTable" oid="2E27A760-3ED9-1E0B-E69C-572B99D0801E" otype="Table" vid="B7BF813C-E38F-A6E9-D27E-89EAC433D95C">
<hideElementsInCurrentOnly>false</hideElementsInCurrentOnly>
<bounds x="400" y="105" width="111" height="112"/>
</OView>
<OView class="oracle.dbtools.crest.swingui.relational.TVTable" oid="2E9B0935-CD5F-CD77-8F99-1B8F741E26F9" otype="Table" vid="79C9E1B7-A489-767C-64E3-F24EADCCE6F8">
<hideElementsInCurrentOnly>false</hideElementsInCurrentOnly>
<bounds x="22" y="395" width="98" height="94"/>
</OView>
<OView class="oracle.dbtools.crest.swingui.relational.TVTable" oid="2EEB7626-2CC8-274C-9C9B-7DA0C53D9C09" otype="Table" vid="463AAE36-4B20-0D89-275F-B268BDD3E3AC">
<hideElementsInCurrentOnly>false</hideElementsInCurrentOnly>
<bounds x="199" y="46" width="112" height="80"/>
</OView>
<OView class="oracle.dbtools.crest.swingui.relational.TVTable" oid="447FD95C-2C24-4D93-1612-1E845CF6C7D2" otype="Table" vid="2A495E45-50B7-E233-87E1-4F318317FB55">
<hideElementsInCurrentOnly>false</hideElementsInCurrentOnly>
<bounds x="221" y="131" width="128" height="43"/>
</OView>
<OView class="oracle.dbtools.crest.swingui.relational.TVTable" oid="5178B6F2-AC06-4C7C-F934-80271B097ADB" otype="Table" vid="F967FD4F-E080-056B-F992-A2427FCB6D39">
<hideElementsInCurrentOnly>false</hideElementsInCurrentOnly>
<bounds x="527" y="188" width="131" height="46"/>
</OView>
<OView class="oracle.dbtools.crest.swingui.relational.TVTable" oid="614F374A-6A70-EF6F-6045-5470BB1E4A23" otype="Table" vid="E3D7AA2D-6BC4-5C05-5365-42FD35F9F060">
<hideElementsInCurrentOnly>false</hideElementsInCurrentOnly>
<bounds x="519" y="71" width="145" height="102"/>
</OView>
<OView class="oracle.dbtools.crest.swingui.relational.TVTable" oid="7F82FDBE-56D2-AA2F-B5DA-F122B9C78CA6" otype="Table" vid="9C0D070F-A659-5107-266D-AD7F6F1E7468">
<hideElementsInCurrentOnly>false</hideElementsInCurrentOnly>
<bounds x="500" y="486" width="123" height="50"/>
</OView>
<OView class="oracle.dbtools.crest.swingui.relational.TVTable" oid="84B454E9-C12D-0135-AA79-26196AE7F446" otype="Table" vid="ECAFC4AC-8FDB-3242-2D1D-C1F6CE33F375">
<hideElementsInCurrentOnly>false</hideElementsInCurrentOnly>
<bounds x="483" y="268" width="126" height="182"/>
</OView>
<OView class="oracle.dbtools.crest.swingui.relational.TVTable" oid="85CD51AB-2A3F-FAB7-451C-6D6CB1277382" otype="Table" vid="E5F3A2D0-A64E-036F-8C28-180F7A2E8FBC">
<hideElementsInCurrentOnly>false</hideElementsInCurrentOnly>
<bounds x="209" y="216" width="123" height="79"/>
</OView>
<OView class="oracle.dbtools.crest.swingui.relational.TVTable" oid="88D57BC0-3DB7-EC05-05EF-028C413D0A2F" otype="Table" vid="177194C6-1402-B2D4-DB39-1FABD362BBBF">
<hideElementsInCurrentOnly>false</hideElementsInCurrentOnly>
<bounds x="27" y="10" width="140" height="169"/>
</OView>
<OView class="oracle.dbtools.crest.swingui.relational.TVTable" oid="A1BC3B9E-E947-E5F9-EA04-31B7B741854B" otype="Table" vid="CC752794-87CD-C84C-D721-BD2B5C9DA678">
<hideElementsInCurrentOnly>false</hideElementsInCurrentOnly>
<bounds x="484" y="2" width="132" height="60"/>
</OView>
<OView class="oracle.dbtools.crest.swingui.relational.TVTable" oid="BDD93359-7AF8-A7C7-FA0C-8412F0CE1552" otype="Table" vid="F8B48FC1-FEB9-1F60-AA6F-4192BD3CEFD2">
<hideElementsInCurrentOnly>false</hideElementsInCurrentOnly>
<bounds x="31" y="185" width="125" height="62"/>
</OView>
<OView class="oracle.dbtools.crest.swingui.relational.TVTable" oid="DA252CAA-E291-ACD4-C2EB-453A1205A0AE" otype="Table" vid="76E29A96-1DB9-A79D-F126-096171643DF1">
<hideElementsInCurrentOnly>false</hideElementsInCurrentOnly>
<bounds x="178" y="388" width="131" height="100"/>
</OView>
<OView class="oracle.dbtools.crest.swingui.relational.TVTable" oid="DF9DDECF-A032-DE7A-CCC6-A2B2688918FC" otype="Table" vid="E54A27AA-B70B-B485-4456-FDFF5A593866">
<hideElementsInCurrentOnly>false</hideElementsInCurrentOnly>
<bounds x="167" y="308" width="125" height="64"/>
</OView>
<OView class="oracle.dbtools.crest.swingui.relational.TVTable" oid="E1992C64-17BC-7270-E43A-CFB8B944B721" otype="Table" vid="6A78F590-39B5-670D-821F-25CE9138A9A0">
<hideElementsInCurrentOnly>false</hideElementsInCurrentOnly>
<bounds x="378" y="393" width="101" height="81"/>
</OView>
<OView class="oracle.dbtools.crest.swingui.relational.TVTable" oid="ECC74C9D-5EC8-13A3-4683-20D78D32C7AA" otype="Table" vid="617CC817-DDFC-DE09-AF30-041D9CB2314D">
<hideElementsInCurrentOnly>false</hideElementsInCurrentOnly>
<bounds x="3" y="274" width="124" height="87"/>
</OView>
<OView class="oracle.dbtools.crest.swingui.relational.TVTable" oid="EF81A2EA-6ABD-63AA-FC6A-A9402204E015" otype="Table" vid="C467B5C0-C936-790C-B402-ECF7A19C6A16">
<hideElementsInCurrentOnly>false</hideElementsInCurrentOnly>
<bounds x="653" y="244" width="144" height="72"/>
</OView>
<OView class="oracle.dbtools.crest.swingui.relational.TVTable" oid="F7C97FA8-9E8C-E66C-6040-C7896218DA41" otype="Table" vid="B6C2524C-7DEC-59E0-8D38-523D2A5A2B7E">
<hideElementsInCurrentOnly>false</hideElementsInCurrentOnly>
<bounds x="328" y="296" width="105" height="65"/>
</OView>
</objectViews>
<connectors>
<Connector class="oracle.dbtools.crest.swingui.relational.TVFKRelation" oid="05A2C60C-351E-C7A3-5AAB-D7F4413FD171" otype="FKIndexAssociation" vid_source="76E29A96-1DB9-A79D-F126-096171643DF1" vid_target="6A78F590-39B5-670D-821F-25CE9138A9A0">
<hideElementsInCurrentOnly>false</hideElementsInCurrentOnly>
<backgroundColor>-16777216</backgroundColor>
<lineWidth>1</lineWidth>
<points>
<point x="309" y="433"/>
<point x="378" y="433"/>
</points>
</Connector>
<Connector class="oracle.dbtools.crest.swingui.relational.TVFKRelation" oid="1673A5D5-C65F-3E55-F458-716C7E8A7DD4" otype="FKIndexAssociation" vid_source="B7BF813C-E38F-A6E9-D27E-89EAC433D95C" vid_target="ECAFC4AC-8FDB-3242-2D1D-C1F6CE33F375">
<hideElementsInCurrentOnly>false</hideElementsInCurrentOnly>
<backgroundColor>-16777216</backgroundColor>
<lineWidth>1</lineWidth>
<points>
<point x="497" y="217"/>
<point x="497" y="268"/>
</points>
</Connector>
<Connector class="oracle.dbtools.crest.swingui.relational.TVFKRelation" oid="1C57C433-6764-69CD-8C1D-E3FC27719809" otype="FKIndexAssociation" vid_source="B7BF813C-E38F-A6E9-D27E-89EAC433D95C" vid_target="2A495E45-50B7-E233-87E1-4F318317FB55">
<hideElementsInCurrentOnly>false</hideElementsInCurrentOnly>
<backgroundColor>-16777216</backgroundColor>
<lineWidth>1</lineWidth>
<points>
<point x="400" y="152"/>
<point x="349" y="152"/>
</points>
</Connector>
<Connector class="oracle.dbtools.crest.swingui.relational.TVFKRelation" oid="2763FC55-93BD-3C2E-0A3E-E3177660287B" otype="FKIndexAssociation" vid_source="B6C2524C-7DEC-59E0-8D38-523D2A5A2B7E" vid_target="E54A27AA-B70B-B485-4456-FDFF5A593866">
<hideElementsInCurrentOnly>false</hideElementsInCurrentOnly>
<backgroundColor>-16777216</backgroundColor>
<lineWidth>1</lineWidth>
<points>
<point x="328" y="334"/>
<point x="292" y="334"/>
</points>
</Connector>
<Connector class="oracle.dbtools.crest.swingui.relational.TVFKRelation" oid="2A5EF62D-5725-0FD6-A206-82418DBF7BC4" otype="FKIndexAssociation" vid_source="617CC817-DDFC-DE09-AF30-041D9CB2314D" vid_target="E5F3A2D0-A64E-036F-8C28-180F7A2E8FBC">
<hideElementsInCurrentOnly>false</hideElementsInCurrentOnly>
<backgroundColor>-16777216</backgroundColor>
<lineWidth>1</lineWidth>
<points>
<point x="127" y="284"/>
<point x="209" y="284"/>
</points>
</Connector>
<Connector class="oracle.dbtools.crest.swingui.relational.TVFKRelation" oid="2C43B81F-832C-53D3-7D26-DF32AEF236D2" otype="FKIndexAssociation" vid_source="6FC747D1-7D48-39CC-3220-4EDFE965DD2A" vid_target="177194C6-1402-B2D4-DB39-1FABD362BBBF">
<hideElementsInCurrentOnly>false</hideElementsInCurrentOnly>
<backgroundColor>-16777216</backgroundColor>
<lineWidth>1</lineWidth>
<points>
<point x="335" y="25"/>
<point x="167" y="25"/>
</points>
</Connector>
<Connector class="oracle.dbtools.crest.swingui.relational.TVFKRelation" oid="2C61917E-5D80-E9C1-6545-74B287F7E5C4" otype="FKIndexAssociation" vid_source="E3D7AA2D-6BC4-5C05-5365-42FD35F9F060" vid_target="F967FD4F-E080-056B-F992-A2427FCB6D39">
<hideElementsInCurrentOnly>false</hideElementsInCurrentOnly>
<backgroundColor>-16777216</backgroundColor>
<lineWidth>1</lineWidth>
<points>
<point x="592" y="173"/>
<point x="592" y="188"/>
</points>
</Connector>
<Connector class="oracle.dbtools.crest.swingui.relational.TVFKRelation" oid="393113C3-B69C-1655-79F5-F26A7EF5176C" otype="FKIndexAssociation" vid_source="177194C6-1402-B2D4-DB39-1FABD362BBBF" vid_target="2A495E45-50B7-E233-87E1-4F318317FB55">
<hideElementsInCurrentOnly>false</hideElementsInCurrentOnly>
<backgroundColor>-16777216</backgroundColor>
<lineWidth>1</lineWidth>
<points>
<point x="167" y="152"/>
<point x="221" y="152"/>
</points>
</Connector>
<Connector class="oracle.dbtools.crest.swingui.relational.TVFKRelation" oid="3FE2E6A3-844F-4181-11B7-A3559FDF77EE" otype="FKIndexAssociation" vid_source="6FC747D1-7D48-39CC-3220-4EDFE965DD2A" vid_target="B7BF813C-E38F-A6E9-D27E-89EAC433D95C">
<hideElementsInCurrentOnly>false</hideElementsInCurrentOnly>
<backgroundColor>-16777216</backgroundColor>
<lineWidth>1</lineWidth>
<points>
<point x="419" y="76"/>
<point x="419" y="105"/>
</points>
</Connector>
<Connector class="oracle.dbtools.crest.swingui.relational.TVFKRelation" oid="42609685-D085-95DB-FC71-2139756B00D5" otype="FKIndexAssociation" vid_source="ECAFC4AC-8FDB-3242-2D1D-C1F6CE33F375" vid_target="E5F3A2D0-A64E-036F-8C28-180F7A2E8FBC">
<hideElementsInCurrentOnly>false</hideElementsInCurrentOnly>
<backgroundColor>-16777216</backgroundColor>
<lineWidth>1</lineWidth>
<points>
<point x="483" y="281"/>
<point x="332" y="281"/>
</points>
</Connector>
<Connector class="oracle.dbtools.crest.swingui.relational.TVFKRelation" oid="4D53CCF4-46BA-1C57-8FAA-107E34873895" otype="FKIndexAssociation" vid_source="4987F7B7-929E-2293-4308-E0E3036364CE" vid_target="ECAFC4AC-8FDB-3242-2D1D-C1F6CE33F375">
<hideElementsInCurrentOnly>false</hideElementsInCurrentOnly>
<backgroundColor>-16777216</backgroundColor>
<lineWidth>1</lineWidth>
<points>
<point x="657" y="389"/>
<point x="609" y="389"/>
</points>
</Connector>
<Connector class="oracle.dbtools.crest.swingui.relational.TVFKRelation" oid="5F66DABF-337B-59D8-ACA1-606DADBBC90A" otype="FKIndexAssociation" vid_source="ECAFC4AC-8FDB-3242-2D1D-C1F6CE33F375" vid_target="9C0D070F-A659-5107-266D-AD7F6F1E7468">
<hideElementsInCurrentOnly>false</hideElementsInCurrentOnly>
<backgroundColor>-16777216</backgroundColor>
<lineWidth>1</lineWidth>
<points>
<point x="554" y="450"/>
<point x="554" y="486"/>
</points>
</Connector>
<Connector class="oracle.dbtools.crest.swingui.relational.TVFKRelation" oid="671721C3-57B9-054C-011E-2C69FEA862F5" otype="FKIndexAssociation" vid_source="CC752794-87CD-C84C-D721-BD2B5C9DA678" vid_target="6FC747D1-7D48-39CC-3220-4EDFE965DD2A">
<hideElementsInCurrentOnly>false</hideElementsInCurrentOnly>
<backgroundColor>-16777216</backgroundColor>
<lineWidth>1</lineWidth>
<points>
<point x="484" y="32"/>
<point x="439" y="32"/>
</points>
</Connector>
<Connector class="oracle.dbtools.crest.swingui.relational.TVFKRelation" oid="72367368-E0DA-F526-12E0-AF05410B0346" otype="FKIndexAssociation" vid_source="B7BF813C-E38F-A6E9-D27E-89EAC433D95C" vid_target="6A78F590-39B5-670D-821F-25CE9138A9A0">
<hideElementsInCurrentOnly>false</hideElementsInCurrentOnly>
<backgroundColor>-16777216</backgroundColor>
<lineWidth>1</lineWidth>
<points>
<point x="450" y="217"/>
<point x="450" y="393"/>
</points>
</Connector>
<Connector class="oracle.dbtools.crest.swingui.relational.TVFKRelation" oid="79607E41-6EA6-0D7F-DC85-CB76DF9C7B1A" otype="FKIndexAssociation" vid_source="617CC817-DDFC-DE09-AF30-041D9CB2314D" vid_target="E54A27AA-B70B-B485-4456-FDFF5A593866">
<hideElementsInCurrentOnly>false</hideElementsInCurrentOnly>
<backgroundColor>-16777216</backgroundColor>
<lineWidth>1</lineWidth>
<points>
<point x="127" y="334"/>
<point x="167" y="334"/>
</points>
</Connector>
<Connector class="oracle.dbtools.crest.swingui.relational.TVFKRelation" oid="97FE87EE-415B-538E-433C-9A9CBAB71E20" otype="FKIndexAssociation" vid_source="ECAFC4AC-8FDB-3242-2D1D-C1F6CE33F375" vid_target="B6C2524C-7DEC-59E0-8D38-523D2A5A2B7E">
<hideElementsInCurrentOnly>false</hideElementsInCurrentOnly>
<backgroundColor>-16777216</backgroundColor>
<lineWidth>1</lineWidth>
<points>
<point x="483" y="328"/>
<point x="433" y="328"/>
</points>
</Connector>
<Connector class="oracle.dbtools.crest.swingui.relational.TVFKRelation" oid="98300B7D-EE64-FE0B-29F5-14EDA435EBD5" otype="FKIndexAssociation" vid_source="177194C6-1402-B2D4-DB39-1FABD362BBBF" vid_target="463AAE36-4B20-0D89-275F-B268BDD3E3AC">
<hideElementsInCurrentOnly>false</hideElementsInCurrentOnly>
<backgroundColor>-16777216</backgroundColor>
<lineWidth>1</lineWidth>
<points>
<point x="167" y="86"/>
<point x="199" y="86"/>
</points>
</Connector>
<Connector class="oracle.dbtools.crest.swingui.relational.TVFKRelation" oid="AE8AE804-8ABA-5F9F-5B4F-D176A3C08F04" otype="FKIndexAssociation" vid_source="76E29A96-1DB9-A79D-F126-096171643DF1" vid_target="79C9E1B7-A489-767C-64E3-F24EADCCE6F8">
<hideElementsInCurrentOnly>false</hideElementsInCurrentOnly>
<backgroundColor>-16777216</backgroundColor>
<lineWidth>1</lineWidth>
<points>
<point x="178" y="441"/>
<point x="120" y="441"/>
</points>
</Connector>
<Connector class="oracle.dbtools.crest.swingui.relational.TVFKRelation" oid="CA5D5AE4-03CA-F217-A6FC-97B1987EA340" otype="FKIndexAssociation" vid_source="617CC817-DDFC-DE09-AF30-041D9CB2314D" vid_target="F8B48FC1-FEB9-1F60-AA6F-4192BD3CEFD2">
<hideElementsInCurrentOnly>false</hideElementsInCurrentOnly>
<backgroundColor>-16777216</backgroundColor>
<lineWidth>1</lineWidth>
<points>
<point x="79" y="274"/>
<point x="79" y="247"/>
</points>
</Connector>
<Connector class="oracle.dbtools.crest.swingui.relational.TVFKRelation" oid="D198777D-B7BE-CFF9-C3CF-006AC9149F06" otype="FKIndexAssociation" vid_source="B7BF813C-E38F-A6E9-D27E-89EAC433D95C" vid_target="463AAE36-4B20-0D89-275F-B268BDD3E3AC">
<hideElementsInCurrentOnly>false</hideElementsInCurrentOnly>
<backgroundColor>-16777216</backgroundColor>
<lineWidth>1</lineWidth>
<points>
<point x="400" y="115"/>
<point x="311" y="115"/>
</points>
</Connector>
<Connector class="oracle.dbtools.crest.swingui.relational.TVFKRelation" oid="E886EF15-1793-E4E5-05BE-58FE35B675EF" otype="FKIndexAssociation" vid_source="617CC817-DDFC-DE09-AF30-041D9CB2314D" vid_target="79C9E1B7-A489-767C-64E3-F24EADCCE6F8">
<hideElementsInCurrentOnly>false</hideElementsInCurrentOnly>
<backgroundColor>-16777216</backgroundColor>
<lineWidth>1</lineWidth>
<points>
<point x="71" y="361"/>
<point x="71" y="395"/>
</points>
</Connector>
<Connector class="oracle.dbtools.crest.swingui.relational.TVFKRelation" oid="F8CF12F1-61FE-4A99-4CE1-8470F896D6BF" otype="FKIndexAssociation" vid_source="ECAFC4AC-8FDB-3242-2D1D-C1F6CE33F375" vid_target="F967FD4F-E080-056B-F992-A2427FCB6D39">
<hideElementsInCurrentOnly>false</hideElementsInCurrentOnly>
<backgroundColor>-16777216</backgroundColor>
<lineWidth>1</lineWidth>
<points>
<point x="568" y="268"/>
<point x="568" y="234"/>
</points>
</Connector>
<Connector class="oracle.dbtools.crest.swingui.relational.TVFKRelation" oid="FE8F2E0B-19DB-9A8F-02A7-74F94BB3F2B5" otype="FKIndexAssociation" vid_source="4987F7B7-929E-2293-4308-E0E3036364CE" vid_target="C467B5C0-C936-790C-B402-ECF7A19C6A16">
<hideElementsInCurrentOnly>false</hideElementsInCurrentOnly>
<backgroundColor>-16777216</backgroundColor>
<lineWidth>1</lineWidth>
<points>
<point x="727" y="352"/>
<point x="727" y="316"/>
</points>
</Connector>
</connectors>
</Diagram>