<?xml version = '1.0' encoding = 'UTF-8'?>
<FKIndexAssociation class="oracle.dbtools.crest.model.design.relational.FKIndexAssociation" directorySegmentName="seg_0" id="0D3DC672-67DE-AFB6-5D65-C091297DB0F5" containerWithKeyObject="E77C1545-7AE3-0B01-32E9-B55B8ECD89E7" localFKIndex="94AE0BA3-2014-8550-E674-8BA1A4D60815" name="orders_customers_FK">
<createdBy>marinfotache</createdBy>
<createdTime>2018-10-26 05:03:12 UTC</createdTime>
<generatorID>747DE6D5-8390-B29D-D334-0BBEFF1D856C</generatorID>
<ownerDesignName>05_models_and_serial_numbers</ownerDesignName>
<referredTableLongName>customers</referredTableLongName>
<deleteRule>NO ACTION</deleteRule>
<referredTableID>905DEE84-A4D7-1CFC-B3D4-764F60A5FD8C</referredTableID>
<keyObject>ED946D97-EF50-1228-6B3F-FB66C353F3DB</keyObject>
<referredKeyID>ED946D97-EF50-1228-6B3F-FB66C353F3DB</referredKeyID>
<mandatory>true</mandatory>
<refColNames>cust_id</refColNames>
<transferable>true</transferable>
<rely>false</rely>
<columnDependencyConstraintGenerateInDDL>true</columnDependencyConstraintGenerateInDDL>
</FKIndexAssociation>