<?xml version = '1.0' encoding = 'UTF-8'?>
<FKIndexAssociation class="oracle.dbtools.crest.model.design.relational.FKIndexAssociation" directorySegmentName="seg_0" id="1A18F048-CE34-F465-F6BF-D635BD05A583" containerWithKeyObject="A5277541-C8F5-B6CD-EA4C-A2FFADFA0D86" localFKIndex="AA53C431-0282-674F-F73C-CCEF686B2B2F" name="recipe_detail_products_FK">
<createdBy>marinfotache</createdBy>
<createdTime>2018-10-26 05:03:12 UTC</createdTime>
<generatorID>FC273F96-278C-C5C4-AE38-48ED42DDFFC4</generatorID>
<ownerDesignName>05_models_and_serial_numbers</ownerDesignName>
<referredTableLongName>products</referredTableLongName>
<deleteRule>NO ACTION</deleteRule>
<referredTableID>31912FFE-24D0-A340-A708-16E83ADDF259</referredTableID>
<keyObject>733F122C-E1A0-C233-0FE9-A3DA3193560D</keyObject>
<referredKeyID>733F122C-E1A0-C233-0FE9-A3DA3193560D</referredKeyID>
<mandatory>true</mandatory>
<refColNames>prod_id</refColNames>
<transferable>true</transferable>
<rely>false</rely>
<columnDependencyConstraintGenerateInDDL>true</columnDependencyConstraintGenerateInDDL>
</FKIndexAssociation>