<?xml version = '1.0' encoding = 'UTF-8'?>
<FKIndexAssociation class="oracle.dbtools.crest.model.design.relational.FKIndexAssociation" directorySegmentName="seg_0" id="2321600A-41B6-605F-484B-547A57955412" containerWithKeyObject="9CE8BF49-BAD7-2076-DDF4-4230D6E04D42" localFKIndex="46726ED0-2634-B540-C4EB-D0045E6F2724" name="product_description_properties_FK">
<createdBy>marinfotache</createdBy>
<createdTime>2018-10-26 05:03:12 UTC</createdTime>
<generatorID>548DAA53-54D6-500D-4ED2-A9AA554BC099</generatorID>
<ownerDesignName>05_models_and_serial_numbers</ownerDesignName>
<referredTableLongName>properties</referredTableLongName>
<deleteRule>NO ACTION</deleteRule>
<referredTableID>AECFF7E6-C754-14A5-11BB-E9EF17773985</referredTableID>
<keyObject>D75C3F11-F5E2-118D-D1C6-47A3F8933C6F</keyObject>
<referredKeyID>D75C3F11-F5E2-118D-D1C6-47A3F8933C6F</referredKeyID>
<mandatory>true</mandatory>
<refColNames>property_id</refColNames>
<transferable>true</transferable>
<rely>false</rely>
<columnDependencyConstraintGenerateInDDL>true</columnDependencyConstraintGenerateInDDL>
</FKIndexAssociation>