<?xml version = '1.0' encoding = 'UTF-8'?>
<FKIndexAssociation class="oracle.dbtools.crest.model.design.relational.FKIndexAssociation" directorySegmentName="seg_0" id="278AD997-9F76-5745-1743-6304ABEFF0FA" containerWithKeyObject="AECFF7E6-C754-14A5-11BB-E9EF17773985" localFKIndex="615E3DFF-E66A-687A-242E-F2204B3E2B57" name="properties_measure_units_FK">
<createdBy>marinfotache</createdBy>
<createdTime>2018-10-26 05:03:12 UTC</createdTime>
<generatorID>9F20F320-98E2-ABB8-C8CC-877482DC77DB</generatorID>
<ownerDesignName>05_models_and_serial_numbers</ownerDesignName>
<referredTableLongName>measure_units</referredTableLongName>
<deleteRule>NO ACTION</deleteRule>
<referredTableID>8AA64170-A86E-0162-0026-6B064DF7902E</referredTableID>
<keyObject>83E83EDF-0092-49F3-CA3A-68DDC979695E</keyObject>
<referredKeyID>83E83EDF-0092-49F3-CA3A-68DDC979695E</referredKeyID>
<mandatory>true</mandatory>
<refColNames>abbreviation</refColNames>
<transferable>true</transferable>
<rely>false</rely>
<columnDependencyConstraintGenerateInDDL>true</columnDependencyConstraintGenerateInDDL>
</FKIndexAssociation>