<?xml version = '1.0' encoding = 'UTF-8'?>
<FKIndexAssociation class="oracle.dbtools.crest.model.design.relational.FKIndexAssociation" directorySegmentName="seg_0" id="2AA357B0-16D8-12AF-A1D4-8AC3D62B3456" containerWithKeyObject="E65270B5-C9B3-07DD-A77C-5C24B7D5B86D" localFKIndex="0C765AC4-BEC6-5332-CF59-D733FB7C70D0" name="inv_unidentif_prods_invoices_FK">
<createdBy>marinfotache</createdBy>
<createdTime>2018-10-26 05:03:12 UTC</createdTime>
<generatorID>CFB5091B-08D1-50CA-3821-2B399E0B498F</generatorID>
<ownerDesignName>05_models_and_serial_numbers</ownerDesignName>
<referredTableLongName>invoices</referredTableLongName>
<deleteRule>NO ACTION</deleteRule>
<referredTableID>4947522F-4405-F734-F2A1-97903EFA34DC</referredTableID>
<keyObject>FC6098E4-BAB5-104C-D152-0A6E6E5C28B1</keyObject>
<referredKeyID>FC6098E4-BAB5-104C-D152-0A6E6E5C28B1</referredKeyID>
<mandatory>true</mandatory>
<refColNames>invoice_id</refColNames>
<transferable>true</transferable>
<rely>false</rely>
<columnDependencyConstraintGenerateInDDL>true</columnDependencyConstraintGenerateInDDL>
</FKIndexAssociation>