<?xml version = '1.0' encoding = 'UTF-8'?>
<FKIndexAssociation class="oracle.dbtools.crest.model.design.relational.FKIndexAssociation" directorySegmentName="seg_0" id="33531CEB-4FED-B672-6F9F-1AB65EEBF09C" containerWithKeyObject="0F99D7A3-2CB4-8CBF-DB50-8D923985D56A" localFKIndex="7BB3E15C-AC8B-C33A-DDFA-A309CCE819EE" name="identifiable_occurences_products_FK">
<createdBy>marinfotache</createdBy>
<createdTime>2018-10-26 05:03:12 UTC</createdTime>
<generatorID>F585F0CE-D2D1-2A74-1A6B-6A513E4A37EE</generatorID>
<ownerDesignName>05_models_and_serial_numbers</ownerDesignName>
<referredTableLongName>products</referredTableLongName>
<deleteRule>NO ACTION</deleteRule>
<referredTableID>31912FFE-24D0-A340-A708-16E83ADDF259</referredTableID>
<keyObject>733F122C-E1A0-C233-0FE9-A3DA3193560D</keyObject>
<referredKeyID>733F122C-E1A0-C233-0FE9-A3DA3193560D</referredKeyID>
<mandatory>true</mandatory>
<refColNames>prod_id</refColNames>
<transferable>true</transferable>
<rely>false</rely>
<columnDependencyConstraintGenerateInDDL>true</columnDependencyConstraintGenerateInDDL>
</FKIndexAssociation>