<?xml version = '1.0' encoding = 'UTF-8'?>
<FKIndexAssociation class="oracle.dbtools.crest.model.design.relational.FKIndexAssociation" directorySegmentName="seg_0" id="36FA87B1-1F15-335A-7438-5FD3C40D83BB" containerWithKeyObject="31912FFE-24D0-A340-A708-16E83ADDF259" localFKIndex="B6C5A921-4421-40DD-E835-79413201468B" name="products_item_groups_FK">
<createdBy>marinfotache</createdBy>
<createdTime>2018-10-26 05:03:12 UTC</createdTime>
<generatorID>6D6F96D6-A718-831D-B4E4-9D22F4FC9760</generatorID>
<ownerDesignName>05_models_and_serial_numbers</ownerDesignName>
<referredTableLongName>item_groups</referredTableLongName>
<deleteRule>NO ACTION</deleteRule>
<referredTableID>028C1699-9B76-DB4B-5FA6-E8B2A886855D</referredTableID>
<keyObject>054A4F88-454E-895F-1B3D-54E629844D1E</keyObject>
<referredKeyID>054A4F88-454E-895F-1B3D-54E629844D1E</referredKeyID>
<mandatory>true</mandatory>
<refColNames>group_name</refColNames>
<transferable>true</transferable>
<rely>false</rely>
<columnDependencyConstraintGenerateInDDL>true</columnDependencyConstraintGenerateInDDL>
</FKIndexAssociation>