<?xml version = '1.0' encoding = 'UTF-8'?>
<FKIndexAssociation class="oracle.dbtools.crest.model.design.relational.FKIndexAssociation" directorySegmentName="seg_0" id="429D780A-0BD2-8841-A201-EB7FDCC7E68A" containerWithKeyObject="31912FFE-24D0-A340-A708-16E83ADDF259" localFKIndex="59C69097-32AA-F8CE-49ED-EFC4606F7244" name="products_measure_units_FKv2">
<createdBy>marinfotache</createdBy>
<createdTime>2018-10-26 05:03:12 UTC</createdTime>
<generatorID>173357BD-B4E5-5AC4-DDA6-93926AB312C5</generatorID>
<ownerDesignName>05_models_and_serial_numbers</ownerDesignName>
<referredTableLongName>measure_units</referredTableLongName>
<deleteRule>NO ACTION</deleteRule>
<referredTableID>8AA64170-A86E-0162-0026-6B064DF7902E</referredTableID>
<keyObject>83E83EDF-0092-49F3-CA3A-68DDC979695E</keyObject>
<referredKeyID>83E83EDF-0092-49F3-CA3A-68DDC979695E</referredKeyID>
<mandatory>true</mandatory>
<refColNames>abbreviation</refColNames>
<transferable>true</transferable>
<rely>false</rely>
<columnDependencyConstraintGenerateInDDL>true</columnDependencyConstraintGenerateInDDL>
</FKIndexAssociation>