<?xml version = '1.0' encoding = 'UTF-8'?>
<FKIndexAssociation class="oracle.dbtools.crest.model.design.relational.FKIndexAssociation" directorySegmentName="seg_0" id="46AA1933-47AE-C4A1-AF7E-3E28A4210E62" containerWithKeyObject="A5277541-C8F5-B6CD-EA4C-A2FFADFA0D86" localFKIndex="AC831AC2-FFBF-2EEE-C630-6156AFC1037E" name="recipe_detail_recipes_FK">
<createdBy>marinfotache</createdBy>
<createdTime>2018-10-26 05:03:12 UTC</createdTime>
<generatorID>88DB1E51-A230-58AF-AC2D-21DCC326EAD8</generatorID>
<ownerDesignName>05_models_and_serial_numbers</ownerDesignName>
<referredTableLongName>recipes</referredTableLongName>
<deleteRule>NO ACTION</deleteRule>
<referredTableID>433A9D59-3BAA-CE14-0D0A-613AB809DB64</referredTableID>
<keyObject>77CF1120-8C88-68B8-0E37-B0C786473419</keyObject>
<referredKeyID>77CF1120-8C88-68B8-0E37-B0C786473419</referredKeyID>
<mandatory>true</mandatory>
<refColNames>recipe_id</refColNames>
<transferable>true</transferable>
<rely>false</rely>
<columnDependencyConstraintGenerateInDDL>true</columnDependencyConstraintGenerateInDDL>
</FKIndexAssociation>