<?xml version = '1.0' encoding = 'UTF-8'?>
<FKIndexAssociation class="oracle.dbtools.crest.model.design.relational.FKIndexAssociation" directorySegmentName="seg_0" id="643CC28F-3836-5859-2373-0A40DA6D373B" containerWithKeyObject="0188B14F-DF6A-9F33-2E40-E3BAD7ED57B1" localFKIndex="A246D88A-2B81-0A88-B09A-183342F12E56" name="equiv_measure_units_measure_units_FKv2">
<createdBy>marinfotache</createdBy>
<createdTime>2018-10-26 05:03:12 UTC</createdTime>
<generatorID>1862BC83-BCCB-ED4B-994C-F36D823BA101</generatorID>
<ownerDesignName>05_models_and_serial_numbers</ownerDesignName>
<referredTableLongName>measure_units</referredTableLongName>
<deleteRule>NO ACTION</deleteRule>
<referredTableID>8AA64170-A86E-0162-0026-6B064DF7902E</referredTableID>
<keyObject>83E83EDF-0092-49F3-CA3A-68DDC979695E</keyObject>
<referredKeyID>83E83EDF-0092-49F3-CA3A-68DDC979695E</referredKeyID>
<mandatory>true</mandatory>
<refColNames>abbreviation</refColNames>
<transferable>true</transferable>
<rely>false</rely>
<columnDependencyConstraintGenerateInDDL>true</columnDependencyConstraintGenerateInDDL>
</FKIndexAssociation>