<?xml version = '1.0' encoding = 'UTF-8'?>
<FKIndexAssociation class="oracle.dbtools.crest.model.design.relational.FKIndexAssociation" directorySegmentName="seg_0" id="733BE389-4FAE-6E42-5C6E-3F8EB96454CC" containerWithKeyObject="0188B14F-DF6A-9F33-2E40-E3BAD7ED57B1" localFKIndex="1D01BBF7-4456-40D4-55B6-C70D578BEE20" name="equiv_measure_units_measure_units_FK">
<createdBy>marinfotache</createdBy>
<createdTime>2018-10-26 05:03:12 UTC</createdTime>
<generatorID>7F4845F5-1050-9CAA-3BFB-F838E84D69E5</generatorID>
<ownerDesignName>05_models_and_serial_numbers</ownerDesignName>
<referredTableLongName>measure_units</referredTableLongName>
<deleteRule>NO ACTION</deleteRule>
<referredTableID>8AA64170-A86E-0162-0026-6B064DF7902E</referredTableID>
<keyObject>83E83EDF-0092-49F3-CA3A-68DDC979695E</keyObject>
<referredKeyID>83E83EDF-0092-49F3-CA3A-68DDC979695E</referredKeyID>
<mandatory>true</mandatory>
<refColNames>abbreviation</refColNames>
<transferable>true</transferable>
<rely>false</rely>
<columnDependencyConstraintGenerateInDDL>true</columnDependencyConstraintGenerateInDDL>
</FKIndexAssociation>