<?xml version = '1.0' encoding = 'UTF-8'?>
<FKIndexAssociation class="oracle.dbtools.crest.model.design.relational.FKIndexAssociation" directorySegmentName="seg_0" id="7D19C4F2-D26E-0829-581F-3A131852FD30" containerWithKeyObject="4DAEF6F5-AFB6-F9A2-828C-B9B53E62808E" localFKIndex="D92A8516-E416-EBE9-98C1-64E8EBAE9B0F" name="groups_description_properties_FK">
<createdBy>marinfotache</createdBy>
<createdTime>2018-10-26 05:03:12 UTC</createdTime>
<generatorID>36C9882B-E622-3248-848F-63569AD8D246</generatorID>
<ownerDesignName>05_models_and_serial_numbers</ownerDesignName>
<referredTableLongName>properties</referredTableLongName>
<deleteRule>NO ACTION</deleteRule>
<referredTableID>AECFF7E6-C754-14A5-11BB-E9EF17773985</referredTableID>
<keyObject>D75C3F11-F5E2-118D-D1C6-47A3F8933C6F</keyObject>
<referredKeyID>D75C3F11-F5E2-118D-D1C6-47A3F8933C6F</referredKeyID>
<mandatory>true</mandatory>
<refColNames>property_id</refColNames>
<transferable>true</transferable>
<rely>false</rely>
<columnDependencyConstraintGenerateInDDL>true</columnDependencyConstraintGenerateInDDL>
</FKIndexAssociation>