<?xml version = '1.0' encoding = 'UTF-8'?>
<FKIndexAssociation class="oracle.dbtools.crest.model.design.relational.FKIndexAssociation" directorySegmentName="seg_0" id="9746929C-BC0F-C134-998B-2F154132D9AA" containerWithKeyObject="4947522F-4405-F734-F2A1-97903EFA34DC" localFKIndex="B1F7C6BB-4E38-8C75-590F-3FE021190E77" name="invoices_orders_FK">
<createdBy>marinfotache</createdBy>
<createdTime>2018-10-26 05:03:12 UTC</createdTime>
<generatorID>A65973D3-6091-083A-BF4B-CFCB0478EA8D</generatorID>
<ownerDesignName>05_models_and_serial_numbers</ownerDesignName>
<referredTableLongName>orders</referredTableLongName>
<deleteRule>NO ACTION</deleteRule>
<referredTableID>E77C1545-7AE3-0B01-32E9-B55B8ECD89E7</referredTableID>
<keyObject>9019F1C6-6042-9EA4-7870-C4CF329A22A9</keyObject>
<referredKeyID>9019F1C6-6042-9EA4-7870-C4CF329A22A9</referredKeyID>
<mandatory>true</mandatory>
<refColNames>order_id</refColNames>
<transferable>true</transferable>
<rely>false</rely>
<columnDependencyConstraintGenerateInDDL>true</columnDependencyConstraintGenerateInDDL>
</FKIndexAssociation>