<?xml version = '1.0' encoding = 'UTF-8'?>
<FKIndexAssociation class="oracle.dbtools.crest.model.design.relational.FKIndexAssociation" directorySegmentName="seg_0" id="AFBEBC77-9E96-1FFD-6FF8-E66078BB80FD" containerWithKeyObject="C69E4A8D-3160-40CA-9807-363AAFBE30A8" localFKIndex="0F05B726-9206-F7CE-33CB-4535B4F78B28" name="inv_identifiable_prod_identifiable_occurences_FK">
<createdBy>marinfotache</createdBy>
<createdTime>2018-10-26 05:03:12 UTC</createdTime>
<generatorID>4277218B-E167-E5DE-950D-5D998AA8F19D</generatorID>
<ownerDesignName>05_models_and_serial_numbers</ownerDesignName>
<referredTableLongName>identifiable_occurences</referredTableLongName>
<deleteRule>NO ACTION</deleteRule>
<referredTableID>0F99D7A3-2CB4-8CBF-DB50-8D923985D56A</referredTableID>
<keyObject>0211F90A-137C-F526-5466-BCD9409E853E</keyObject>
<referredKeyID>0211F90A-137C-F526-5466-BCD9409E853E</referredKeyID>
<mandatory>true</mandatory>
<refColNames>serial_number</refColNames>
<transferable>true</transferable>
<rely>false</rely>
<columnDependencyConstraintGenerateInDDL>true</columnDependencyConstraintGenerateInDDL>
</FKIndexAssociation>