<?xml version = '1.0' encoding = 'UTF-8'?>
<FKIndexAssociation class="oracle.dbtools.crest.model.design.relational.FKIndexAssociation" directorySegmentName="seg_0" id="B15E40BF-20FF-3472-9C9F-93BF7B8552EC" containerWithKeyObject="433A9D59-3BAA-CE14-0D0A-613AB809DB64" localFKIndex="5311CD38-D70C-13D6-A46F-CE49AAF488CF" name="recipes_products_FK">
<createdBy>marinfotache</createdBy>
<createdTime>2018-10-26 05:03:12 UTC</createdTime>
<generatorID>A789EC15-217D-78AF-8D8B-F283183AC1D3</generatorID>
<ownerDesignName>05_models_and_serial_numbers</ownerDesignName>
<referredTableLongName>products</referredTableLongName>
<deleteRule>NO ACTION</deleteRule>
<referredTableID>31912FFE-24D0-A340-A708-16E83ADDF259</referredTableID>
<keyObject>733F122C-E1A0-C233-0FE9-A3DA3193560D</keyObject>
<referredKeyID>733F122C-E1A0-C233-0FE9-A3DA3193560D</referredKeyID>
<mandatory>true</mandatory>
<refColNames>prod_id</refColNames>
<transferable>true</transferable>
<rely>false</rely>
<columnDependencyConstraintGenerateInDDL>true</columnDependencyConstraintGenerateInDDL>
</FKIndexAssociation>