<?xml version = '1.0' encoding = 'UTF-8'?>
<FKIndexAssociation class="oracle.dbtools.crest.model.design.relational.FKIndexAssociation" directorySegmentName="seg_0" id="BE00DF06-6AC3-BC42-2ECB-3CED7CF3C343" containerWithKeyObject="8C6D8B6D-458F-504E-651E-477BD0464918" localFKIndex="FBD8E07F-339F-50FB-AD77-69DF50E46865" name="order_details_products_FK">
<createdBy>marinfotache</createdBy>
<createdTime>2018-10-26 05:03:12 UTC</createdTime>
<generatorID>3CCB97B3-D252-E683-441C-4BA186AF50D6</generatorID>
<ownerDesignName>05_models_and_serial_numbers</ownerDesignName>
<referredTableLongName>products</referredTableLongName>
<deleteRule>NO ACTION</deleteRule>
<referredTableID>31912FFE-24D0-A340-A708-16E83ADDF259</referredTableID>
<keyObject>733F122C-E1A0-C233-0FE9-A3DA3193560D</keyObject>
<referredKeyID>733F122C-E1A0-C233-0FE9-A3DA3193560D</referredKeyID>
<mandatory>true</mandatory>
<refColNames>prod_id</refColNames>
<transferable>true</transferable>
<rely>false</rely>
<columnDependencyConstraintGenerateInDDL>true</columnDependencyConstraintGenerateInDDL>
</FKIndexAssociation>