<?xml version = '1.0' encoding = 'UTF-8'?>
<FKIndexAssociation class="oracle.dbtools.crest.model.design.relational.FKIndexAssociation" directorySegmentName="seg_0" id="D0D9A812-1DCC-EC74-751D-C4C43121680D" containerWithKeyObject="8C6D8B6D-458F-504E-651E-477BD0464918" localFKIndex="557421A6-DB97-26A3-F802-6BCC40632B4F" name="order_details_orders_FK">
<createdBy>marinfotache</createdBy>
<createdTime>2018-10-26 05:03:12 UTC</createdTime>
<generatorID>A81C4CD6-14E3-3CF7-86BB-592B57E01C24</generatorID>
<ownerDesignName>05_models_and_serial_numbers</ownerDesignName>
<referredTableLongName>orders</referredTableLongName>
<deleteRule>NO ACTION</deleteRule>
<referredTableID>E77C1545-7AE3-0B01-32E9-B55B8ECD89E7</referredTableID>
<keyObject>9019F1C6-6042-9EA4-7870-C4CF329A22A9</keyObject>
<referredKeyID>9019F1C6-6042-9EA4-7870-C4CF329A22A9</referredKeyID>
<mandatory>true</mandatory>
<refColNames>order_id</refColNames>
<transferable>true</transferable>
<rely>false</rely>
<columnDependencyConstraintGenerateInDDL>true</columnDependencyConstraintGenerateInDDL>
</FKIndexAssociation>