<?xml version = '1.0' encoding = 'UTF-8'?>
<FKIndexAssociation class="oracle.dbtools.crest.model.design.relational.FKIndexAssociation" directorySegmentName="seg_0" id="D228DE7C-2B4C-FEC6-02A3-910913D29ABC" containerWithKeyObject="4DAEF6F5-AFB6-F9A2-828C-B9B53E62808E" localFKIndex="1208E0EA-8161-0E75-A90F-7269BB44C11C" name="groups_description_item_groups_FK">
<createdBy>marinfotache</createdBy>
<createdTime>2018-10-26 05:03:12 UTC</createdTime>
<generatorID>FADAB7FD-5DF3-394E-58EA-3ED875877EB7</generatorID>
<ownerDesignName>05_models_and_serial_numbers</ownerDesignName>
<referredTableLongName>item_groups</referredTableLongName>
<deleteRule>NO ACTION</deleteRule>
<referredTableID>028C1699-9B76-DB4B-5FA6-E8B2A886855D</referredTableID>
<keyObject>054A4F88-454E-895F-1B3D-54E629844D1E</keyObject>
<referredKeyID>054A4F88-454E-895F-1B3D-54E629844D1E</referredKeyID>
<mandatory>true</mandatory>
<refColNames>group_name</refColNames>
<transferable>true</transferable>
<rely>false</rely>
<columnDependencyConstraintGenerateInDDL>true</columnDependencyConstraintGenerateInDDL>
</FKIndexAssociation>