<?xml version = '1.0' encoding = 'UTF-8'?>
<FKIndexAssociation class="oracle.dbtools.crest.model.design.relational.FKIndexAssociation" directorySegmentName="seg_0" id="E3F5590F-EC77-505F-B5CB-AC0E1B494107" containerWithKeyObject="31912FFE-24D0-A340-A708-16E83ADDF259" localFKIndex="816188B9-4444-D5A3-724C-5784F3F29204" name="products_measure_units_FK">
<createdBy>marinfotache</createdBy>
<createdTime>2018-10-26 05:03:12 UTC</createdTime>
<generatorID>26DC25EA-33BA-D687-BA64-7E32F8A5CA2A</generatorID>
<ownerDesignName>05_models_and_serial_numbers</ownerDesignName>
<referredTableLongName>measure_units</referredTableLongName>
<deleteRule>NO ACTION</deleteRule>
<referredTableID>8AA64170-A86E-0162-0026-6B064DF7902E</referredTableID>
<keyObject>83E83EDF-0092-49F3-CA3A-68DDC979695E</keyObject>
<referredKeyID>83E83EDF-0092-49F3-CA3A-68DDC979695E</referredKeyID>
<mandatory>true</mandatory>
<refColNames>abbreviation</refColNames>
<transferable>true</transferable>
<rely>false</rely>
<columnDependencyConstraintGenerateInDDL>true</columnDependencyConstraintGenerateInDDL>
</FKIndexAssociation>