<?xml version = '1.0' encoding = 'UTF-8'?>
<FKIndexAssociation class="oracle.dbtools.crest.model.design.relational.FKIndexAssociation" directorySegmentName="seg_0" id="EFAEFC75-120D-A310-B8BD-FB201A6BF8B9" containerWithKeyObject="E65270B5-C9B3-07DD-A77C-5C24B7D5B86D" localFKIndex="5375EBEE-1883-FD5D-AF66-6BB936789C2C" name="inv_unidentif_prods_products_FK">
<createdBy>marinfotache</createdBy>
<createdTime>2018-10-26 05:03:12 UTC</createdTime>
<generatorID>BA31A1BC-C755-74EC-9EBE-378D389A7F1C</generatorID>
<ownerDesignName>05_models_and_serial_numbers</ownerDesignName>
<referredTableLongName>products</referredTableLongName>
<deleteRule>NO ACTION</deleteRule>
<referredTableID>31912FFE-24D0-A340-A708-16E83ADDF259</referredTableID>
<keyObject>733F122C-E1A0-C233-0FE9-A3DA3193560D</keyObject>
<referredKeyID>733F122C-E1A0-C233-0FE9-A3DA3193560D</referredKeyID>
<mandatory>true</mandatory>
<refColNames>prod_id</refColNames>
<transferable>true</transferable>
<rely>false</rely>
<columnDependencyConstraintGenerateInDDL>true</columnDependencyConstraintGenerateInDDL>
</FKIndexAssociation>