<?xml version = '1.0' encoding = 'UTF-8'?>
<FKIndexAssociation class="oracle.dbtools.crest.model.design.relational.FKIndexAssociation" directorySegmentName="seg_0" id="F238406D-57E2-3D63-358D-CC9C24B6CD7B" containerWithKeyObject="C69E4A8D-3160-40CA-9807-363AAFBE30A8" localFKIndex="15FE8C9B-A688-C857-C369-3DD32F47E84D" name="inv_identifiable_prod_invoices_FK">
<createdBy>marinfotache</createdBy>
<createdTime>2018-10-26 05:03:12 UTC</createdTime>
<generatorID>3B9CE192-0F1C-F3A8-C8B4-DAC545C2CA40</generatorID>
<ownerDesignName>05_models_and_serial_numbers</ownerDesignName>
<referredTableLongName>invoices</referredTableLongName>
<deleteRule>NO ACTION</deleteRule>
<referredTableID>4947522F-4405-F734-F2A1-97903EFA34DC</referredTableID>
<keyObject>FC6098E4-BAB5-104C-D152-0A6E6E5C28B1</keyObject>
<referredKeyID>FC6098E4-BAB5-104C-D152-0A6E6E5C28B1</referredKeyID>
<mandatory>true</mandatory>
<refColNames>invoice_id</refColNames>
<transferable>true</transferable>
<rely>false</rely>
<columnDependencyConstraintGenerateInDDL>true</columnDependencyConstraintGenerateInDDL>
</FKIndexAssociation>