<?xml version = '1.0' encoding = 'UTF-8'?>
<FKIndexAssociation class="oracle.dbtools.crest.model.design.relational.FKIndexAssociation" directorySegmentName="seg_0" id="07C8E58F-8045-4126-042C-D166F25A4756" containerWithKeyObject="ADCDD1B2-383E-ACD3-CF32-AB78FC435E4A" localFKIndex="740E9FBF-D2D2-169B-9D9E-EA438DCFD391" name="exams_courses_FK">
<createdBy>admin</createdBy>
<createdTime>2015-10-27 06:31:39 UTC</createdTime>
<generatorID>C9D726A4-7792-4015-57F4-185A47FFC8F3</generatorID>
<ownerDesignName>univ_info_sys_1</ownerDesignName>
<deleteRule>NO ACTION</deleteRule>
<referredTableID>9FEC42CB-98EB-2279-5CFA-B7DFAB226FB8</referredTableID>
<keyObject>DCAA4631-36BF-DADA-7752-1B6D67C5EBC5</keyObject>
<referredKeyID>DCAA4631-36BF-DADA-7752-1B6D67C5EBC5</referredKeyID>
<mandatory>true</mandatory>
<transferable>true</transferable>
<rely>false</rely>
<columnDependencyConstraintGenerateInDDL>true</columnDependencyConstraintGenerateInDDL>
</FKIndexAssociation>