<?xml version = '1.0' encoding = 'UTF-8'?>
<FKIndexAssociation class="oracle.dbtools.crest.model.design.relational.FKIndexAssociation" directorySegmentName="seg_0" id="1AC0B921-348D-80E4-0795-A2FC4044A045" containerWithKeyObject="525594F4-C09F-2DF4-A4A7-5727CEEA0C15" localFKIndex="52D0BA4B-59B3-BEB3-06B5-3F9D1DEA2381" name="students_scholarship_types_FK">
<createdBy>admin</createdBy>
<createdTime>2015-10-27 06:31:39 UTC</createdTime>
<generatorID>E8717697-8BF2-E190-8BC4-A364A5723280</generatorID>
<ownerDesignName>univ_info_sys_1</ownerDesignName>
<deleteRule>NO ACTION</deleteRule>
<referredTableID>3B944480-C811-1340-5567-F0EDDF131841</referredTableID>
<keyObject>ED81FBF3-F0FE-DE5C-9FE0-925F114359A1</keyObject>
<referredKeyID>ED81FBF3-F0FE-DE5C-9FE0-925F114359A1</referredKeyID>
<mandatory>false</mandatory>
<transferable>true</transferable>
<rely>false</rely>
<columnDependencyConstraintGenerateInDDL>true</columnDependencyConstraintGenerateInDDL>
</FKIndexAssociation>