<?xml version = '1.0' encoding = 'UTF-8'?>
<FKIndexAssociation class="oracle.dbtools.crest.model.design.relational.FKIndexAssociation" directorySegmentName="seg_0" id="1F863A36-A801-51BE-FACA-CC54AEB8B4C6" containerWithKeyObject="BC2E7896-9238-AF7F-F403-E8C51729412D" localFKIndex="CCEA3BE6-523F-AA30-F7DA-968AADB9AEA9" name="is_taught_through">
<createdBy>marinfotache</createdBy>
<createdTime>2018-10-25 18:48:42 UTC</createdTime>
<generatorID>F085211A-745B-49E9-398F-CE32B8805C04</generatorID>
<ownerDesignName>univ_info_sys_1</ownerDesignName>
<referredTableLongName>course</referredTableLongName>
<deleteRule>NO ACTION</deleteRule>
<referredTableID>F0155245-04D6-087C-7F95-A4A2E90FE6F7</referredTableID>
<keyObject>CF56594B-14F9-7718-EBD9-001FC70BF95C</keyObject>
<referredKeyID>CF56594B-14F9-7718-EBD9-001FC70BF95C</referredKeyID>
<mandatory>true</mandatory>
<refColNames>course_code</refColNames>
<transferable>true</transferable>
<rely>false</rely>
<columnDependencyConstraintGenerateInDDL>true</columnDependencyConstraintGenerateInDDL>
</FKIndexAssociation>