<?xml version = '1.0' encoding = 'UTF-8'?>
<FKIndexAssociation class="oracle.dbtools.crest.model.design.relational.FKIndexAssociation" directorySegmentName="seg_0" id="28EB9D2B-EF0E-05E8-94F7-F24B1F09CBBA" containerWithKeyObject="BC2E7896-9238-AF7F-F403-E8C51729412D" localFKIndex="CB56B382-DB80-EE4E-9B1D-C1048E789870" name="gives">
<createdBy>marinfotache</createdBy>
<createdTime>2018-10-25 18:48:42 UTC</createdTime>
<generatorID>4C93214B-2E77-7FE1-A653-88EE0A12DD9F</generatorID>
<ownerDesignName>univ_info_sys_1</ownerDesignName>
<referredTableLongName>teacher</referredTableLongName>
<deleteRule>NO ACTION</deleteRule>
<referredTableID>2101C2F4-429B-AD77-D4E1-D7CE9CD0DC81</referredTableID>
<keyObject>435CFCE2-D062-2DC4-DC3C-AA49C346C725</keyObject>
<referredKeyID>435CFCE2-D062-2DC4-DC3C-AA49C346C725</referredKeyID>
<mandatory>false</mandatory>
<refColNames>teacher_code</refColNames>
<transferable>true</transferable>
<rely>false</rely>
<columnDependencyConstraintGenerateInDDL>true</columnDependencyConstraintGenerateInDDL>
</FKIndexAssociation>