<?xml version = '1.0' encoding = 'UTF-8'?>
<FKIndexAssociation class="oracle.dbtools.crest.model.design.relational.FKIndexAssociation" directorySegmentName="seg_0" id="4737BD32-0505-6572-F106-AA451D75D9E4" containerWithKeyObject="E5A34940-E43C-B1C7-04A8-9D59306EBCA1" localFKIndex="7A39DA9F-CD52-76BE-85AB-023327B846BE" name="is_assessed_with">
<createdBy>marinfotache</createdBy>
<createdTime>2018-10-25 18:48:42 UTC</createdTime>
<generatorID>68EEADA6-8520-8FA8-C56F-8C6595E2B80A</generatorID>
<ownerDesignName>univ_info_sys_1</ownerDesignName>
<referredTableLongName>student</referredTableLongName>
<deleteRule>NO ACTION</deleteRule>
<referredTableID>D088537C-BF4C-D5A7-AA51-269C426BE449</referredTableID>
<keyObject>E8538D1D-313C-E7AA-8709-CBBFD92E665F</keyObject>
<referredKeyID>E8538D1D-313C-E7AA-8709-CBBFD92E665F</referredKeyID>
<mandatory>true</mandatory>
<refColNames>stud_code</refColNames>
<transferable>true</transferable>
<rely>false</rely>
<columnDependencyConstraintGenerateInDDL>true</columnDependencyConstraintGenerateInDDL>
</FKIndexAssociation>