<?xml version = '1.0' encoding = 'UTF-8'?>
<FKIndexAssociation class="oracle.dbtools.crest.model.design.relational.FKIndexAssociation" directorySegmentName="seg_0" id="4D3F6E81-C8D8-A739-0670-149D41A4A455" containerWithKeyObject="D088537C-BF4C-D5A7-AA51-269C426BE449" localFKIndex="EA317B79-34E1-29FF-7CA3-2153AA0BE0FC" name="is_awarded_to">
<createdBy>marinfotache</createdBy>
<createdTime>2018-10-25 18:48:42 UTC</createdTime>
<generatorID>E8717697-8BF2-E190-8BC4-A364A5723280</generatorID>
<ownerDesignName>univ_info_sys_1</ownerDesignName>
<referredTableLongName>scholarship_type</referredTableLongName>
<deleteRule>NO ACTION</deleteRule>
<referredTableID>28C85DA8-AE7B-DBF7-41CB-81CED50A346D</referredTableID>
<keyObject>FBD1C775-74EB-1B08-C12B-26DF9A63F470</keyObject>
<referredKeyID>FBD1C775-74EB-1B08-C12B-26DF9A63F470</referredKeyID>
<mandatory>false</mandatory>
<refColNames>code</refColNames>
<transferable>true</transferable>
<rely>false</rely>
<columnDependencyConstraintGenerateInDDL>true</columnDependencyConstraintGenerateInDDL>
</FKIndexAssociation>