<?xml version = '1.0' encoding = 'UTF-8'?>
<FKIndexAssociation class="oracle.dbtools.crest.model.design.relational.FKIndexAssociation" directorySegmentName="seg_0" id="7017CFE0-D6F1-C4F0-0C91-6179F7AFCC9D" containerWithKeyObject="E5A34940-E43C-B1C7-04A8-9D59306EBCA1" localFKIndex="D6E929DE-172A-880A-95AF-F8674B0FDF79" name="is_subject_of">
<createdBy>marinfotache</createdBy>
<createdTime>2018-10-25 18:48:42 UTC</createdTime>
<generatorID>C9D726A4-7792-4015-57F4-185A47FFC8F3</generatorID>
<ownerDesignName>univ_info_sys_1</ownerDesignName>
<referredTableLongName>course</referredTableLongName>
<deleteRule>NO ACTION</deleteRule>
<referredTableID>F0155245-04D6-087C-7F95-A4A2E90FE6F7</referredTableID>
<keyObject>CF56594B-14F9-7718-EBD9-001FC70BF95C</keyObject>
<referredKeyID>CF56594B-14F9-7718-EBD9-001FC70BF95C</referredKeyID>
<mandatory>true</mandatory>
<refColNames>course_code</refColNames>
<transferable>true</transferable>
<rely>false</rely>
<columnDependencyConstraintGenerateInDDL>true</columnDependencyConstraintGenerateInDDL>
</FKIndexAssociation>