<?xml version = '1.0' encoding = 'UTF-8'?>
<FKIndexAssociation class="oracle.dbtools.crest.model.design.relational.FKIndexAssociation" directorySegmentName="seg_0" id="A37F5654-8B86-78BE-7F3E-3D1A0D28E607" containerWithKeyObject="B8CDC2DF-3FD2-5748-4406-B69B28180399" localFKIndex="1B20CEB2-A142-66A2-5708-481A66D41172" name="lectures_teachers_FK">
<createdBy>admin</createdBy>
<createdTime>2015-10-27 06:31:39 UTC</createdTime>
<generatorID>4C93214B-2E77-7FE1-A653-88EE0A12DD9F</generatorID>
<ownerDesignName>univ_info_sys_1</ownerDesignName>
<deleteRule>NO ACTION</deleteRule>
<referredTableID>ACBBD030-7823-DB44-A355-12552A653762</referredTableID>
<keyObject>D97BA8E1-B05F-7FB6-AAB7-04ECC1F76B8D</keyObject>
<referredKeyID>D97BA8E1-B05F-7FB6-AAB7-04ECC1F76B8D</referredKeyID>
<mandatory>false</mandatory>
<transferable>true</transferable>
<rely>false</rely>
<columnDependencyConstraintGenerateInDDL>true</columnDependencyConstraintGenerateInDDL>
</FKIndexAssociation>