<?xml version = '1.0' encoding = 'UTF-8'?>
<FKIndexAssociation class="oracle.dbtools.crest.model.design.relational.FKIndexAssociation" directorySegmentName="seg_0" id="DDCD13CB-A94D-E7AA-CC22-80278692AA4C" containerWithKeyObject="ADCDD1B2-383E-ACD3-CF32-AB78FC435E4A" localFKIndex="8E4942BC-80AA-180E-5E35-AF87D081668A" name="exams_students_FK">
<createdBy>admin</createdBy>
<createdTime>2015-10-27 06:31:39 UTC</createdTime>
<generatorID>68EEADA6-8520-8FA8-C56F-8C6595E2B80A</generatorID>
<ownerDesignName>univ_info_sys_1</ownerDesignName>
<deleteRule>NO ACTION</deleteRule>
<referredTableID>525594F4-C09F-2DF4-A4A7-5727CEEA0C15</referredTableID>
<keyObject>6B1520B7-6CA1-82EB-7D10-65E04CCAAD01</keyObject>
<referredKeyID>6B1520B7-6CA1-82EB-7D10-65E04CCAAD01</referredKeyID>
<mandatory>true</mandatory>
<transferable>true</transferable>
<rely>false</rely>
<columnDependencyConstraintGenerateInDDL>true</columnDependencyConstraintGenerateInDDL>
</FKIndexAssociation>