<?xml version = '1.0' encoding = 'UTF-8'?>
<FKIndexAssociation class="oracle.dbtools.crest.model.design.relational.FKIndexAssociation" directorySegmentName="seg_0" id="E17B772C-9A38-3945-ECEE-D23CD501607E" containerWithKeyObject="B8CDC2DF-3FD2-5748-4406-B69B28180399" localFKIndex="77668AD0-6389-193E-15F9-D3F2428EC968" name="lectures_courses_FK">
<createdBy>admin</createdBy>
<createdTime>2015-10-27 06:31:39 UTC</createdTime>
<generatorID>F085211A-745B-49E9-398F-CE32B8805C04</generatorID>
<ownerDesignName>univ_info_sys_1</ownerDesignName>
<deleteRule>NO ACTION</deleteRule>
<referredTableID>9FEC42CB-98EB-2279-5CFA-B7DFAB226FB8</referredTableID>
<keyObject>DCAA4631-36BF-DADA-7752-1B6D67C5EBC5</keyObject>
<referredKeyID>DCAA4631-36BF-DADA-7752-1B6D67C5EBC5</referredKeyID>
<mandatory>true</mandatory>
<transferable>true</transferable>
<rely>false</rely>
<columnDependencyConstraintGenerateInDDL>true</columnDependencyConstraintGenerateInDDL>
</FKIndexAssociation>