<?xml version = '1.0' encoding = 'UTF-8'?>
<Table class="oracle.dbtools.crest.model.design.relational.Table" directorySegmentName="seg_0" id="1EB8DB12-3725-0C5F-7466-CA86B96AE7F4" name="receipt">
<createdBy>marinfotache</createdBy>
<createdTime>2018-10-25 18:43:26 UTC</createdTime>
<generatorID>31CB7F12-471A-FF0E-39DA-B6D0798F14D5</generatorID>
<ownerDesignName>sales_1</ownerDesignName>
<allowColumnReorder>false</allowColumnReorder>
<existDependencyGenerateInDDl>true</existDependencyGenerateInDDl>
<parsed>true</parsed>
<columns itemClass="oracle.dbtools.crest.model.design.relational.Column">
<Column name="receipt_id" id="81317568-09B6-C3F5-EE0E-8686973162A2">
<createdBy>marinfotache</createdBy>
<createdTime>2018-10-25 18:43:26 UTC</createdTime>
<generatorID>A3CDB75B-2E26-71BC-F06D-B979DCAF6B5A</generatorID>
<ownerDesignName>sales_1</ownerDesignName>
<useDomainConstraints>false</useDomainConstraints>
<use>1</use>
<logicalDatatype>LOGDT011</logicalDatatype>
<ownDataTypeParameters>,,</ownDataTypeParameters>
<autoIncrementCycle>false</autoIncrementCycle>
</Column>
<Column name="receipt_date" id="B1DD7D65-31E4-5BD9-5D18-33E6C95F1A8F">
<createdBy>marinfotache</createdBy>
<createdTime>2018-10-25 18:43:26 UTC</createdTime>
<generatorID>0B6624FE-B6D4-2A62-7EAF-28009D8F11E2</generatorID>
<ownerDesignName>sales_1</ownerDesignName>
<constraintName>CK_DATAINC</constraintName>
<useDomainConstraints>false</useDomainConstraints>
<use>1</use>
<logicalDatatype>LOGDT007</logicalDatatype>
<checkConstraint>
<implementationDef dbType="Oracle Database 10g" definition="DATAINC &gt;= TO_DATE(&apos;01/08/2008&apos;,&apos;DD/MM/YYYY&apos;) AND DATAINC &lt;= TO_DATE(&apos;31/12/2015&apos;,&apos;DD/MM/YYYY&apos;)"/>
</checkConstraint>
<ownDataTypeParameters>,,</ownDataTypeParameters>
<autoIncrementCycle>false</autoIncrementCycle>
</Column>
<Column name="receipt_docum_type" id="89BFD885-F460-5345-33FF-FF218E660DC1">
<createdBy>marinfotache</createdBy>
<createdTime>2018-10-25 18:43:26 UTC</createdTime>
<generatorID>FA91ABDE-031D-87CF-1174-5F75E49EC5BE</generatorID>
<ownerDesignName>sales_1</ownerDesignName>
<constraintName>ck_coddoc</constraintName>
<nullsAllowed>true</nullsAllowed>
<useDomainConstraints>false</useDomainConstraints>
<use>1</use>
<logicalDatatype>LOGDT024</logicalDatatype>
<dataTypeSize>25</dataTypeSize>
<checkConstraint>
<implementationDef dbType="Oracle Database 10g" definition="coddoc=UPPER(LTRIM(coddoc))"/>
</checkConstraint>
<ownDataTypeParameters>25,,</ownDataTypeParameters>
<autoIncrementCycle>false</autoIncrementCycle>
</Column>
<Column name="receipt_docum_number" id="846E6227-5509-FD24-DF34-23081F6BBA72">
<createdBy>marinfotache</createdBy>
<createdTime>2018-10-25 18:43:26 UTC</createdTime>
<generatorID>D83CDAC0-55D9-B557-256B-1AF3275E6C0D</generatorID>
<ownerDesignName>sales_1</ownerDesignName>
<nullsAllowed>true</nullsAllowed>
<useDomainConstraints>false</useDomainConstraints>
<use>1</use>
<logicalDatatype>LOGDT024</logicalDatatype>
<dataTypeSize>25</dataTypeSize>
<ownDataTypeParameters>25,,</ownDataTypeParameters>
<autoIncrementCycle>false</autoIncrementCycle>
</Column>
<Column name="receipt_docum_date" id="5494B865-7D10-744D-BB3E-5A3E8693F6F3">
<createdBy>marinfotache</createdBy>
<createdTime>2018-10-25 18:43:26 UTC</createdTime>
<generatorID>334D9382-772C-C4BB-0438-48C25C285FB6</generatorID>
<ownerDesignName>sales_1</ownerDesignName>
<constraintName>CK_DATADOC</constraintName>
<nullsAllowed>true</nullsAllowed>
<useDomainConstraints>false</useDomainConstraints>
<use>1</use>
<logicalDatatype>LOGDT007</logicalDatatype>
<checkConstraint>
<implementationDef dbType="Oracle Database 10g" definition="DATADOC &gt;= TO_DATE(&apos;01/01/2010&apos;,&apos;DD/MM/YYYY&apos;) AND DATADOC &lt;= TO_DATE(&apos;31/12/2015&apos;,&apos;DD/MM/YYYY&apos;)"/>
</checkConstraint>
<ownDataTypeParameters>,,</ownDataTypeParameters>
<autoIncrementCycle>false</autoIncrementCycle>
</Column>
</columns>
<indexes itemClass="oracle.dbtools.crest.model.design.relational.Index">
<ind_PK_UK id="6CE623A4-2E82-1053-158F-A28790F1B383" name="receipts__pk">
<createdBy>marinfotache</createdBy>
<createdTime>2018-10-25 18:43:26 UTC</createdTime>
<generatorID>8049D72A-E5F6-4D45-EA0D-24DF018B1BAB</generatorID>
<ownerDesignName>sales_1</ownerDesignName>
<pk>true</pk>
<indexState>Primary Constraint</indexState>
<isSurrogateKey>false</isSurrogateKey>
<indexColumnUsage>
<colUsage columnID="81317568-09B6-C3F5-EE0E-8686973162A2"/>
</indexColumnUsage>
</ind_PK_UK>
</indexes>
</Table>