<?xml version = '1.0' encoding = 'UTF-8'?>
<Table class="oracle.dbtools.crest.model.design.relational.Table" directorySegmentName="seg_0" id="2AD32E56-B966-4F82-3BA2-29DFEA4F2938" name="product">
<createdBy>marinfotache</createdBy>
<createdTime>2018-10-25 18:43:26 UTC</createdTime>
<generatorID>9B643DE7-AE99-9E3E-B7F8-CD5D91D01CAC</generatorID>
<ownerDesignName>sales_1</ownerDesignName>
<allowColumnReorder>false</allowColumnReorder>
<existDependencyGenerateInDDl>true</existDependencyGenerateInDDl>
<parsed>true</parsed>
<columns itemClass="oracle.dbtools.crest.model.design.relational.Column">
<Column name="product_id" id="47C0B33F-11EC-2211-986A-D6E9DC03BA38">
<createdBy>marinfotache</createdBy>
<createdTime>2018-10-25 18:43:26 UTC</createdTime>
<generatorID>30D52D27-3E5E-7BBD-B6FB-DD2DAFF8E9FA</generatorID>
<ownerDesignName>sales_1</ownerDesignName>
<constraintName>ck_codpr</constraintName>
<useDomainConstraints>false</useDomainConstraints>
<use>1</use>
<logicalDatatype>LOGDT011</logicalDatatype>
<checkConstraint>
<implementationDef dbType="Oracle Database 10g" definition="codpr &gt; 0"/>
</checkConstraint>
<ownDataTypeParameters>,,</ownDataTypeParameters>
<autoIncrementCycle>false</autoIncrementCycle>
</Column>
<Column name="product_name" id="DAE04E04-8A41-4FF9-10E0-587C9E9656EC">
<createdBy>marinfotache</createdBy>
<createdTime>2018-10-25 18:43:26 UTC</createdTime>
<generatorID>BF07136C-F4B3-2866-9ACD-A5233E827AAF</generatorID>
<ownerDesignName>sales_1</ownerDesignName>
<constraintName>ck_denpr</constraintName>
<useDomainConstraints>false</useDomainConstraints>
<use>1</use>
<logicalDatatype>LOGDT037</logicalDatatype>
<dataTypeSize>75 CHAR</dataTypeSize>
<checkConstraint>
<implementationDef dbType="Oracle Database 10g" definition="SUBSTR(denpr,1,1) = UPPER(SUBSTR(denpr,1,1))"/>
</checkConstraint>
<ownDataTypeParameters>75 CHAR,,</ownDataTypeParameters>
<autoIncrementCycle>false</autoIncrementCycle>
</Column>
<Column name="measure_unit" id="7365F87C-2ECF-12AB-B772-4E26190BB70B">
<createdBy>marinfotache</createdBy>
<createdTime>2018-10-25 18:43:26 UTC</createdTime>
<generatorID>9F60978C-C598-1995-FF22-8B04317ADD7A</generatorID>
<ownerDesignName>sales_1</ownerDesignName>
<nullsAllowed>true</nullsAllowed>
<useDomainConstraints>false</useDomainConstraints>
<use>1</use>
<logicalDatatype>LOGDT024</logicalDatatype>
<dataTypeSize>25 CHAR</dataTypeSize>
<ownDataTypeParameters>25 CHAR,,</ownDataTypeParameters>
<autoIncrementCycle>false</autoIncrementCycle>
</Column>
<Column name="group" id="BFDE888A-F972-7E94-376E-A8EC9995DA9B">
<createdBy>marinfotache</createdBy>
<createdTime>2018-10-25 18:43:26 UTC</createdTime>
<generatorID>9202BBCC-E71F-FAB9-9BF6-5A46416EBF0E</generatorID>
<ownerDesignName>sales_1</ownerDesignName>
<constraintName>ck_produse_grupa</constraintName>
<nullsAllowed>true</nullsAllowed>
<useDomainConstraints>false</useDomainConstraints>
<use>1</use>
<logicalDatatype>LOGDT037</logicalDatatype>
<dataTypeSize>50 CHAR</dataTypeSize>
<checkConstraint>
<implementationDef dbType="Oracle Database 10g" definition="SUBSTR(grupa,1,1) = UPPER(SUBSTR(grupa,1,1))"/>
</checkConstraint>
<ownDataTypeParameters>50 CHAR,,</ownDataTypeParameters>
<autoIncrementCycle>false</autoIncrementCycle>
</Column>
<Column name="VAT_percent" id="1D6C9C1C-881A-027A-CC68-897149E12193">
<createdBy>marinfotache</createdBy>
<createdTime>2018-10-25 18:43:26 UTC</createdTime>
<generatorID>9E9E2CEA-2C8B-2261-81D0-10EA46BC5B12</generatorID>
<ownerDesignName>sales_1</ownerDesignName>
<useDomainConstraints>false</useDomainConstraints>
<use>1</use>
<logicalDatatype>LOGDT019</logicalDatatype>
<dataTypePrecision>4</dataTypePrecision>
<dataTypeScale>2</dataTypeScale>
<ownDataTypeParameters>,4,2</ownDataTypeParameters>
<autoIncrementCycle>false</autoIncrementCycle>
</Column>
</columns>
<indexes itemClass="oracle.dbtools.crest.model.design.relational.Index">
<ind_PK_UK id="D26CA48A-BCCA-0823-BA2A-46811E65EA7B" name="products__pk">
<createdBy>marinfotache</createdBy>
<createdTime>2018-10-25 18:43:26 UTC</createdTime>
<generatorID>98B0CC1C-CABC-01BF-431C-FE0F561E7B33</generatorID>
<ownerDesignName>sales_1</ownerDesignName>
<pk>true</pk>
<indexState>Primary Constraint</indexState>
<isSurrogateKey>false</isSurrogateKey>
<indexColumnUsage>
<colUsage columnID="47C0B33F-11EC-2211-986A-D6E9DC03BA38"/>
</indexColumnUsage>
</ind_PK_UK>
</indexes>
</Table>