<?xml version = '1.0' encoding = 'UTF-8'?>
<Table class="oracle.dbtools.crest.model.design.relational.Table" directorySegmentName="seg_0" id="75F1FF20-B85E-8415-A2D7-B93E9BC4F36C" name="postal_code">
<createdBy>marinfotache</createdBy>
<createdTime>2018-10-25 18:43:26 UTC</createdTime>
<generatorID>08E3BC06-4CF9-936A-D8B8-E4C6434B4779</generatorID>
<ownerDesignName>sales_1</ownerDesignName>
<allowColumnReorder>false</allowColumnReorder>
<existDependencyGenerateInDDl>true</existDependencyGenerateInDDl>
<parsed>true</parsed>
<columns itemClass="oracle.dbtools.crest.model.design.relational.Column">
<Column name="post_code" id="3DC7FBE6-38D5-FB35-70F2-CDAA26710D14">
<createdBy>marinfotache</createdBy>
<createdTime>2018-10-25 18:43:26 UTC</createdTime>
<generatorID>4CBD0F28-4E0B-A80F-044C-813457777C50</generatorID>
<ownerDesignName>sales_1</ownerDesignName>
<constraintName>ck_codpost</constraintName>
<useDomainConstraints>false</useDomainConstraints>
<use>1</use>
<logicalDatatype>LOGDT025</logicalDatatype>
<dataTypeSize>6</dataTypeSize>
<checkConstraint>
<implementationDef dbType="Oracle Database 10g" definition="codpost=LTRIM(codpost)"/>
</checkConstraint>
<ownDataTypeParameters>6,,</ownDataTypeParameters>
<autoIncrementCycle>false</autoIncrementCycle>
</Column>
<Column name="town" id="4EF68C43-61FB-65E0-1E05-C2385592F3A1">
<createdBy>marinfotache</createdBy>
<createdTime>2018-10-25 18:43:26 UTC</createdTime>
<generatorID>85B145CA-7A6F-F849-F42A-544F24755CE7</generatorID>
<ownerDesignName>sales_1</ownerDesignName>
<constraintName>nn_loc</constraintName>
<useDomainConstraints>false</useDomainConstraints>
<use>1</use>
<logicalDatatype>LOGDT037</logicalDatatype>
<dataTypeSize>75</dataTypeSize>
<checkConstraint>
<implementationDef dbType="Oracle Database 10g" definition="loc=LTRIM(INITCAP(loc))"/>
</checkConstraint>
<ownDataTypeParameters>75,,</ownDataTypeParameters>
<autoIncrementCycle>false</autoIncrementCycle>
</Column>
<Column name="county_code" id="0F2AD0AD-1485-8F18-BBC8-58B93A8234F4">
<createdBy>marinfotache</createdBy>
<createdTime>2018-10-25 18:43:26 UTC</createdTime>
<generatorID>E467490A-45E9-A67D-FF34-0EE1D55B76F6</generatorID>
<ownerDesignName>sales_1</ownerDesignName>
<useDomainConstraints>false</useDomainConstraints>
<use>1</use>
<logicalDatatype>LOGDT025</logicalDatatype>
<dataTypeSize>2</dataTypeSize>
<ownDataTypeParameters>,,</ownDataTypeParameters>
<previousColumn>false</previousColumn>
<autoIncrementCycle>false</autoIncrementCycle>
<associations>
<colAssociation fkAssociation="3CDEB91D-7C68-87DC-2648-62C26FD2BA70" referredColumn="68E3F001-83C1-0BD4-E7B5-365C727258E4"/>
</associations>
</Column>
</columns>
<indexes itemClass="oracle.dbtools.crest.model.design.relational.Index">
<ind_PK_UK id="8B7433A2-D97B-B427-E33B-2731F9A9CEAA" name="postal_codes__pk">
<createdBy>marinfotache</createdBy>
<createdTime>2018-10-25 18:43:26 UTC</createdTime>
<generatorID>35CD679C-AB1F-11CA-0A46-1BA47C75B313</generatorID>
<ownerDesignName>sales_1</ownerDesignName>
<pk>true</pk>
<indexState>Primary Constraint</indexState>
<isSurrogateKey>false</isSurrogateKey>
<indexColumnUsage>
<colUsage columnID="3DC7FBE6-38D5-FB35-70F2-CDAA26710D14"/>
</indexColumnUsage>
</ind_PK_UK>
<ind_PK_UK id="5EA48E13-CEEA-297B-8D27-32E55D59943F" name="has_defined">
<createdBy>marinfotache</createdBy>
<createdTime>2018-10-25 18:43:26 UTC</createdTime>
<generatorID>D42DE3C4-CE63-CA76-6A11-59ADAADC375E</generatorID>
<ownerDesignName>sales_1</ownerDesignName>
<indexState>Foreign Key</indexState>
<isSurrogateKey>false</isSurrogateKey>
<indexColumnUsage>
<colUsage columnID="0F2AD0AD-1485-8F18-BBC8-58B93A8234F4"/>
</indexColumnUsage>
</ind_PK_UK>
</indexes>
</Table>