<?xml version = '1.0' encoding = 'UTF-8'?>
<Table class="oracle.dbtools.crest.model.design.relational.Table" directorySegmentName="seg_0" id="870C29F9-5D4B-1350-E65A-69FEE64A4763" name="contact">
<createdBy>marinfotache</createdBy>
<createdTime>2018-10-25 18:43:26 UTC</createdTime>
<generatorID>B5901E4F-FE16-8497-C6FA-77254367AE09</generatorID>
<ownerDesignName>sales_1</ownerDesignName>
<allowColumnReorder>false</allowColumnReorder>
<existDependencyGenerateInDDl>true</existDependencyGenerateInDDl>
<parsed>true</parsed>
<columns itemClass="oracle.dbtools.crest.model.design.relational.Column">
<Column name="cust_id" id="861E154C-7570-1D05-EA33-6DE9F19ABC48">
<createdBy>marinfotache</createdBy>
<createdTime>2018-10-25 18:43:26 UTC</createdTime>
<generatorID>73794A30-CD37-0D4D-533E-6B427D4EA48B</generatorID>
<ownerDesignName>sales_1</ownerDesignName>
<useDomainConstraints>false</useDomainConstraints>
<use>1</use>
<logicalDatatype>LOGDT011</logicalDatatype>
<ownDataTypeParameters>,,</ownDataTypeParameters>
<previousColumn>false</previousColumn>
<autoIncrementCycle>false</autoIncrementCycle>
<associations>
<colAssociation fkAssociation="898ED034-38B5-E89A-ECAD-1E57849FC017" referredColumn="ECEF96D3-E7F7-EB0D-655C-488BC4ED6CFE"/>
</associations>
</Column>
<Column name="position" id="C78869B0-1D2C-BC08-28F4-88774AC7854B">
<createdBy>marinfotache</createdBy>
<createdTime>2018-10-25 18:43:26 UTC</createdTime>
<generatorID>4B37ADE0-FD0E-03AF-E06D-95652CCDFBC7</generatorID>
<ownerDesignName>sales_1</ownerDesignName>
<constraintName>ck_functie</constraintName>
<useDomainConstraints>false</useDomainConstraints>
<use>1</use>
<logicalDatatype>LOGDT037</logicalDatatype>
<dataTypeSize>50</dataTypeSize>
<checkConstraint>
<implementationDef dbType="Oracle Database 10g" definition="SUBSTR(functie,1,1) = UPPER(SUBSTR(functie,1,1))"/>
</checkConstraint>
<ownDataTypeParameters>50,,</ownDataTypeParameters>
<autoIncrementCycle>false</autoIncrementCycle>
</Column>
<Column name="pers_id" id="840328D6-6A22-DF0D-B066-A578BF070C99">
<createdBy>marinfotache</createdBy>
<createdTime>2018-10-25 18:43:26 UTC</createdTime>
<generatorID>B5C8C18F-DC22-9889-3967-C807BEEED585</generatorID>
<ownerDesignName>sales_1</ownerDesignName>
<useDomainConstraints>false</useDomainConstraints>
<use>1</use>
<logicalDatatype>LOGDT011</logicalDatatype>
<ownDataTypeParameters>,,</ownDataTypeParameters>
<previousColumn>false</previousColumn>
<autoIncrementCycle>false</autoIncrementCycle>
<associations>
<colAssociation fkAssociation="BF67B39C-01E8-B868-7D6B-9566D1E68A44" referredColumn="84C7355D-8F42-1ECA-5A25-84F91C500933"/>
</associations>
</Column>
</columns>
<indexes itemClass="oracle.dbtools.crest.model.design.relational.Index">
<ind_PK_UK id="6F89040C-9C36-77C4-A814-0BFB0B449A43" name="contacts_pk">
<createdBy>marinfotache</createdBy>
<createdTime>2018-10-25 18:43:26 UTC</createdTime>
<generatorID>BF91D145-C35E-82EA-E981-BA2DF0FBC233</generatorID>
<ownerDesignName>sales_1</ownerDesignName>
<pk>true</pk>
<indexState>Primary Constraint</indexState>
<isSurrogateKey>false</isSurrogateKey>
<indexColumnUsage>
<colUsage columnID="861E154C-7570-1D05-EA33-6DE9F19ABC48"/>
<colUsage columnID="C78869B0-1D2C-BC08-28F4-88774AC7854B"/>
<colUsage columnID="840328D6-6A22-DF0D-B066-A578BF070C99"/>
</indexColumnUsage>
</ind_PK_UK>
<ind_PK_UK id="DBD9689A-9DAD-A074-0BDF-B84CCEEDB2D8" name="is_represented_by">
<createdBy>marinfotache</createdBy>
<createdTime>2018-10-25 18:43:26 UTC</createdTime>
<generatorID>C8A70461-C856-4D8C-9F97-C9F252DDEE62</generatorID>
<ownerDesignName>sales_1</ownerDesignName>
<indexState>Foreign Key</indexState>
<isSurrogateKey>false</isSurrogateKey>
<indexColumnUsage>
<colUsage columnID="861E154C-7570-1D05-EA33-6DE9F19ABC48"/>
</indexColumnUsage>
</ind_PK_UK>
<ind_PK_UK id="6F1FA909-68AD-8B1D-715B-A6FEBB337613" name="represents_">
<createdBy>marinfotache</createdBy>
<createdTime>2018-10-25 18:43:26 UTC</createdTime>
<generatorID>6F42A286-0894-7836-2315-203EE65990C9</generatorID>
<ownerDesignName>sales_1</ownerDesignName>
<indexState>Foreign Key</indexState>
<isSurrogateKey>false</isSurrogateKey>
<indexColumnUsage>
<colUsage columnID="840328D6-6A22-DF0D-B066-A578BF070C99"/>
</indexColumnUsage>
</ind_PK_UK>
</indexes>
</Table>