<?xml version = '1.0' encoding = 'UTF-8'?>
<Table class="oracle.dbtools.crest.model.design.relational.Table" directorySegmentName="seg_0" id="DE86BD2D-2CDD-E5AA-089B-BBD56632E043" name="person">
<createdBy>marinfotache</createdBy>
<createdTime>2018-10-25 18:43:26 UTC</createdTime>
<generatorID>42A4EF6E-85D7-F909-8C66-C3CB408774D5</generatorID>
<ownerDesignName>sales_1</ownerDesignName>
<allowColumnReorder>false</allowColumnReorder>
<existDependencyGenerateInDDl>true</existDependencyGenerateInDDl>
<parsed>true</parsed>
<columns itemClass="oracle.dbtools.crest.model.design.relational.Column">
<Column name="pers_id" id="84C7355D-8F42-1ECA-5A25-84F91C500933">
<createdBy>marinfotache</createdBy>
<createdTime>2018-10-25 18:43:26 UTC</createdTime>
<generatorID>42B177E8-B3B3-4EF4-28FD-46D0AD056E15</generatorID>
<ownerDesignName>sales_1</ownerDesignName>
<useDomainConstraints>false</useDomainConstraints>
<use>1</use>
<logicalDatatype>LOGDT011</logicalDatatype>
<ownDataTypeParameters>,,</ownDataTypeParameters>
<autoIncrementCycle>false</autoIncrementCycle>
</Column>
<Column name="pers_national_code" id="4ABF6900-0006-49FF-F5F2-203326B30DA6">
<createdBy>marinfotache</createdBy>
<createdTime>2018-10-25 18:43:26 UTC</createdTime>
<generatorID>95D8A25D-B5F8-B40B-CB8F-1342EAD2D5EB</generatorID>
<ownerDesignName>sales_1</ownerDesignName>
<constraintName>ck_pers_national_code</constraintName>
<useDomainConstraints>false</useDomainConstraints>
<use>1</use>
<logicalDatatype>LOGDT025</logicalDatatype>
<dataTypeSize>13</dataTypeSize>
<checkConstraint>
<implementationDef dbType="Oracle Database 10g" definition="cnp=LTRIM(UPPER(cnp))"/>
</checkConstraint>
<ownDataTypeParameters>13,,</ownDataTypeParameters>
<autoIncrementCycle>false</autoIncrementCycle>
</Column>
<Column name="pers_family_name" id="305B7957-21A6-1CC6-2DDB-316CC03A24FD">
<createdBy>marinfotache</createdBy>
<createdTime>2018-10-25 18:43:26 UTC</createdTime>
<generatorID>E04B4E4C-06FE-F8C8-A0C4-D64DDBB90505</generatorID>
<ownerDesignName>sales_1</ownerDesignName>
<constraintName>ck_nume</constraintName>
<useDomainConstraints>false</useDomainConstraints>
<use>1</use>
<logicalDatatype>LOGDT037</logicalDatatype>
<dataTypeSize>75 CHAR</dataTypeSize>
<checkConstraint>
<implementationDef dbType="Oracle Database 10g" definition="nume=LTRIM(INITCAP(nume))"/>
</checkConstraint>
<ownDataTypeParameters>75 CHAR,,</ownDataTypeParameters>
<autoIncrementCycle>false</autoIncrementCycle>
</Column>
<Column name="pers_first_name" id="6F5FBA74-B4E3-3F60-CB3F-130631142007">
<createdBy>marinfotache</createdBy>
<createdTime>2018-10-25 18:43:26 UTC</createdTime>
<generatorID>03ABD381-0B66-A00F-21BF-710D28A384AB</generatorID>
<ownerDesignName>sales_1</ownerDesignName>
<constraintName>ck_prenume</constraintName>
<useDomainConstraints>false</useDomainConstraints>
<use>1</use>
<logicalDatatype>LOGDT037</logicalDatatype>
<dataTypeSize>50</dataTypeSize>
<checkConstraint>
<implementationDef dbType="Oracle Database 10g" definition="prenume=LTRIM(INITCAP(prenume))"/>
</checkConstraint>
<ownDataTypeParameters>50,,</ownDataTypeParameters>
<autoIncrementCycle>false</autoIncrementCycle>
</Column>
<Column name="pers_address" id="6C17D945-A61A-2A9C-265A-87DDECD68621">
<createdBy>marinfotache</createdBy>
<createdTime>2018-10-25 18:43:26 UTC</createdTime>
<generatorID>50FFDECF-BE6E-0D58-B7F2-14A02659DCBC</generatorID>
<ownerDesignName>sales_1</ownerDesignName>
<constraintName>ck_adresa_persoane</constraintName>
<nullsAllowed>true</nullsAllowed>
<useDomainConstraints>false</useDomainConstraints>
<use>1</use>
<logicalDatatype>LOGDT037</logicalDatatype>
<dataTypeSize>100 CHAR</dataTypeSize>
<checkConstraint>
<implementationDef dbType="Oracle Database 10g" definition="SUBSTR(adresa,1,1) = UPPER(SUBSTR(adresa,1,1))"/>
</checkConstraint>
<ownDataTypeParameters>100 CHAR,,</ownDataTypeParameters>
<autoIncrementCycle>false</autoIncrementCycle>
</Column>
<Column name="pers_genre" id="557B66D2-B66B-038D-D3D7-CCC70B268291">
<createdBy>marinfotache</createdBy>
<createdTime>2018-10-25 18:43:26 UTC</createdTime>
<generatorID>296CEA97-88BB-F4A8-4E44-FDD98FDCC806</generatorID>
<ownerDesignName>sales_1</ownerDesignName>
<constraintName>CK_SEX</constraintName>
<useDomainConstraints>false</useDomainConstraints>
<use>1</use>
<logicalDatatype>LOGDT025</logicalDatatype>
<dataTypeSize>1</dataTypeSize>
<checkConstraint>
<implementationDef dbType="Oracle Database 10g" definition="SEX IN (&apos;F&apos;,&apos;B&apos;)"/>
</checkConstraint>
<defaultValue>&apos;B&apos;</defaultValue>
<ownDataTypeParameters>1,,</ownDataTypeParameters>
<autoIncrementCycle>false</autoIncrementCycle>
</Column>
<Column name="post_code" id="72101F6E-DB9F-D103-D52D-F6B9FEAD85B0">
<createdBy>marinfotache</createdBy>
<createdTime>2018-10-25 18:43:26 UTC</createdTime>
<generatorID>A734DE4C-0A66-A877-1A84-FB910E38014A</generatorID>
<ownerDesignName>sales_1</ownerDesignName>
<nullsAllowed>true</nullsAllowed>
<useDomainConstraints>false</useDomainConstraints>
<use>1</use>
<logicalDatatype>LOGDT025</logicalDatatype>
<dataTypeSize>6</dataTypeSize>
<ownDataTypeParameters>,,</ownDataTypeParameters>
<previousColumn>false</previousColumn>
<autoIncrementCycle>false</autoIncrementCycle>
<associations>
<colAssociation fkAssociation="EEFEB3C5-3887-B1D7-9E9A-EA174FDB318D" referredColumn="3DC7FBE6-38D5-FB35-70F2-CDAA26710D14"/>
</associations>
</Column>
<Column name="home_phone" id="E6787B54-5DE6-7B59-4DAE-A579DFAE4AF8">
<createdBy>marinfotache</createdBy>
<createdTime>2018-10-25 18:43:26 UTC</createdTime>
<generatorID>1951253C-A7FE-A00D-DD3D-DCCF6AC482F5</generatorID>
<ownerDesignName>sales_1</ownerDesignName>
<nullsAllowed>true</nullsAllowed>
<useDomainConstraints>false</useDomainConstraints>
<use>1</use>
<logicalDatatype>LOGDT025</logicalDatatype>
<dataTypeSize>10</dataTypeSize>
<ownDataTypeParameters>10,,</ownDataTypeParameters>
<autoIncrementCycle>false</autoIncrementCycle>
</Column>
<Column name="office_phine" id="04F992AC-4B98-034F-AA65-8095B2D940E4">
<createdBy>marinfotache</createdBy>
<createdTime>2018-10-25 18:43:26 UTC</createdTime>
<generatorID>CD4A64AB-132C-B2C5-01AA-E2F05A8BEDDB</generatorID>
<ownerDesignName>sales_1</ownerDesignName>
<nullsAllowed>true</nullsAllowed>
<useDomainConstraints>false</useDomainConstraints>
<use>1</use>
<logicalDatatype>LOGDT025</logicalDatatype>
<dataTypeSize>10</dataTypeSize>
<ownDataTypeParameters>10,,</ownDataTypeParameters>
<autoIncrementCycle>false</autoIncrementCycle>
</Column>
<Column name="mobile_phone" id="E6414AD1-7DBD-90C2-AB78-CBA9E4A8654C">
<createdBy>marinfotache</createdBy>
<createdTime>2018-10-25 18:43:26 UTC</createdTime>
<generatorID>81114D74-ACE3-CF24-8CDA-17C8445025AC</generatorID>
<ownerDesignName>sales_1</ownerDesignName>
<nullsAllowed>true</nullsAllowed>
<useDomainConstraints>false</useDomainConstraints>
<use>1</use>
<logicalDatatype>LOGDT025</logicalDatatype>
<dataTypeSize>10</dataTypeSize>
<ownDataTypeParameters>10,,</ownDataTypeParameters>
<autoIncrementCycle>false</autoIncrementCycle>
</Column>
<Column name="pers_email" id="BA92D8A3-923B-B5F0-6017-5B7BEEF36A9B">
<createdBy>marinfotache</createdBy>
<createdTime>2018-10-25 18:43:26 UTC</createdTime>
<generatorID>60A79B74-9D30-DE8A-5265-1241113732F1</generatorID>
<ownerDesignName>sales_1</ownerDesignName>
<nullsAllowed>true</nullsAllowed>
<useDomainConstraints>false</useDomainConstraints>
<use>1</use>
<logicalDatatype>LOGDT024</logicalDatatype>
<dataTypeSize>50</dataTypeSize>
<ownDataTypeParameters>50,,</ownDataTypeParameters>
<autoIncrementCycle>false</autoIncrementCycle>
</Column>
<Column name="office_email" id="6700DC24-401D-10A7-A74D-50A4F0C5E554">
<createdBy>marinfotache</createdBy>
<createdTime>2018-10-25 18:43:26 UTC</createdTime>
<generatorID>6D139426-E347-1C77-9A8F-2033A12C0566</generatorID>
<ownerDesignName>sales_1</ownerDesignName>
<nullsAllowed>true</nullsAllowed>
<useDomainConstraints>false</useDomainConstraints>
<use>1</use>
<logicalDatatype>LOGDT024</logicalDatatype>
<dataTypeSize>75</dataTypeSize>
<ownDataTypeParameters>75,,</ownDataTypeParameters>
<autoIncrementCycle>false</autoIncrementCycle>
</Column>
</columns>
<indexes itemClass="oracle.dbtools.crest.model.design.relational.Index">
<ind_PK_UK id="AABF5A06-E46F-9923-9D72-F4DAB7BD56A6" name="pers__pk">
<createdBy>marinfotache</createdBy>
<createdTime>2018-10-25 18:43:26 UTC</createdTime>
<generatorID>B66462AC-8968-44C6-1CDF-D5FEDBCB8AAB</generatorID>
<ownerDesignName>sales_1</ownerDesignName>
<pk>true</pk>
<indexState>Primary Constraint</indexState>
<isSurrogateKey>false</isSurrogateKey>
<indexColumnUsage>
<colUsage columnID="84C7355D-8F42-1ECA-5A25-84F91C500933"/>
</indexColumnUsage>
</ind_PK_UK>
<ind_PK_UK id="F4AF9D43-4C35-8593-23C0-208A684167B4" name="un_national_code">
<createdBy>marinfotache</createdBy>
<createdTime>2018-10-25 18:43:26 UTC</createdTime>
<generatorID>63710710-FB9C-666B-BDB9-5E52EE13CE46</generatorID>
<ownerDesignName>sales_1</ownerDesignName>
<indexState>Unique Constraint</indexState>
<isSurrogateKey>false</isSurrogateKey>
<indexColumnUsage>
<colUsage columnID="4ABF6900-0006-49FF-F5F2-203326B30DA6"/>
</indexColumnUsage>
</ind_PK_UK>
<ind_PK_UK id="5CD64954-A2CB-5DD1-140B-D9E5BA77EDBD" name="identifies_town_of">
<createdBy>marinfotache</createdBy>
<createdTime>2018-10-25 18:43:26 UTC</createdTime>
<generatorID>8C1FC7B8-6660-31CC-55EE-8BE19F7D8F4F</generatorID>
<ownerDesignName>sales_1</ownerDesignName>
<indexState>Foreign Key</indexState>
<isSurrogateKey>false</isSurrogateKey>
<indexColumnUsage>
<colUsage columnID="72101F6E-DB9F-D103-D52D-F6B9FEAD85B0"/>
</indexColumnUsage>
</ind_PK_UK>
</indexes>
</Table>