<?xml version = '1.0' encoding = 'UTF-8'?>
<Table class="oracle.dbtools.crest.model.design.relational.Table" directorySegmentName="seg_0" id="37D48CD1-648F-F693-4433-E0B23CCD6EC3" name="subordination">
<createdBy>marinfotache</createdBy>
<createdTime>2018-11-03 05:31:32 UTC</createdTime>
<generatorID>6B13F4F6-76DA-ED4E-331A-25BA2E073417</generatorID>
<ownerDesignName>08a_basic_tree</ownerDesignName>
<allowColumnReorder>false</allowColumnReorder>
<existDependencyGenerateInDDl>true</existDependencyGenerateInDDl>
<parsed>true</parsed>
<columns itemClass="oracle.dbtools.crest.model.design.relational.Column">
<Column name="subordination_id" id="27C08020-EE41-EF03-F1E9-94A4304638AC">
<createdBy>marinfotache</createdBy>
<createdTime>2018-11-03 05:31:32 UTC</createdTime>
<generatorID>5D67F8FC-5A3F-8B08-C153-819E9974AD44</generatorID>
<ownerDesignName>08a_basic_tree</ownerDesignName>
<useDomainConstraints>false</useDomainConstraints>
<use>1</use>
<logicalDatatype>LOGDT011</logicalDatatype>
<ownDataTypeParameters>,,</ownDataTypeParameters>
<autoIncrementCycle>false</autoIncrementCycle>
</Column>
<Column name="dt_start" id="05F1AB01-DFE9-E6C8-40FE-B74971E2B28B">
<createdBy>marinfotache</createdBy>
<createdTime>2018-11-03 05:31:32 UTC</createdTime>
<generatorID>0E25D864-4DE2-704E-086B-0EAF57015CBC</generatorID>
<ownerDesignName>08a_basic_tree</ownerDesignName>
<useDomainConstraints>false</useDomainConstraints>
<use>1</use>
<logicalDatatype>LOGDT047</logicalDatatype>
<ownDataTypeParameters>,,</ownDataTypeParameters>
<autoIncrementCycle>false</autoIncrementCycle>
</Column>
<Column name="st_stop" id="6599386A-B1A7-43E0-9547-05E40D4C5DC2">
<createdBy>marinfotache</createdBy>
<createdTime>2018-11-03 05:31:32 UTC</createdTime>
<generatorID>63EC02D3-E98F-FBCA-9405-F772F2C59101</generatorID>
<ownerDesignName>08a_basic_tree</ownerDesignName>
<nullsAllowed>true</nullsAllowed>
<useDomainConstraints>false</useDomainConstraints>
<use>1</use>
<logicalDatatype>LOGDT047</logicalDatatype>
<ownDataTypeParameters>,,</ownDataTypeParameters>
<autoIncrementCycle>false</autoIncrementCycle>
</Column>
<Column name="comments" id="E2985AE8-70F0-37E2-A08A-1791C23D3A0C">
<createdBy>marinfotache</createdBy>
<createdTime>2018-11-03 05:31:32 UTC</createdTime>
<generatorID>51450A37-4458-A35B-BDE3-6F4AB44D08A2</generatorID>
<ownerDesignName>08a_basic_tree</ownerDesignName>
<nullsAllowed>true</nullsAllowed>
<useDomainConstraints>false</useDomainConstraints>
<use>1</use>
<logicalDatatype>LOGDT037</logicalDatatype>
<dataTypeSize>100</dataTypeSize>
<ownDataTypeParameters>100,,</ownDataTypeParameters>
<autoIncrementCycle>false</autoIncrementCycle>
</Column>
<Column name="node_node_id" id="722A9BB2-40F4-052E-2B26-11974772A16B">
<createdBy>marinfotache</createdBy>
<createdTime>2018-11-03 05:31:32 UTC</createdTime>
<generatorID>0F3B1CA7-8503-DEFC-5845-A7886B616015</generatorID>
<ownerDesignName>08a_basic_tree</ownerDesignName>
<useDomainConstraints>false</useDomainConstraints>
<use>1</use>
<logicalDatatype>LOGDT011</logicalDatatype>
<ownDataTypeParameters>,,</ownDataTypeParameters>
<previousColumn>false</previousColumn>
<autoIncrementCycle>false</autoIncrementCycle>
<associations>
<colAssociation fkAssociation="9B771541-D804-62F8-5787-1B084E10390E" referredColumn="F8C3D8B6-1F49-77B7-0B60-0C9B5BE17666"/>
</associations>
</Column>
<Column name="node_node_id1" id="4E16D28A-730F-8359-77A5-F86288AA25D8">
<createdBy>marinfotache</createdBy>
<createdTime>2018-11-03 05:31:32 UTC</createdTime>
<generatorID>97E19DA2-8C9F-43CE-C7E6-694C27C270A3</generatorID>
<ownerDesignName>08a_basic_tree</ownerDesignName>
<useDomainConstraints>false</useDomainConstraints>
<use>1</use>
<logicalDatatype>LOGDT011</logicalDatatype>
<ownDataTypeParameters>,,</ownDataTypeParameters>
<previousColumn>false</previousColumn>
<autoIncrementCycle>false</autoIncrementCycle>
<associations>
<colAssociation fkAssociation="48E13B47-46E0-ACE1-E2E1-DA440E8A56A8" referredColumn="F8C3D8B6-1F49-77B7-0B60-0C9B5BE17666"/>
</associations>
</Column>
</columns>
<indexes itemClass="oracle.dbtools.crest.model.design.relational.Index">
<ind_PK_UK id="8ECFADD0-3986-AB68-5FB9-182D4D0B7F12" name="subordination_PK">
<createdBy>marinfotache</createdBy>
<createdTime>2018-11-03 05:31:32 UTC</createdTime>
<generatorID>E7802180-AF4A-4CDD-AC36-6447854981CE</generatorID>
<ownerDesignName>08a_basic_tree</ownerDesignName>
<pk>true</pk>
<indexState>Primary Constraint</indexState>
<isSurrogateKey>false</isSurrogateKey>
<indexColumnUsage>
<colUsage columnID="27C08020-EE41-EF03-F1E9-94A4304638AC"/>
</indexColumnUsage>
</ind_PK_UK>
<ind_PK_UK id="C678F893-4ED2-EBE4-1F4C-3E9E5D24343F" name="subordination__IDX">
<createdBy>marinfotache</createdBy>
<createdTime>2018-11-03 05:31:32 UTC</createdTime>
<ownerDesignName>08a_basic_tree</ownerDesignName>
<indexState>Unique Plain Index</indexState>
<isSurrogateKey>false</isSurrogateKey>
<relationGeneratorID>028FBF69-D019-900F-03CF-ADFBB99D81BC</relationGeneratorID>
<indexColumnUsage>
<colUsage columnID="4E16D28A-730F-8359-77A5-F86288AA25D8"/>
</indexColumnUsage>
</ind_PK_UK>
<ind_PK_UK id="8DF16F7E-1180-58C0-D479-DF6E2D32C170" name="subordination_node_FK">
<createdBy>marinfotache</createdBy>
<createdTime>2018-11-03 05:31:32 UTC</createdTime>
<generatorID>B4173E1E-F578-6A72-B3A3-9210D4F76136</generatorID>
<ownerDesignName>08a_basic_tree</ownerDesignName>
<indexState>Foreign Key</indexState>
<isSurrogateKey>false</isSurrogateKey>
<indexColumnUsage>
<colUsage columnID="722A9BB2-40F4-052E-2B26-11974772A16B"/>
</indexColumnUsage>
</ind_PK_UK>
<ind_PK_UK id="6D13227B-F8EA-D3C1-13D7-FEE377F030C0" name="subordination_node_FKv2">
<createdBy>marinfotache</createdBy>
<createdTime>2018-11-03 05:31:32 UTC</createdTime>
<generatorID>028FBF69-D019-900F-03CF-ADFBB99D81BC</generatorID>
<ownerDesignName>08a_basic_tree</ownerDesignName>
<indexState>Foreign Key</indexState>
<isSurrogateKey>false</isSurrogateKey>
<indexColumnUsage>
<colUsage columnID="4E16D28A-730F-8359-77A5-F86288AA25D8"/>
</indexColumnUsage>
</ind_PK_UK>
</indexes>
</Table>