<?xml version = '1.0' encoding = 'UTF-8'?>
<Table class="oracle.dbtools.crest.model.design.relational.Table" directorySegmentName="seg_0" id="DB94F827-8877-C70A-2E0D-58193466AA90" name="node">
<createdBy>marinfotache</createdBy>
<createdTime>2018-11-03 05:31:32 UTC</createdTime>
<generatorID>111CD7AD-8259-DCAD-758B-B49FB04568BA</generatorID>
<ownerDesignName>08a_basic_tree</ownerDesignName>
<allowColumnReorder>false</allowColumnReorder>
<existDependencyGenerateInDDl>true</existDependencyGenerateInDDl>
<parsed>true</parsed>
<columns itemClass="oracle.dbtools.crest.model.design.relational.Column">
<Column name="node_id" id="F8C3D8B6-1F49-77B7-0B60-0C9B5BE17666">
<createdBy>marinfotache</createdBy>
<createdTime>2018-11-03 05:31:32 UTC</createdTime>
<generatorID>D639822F-1AC6-6948-A0CF-560288CE22F2</generatorID>
<ownerDesignName>08a_basic_tree</ownerDesignName>
<useDomainConstraints>false</useDomainConstraints>
<use>1</use>
<logicalDatatype>LOGDT011</logicalDatatype>
<ownDataTypeParameters>,,</ownDataTypeParameters>
<autoIncrementCycle>false</autoIncrementCycle>
</Column>
<Column name="node_name" id="8453F8BE-1265-C070-2844-AAE307AC9AD1">
<createdBy>marinfotache</createdBy>
<createdTime>2018-11-03 05:31:32 UTC</createdTime>
<generatorID>D7B5B305-0D43-BD65-EC7F-11BBF769256E</generatorID>
<ownerDesignName>08a_basic_tree</ownerDesignName>
<useDomainConstraints>false</useDomainConstraints>
<use>1</use>
<logicalDatatype>LOGDT037</logicalDatatype>
<dataTypeSize>50</dataTypeSize>
<ownDataTypeParameters>50,,</ownDataTypeParameters>
<autoIncrementCycle>false</autoIncrementCycle>
</Column>
<Column name="start_date" id="C0C755B5-75B1-B658-05A8-0BE2787D60DA">
<createdBy>marinfotache</createdBy>
<createdTime>2018-11-03 05:31:32 UTC</createdTime>
<generatorID>7734F059-64EB-E33B-87F6-2E701531F5DB</generatorID>
<ownerDesignName>08a_basic_tree</ownerDesignName>
<nullsAllowed>true</nullsAllowed>
<useDomainConstraints>false</useDomainConstraints>
<use>1</use>
<logicalDatatype>LOGDT047</logicalDatatype>
<ownDataTypeParameters>,,</ownDataTypeParameters>
<autoIncrementCycle>false</autoIncrementCycle>
</Column>
<Column name="stop_date" id="D36C7809-A9EF-56EA-8538-32C4A282FC56">
<createdBy>marinfotache</createdBy>
<createdTime>2018-11-03 05:31:32 UTC</createdTime>
<generatorID>C997AAE7-E2D3-1647-E317-C4F608851967</generatorID>
<ownerDesignName>08a_basic_tree</ownerDesignName>
<nullsAllowed>true</nullsAllowed>
<useDomainConstraints>false</useDomainConstraints>
<use>1</use>
<logicalDatatype>LOGDT047</logicalDatatype>
<ownDataTypeParameters>,,</ownDataTypeParameters>
<autoIncrementCycle>false</autoIncrementCycle>
</Column>
<Column name="comments" id="B95EC882-7140-087D-6588-D8B02F368C15">
<createdBy>marinfotache</createdBy>
<createdTime>2018-11-03 05:31:32 UTC</createdTime>
<generatorID>10600354-A719-D7D6-777E-368E7ED6C159</generatorID>
<ownerDesignName>08a_basic_tree</ownerDesignName>
<nullsAllowed>true</nullsAllowed>
<useDomainConstraints>false</useDomainConstraints>
<use>1</use>
<logicalDatatype>LOGDT037</logicalDatatype>
<dataTypeSize>100</dataTypeSize>
<ownDataTypeParameters>100,,</ownDataTypeParameters>
<autoIncrementCycle>false</autoIncrementCycle>
</Column>
<Column name="is_leaf" id="19E4773C-9CA5-1BD3-B2A4-1A6A883269A7">
<createdBy>marinfotache</createdBy>
<createdTime>2018-11-03 05:31:32 UTC</createdTime>
<generatorID>A29D0757-C8C3-AAC2-C692-EFA20A574340</generatorID>
<ownerDesignName>08a_basic_tree</ownerDesignName>
<useDomainConstraints>false</useDomainConstraints>
<use>1</use>
<logicalDatatype>LOGDT006</logicalDatatype>
<ownDataTypeParameters>,,</ownDataTypeParameters>
<autoIncrementCycle>false</autoIncrementCycle>
</Column>
</columns>
<indexes itemClass="oracle.dbtools.crest.model.design.relational.Index">
<ind_PK_UK id="EE1B1230-F7C9-D7EE-6BA6-525DF6EE91D1" name="node_PK">
<createdBy>marinfotache</createdBy>
<createdTime>2018-11-03 05:31:32 UTC</createdTime>
<generatorID>44ECA83B-1F00-D325-C696-025CE4081BC6</generatorID>
<ownerDesignName>08a_basic_tree</ownerDesignName>
<pk>true</pk>
<indexState>Primary Constraint</indexState>
<isSurrogateKey>false</isSurrogateKey>
<indexColumnUsage>
<colUsage columnID="F8C3D8B6-1F49-77B7-0B60-0C9B5BE17666"/>
</indexColumnUsage>
</ind_PK_UK>
</indexes>
</Table>