<?xml version = '1.0' encoding = 'UTF-8'?>
<DomainFile class="oracle.dbtools.crest.model.design.DomainFileWrapper" fileName="bd_vinzari1_Domains_Domains">
   <domains>
      <Domain class="oracle.dbtools.crest.model.design.Domain" name="CHAR_0_0_6" id="0251F276-3A27-8D1C-FC3F-031DD6C18C4E">
         <createdBy>Marin F</createdBy>
         <createdTime>2011-07-11 06:49:36 UTC</createdTime>
         <ownerDesignName>sales_1_solution_2</ownerDesignName>
         <avTSortOrder>0</avTSortOrder>
         <dataTypePrecision>0</dataTypePrecision>
         <dataTypeScale>0</dataTypeScale>
         <dataTypeSize>6</dataTypeSize>
         <fileName>bd_vinzari1_Domains_Domains</fileName>
         <logicalDatatype>LOGDT025</logicalDatatype>
      </Domain>
      <Domain class="oracle.dbtools.crest.model.design.Domain" name="CHAR_0_0_2" id="03D1AFA5-6D7E-503F-9F6B-3A2873D5F093">
         <createdBy>Marin F</createdBy>
         <createdTime>2011-07-11 06:49:36 UTC</createdTime>
         <ownerDesignName>sales_1_solution_2</ownerDesignName>
         <avTSortOrder>0</avTSortOrder>
         <dataTypePrecision>0</dataTypePrecision>
         <dataTypeScale>0</dataTypeScale>
         <dataTypeSize>2</dataTypeSize>
         <fileName>bd_vinzari1_Domains_Domains</fileName>
         <logicalDatatype>LOGDT025</logicalDatatype>
      </Domain>
      <Domain class="oracle.dbtools.crest.model.design.Domain" name="VARCHAR_0_0_16" id="05440EB1-4512-0BCF-CB0F-25C8930B33B8">
         <createdBy>Marin F</createdBy>
         <createdTime>2011-07-11 06:49:36 UTC</createdTime>
         <ownerDesignName>sales_1_solution_2</ownerDesignName>
         <avTSortOrder>0</avTSortOrder>
         <dataTypePrecision>0</dataTypePrecision>
         <dataTypeScale>0</dataTypeScale>
         <dataTypeSize>16</dataTypeSize>
         <fileName>bd_vinzari1_Domains_Domains</fileName>
         <logicalDatatype>LOGDT024</logicalDatatype>
      </Domain>
      <Domain class="oracle.dbtools.crest.model.design.Domain" name="CHAR_0_0_14" id="18D9A5A1-A3DB-7A1E-DDFF-5E40A66EA2A3">
         <createdBy>Marin F</createdBy>
         <createdTime>2011-07-11 06:49:36 UTC</createdTime>
         <ownerDesignName>sales_1_solution_2</ownerDesignName>
         <avTSortOrder>0</avTSortOrder>
         <dataTypePrecision>0</dataTypePrecision>
         <dataTypeScale>0</dataTypeScale>
         <dataTypeSize>14</dataTypeSize>
         <fileName>bd_vinzari1_Domains_Domains</fileName>
         <logicalDatatype>LOGDT025</logicalDatatype>
      </Domain>
      <Domain class="oracle.dbtools.crest.model.design.Domain" name="VARCHAR_0_0_50" id="1BD089AF-4BBC-33AA-CAFB-D0137C16CC4A">
         <createdBy>Marin F</createdBy>
         <createdTime>2011-07-11 06:49:36 UTC</createdTime>
         <ownerDesignName>sales_1_solution_2</ownerDesignName>
         <avTSortOrder>0</avTSortOrder>
         <dataTypePrecision>0</dataTypePrecision>
         <dataTypeScale>0</dataTypeScale>
         <dataTypeSize>50</dataTypeSize>
         <fileName>bd_vinzari1_Domains_Domains</fileName>
         <logicalDatatype>LOGDT024</logicalDatatype>
      </Domain>
      <Domain class="oracle.dbtools.crest.model.design.Domain" name="NUMERIC_2_2_0" id="23ABA89E-B474-47BF-99E6-66AC6870B26D">
         <createdBy>Marin F</createdBy>
         <createdTime>2011-07-11 06:49:36 UTC</createdTime>
         <ownerDesignName>sales_1_solution_2</ownerDesignName>
         <avTSortOrder>0</avTSortOrder>
         <dataTypePrecision>2</dataTypePrecision>
         <dataTypeScale>2</dataTypeScale>
         <dataTypeSize>0</dataTypeSize>
         <fileName>bd_vinzari1_Domains_Domains</fileName>
         <logicalDatatype>LOGDT019</logicalDatatype>
      </Domain>
      <Domain class="oracle.dbtools.crest.model.design.Domain" name="VARCHAR_0_0_30" id="4EEF195A-0FDC-DCE3-9204-7BAAE76EC1EA">
         <createdBy>Marin F</createdBy>
         <createdTime>2011-07-11 06:49:36 UTC</createdTime>
         <ownerDesignName>sales_1_solution_2</ownerDesignName>
         <avTSortOrder>0</avTSortOrder>
         <dataTypePrecision>0</dataTypePrecision>
         <dataTypeScale>0</dataTypeScale>
         <dataTypeSize>30</dataTypeSize>
         <fileName>bd_vinzari1_Domains_Domains</fileName>
         <logicalDatatype>LOGDT024</logicalDatatype>
      </Domain>
      <Domain class="oracle.dbtools.crest.model.design.Domain" name="VARCHAR_0_0_40" id="50BB1D04-6D36-2ED7-5D2A-3C6C9003B8D6">
         <createdBy>Marin F</createdBy>
         <createdTime>2011-07-11 06:49:36 UTC</createdTime>
         <ownerDesignName>sales_1_solution_2</ownerDesignName>
         <avTSortOrder>0</avTSortOrder>
         <dataTypePrecision>0</dataTypePrecision>
         <dataTypeScale>0</dataTypeScale>
         <dataTypeSize>40</dataTypeSize>
         <fileName>bd_vinzari1_Domains_Domains</fileName>
         <logicalDatatype>LOGDT024</logicalDatatype>
      </Domain>
      <Domain class="oracle.dbtools.crest.model.design.Domain" name="Date_0_0_0" id="70C25C25-A6E8-1E3E-D1EA-32A314C1F5EA">
         <createdBy>Marin F</createdBy>
         <createdTime>2011-07-11 06:49:36 UTC</createdTime>
         <ownerDesignName>sales_1_solution_2</ownerDesignName>
         <avTSortOrder>0</avTSortOrder>
         <fileName>bd_vinzari1_Domains_Domains</fileName>
         <logicalDatatype>LOGDT007</logicalDatatype>
      </Domain>
      <Domain class="oracle.dbtools.crest.model.design.Domain" name="NUMERIC_2_0_0" id="73D0B960-1B81-D9FF-615B-7F973395B657">
         <createdBy>Marin F</createdBy>
         <createdTime>2011-07-11 06:49:36 UTC</createdTime>
         <ownerDesignName>sales_1_solution_2</ownerDesignName>
         <avTSortOrder>0</avTSortOrder>
         <dataTypePrecision>2</dataTypePrecision>
         <dataTypeScale>0</dataTypeScale>
         <dataTypeSize>0</dataTypeSize>
         <fileName>bd_vinzari1_Domains_Domains</fileName>
         <logicalDatatype>LOGDT019</logicalDatatype>
      </Domain>
      <Domain class="oracle.dbtools.crest.model.design.Domain" name="NUMERIC_8_0_0" id="7AA30625-CC66-99A5-D866-A41F0F21D52B">
         <createdBy>Marin F</createdBy>
         <createdTime>2011-07-11 06:49:36 UTC</createdTime>
         <ownerDesignName>sales_1_solution_2</ownerDesignName>
         <avTSortOrder>0</avTSortOrder>
         <dataTypePrecision>8</dataTypePrecision>
         <dataTypeScale>0</dataTypeScale>
         <dataTypeSize>0</dataTypeSize>
         <fileName>bd_vinzari1_Domains_Domains</fileName>
         <logicalDatatype>LOGDT019</logicalDatatype>
      </Domain>
      <Domain class="oracle.dbtools.crest.model.design.Domain" name="CHAR_0_0_9" id="889CCF24-5193-0C50-D59D-3AD9B1D79CE2">
         <createdBy>Marin F</createdBy>
         <createdTime>2011-07-11 06:49:36 UTC</createdTime>
         <ownerDesignName>sales_1_solution_2</ownerDesignName>
         <avTSortOrder>0</avTSortOrder>
         <dataTypePrecision>0</dataTypePrecision>
         <dataTypeScale>0</dataTypeScale>
         <dataTypeSize>9</dataTypeSize>
         <fileName>bd_vinzari1_Domains_Domains</fileName>
         <logicalDatatype>LOGDT025</logicalDatatype>
      </Domain>
      <Domain class="oracle.dbtools.crest.model.design.Domain" name="NUMERIC_6_0_0" id="8CF50D97-FAAC-D87E-F898-8717893558E6">
         <createdBy>Marin F</createdBy>
         <createdTime>2011-07-11 06:49:36 UTC</createdTime>
         <ownerDesignName>sales_1_solution_2</ownerDesignName>
         <avTSortOrder>0</avTSortOrder>
         <dataTypePrecision>6</dataTypePrecision>
         <dataTypeScale>0</dataTypeScale>
         <dataTypeSize>0</dataTypeSize>
         <fileName>bd_vinzari1_Domains_Domains</fileName>
         <logicalDatatype>LOGDT019</logicalDatatype>
      </Domain>
      <Domain class="oracle.dbtools.crest.model.design.Domain" name="CHAR_0_0_4" id="990C3B4C-63EB-2F81-BCF6-4D580A6CDE96">
         <createdBy>Marin F</createdBy>
         <createdTime>2011-07-11 06:49:36 UTC</createdTime>
         <ownerDesignName>sales_1_solution_2</ownerDesignName>
         <avTSortOrder>0</avTSortOrder>
         <dataTypePrecision>0</dataTypePrecision>
         <dataTypeScale>0</dataTypeScale>
         <dataTypeSize>4</dataTypeSize>
         <fileName>bd_vinzari1_Domains_Domains</fileName>
         <logicalDatatype>LOGDT025</logicalDatatype>
      </Domain>
      <Domain class="oracle.dbtools.crest.model.design.Domain" name="VARCHAR_0_0_20" id="A7FCBB80-99B8-F7C0-6B1B-8DC250D3A57C">
         <createdBy>Marin F</createdBy>
         <createdTime>2011-07-11 06:49:36 UTC</createdTime>
         <ownerDesignName>sales_1_solution_2</ownerDesignName>
         <avTSortOrder>0</avTSortOrder>
         <dataTypePrecision>0</dataTypePrecision>
         <dataTypeScale>0</dataTypeScale>
         <dataTypeSize>20</dataTypeSize>
         <fileName>bd_vinzari1_Domains_Domains</fileName>
         <logicalDatatype>LOGDT024</logicalDatatype>
      </Domain>
      <Domain class="oracle.dbtools.crest.model.design.Domain" name="VARCHAR_0_0_15" id="AEAB6185-CF56-354C-E721-16F7AE39BFF8">
         <createdBy>Marin F</createdBy>
         <createdTime>2011-07-11 06:49:36 UTC</createdTime>
         <ownerDesignName>sales_1_solution_2</ownerDesignName>
         <avTSortOrder>0</avTSortOrder>
         <dataTypePrecision>0</dataTypePrecision>
         <dataTypeScale>0</dataTypeScale>
         <dataTypeSize>15</dataTypeSize>
         <fileName>bd_vinzari1_Domains_Domains</fileName>
         <logicalDatatype>LOGDT024</logicalDatatype>
      </Domain>
      <Domain class="oracle.dbtools.crest.model.design.Domain" name="NUMERIC_9_2_0" id="C1C9F9F7-BFED-3B2C-ABD6-495C72F04A2C">
         <createdBy>Marin F</createdBy>
         <createdTime>2011-07-11 06:49:36 UTC</createdTime>
         <ownerDesignName>sales_1_solution_2</ownerDesignName>
         <avTSortOrder>0</avTSortOrder>
         <dataTypePrecision>9</dataTypePrecision>
         <dataTypeScale>2</dataTypeScale>
         <dataTypeSize>0</dataTypeSize>
         <fileName>bd_vinzari1_Domains_Domains</fileName>
         <logicalDatatype>LOGDT019</logicalDatatype>
      </Domain>
      <Domain class="oracle.dbtools.crest.model.design.Domain" name="VARCHAR_0_0_10" id="CC812489-B82C-9DD6-BA8B-FF678259C9D3">
         <createdBy>Marin F</createdBy>
         <createdTime>2011-07-11 06:49:36 UTC</createdTime>
         <ownerDesignName>sales_1_solution_2</ownerDesignName>
         <avTSortOrder>0</avTSortOrder>
         <dataTypePrecision>0</dataTypePrecision>
         <dataTypeScale>0</dataTypeScale>
         <dataTypeSize>10</dataTypeSize>
         <fileName>bd_vinzari1_Domains_Domains</fileName>
         <logicalDatatype>LOGDT024</logicalDatatype>
      </Domain>
      <Domain class="oracle.dbtools.crest.model.design.Domain" name="NUMERIC_16_2_0" id="D0E9545D-F717-6627-77DB-20C8991D6119">
         <createdBy>Marin F</createdBy>
         <createdTime>2011-07-11 06:49:36 UTC</createdTime>
         <ownerDesignName>sales_1_solution_2</ownerDesignName>
         <avTSortOrder>0</avTSortOrder>
         <dataTypePrecision>16</dataTypePrecision>
         <dataTypeScale>2</dataTypeScale>
         <dataTypeSize>0</dataTypeSize>
         <fileName>bd_vinzari1_Domains_Domains</fileName>
         <logicalDatatype>LOGDT019</logicalDatatype>
      </Domain>
      <Domain class="oracle.dbtools.crest.model.design.Domain" name="VARCHAR_0_0_25" id="EA3DAAE6-BDF9-3D82-E310-6CD886678D55">
         <createdBy>Marin F</createdBy>
         <createdTime>2011-07-11 06:49:36 UTC</createdTime>
         <ownerDesignName>sales_1_solution_2</ownerDesignName>
         <avTSortOrder>0</avTSortOrder>
         <dataTypePrecision>0</dataTypePrecision>
         <dataTypeScale>0</dataTypeScale>
         <dataTypeSize>25</dataTypeSize>
         <fileName>bd_vinzari1_Domains_Domains</fileName>
         <logicalDatatype>LOGDT024</logicalDatatype>
      </Domain>
      <Domain class="oracle.dbtools.crest.model.design.Domain" name="CHAR_0_0_1" id="F20E5B96-2E7B-3A0C-49FA-96FCC69F1472">
         <createdBy>Marin F</createdBy>
         <createdTime>2011-07-11 06:49:36 UTC</createdTime>
         <ownerDesignName>sales_1_solution_2</ownerDesignName>
         <avTSortOrder>0</avTSortOrder>
         <dataTypePrecision>0</dataTypePrecision>
         <dataTypeScale>0</dataTypeScale>
         <dataTypeSize>1</dataTypeSize>
         <fileName>bd_vinzari1_Domains_Domains</fileName>
         <logicalDatatype>LOGDT025</logicalDatatype>
      </Domain>
   </domains>
</DomainFile>
