<?xml version = '1.0' encoding = 'UTF-8'?>
<Diagram class="oracle.dbtools.crest.swingui.relational.DPVRelational" name="Relational_1" id="75FA9197-A4B8-4AB4-F30B-AF1A4247BBA9">
<createdBy>admin</createdBy>
<modifiedBy>admin</modifiedBy>
<createdTime>2015-10-30 15:35:11 UTC</createdTime>
<autoRoute>false</autoRoute>
<boxInbox>true</boxInbox>
<showLegend>false</showLegend>
<showLabels>false</showLabels>
<showRelAttributes>false</showRelAttributes>
<gridEnabled>false</gridEnabled>
<showGrid>false</showGrid>
<diagramColor>-1</diagramColor>
<display>false</display>
<notation>1</notation>
<objectViews>
<OView class="oracle.dbtools.crest.swingui.relational.TVTable" oid="004774D9-5156-38C9-9AED-D71C8958C8F7" otype="Table" vid="FE46F86C-1C4F-12D0-DF2E-18952E43BAC0">
<hideElementsInCurrentOnly>false</hideElementsInCurrentOnly>
<bounds x="480" y="33" width="188" height="249"/>
</OView>
<OView class="oracle.dbtools.crest.swingui.relational.TVTable" oid="23C8A48A-9D5B-C85F-0B4C-5A2A7B54A131" otype="Table" vid="0A250C2C-815C-F4A0-4E2A-549079C8164D">
<hideElementsInCurrentOnly>false</hideElementsInCurrentOnly>
<bounds x="445" y="316" width="209" height="160"/>
</OView>
<OView class="oracle.dbtools.crest.swingui.relational.TVTable" oid="3C2728EF-5FAC-EA30-273F-513F1F084CB5" otype="Table" vid="1FBD2F50-48B6-2D7C-9507-3F5331952159">
<hideElementsInCurrentOnly>false</hideElementsInCurrentOnly>
<bounds x="254" y="250" width="152" height="176"/>
</OView>
<OView class="oracle.dbtools.crest.swingui.relational.TVTable" oid="6D8EBAF1-508F-B269-19EE-B7645252F2B0" otype="Table" vid="15DD0EFE-8627-F3EE-B11E-2D7C8495B50F">
<hideElementsInCurrentOnly>false</hideElementsInCurrentOnly>
<bounds x="32" y="311" width="169" height="155"/>
</OView>
<OView class="oracle.dbtools.crest.swingui.relational.TVTable" oid="78FF5195-6424-2844-6AA5-1D09048A9638" otype="Table" vid="6F6A8B07-C3D3-F052-6D5A-47145EF5D912">
<hideElementsInCurrentOnly>false</hideElementsInCurrentOnly>
<bounds x="28" y="16" width="159" height="137"/>
</OView>
<OView class="oracle.dbtools.crest.swingui.relational.TVTable" oid="B55D4964-D629-E796-7A19-9F6EE3D8CD26" otype="Table" vid="CFD61E85-4FE3-EB15-029F-CF3AC7768B78">
<hideElementsInCurrentOnly>false</hideElementsInCurrentOnly>
<bounds x="236" y="27" width="182" height="110"/>
</OView>
<OView class="oracle.dbtools.crest.swingui.relational.TVTable" oid="B7964F8C-BA65-E9E7-3C5D-9BAC5AE90CFF" otype="Table" vid="6EEFED98-A078-845D-60F8-2931A076DACC">
<hideElementsInCurrentOnly>false</hideElementsInCurrentOnly>
<bounds x="34" y="173" width="168" height="80"/>
</OView>
</objectViews>
<connectors>
<Connector class="oracle.dbtools.crest.swingui.relational.TVFKRelation" oid="188690C7-6EA4-C9DC-1B67-88F64669BBA8" otype="FKIndexAssociation" vid_source="6EEFED98-A078-845D-60F8-2931A076DACC" vid_target="FE46F86C-1C4F-12D0-DF2E-18952E43BAC0">
<hideElementsInCurrentOnly>false</hideElementsInCurrentOnly>
<backgroundColor>-16777216</backgroundColor>
<lineWidth>1</lineWidth>
<points>
<point x="202" y="213"/>
<point x="480" y="213"/>
</points>
</Connector>
<Connector class="oracle.dbtools.crest.swingui.relational.TVFKRelation" oid="200B1D0A-7317-33C4-E7B6-C293D28DF2D8" otype="FKIndexAssociation" vid_source="CFD61E85-4FE3-EB15-029F-CF3AC7768B78" vid_target="1FBD2F50-48B6-2D7C-9507-3F5331952159">
<hideElementsInCurrentOnly>false</hideElementsInCurrentOnly>
<backgroundColor>-16777216</backgroundColor>
<lineWidth>1</lineWidth>
<points>
<point x="330" y="137"/>
<point x="330" y="250"/>
</points>
</Connector>
<Connector class="oracle.dbtools.crest.swingui.relational.TVFKRelation" oid="4485D1B0-5A1B-07DC-56F3-A2FF5A1DB74E" otype="FKIndexAssociation" vid_source="1FBD2F50-48B6-2D7C-9507-3F5331952159" vid_target="15DD0EFE-8627-F3EE-B11E-2D7C8495B50F">
<hideElementsInCurrentOnly>false</hideElementsInCurrentOnly>
<backgroundColor>-16777216</backgroundColor>
<lineWidth>1</lineWidth>
<points>
<point x="254" y="368"/>
<point x="201" y="368"/>
</points>
</Connector>
<Connector class="oracle.dbtools.crest.swingui.relational.TVFKRelation" oid="53EE6E19-46E0-4F73-9837-76ED13A9201B" otype="FKIndexAssociation" vid_source="1FBD2F50-48B6-2D7C-9507-3F5331952159" vid_target="0A250C2C-815C-F4A0-4E2A-549079C8164D">
<hideElementsInCurrentOnly>false</hideElementsInCurrentOnly>
<backgroundColor>-16777216</backgroundColor>
<lineWidth>1</lineWidth>
<points>
<point x="406" y="371"/>
<point x="445" y="371"/>
</points>
</Connector>
<Connector class="oracle.dbtools.crest.swingui.relational.TVFKRelation" oid="5805FB3A-CCA2-C951-9964-699223D5EF4E" otype="FKIndexAssociation" vid_source="CFD61E85-4FE3-EB15-029F-CF3AC7768B78" vid_target="6F6A8B07-C3D3-F052-6D5A-47145EF5D912">
<hideElementsInCurrentOnly>false</hideElementsInCurrentOnly>
<backgroundColor>-16777216</backgroundColor>
<lineWidth>1</lineWidth>
<points>
<point x="236" y="82"/>
<point x="187" y="82"/>
</points>
</Connector>
<Connector class="oracle.dbtools.crest.swingui.relational.TVFKRelation" oid="8FFF3ADC-84C4-73BA-C894-9504216582C7" otype="FKIndexAssociation" vid_source="CFD61E85-4FE3-EB15-029F-CF3AC7768B78" vid_target="FE46F86C-1C4F-12D0-DF2E-18952E43BAC0">
<hideElementsInCurrentOnly>false</hideElementsInCurrentOnly>
<backgroundColor>-16777216</backgroundColor>
<lineWidth>1</lineWidth>
<points>
<point x="418" y="100"/>
<point x="480" y="100"/>
</points>
</Connector>
<Connector class="oracle.dbtools.crest.swingui.relational.TVFKRelation" oid="97961BF5-19FC-A5CF-6031-9D9AC3369311" otype="FKIndexAssociation" vid_source="FE46F86C-1C4F-12D0-DF2E-18952E43BAC0" vid_target="0A250C2C-815C-F4A0-4E2A-549079C8164D">
<hideElementsInCurrentOnly>false</hideElementsInCurrentOnly>
<backgroundColor>-16777216</backgroundColor>
<lineWidth>1</lineWidth>
<points>
<point x="567" y="282"/>
<point x="567" y="316"/>
</points>
</Connector>
<Connector class="oracle.dbtools.crest.swingui.relational.TVFKRelation" oid="A1725B79-09AA-1A0F-369B-585B26945A06" otype="FKIndexAssociation" vid_source="CFD61E85-4FE3-EB15-029F-CF3AC7768B78" vid_target="FE46F86C-1C4F-12D0-DF2E-18952E43BAC0">
<hideElementsInCurrentOnly>false</hideElementsInCurrentOnly>
<backgroundColor>-16777216</backgroundColor>
<lineWidth>1</lineWidth>
<points>
<point x="418" y="85"/>
<point x="480" y="85"/>
</points>
</Connector>
<Connector class="oracle.dbtools.crest.swingui.relational.TVFKRelation" oid="B71E1C25-B4DA-BD60-5286-D319BE641610" otype="FKIndexAssociation" vid_source="6EEFED98-A078-845D-60F8-2931A076DACC" vid_target="15DD0EFE-8627-F3EE-B11E-2D7C8495B50F">
<hideElementsInCurrentOnly>false</hideElementsInCurrentOnly>
<backgroundColor>-16777216</backgroundColor>
<lineWidth>1</lineWidth>
<points>
<point x="117" y="253"/>
<point x="117" y="311"/>
</points>
</Connector>
<Connector class="oracle.dbtools.crest.swingui.relational.TVFKRelation" oid="EEC5CE1A-05BD-72F0-4425-96FCFAF68025" otype="FKIndexAssociation" vid_source="CFD61E85-4FE3-EB15-029F-CF3AC7768B78" vid_target="6F6A8B07-C3D3-F052-6D5A-47145EF5D912">
<hideElementsInCurrentOnly>false</hideElementsInCurrentOnly>
<backgroundColor>-16777216</backgroundColor>
<lineWidth>1</lineWidth>
<points>
<point x="236" y="92"/>
<point x="187" y="92"/>
</points>
</Connector>
</connectors>
</Diagram>