<?xml version = '1.0' encoding = 'UTF-8'?>
<Diagram class="oracle.dbtools.crest.swingui.logical.DPVLogical" name="Logical" id="FD1AAEAC-2264-8ABE-84D9-D2104E1AC047">
<createdBy>admin</createdBy>
<modifiedBy>admin</modifiedBy>
<createdTime>2015-11-10 15:44:36 UTC</createdTime>
<autoRoute>false</autoRoute>
<boxInbox>true</boxInbox>
<showLegend>false</showLegend>
<showLabels>false</showLabels>
<showRelAttributes>false</showRelAttributes>
<gridEnabled>false</gridEnabled>
<showGrid>false</showGrid>
<diagramColor>-1</diagramColor>
<display>false</display>
<notation>1</notation>
<objectViews>
<OView class="oracle.dbtools.crest.swingui.logical.TVEntity" oid="111CD7AD-8259-DCAD-758B-B49FB04568BA" otype="Entity" vid="516C4287-64E2-D2AD-D134-4CF4686D52A2">
<hideElementsInCurrentOnly>false</hideElementsInCurrentOnly>
<bounds x="296" y="62" width="190" height="139"/>
</OView>
<OView class="oracle.dbtools.crest.swingui.logical.TVEntity" oid="6B13F4F6-76DA-ED4E-331A-25BA2E073417" otype="Entity" vid="0EB190BF-6A39-0004-91C9-CCF671078CA5">
<hideElementsInCurrentOnly>false</hideElementsInCurrentOnly>
<bounds x="613" y="68" width="187" height="116"/>
</OView>
<OView class="oracle.dbtools.crest.swingui.logical.TVEntity" oid="9EA5C8F3-2AD8-7C17-9D2B-94A07FD93D64" otype="Entity" vid="6B5487DA-7FDB-C1FA-2B15-CBCF6B0F3203">
<hideElementsInCurrentOnly>false</hideElementsInCurrentOnly>
<bounds x="563" y="239" width="175" height="97"/>
</OView>
<OView class="oracle.dbtools.crest.swingui.logical.TVEntity" oid="D513F06E-8B63-1AEF-C3A3-2FD75CACA2BA" otype="Entity" vid="EB071185-91AA-239E-8D4E-28E717BE8CC3">
<hideElementsInCurrentOnly>false</hideElementsInCurrentOnly>
<bounds x="70" y="88" width="126" height="80"/>
</OView>
<OView class="oracle.dbtools.crest.swingui.logical.TVEntity" oid="DBEB5601-DE01-5BC7-3469-123803231266" otype="Entity" vid="D94F0D42-0A5B-5D3D-2C94-DFAFC2D0BCD1">
<hideElementsInCurrentOnly>false</hideElementsInCurrentOnly>
<bounds x="118" y="244" width="137" height="121"/>
</OView>
<OView class="oracle.dbtools.crest.swingui.logical.TVEntity" oid="EB50440E-AB72-B438-6DF1-39B41C053BA1" otype="Entity" vid="676A14A6-3E27-3E2E-B2EB-C0EB312BA0F8">
<hideElementsInCurrentOnly>false</hideElementsInCurrentOnly>
<bounds x="324" y="260" width="169" height="100"/>
</OView>
</objectViews>
<connectors>
<Connector class="oracle.dbtools.crest.swingui.logical.TVRelation" oid="028FBF69-D019-900F-03CF-ADFBB99D81BC" otype="Relation" vid_source="516C4287-64E2-D2AD-D134-4CF4686D52A2" vid_target="0EB190BF-6A39-0004-91C9-CCF671078CA5">
<hideElementsInCurrentOnly>false</hideElementsInCurrentOnly>
<lineWidth>1</lineWidth>
<points>
<point x="486" y="136"/>
<point x="613" y="136"/>
</points>
</Connector>
<Connector class="oracle.dbtools.crest.swingui.logical.TVRelation" oid="80705928-F905-9DE6-7EE5-9011560251C2" otype="Relation" vid_source="516C4287-64E2-D2AD-D134-4CF4686D52A2" vid_target="676A14A6-3E27-3E2E-B2EB-C0EB312BA0F8">
<hideElementsInCurrentOnly>false</hideElementsInCurrentOnly>
<lineWidth>1</lineWidth>
<points>
<point x="405" y="201"/>
<point x="405" y="260"/>
</points>
</Connector>
<Connector class="oracle.dbtools.crest.swingui.logical.TVRelation" oid="8F00B08B-5928-C15B-EF2B-9CA97E1AECB4" otype="Relation" vid_source="EB071185-91AA-239E-8D4E-28E717BE8CC3" vid_target="D94F0D42-0A5B-5D3D-2C94-DFAFC2D0BCD1">
<hideElementsInCurrentOnly>false</hideElementsInCurrentOnly>
<lineWidth>1</lineWidth>
<points>
<point x="157" y="168"/>
<point x="157" y="244"/>
</points>
</Connector>
<Connector class="oracle.dbtools.crest.swingui.logical.TVRelation" oid="A61A634E-5406-CA28-1396-2BB38C1B5AA2" otype="Relation" vid_source="6B5487DA-7FDB-C1FA-2B15-CBCF6B0F3203" vid_target="676A14A6-3E27-3E2E-B2EB-C0EB312BA0F8">
<hideElementsInCurrentOnly>false</hideElementsInCurrentOnly>
<lineWidth>1</lineWidth>
<points>
<point x="563" y="298"/>
<point x="493" y="298"/>
</points>
</Connector>
<Connector class="oracle.dbtools.crest.swingui.logical.TVRelation" oid="B4173E1E-F578-6A72-B3A3-9210D4F76136" otype="Relation" vid_source="516C4287-64E2-D2AD-D134-4CF4686D52A2" vid_target="0EB190BF-6A39-0004-91C9-CCF671078CA5">
<hideElementsInCurrentOnly>false</hideElementsInCurrentOnly>
<lineWidth>1</lineWidth>
<points>
<point x="486" y="126"/>
<point x="613" y="126"/>
</points>
</Connector>
<Connector class="oracle.dbtools.crest.swingui.logical.TVRelation" oid="D510AD01-E008-B048-93DD-10BD0A1519B3" otype="Relation" vid_source="676A14A6-3E27-3E2E-B2EB-C0EB312BA0F8" vid_target="D94F0D42-0A5B-5D3D-2C94-DFAFC2D0BCD1">
<hideElementsInCurrentOnly>false</hideElementsInCurrentOnly>
<lineWidth>1</lineWidth>
<points>
<point x="324" y="310"/>
<point x="255" y="310"/>
</points>
</Connector>
</connectors>
</Diagram>