<?xml version = '1.0' encoding = 'UTF-8'?>
<Diagram class="oracle.dbtools.crest.swingui.logical.DPVLogical" name="Logical" id="38E221AA-9A93-6B8A-B674-DE3A94EAC9D2">
<createdBy>admin</createdBy>
<modifiedBy>admin</modifiedBy>
<createdTime>2015-11-17 04:39:33 UTC</createdTime>
<autoRoute>false</autoRoute>
<boxInbox>true</boxInbox>
<showLegend>false</showLegend>
<showLabels>false</showLabels>
<showRelAttributes>false</showRelAttributes>
<gridEnabled>false</gridEnabled>
<showGrid>false</showGrid>
<diagramColor>-1</diagramColor>
<display>false</display>
<notation>1</notation>
<objectViews>
<OView class="oracle.dbtools.crest.swingui.logical.TVEntity" oid="042B1371-16B0-CE56-0127-0C61156C0758" otype="Entity" vid="E88A12F4-F936-675A-E309-3E57ED2E8193">
<hideElementsInCurrentOnly>false</hideElementsInCurrentOnly>
<bounds x="177" y="179" width="186" height="77"/>
</OView>
<OView class="oracle.dbtools.crest.swingui.logical.TVEntity" oid="1A2EEA0D-8021-1C6B-C180-F32D957E9CA0" otype="Entity" vid="26C72D7D-0878-AA8B-BBC6-1D76E785B66D">
<hideElementsInCurrentOnly>false</hideElementsInCurrentOnly>
<bounds x="47" y="291" width="132" height="86"/>
</OView>
<OView class="oracle.dbtools.crest.swingui.logical.TVEntity" oid="30A6DE8A-9B4F-4889-9FBC-014980687861" otype="Entity" vid="AED0F0B5-5A3F-8A93-6FEA-7548C497B814">
<hideElementsInCurrentOnly>false</hideElementsInCurrentOnly>
<bounds x="285" y="297" width="124" height="72"/>
</OView>
<OView class="oracle.dbtools.crest.swingui.logical.TVEntity" oid="60194BD3-895A-B07F-2227-E44678E61D8E" otype="Entity" vid="2E26E87A-67ED-7B4E-0C1D-8EFF321BEA04">
<hideElementsInCurrentOnly>false</hideElementsInCurrentOnly>
<bounds x="281" y="30" width="128" height="96"/>
</OView>
<OView class="oracle.dbtools.crest.swingui.logical.TVEntity" oid="EAA116F4-1E0D-5DB8-972A-747114D3A85E" otype="Entity" vid="4BEFDA90-AA0D-9615-0805-8384AA5923A3">
<hideElementsInCurrentOnly>false</hideElementsInCurrentOnly>
<bounds x="77" y="40" width="136" height="93"/>
</OView>
</objectViews>
<connectors>
<Connector class="oracle.dbtools.crest.swingui.logical.TVRelation" oid="6F0BD482-7A7A-E034-1449-FE65B75B7FB4" otype="Relation" vid_source="4BEFDA90-AA0D-9615-0805-8384AA5923A3" vid_target="E88A12F4-F936-675A-E309-3E57ED2E8193">
<hideElementsInCurrentOnly>false</hideElementsInCurrentOnly>
<lineWidth>1</lineWidth>
<points>
<point x="195" y="133"/>
<point x="195" y="179"/>
</points>
</Connector>
<Connector class="oracle.dbtools.crest.swingui.logical.TVRelation" oid="7968E9F9-FDEF-263A-7103-AE41A51D51F5" otype="Relation" vid_source="E88A12F4-F936-675A-E309-3E57ED2E8193" vid_target="AED0F0B5-5A3F-8A93-6FEA-7548C497B814">
<hideElementsInCurrentOnly>false</hideElementsInCurrentOnly>
<lineWidth>1</lineWidth>
<points>
<point x="324" y="256"/>
<point x="324" y="297"/>
</points>
</Connector>
<Connector class="oracle.dbtools.crest.swingui.logical.TVRelation" oid="A51372B0-7AB9-C8BC-BF56-EC38EB8A1CAC" otype="Relation" vid_source="26C72D7D-0878-AA8B-BBC6-1D76E785B66D" vid_target="AED0F0B5-5A3F-8A93-6FEA-7548C497B814">
<hideElementsInCurrentOnly>false</hideElementsInCurrentOnly>
<lineWidth>1</lineWidth>
<points>
<point x="179" y="333"/>
<point x="285" y="333"/>
</points>
</Connector>
<Connector class="oracle.dbtools.crest.swingui.logical.TVRelation" oid="F139B806-8EB3-7B90-A88C-C839790BD20B" otype="Relation" vid_source="2E26E87A-67ED-7B4E-0C1D-8EFF321BEA04" vid_target="E88A12F4-F936-675A-E309-3E57ED2E8193">
<hideElementsInCurrentOnly>false</hideElementsInCurrentOnly>
<lineWidth>1</lineWidth>
<points>
<point x="322" y="126"/>
<point x="322" y="179"/>
</points>
</Connector>
</connectors>
</Diagram>