<?xml version = '1.0' encoding = 'UTF-8'?>
<Diagram class="oracle.dbtools.crest.swingui.relational.DPVRelational" name="Relational_1" id="4B292ABE-6F03-CA54-C466-DACE2F7F3DDE">
<createdBy>Marin F</createdBy>
<modifiedBy>admin</modifiedBy>
<createdTime>2011-12-12 10:56:23 UTC</createdTime>
<autoRoute>false</autoRoute>
<boxInbox>true</boxInbox>
<showLegend>false</showLegend>
<showLabels>false</showLabels>
<showRelAttributes>false</showRelAttributes>
<gridEnabled>false</gridEnabled>
<showGrid>false</showGrid>
<diagramColor>-1</diagramColor>
<display>false</display>
<notation>1</notation>
<objectViews>
<OView class="oracle.dbtools.crest.swingui.relational.TVTable" oid="0FB2FAB1-936C-9957-4732-993830882451" otype="Table" vid="231E418C-5FEA-BB93-F984-6BF7973C0F9A">
<hideElementsInCurrentOnly>false</hideElementsInCurrentOnly>
<bounds x="4" y="290" width="152" height="89"/>
</OView>
<OView class="oracle.dbtools.crest.swingui.relational.TVTable" oid="2ECFE33B-FFD1-3921-100D-5F81B20E3700" otype="Table" vid="21065009-80DC-EB57-06CF-FF660B38C5F9">
<hideElementsInCurrentOnly>false</hideElementsInCurrentOnly>
<bounds x="656" y="360" width="235" height="85"/>
</OView>
<OView class="oracle.dbtools.crest.swingui.relational.TVTable" oid="4EE2BA19-4665-BC14-7322-5EE63688FA29" otype="Table" vid="0A34A58E-EBC0-9052-F2F4-1DCCAC692B7E">
<hideElementsInCurrentOnly>false</hideElementsInCurrentOnly>
<bounds x="672" y="128" width="183" height="100"/>
</OView>
<OView class="oracle.dbtools.crest.swingui.relational.TVTable" oid="78C3A509-DD77-4A6C-9086-37369E8A5F37" otype="Table" vid="086DA9C6-5667-BD57-851D-5BEF7514B967">
<hideElementsInCurrentOnly>false</hideElementsInCurrentOnly>
<bounds x="642" y="266" width="242" height="77"/>
</OView>
<OView class="oracle.dbtools.crest.swingui.relational.TVTable" oid="7C5F81D4-3936-543F-89E3-295AC405BE1A" otype="Table" vid="F2A9CFF0-4073-9C08-581C-BE5CFDF3614F">
<hideElementsInCurrentOnly>false</hideElementsInCurrentOnly>
<bounds x="433" y="123" width="180" height="118"/>
</OView>
<OView class="oracle.dbtools.crest.swingui.relational.TVTable" oid="9A3110E5-C154-58AD-1901-2838D2AE8ED7" otype="Table" vid="033FE312-E9F2-1048-E578-79E0B0EF2EA1">
<hideElementsInCurrentOnly>false</hideElementsInCurrentOnly>
<bounds x="820" y="487" width="251" height="74"/>
</OView>
<OView class="oracle.dbtools.crest.swingui.relational.TVTable" oid="9E43C135-3C05-DC1A-932A-4342785114F7" otype="Table" vid="3D694A45-EA7A-6AE3-B7B4-990C5F59E06A">
<hideElementsInCurrentOnly>false</hideElementsInCurrentOnly>
<bounds x="899" y="136" width="161" height="85"/>
</OView>
<OView class="oracle.dbtools.crest.swingui.relational.TVTable" oid="A9F8C786-0731-FB59-2954-4C39555759AA" otype="Table" vid="1CB8059B-C693-AB0C-B650-2246FE81368C">
<hideElementsInCurrentOnly>false</hideElementsInCurrentOnly>
<bounds x="150" y="451" width="206" height="226"/>
</OView>
<OView class="oracle.dbtools.crest.swingui.relational.TVTable" oid="BCF0568B-53B0-2893-A2A7-06846E2C2F8C" otype="Table" vid="C703B351-F74A-B6FE-17F1-9CF4D3179DA3">
<hideElementsInCurrentOnly>false</hideElementsInCurrentOnly>
<bounds x="268" y="284" width="191" height="122"/>
</OView>
<OView class="oracle.dbtools.crest.swingui.relational.TVTable" oid="C0C78624-92C1-8037-AAAF-959777187CFD" otype="Table" vid="8ACB730B-170F-6865-E83B-A19BE49AD917">
<hideElementsInCurrentOnly>false</hideElementsInCurrentOnly>
<bounds x="415" y="494" width="162" height="89"/>
</OView>
<OView class="oracle.dbtools.crest.swingui.relational.TVTable" oid="D13DA0C5-A879-4406-E258-043BF08759F8" otype="Table" vid="EDC8651C-559E-F88F-DBE3-629CDFCE9E4D">
<hideElementsInCurrentOnly>false</hideElementsInCurrentOnly>
<bounds x="148" y="114" width="201" height="122"/>
</OView>
<OView class="oracle.dbtools.crest.swingui.relational.TVTable" oid="DEE21C2A-188D-21F0-C5B3-BE8BFBB7282D" otype="Table" vid="A93E23BB-084A-03B7-8BDF-56ACFDEE6D04">
<hideElementsInCurrentOnly>false</hideElementsInCurrentOnly>
<bounds x="636" y="470" width="151" height="121"/>
</OView>
<OView class="oracle.dbtools.crest.swingui.relational.TVTable" oid="DF04FAE6-DDBB-058C-754F-2391D7105749" otype="Table" vid="9C59ABAF-39D6-0F25-8E81-447088716177">
<hideElementsInCurrentOnly>false</hideElementsInCurrentOnly>
<bounds x="958" y="317" width="130" height="114"/>
</OView>
</objectViews>
<connectors>
<Connector class="oracle.dbtools.crest.swingui.relational.TVFKRelation" oid="0CAE754C-CC65-8F77-4E1D-ECA5DB474951" otype="FKIndexAssociation" vid_source="F2A9CFF0-4073-9C08-581C-BE5CFDF3614F" vid_target="EDC8651C-559E-F88F-DBE3-629CDFCE9E4D">
<hideElementsInCurrentOnly>false</hideElementsInCurrentOnly>
<backgroundColor>-16777216</backgroundColor>
<lineWidth>1</lineWidth>
<points>
<point x="433" y="179"/>
<point x="349" y="179"/>
</points>
</Connector>
<Connector class="oracle.dbtools.crest.swingui.relational.TVFKRelation" oid="25E019CF-D6F5-6EC4-ED64-931F8BC23739" otype="FKIndexAssociation" vid_source="0A34A58E-EBC0-9052-F2F4-1DCCAC692B7E" vid_target="F2A9CFF0-4073-9C08-581C-BE5CFDF3614F">
<hideElementsInCurrentOnly>false</hideElementsInCurrentOnly>
<backgroundColor>-16777216</backgroundColor>
<lineWidth>1</lineWidth>
<points>
<point x="672" y="178"/>
<point x="613" y="178"/>
</points>
</Connector>
<Connector class="oracle.dbtools.crest.swingui.relational.TVFKRelation" oid="46E72E1E-9480-3AF5-B542-FAF5BD4A15BA" otype="FKIndexAssociation" vid_source="3D694A45-EA7A-6AE3-B7B4-990C5F59E06A" vid_target="0A34A58E-EBC0-9052-F2F4-1DCCAC692B7E">
<hideElementsInCurrentOnly>false</hideElementsInCurrentOnly>
<backgroundColor>-16777216</backgroundColor>
<lineWidth>1</lineWidth>
<points>
<point x="899" y="178"/>
<point x="855" y="178"/>
</points>
</Connector>
<Connector class="oracle.dbtools.crest.swingui.relational.TVFKRelation" oid="4D072320-76A7-094A-0AE7-20EEDF3FCA04" otype="FKIndexAssociation" vid_source="C703B351-F74A-B6FE-17F1-9CF4D3179DA3" vid_target="086DA9C6-5667-BD57-851D-5BEF7514B967">
<hideElementsInCurrentOnly>false</hideElementsInCurrentOnly>
<backgroundColor>-16777216</backgroundColor>
<lineWidth>1</lineWidth>
<points>
<point x="459" y="313"/>
<point x="642" y="313"/>
</points>
</Connector>
<Connector class="oracle.dbtools.crest.swingui.relational.TVFKRelation" oid="57449C16-85ED-DA43-3D05-0FF89708E7F4" otype="FKIndexAssociation" vid_source="A93E23BB-084A-03B7-8BDF-56ACFDEE6D04" vid_target="8ACB730B-170F-6865-E83B-A19BE49AD917">
<hideElementsInCurrentOnly>false</hideElementsInCurrentOnly>
<backgroundColor>-16777216</backgroundColor>
<lineWidth>1</lineWidth>
<points>
<point x="636" y="538"/>
<point x="577" y="538"/>
</points>
</Connector>
<Connector class="oracle.dbtools.crest.swingui.relational.TVFKRelation" oid="69589F16-F164-8807-464E-84B162FD996A" otype="FKIndexAssociation" vid_source="1CB8059B-C693-AB0C-B650-2246FE81368C" vid_target="8ACB730B-170F-6865-E83B-A19BE49AD917">
<hideElementsInCurrentOnly>false</hideElementsInCurrentOnly>
<backgroundColor>-16777216</backgroundColor>
<lineWidth>1</lineWidth>
<points>
<point x="356" y="538"/>
<point x="415" y="538"/>
</points>
</Connector>
<Connector class="oracle.dbtools.crest.swingui.relational.TVFKRelation" oid="7F60C1DE-B56F-A337-3E50-02A5CBF92616" otype="FKIndexAssociation" vid_source="C703B351-F74A-B6FE-17F1-9CF4D3179DA3" vid_target="8ACB730B-170F-6865-E83B-A19BE49AD917">
<hideElementsInCurrentOnly>false</hideElementsInCurrentOnly>
<backgroundColor>-16777216</backgroundColor>
<lineWidth>1</lineWidth>
<points>
<point x="437" y="406"/>
<point x="437" y="494"/>
</points>
</Connector>
<Connector class="oracle.dbtools.crest.swingui.relational.TVFKRelation" oid="A4437235-EEC1-0B55-B3B4-77621C46E48C" otype="FKIndexAssociation" vid_source="C703B351-F74A-B6FE-17F1-9CF4D3179DA3" vid_target="21065009-80DC-EB57-06CF-FF660B38C5F9">
<hideElementsInCurrentOnly>false</hideElementsInCurrentOnly>
<backgroundColor>-16777216</backgroundColor>
<lineWidth>1</lineWidth>
<points>
<point x="459" y="383"/>
<point x="656" y="383"/>
</points>
</Connector>
<Connector class="oracle.dbtools.crest.swingui.relational.TVFKRelation" oid="CD8D3828-A786-4906-B6F3-FEA61AFA3E26" otype="FKIndexAssociation" vid_source="21065009-80DC-EB57-06CF-FF660B38C5F9" vid_target="033FE312-E9F2-1048-E578-79E0B0EF2EA1">
<hideElementsInCurrentOnly>false</hideElementsInCurrentOnly>
<backgroundColor>-16777216</backgroundColor>
<lineWidth>1</lineWidth>
<points>
<point x="855" y="445"/>
<point x="855" y="487"/>
</points>
</Connector>
<Connector class="oracle.dbtools.crest.swingui.relational.TVFKRelation" oid="D3E87B1F-EA35-69FF-8E9B-AFE6BEFD5D3E" otype="FKIndexAssociation" vid_source="9C59ABAF-39D6-0F25-8E81-447088716177" vid_target="21065009-80DC-EB57-06CF-FF660B38C5F9">
<hideElementsInCurrentOnly>false</hideElementsInCurrentOnly>
<backgroundColor>-16777216</backgroundColor>
<lineWidth>1</lineWidth>
<points>
<point x="958" y="395"/>
<point x="891" y="395"/>
</points>
</Connector>
<Connector class="oracle.dbtools.crest.swingui.relational.TVFKRelation" oid="E085210B-16E8-922F-D002-F7857461E6E1" otype="FKIndexAssociation" vid_source="231E418C-5FEA-BB93-F984-6BF7973C0F9A" vid_target="C703B351-F74A-B6FE-17F1-9CF4D3179DA3">
<hideElementsInCurrentOnly>false</hideElementsInCurrentOnly>
<backgroundColor>-16777216</backgroundColor>
<lineWidth>1</lineWidth>
<points>
<point x="156" y="334"/>
<point x="268" y="334"/>
</points>
</Connector>
<Connector class="oracle.dbtools.crest.swingui.relational.TVFKRelation" oid="E279CB8C-7C86-1341-DDE7-7CF24887E6C7" otype="FKIndexAssociation" vid_source="EDC8651C-559E-F88F-DBE3-629CDFCE9E4D" vid_target="C703B351-F74A-B6FE-17F1-9CF4D3179DA3">
<hideElementsInCurrentOnly>false</hideElementsInCurrentOnly>
<backgroundColor>-16777216</backgroundColor>
<lineWidth>1</lineWidth>
<points>
<point x="308" y="236"/>
<point x="308" y="284"/>
</points>
</Connector>
<Connector class="oracle.dbtools.crest.swingui.relational.TVFKRelation" oid="F39DE153-25AF-AF02-852C-C41F6BD3113A" otype="FKIndexAssociation" vid_source="9C59ABAF-39D6-0F25-8E81-447088716177" vid_target="086DA9C6-5667-BD57-851D-5BEF7514B967">
<hideElementsInCurrentOnly>false</hideElementsInCurrentOnly>
<backgroundColor>-16777216</backgroundColor>
<lineWidth>1</lineWidth>
<points>
<point x="958" y="330"/>
<point x="884" y="330"/>
</points>
</Connector>
<Connector class="oracle.dbtools.crest.swingui.relational.TVFKRelation" oid="FBC2D87E-5FFD-3F23-4D49-2367AE4E4C13" otype="FKIndexAssociation" vid_source="9C59ABAF-39D6-0F25-8E81-447088716177" vid_target="033FE312-E9F2-1048-E578-79E0B0EF2EA1">
<hideElementsInCurrentOnly>false</hideElementsInCurrentOnly>
<backgroundColor>-16777216</backgroundColor>
<lineWidth>1</lineWidth>
<points>
<point x="1014" y="431"/>
<point x="1014" y="487"/>
</points>
</Connector>
</connectors>
</Diagram>