<?xml version = '1.0' encoding = 'UTF-8'?>
<Table class="oracle.dbtools.crest.model.design.relational.Table" directorySegmentName="seg_0" id="3283714A-F612-C1D4-D96A-FBDB528D94D8" name="prod_offers">
<createdBy>marinfotache</createdBy>
<createdTime>2018-10-26 05:14:47 UTC</createdTime>
<generatorID>1DB30C75-0803-3C4E-BB55-246616825502</generatorID>
<ownerDesignName>07b_product_bought_product_offered</ownerDesignName>
<allowColumnReorder>false</allowColumnReorder>
<existDependencyGenerateInDDl>true</existDependencyGenerateInDDl>
<parsed>true</parsed>
<columns itemClass="oracle.dbtools.crest.model.design.relational.Column">
<Column name="discounts_discount_id" id="E14ECD6F-14F4-6FA3-C26E-0215D0DEE2DF">
<createdBy>marinfotache</createdBy>
<createdTime>2018-10-26 05:14:47 UTC</createdTime>
<generatorID>80D73CB9-1AE0-B740-C3D6-64C1A0193FC5</generatorID>
<ownerDesignName>07b_product_bought_product_offered</ownerDesignName>
<useDomainConstraints>false</useDomainConstraints>
<use>1</use>
<logicalDatatype>LOGDT011</logicalDatatype>
<ownDataTypeParameters>,,</ownDataTypeParameters>
<previousColumn>false</previousColumn>
<autoIncrementCycle>false</autoIncrementCycle>
<associations>
<colAssociation fkAssociation="38E0BCDB-57DB-48F4-0B7C-91ECFDD1216F" referredColumn="FBDD8202-C6A5-ADB1-E0F0-6D99F028BE13"/>
</associations>
</Column>
<Column name="products_product_id" id="B6C010DC-533E-FC45-3275-DAB75C452B8F">
<createdBy>marinfotache</createdBy>
<createdTime>2018-10-26 05:14:47 UTC</createdTime>
<generatorID>C4BF5F93-E3D3-6AAF-BABA-6E72D5FA203C</generatorID>
<ownerDesignName>07b_product_bought_product_offered</ownerDesignName>
<useDomainConstraints>false</useDomainConstraints>
<use>1</use>
<logicalDatatype>LOGDT011</logicalDatatype>
<ownDataTypeParameters>,,</ownDataTypeParameters>
<previousColumn>false</previousColumn>
<autoIncrementCycle>false</autoIncrementCycle>
<associations>
<colAssociation fkAssociation="92299D6B-2073-AE19-3BA4-FD390D5357DF" referredColumn="63AC3017-2070-40EC-6706-0641865FE0DB"/>
</associations>
</Column>
<Column name="products_product_id1" id="53905E52-8430-C82F-D5FF-43B760E88BAB">
<createdBy>marinfotache</createdBy>
<createdTime>2018-10-26 05:14:47 UTC</createdTime>
<generatorID>6BD56118-DB62-C1C3-FD88-E8C1972BDB8A</generatorID>
<ownerDesignName>07b_product_bought_product_offered</ownerDesignName>
<useDomainConstraints>false</useDomainConstraints>
<use>1</use>
<logicalDatatype>LOGDT011</logicalDatatype>
<ownDataTypeParameters>,,</ownDataTypeParameters>
<previousColumn>false</previousColumn>
<autoIncrementCycle>false</autoIncrementCycle>
<associations>
<colAssociation fkAssociation="B2D54391-E6ED-C9DE-C4F7-2B0F11252A99" referredColumn="63AC3017-2070-40EC-6706-0641865FE0DB"/>
</associations>
</Column>
<Column name="quantity_bought" id="08A1CC30-3504-1C05-05FD-CBC4F95A71C6">
<createdBy>marinfotache</createdBy>
<createdTime>2018-10-26 05:14:47 UTC</createdTime>
<generatorID>BE53A474-3927-11DA-998B-D0661ACCD2C3</generatorID>
<ownerDesignName>07b_product_bought_product_offered</ownerDesignName>
<useDomainConstraints>false</useDomainConstraints>
<use>1</use>
<logicalDatatype>LOGDT019</logicalDatatype>
<dataTypePrecision>7</dataTypePrecision>
<dataTypeScale>3</dataTypeScale>
<ownDataTypeParameters>,7,3</ownDataTypeParameters>
<autoIncrementCycle>false</autoIncrementCycle>
</Column>
<Column name="quantity_offered" id="2D8DEF25-6246-5513-DE24-92C0766AA2C4">
<createdBy>marinfotache</createdBy>
<createdTime>2018-10-26 05:14:47 UTC</createdTime>
<generatorID>B6C5CFC7-DB5F-BA2F-37CC-FBF6BFA482A7</generatorID>
<ownerDesignName>07b_product_bought_product_offered</ownerDesignName>
<useDomainConstraints>false</useDomainConstraints>
<use>1</use>
<logicalDatatype>LOGDT019</logicalDatatype>
<dataTypePrecision>7</dataTypePrecision>
<dataTypeScale>2</dataTypeScale>
<ownDataTypeParameters>,7,2</ownDataTypeParameters>
<autoIncrementCycle>false</autoIncrementCycle>
</Column>
<Column name="comments" id="A25A5EE2-9DAB-AB11-F639-AC2CDC0422D4">
<createdBy>marinfotache</createdBy>
<createdTime>2018-10-26 05:14:47 UTC</createdTime>
<generatorID>C77B4970-D39B-E345-E606-74F07E2C310F</generatorID>
<ownerDesignName>07b_product_bought_product_offered</ownerDesignName>
<nullsAllowed>true</nullsAllowed>
<useDomainConstraints>false</useDomainConstraints>
<use>1</use>
<logicalDatatype>LOGDT037</logicalDatatype>
<dataTypeSize>100</dataTypeSize>
<ownDataTypeParameters>100,,</ownDataTypeParameters>
<autoIncrementCycle>false</autoIncrementCycle>
</Column>
</columns>
<indexes itemClass="oracle.dbtools.crest.model.design.relational.Index">
<ind_PK_UK id="344EA0F4-5FB8-BBA2-2160-EB870C8AB2B4" name="prod_offers_PK">
<createdBy>marinfotache</createdBy>
<createdTime>2018-10-26 05:14:47 UTC</createdTime>
<generatorID>97908D7B-294A-42F7-F884-2946BABB43ED</generatorID>
<ownerDesignName>07b_product_bought_product_offered</ownerDesignName>
<pk>true</pk>
<indexState>Primary Constraint</indexState>
<isSurrogateKey>false</isSurrogateKey>
<indexColumnUsage>
<colUsage columnID="E14ECD6F-14F4-6FA3-C26E-0215D0DEE2DF"/>
<colUsage columnID="B6C010DC-533E-FC45-3275-DAB75C452B8F"/>
<colUsage columnID="53905E52-8430-C82F-D5FF-43B760E88BAB"/>
</indexColumnUsage>
</ind_PK_UK>
<ind_PK_UK id="14F3A10E-5A13-9718-CD1B-639497C312EA" name="prod_offers_discounts_FK">
<createdBy>marinfotache</createdBy>
<createdTime>2018-10-26 05:14:48 UTC</createdTime>
<generatorID>2E93AE36-DAEA-444A-3562-80B7E4E067EB</generatorID>
<ownerDesignName>07b_product_bought_product_offered</ownerDesignName>
<indexState>Foreign Key</indexState>
<isSurrogateKey>false</isSurrogateKey>
<indexColumnUsage>
<colUsage columnID="E14ECD6F-14F4-6FA3-C26E-0215D0DEE2DF"/>
</indexColumnUsage>
</ind_PK_UK>
<ind_PK_UK id="21E297AA-6665-A8FC-658D-3E5A0B099789" name="prod_offers_products_FK">
<createdBy>marinfotache</createdBy>
<createdTime>2018-10-26 05:14:48 UTC</createdTime>
<generatorID>081EDC47-108F-9DC3-94F3-855546864C0D</generatorID>
<ownerDesignName>07b_product_bought_product_offered</ownerDesignName>
<indexState>Foreign Key</indexState>
<isSurrogateKey>false</isSurrogateKey>
<indexColumnUsage>
<colUsage columnID="B6C010DC-533E-FC45-3275-DAB75C452B8F"/>
</indexColumnUsage>
</ind_PK_UK>
<ind_PK_UK id="43167658-6A18-50BA-B62A-0A8FFF2DB0B1" name="prod_offers_products_FKv2">
<createdBy>marinfotache</createdBy>
<createdTime>2018-10-26 05:14:48 UTC</createdTime>
<generatorID>8EA6E4FF-1A89-1011-48AA-DEA3B1D97871</generatorID>
<ownerDesignName>07b_product_bought_product_offered</ownerDesignName>
<indexState>Foreign Key</indexState>
<isSurrogateKey>false</isSurrogateKey>
<indexColumnUsage>
<colUsage columnID="53905E52-8430-C82F-D5FF-43B760E88BAB"/>
</indexColumnUsage>
</ind_PK_UK>
</indexes>
</Table>