<?xml version = '1.0' encoding = 'UTF-8'?>
<Table class="oracle.dbtools.crest.model.design.relational.Table" directorySegmentName="seg_0" id="7482650B-4911-EAD0-DD0B-5ED1A6746E24" name="refused_products">
<createdBy>marinfotache</createdBy>
<createdTime>2018-10-26 05:14:47 UTC</createdTime>
<generatorID>70249285-81D3-E5EF-EA1B-3DA98C418470</generatorID>
<ownerDesignName>07b_product_bought_product_offered</ownerDesignName>
<allowColumnReorder>false</allowColumnReorder>
<existDependencyGenerateInDDl>true</existDependencyGenerateInDDl>
<parsed>true</parsed>
<columns itemClass="oracle.dbtools.crest.model.design.relational.Column">
<Column name="refused_quantity" id="0D779B4B-BCF7-352C-C12B-95DC828E5D04">
<createdBy>marinfotache</createdBy>
<createdTime>2018-10-26 05:14:47 UTC</createdTime>
<generatorID>2C2CBBCC-45A8-0AC3-52B7-1269552E29F8</generatorID>
<ownerDesignName>07b_product_bought_product_offered</ownerDesignName>
<useDomainConstraints>false</useDomainConstraints>
<use>1</use>
<logicalDatatype>LOGDT019</logicalDatatype>
<dataTypePrecision>10</dataTypePrecision>
<dataTypeScale>3</dataTypeScale>
<ownDataTypeParameters>,10,3</ownDataTypeParameters>
<autoIncrementCycle>false</autoIncrementCycle>
</Column>
<Column name="refusal_reason" id="71076DC3-2319-F356-09B1-00B438194451">
<createdBy>marinfotache</createdBy>
<createdTime>2018-10-26 05:14:47 UTC</createdTime>
<generatorID>B9D26D07-BA9D-143D-8442-CB0672D8DC91</generatorID>
<ownerDesignName>07b_product_bought_product_offered</ownerDesignName>
<nullsAllowed>true</nullsAllowed>
<useDomainConstraints>false</useDomainConstraints>
<use>1</use>
<logicalDatatype>LOGDT037</logicalDatatype>
<dataTypeSize>100</dataTypeSize>
<ownDataTypeParameters>100,,</ownDataTypeParameters>
<autoIncrementCycle>false</autoIncrementCycle>
</Column>
<Column name="refused_unit_price" id="E64D7703-1CCB-6BE7-CD82-A49E768F6AF8">
<createdBy>marinfotache</createdBy>
<createdTime>2018-10-26 05:14:47 UTC</createdTime>
<generatorID>0902E5D0-FA24-759D-BB47-CA949AFD2A18</generatorID>
<ownerDesignName>07b_product_bought_product_offered</ownerDesignName>
<nullsAllowed>true</nullsAllowed>
<useDomainConstraints>false</useDomainConstraints>
<use>1</use>
<logicalDatatype>LOGDT019</logicalDatatype>
<dataTypePrecision>9</dataTypePrecision>
<dataTypeScale>2</dataTypeScale>
<ownDataTypeParameters>,9,2</ownDataTypeParameters>
<autoIncrementCycle>false</autoIncrementCycle>
</Column>
<Column name="products_product_id" id="27181E43-B4CE-D76B-1274-2F65539566C0">
<createdBy>marinfotache</createdBy>
<createdTime>2018-10-26 05:14:47 UTC</createdTime>
<generatorID>AB8A3077-16F3-93A0-A316-23057C0AA826</generatorID>
<ownerDesignName>07b_product_bought_product_offered</ownerDesignName>
<useDomainConstraints>false</useDomainConstraints>
<use>1</use>
<logicalDatatype>LOGDT011</logicalDatatype>
<ownDataTypeParameters>,,</ownDataTypeParameters>
<previousColumn>false</previousColumn>
<autoIncrementCycle>false</autoIncrementCycle>
<associations>
<colAssociation fkAssociation="4ADD7AF8-06B5-CAEA-FAA8-C797A7AE9E26" referredColumn="63AC3017-2070-40EC-6706-0641865FE0DB"/>
</associations>
</Column>
<Column name="refusals_refusal_id" id="BA4ECE73-9EFD-B7E0-BF2A-1781C1BD0E95">
<createdBy>marinfotache</createdBy>
<createdTime>2018-10-26 05:14:47 UTC</createdTime>
<generatorID>8FC38CCA-80A4-A3D3-FFD7-23A6E5FFAE7E</generatorID>
<ownerDesignName>07b_product_bought_product_offered</ownerDesignName>
<useDomainConstraints>false</useDomainConstraints>
<use>1</use>
<logicalDatatype>LOGDT011</logicalDatatype>
<ownDataTypeParameters>,,</ownDataTypeParameters>
<previousColumn>false</previousColumn>
<autoIncrementCycle>false</autoIncrementCycle>
<associations>
<colAssociation fkAssociation="3C6EB78A-7444-7F8D-1A02-6E52284EBD40" referredColumn="A76DCB98-B98F-58FC-A138-1314E687E884"/>
</associations>
</Column>
</columns>
<indexes itemClass="oracle.dbtools.crest.model.design.relational.Index">
<ind_PK_UK id="85E341F8-5DB2-8280-E357-D3CCE776D952" name="refused_products_PK">
<createdBy>marinfotache</createdBy>
<createdTime>2018-10-26 05:14:47 UTC</createdTime>
<generatorID>DA28FB5A-263A-207F-A2BC-05F618826B9F</generatorID>
<ownerDesignName>07b_product_bought_product_offered</ownerDesignName>
<pk>true</pk>
<indexState>Primary Constraint</indexState>
<isSurrogateKey>false</isSurrogateKey>
<indexColumnUsage>
<colUsage columnID="27181E43-B4CE-D76B-1274-2F65539566C0"/>
<colUsage columnID="BA4ECE73-9EFD-B7E0-BF2A-1781C1BD0E95"/>
</indexColumnUsage>
</ind_PK_UK>
<ind_PK_UK id="6FCA2A02-1A62-74CC-0A22-7BD38BC2927C" name="refused_products_refusals_FK">
<createdBy>marinfotache</createdBy>
<createdTime>2018-10-26 05:14:48 UTC</createdTime>
<generatorID>8616D814-14C5-793F-6448-01B5887F92E3</generatorID>
<ownerDesignName>07b_product_bought_product_offered</ownerDesignName>
<indexState>Foreign Key</indexState>
<isSurrogateKey>false</isSurrogateKey>
<indexColumnUsage>
<colUsage columnID="BA4ECE73-9EFD-B7E0-BF2A-1781C1BD0E95"/>
</indexColumnUsage>
</ind_PK_UK>
<ind_PK_UK id="B65671FF-C8E5-81DF-06A2-A2EABA00356F" name="refused_products_products_FK">
<createdBy>marinfotache</createdBy>
<createdTime>2018-10-26 05:14:48 UTC</createdTime>
<generatorID>8C27B7DD-45FA-8245-524F-9A753EC7EF80</generatorID>
<ownerDesignName>07b_product_bought_product_offered</ownerDesignName>
<indexState>Foreign Key</indexState>
<isSurrogateKey>false</isSurrogateKey>
<indexColumnUsage>
<colUsage columnID="27181E43-B4CE-D76B-1274-2F65539566C0"/>
</indexColumnUsage>
</ind_PK_UK>
</indexes>
</Table>