<?xml version = '1.0' encoding = 'UTF-8'?>
<Table class="oracle.dbtools.crest.model.design.relational.Table" directorySegmentName="seg_0" id="84BBA1DC-F4B2-9537-6E04-C5708CB45204" name="discounts">
<createdBy>marinfotache</createdBy>
<createdTime>2018-10-26 05:14:47 UTC</createdTime>
<generatorID>75C61227-6223-EF7A-2B52-8C82567AC2E6</generatorID>
<ownerDesignName>07b_product_bought_product_offered</ownerDesignName>
<allowColumnReorder>false</allowColumnReorder>
<existDependencyGenerateInDDl>true</existDependencyGenerateInDDl>
<parsed>true</parsed>
<columns itemClass="oracle.dbtools.crest.model.design.relational.Column">
<Column name="discount_id" id="FBDD8202-C6A5-ADB1-E0F0-6D99F028BE13">
<createdBy>marinfotache</createdBy>
<createdTime>2018-10-26 05:14:47 UTC</createdTime>
<generatorID>6BE25602-6787-EC56-E31D-2206308C0D5E</generatorID>
<ownerDesignName>07b_product_bought_product_offered</ownerDesignName>
<useDomainConstraints>false</useDomainConstraints>
<use>1</use>
<logicalDatatype>LOGDT011</logicalDatatype>
<ownDataTypeParameters>,,</ownDataTypeParameters>
<autoIncrementCycle>false</autoIncrementCycle>
</Column>
<Column name="dt_start" id="F53B6A0E-349D-FB72-9B5D-F785FFC40ED5">
<createdBy>marinfotache</createdBy>
<createdTime>2018-10-26 05:14:47 UTC</createdTime>
<generatorID>F8B334C0-BE40-1C88-738C-86E0D97224D7</generatorID>
<ownerDesignName>07b_product_bought_product_offered</ownerDesignName>
<useDomainConstraints>false</useDomainConstraints>
<use>1</use>
<logicalDatatype>LOGDT047</logicalDatatype>
<ownDataTypeParameters>,,</ownDataTypeParameters>
<autoIncrementCycle>false</autoIncrementCycle>
</Column>
<Column name="dt_stop" id="9350F9E5-04F1-B9EA-C402-43386B8CF1CB">
<createdBy>marinfotache</createdBy>
<createdTime>2018-10-26 05:14:47 UTC</createdTime>
<generatorID>777F3031-7277-D29F-E032-DB626071FC86</generatorID>
<ownerDesignName>07b_product_bought_product_offered</ownerDesignName>
<nullsAllowed>true</nullsAllowed>
<useDomainConstraints>false</useDomainConstraints>
<use>1</use>
<logicalDatatype>LOGDT047</logicalDatatype>
<ownDataTypeParameters>,,</ownDataTypeParameters>
<autoIncrementCycle>false</autoIncrementCycle>
</Column>
<Column name="comments" id="C2847A68-CFF3-DB62-BEC3-D054BACF3EFE">
<createdBy>marinfotache</createdBy>
<createdTime>2018-10-26 05:14:47 UTC</createdTime>
<generatorID>57810103-9361-665A-E3D5-780C2A50871D</generatorID>
<ownerDesignName>07b_product_bought_product_offered</ownerDesignName>
<nullsAllowed>true</nullsAllowed>
<useDomainConstraints>false</useDomainConstraints>
<use>1</use>
<logicalDatatype>LOGDT037</logicalDatatype>
<dataTypeSize>50</dataTypeSize>
<ownDataTypeParameters>50,,</ownDataTypeParameters>
<autoIncrementCycle>false</autoIncrementCycle>
</Column>
</columns>
<indexes itemClass="oracle.dbtools.crest.model.design.relational.Index">
<ind_PK_UK id="EC4851DD-4A81-42A1-20E8-AC55FB1E8B3D" name="discounts_PK">
<createdBy>marinfotache</createdBy>
<createdTime>2018-10-26 05:14:47 UTC</createdTime>
<generatorID>55C4EC96-F03C-2C90-F3EC-575C3F91071F</generatorID>
<ownerDesignName>07b_product_bought_product_offered</ownerDesignName>
<pk>true</pk>
<indexState>Primary Constraint</indexState>
<isSurrogateKey>false</isSurrogateKey>
<indexColumnUsage>
<colUsage columnID="FBDD8202-C6A5-ADB1-E0F0-6D99F028BE13"/>
</indexColumnUsage>
</ind_PK_UK>
</indexes>
</Table>