<?xml version = '1.0' encoding = 'UTF-8'?>
<Table class="oracle.dbtools.crest.model.design.relational.Table" directorySegmentName="seg_0" id="890B537C-E42C-EA3A-4520-1F61C7D6DAA8" name="invoice_details">
<createdBy>marinfotache</createdBy>
<createdTime>2018-10-26 05:14:47 UTC</createdTime>
<generatorID>AE183615-38B5-05D7-B4D4-C0A36668DC81</generatorID>
<ownerDesignName>07b_product_bought_product_offered</ownerDesignName>
<allowColumnReorder>false</allowColumnReorder>
<existDependencyGenerateInDDl>true</existDependencyGenerateInDDl>
<parsed>true</parsed>
<columns itemClass="oracle.dbtools.crest.model.design.relational.Column">
<Column name="invoices_invoice_id" id="15EFEE58-B826-42E3-F37E-F43FB18F6420">
<createdBy>marinfotache</createdBy>
<createdTime>2018-10-26 05:14:47 UTC</createdTime>
<generatorID>FB06227C-EDF1-2369-E0EF-A6041F5FE960</generatorID>
<ownerDesignName>07b_product_bought_product_offered</ownerDesignName>
<useDomainConstraints>false</useDomainConstraints>
<use>1</use>
<logicalDatatype>LOGDT011</logicalDatatype>
<ownDataTypeParameters>,,</ownDataTypeParameters>
<previousColumn>false</previousColumn>
<autoIncrementCycle>false</autoIncrementCycle>
<associations>
<colAssociation fkAssociation="71EDC668-18EA-9134-2C30-F06A416358F9" referredColumn="8A6D1286-646B-8B46-FED8-3E0C1CA07A1E"/>
</associations>
</Column>
<Column name="row_number" id="3428D9D1-6CE2-3D23-F34F-7B7156D8E2ED">
<createdBy>marinfotache</createdBy>
<createdTime>2018-10-26 05:14:47 UTC</createdTime>
<generatorID>3B9414C7-4687-A4CC-2CA1-644805AC6167</generatorID>
<ownerDesignName>07b_product_bought_product_offered</ownerDesignName>
<constraintName>ck_linie</constraintName>
<useDomainConstraints>false</useDomainConstraints>
<use>1</use>
<logicalDatatype>LOGDT042</logicalDatatype>
<checkConstraint>
<implementationDef dbType="Oracle Database 10g" definition="linie &gt; 0"/>
</checkConstraint>
<ownDataTypeParameters>,,</ownDataTypeParameters>
<autoIncrementCycle>false</autoIncrementCycle>
</Column>
<Column name="quantity" id="BF2A7B01-BA69-8811-F5D9-03E4FB94EEBB">
<createdBy>marinfotache</createdBy>
<createdTime>2018-10-26 05:14:47 UTC</createdTime>
<generatorID>0BC4EDB1-0834-9749-082D-419662A21509</generatorID>
<ownerDesignName>07b_product_bought_product_offered</ownerDesignName>
<useDomainConstraints>false</useDomainConstraints>
<use>1</use>
<logicalDatatype>LOGDT019</logicalDatatype>
<dataTypePrecision>10</dataTypePrecision>
<dataTypeScale>3</dataTypeScale>
<ownDataTypeParameters>,10,3</ownDataTypeParameters>
<autoIncrementCycle>false</autoIncrementCycle>
</Column>
<Column name="unit_price" id="A3D78B6D-14C2-3BFF-F723-8F70EFD8A275">
<createdBy>marinfotache</createdBy>
<createdTime>2018-10-26 05:14:47 UTC</createdTime>
<generatorID>B1343FEA-FB7D-2E3F-FD0E-99C4516F5B22</generatorID>
<ownerDesignName>07b_product_bought_product_offered</ownerDesignName>
<useDomainConstraints>false</useDomainConstraints>
<use>1</use>
<logicalDatatype>LOGDT019</logicalDatatype>
<dataTypePrecision>8</dataTypePrecision>
<dataTypeScale>2</dataTypeScale>
<ownDataTypeParameters>,8,2</ownDataTypeParameters>
<autoIncrementCycle>false</autoIncrementCycle>
</Column>
<Column name="products_product_id" id="B664A300-35F7-D81E-2D05-557604F63897">
<createdBy>marinfotache</createdBy>
<createdTime>2018-10-26 05:14:47 UTC</createdTime>
<generatorID>19016841-DAB5-A040-19BD-5FE0FF0CFCB4</generatorID>
<ownerDesignName>07b_product_bought_product_offered</ownerDesignName>
<useDomainConstraints>false</useDomainConstraints>
<use>1</use>
<logicalDatatype>LOGDT011</logicalDatatype>
<ownDataTypeParameters>,,</ownDataTypeParameters>
<previousColumn>false</previousColumn>
<autoIncrementCycle>false</autoIncrementCycle>
<associations>
<colAssociation fkAssociation="CF4FA0A1-DF84-8634-2368-26EFC36A1108" referredColumn="63AC3017-2070-40EC-6706-0641865FE0DB"/>
</associations>
</Column>
<Column name="row_VAT" id="48ECC99F-165F-E804-8034-FEB2775734AA">
<createdBy>marinfotache</createdBy>
<createdTime>2018-10-26 05:14:47 UTC</createdTime>
<generatorID>332A8C26-B8ED-7DF2-429E-6A70267CCABA</generatorID>
<ownerDesignName>07b_product_bought_product_offered</ownerDesignName>
<nullsAllowed>true</nullsAllowed>
<useDomainConstraints>false</useDomainConstraints>
<use>1</use>
<logicalDatatype>LOGDT019</logicalDatatype>
<dataTypePrecision>12</dataTypePrecision>
<dataTypeScale>2</dataTypeScale>
<ownDataTypeParameters>,12,2</ownDataTypeParameters>
<autoIncrementCycle>false</autoIncrementCycle>
</Column>
<Column name="row_discount" id="8F89D551-17F1-1AE4-86C5-5434C7B58861">
<createdBy>marinfotache</createdBy>
<createdTime>2018-10-26 05:14:47 UTC</createdTime>
<generatorID>29444F9A-B3A9-947C-686F-9173126481A5</generatorID>
<ownerDesignName>07b_product_bought_product_offered</ownerDesignName>
<nullsAllowed>true</nullsAllowed>
<useDomainConstraints>false</useDomainConstraints>
<use>1</use>
<logicalDatatype>LOGDT019</logicalDatatype>
<dataTypePrecision>9</dataTypePrecision>
<dataTypeScale>2</dataTypeScale>
<ownDataTypeParameters>,9,2</ownDataTypeParameters>
<autoIncrementCycle>false</autoIncrementCycle>
</Column>
<Column name="prod_offers_discounts_discount_id" id="8BA63034-1BE7-419B-C8F4-5C17EF4CBF1A">
<createdBy>marinfotache</createdBy>
<createdTime>2018-10-26 05:14:47 UTC</createdTime>
<generatorID>15455968-8CF1-1692-E5EB-DDCE8B3A73BE</generatorID>
<ownerDesignName>07b_product_bought_product_offered</ownerDesignName>
<nullsAllowed>true</nullsAllowed>
<useDomainConstraints>false</useDomainConstraints>
<use>1</use>
<logicalDatatype>LOGDT011</logicalDatatype>
<ownDataTypeParameters>,,</ownDataTypeParameters>
<previousColumn>false</previousColumn>
<autoIncrementCycle>false</autoIncrementCycle>
<associations>
<colAssociation fkAssociation="3F05DCEB-C308-3BEE-9B63-02520CF43173" referredColumn="E14ECD6F-14F4-6FA3-C26E-0215D0DEE2DF"/>
</associations>
</Column>
<Column name="prod_offers_products_product_id" id="70752D92-4854-A6CC-B66B-323A3905DFA1">
<createdBy>marinfotache</createdBy>
<createdTime>2018-10-26 05:14:47 UTC</createdTime>
<generatorID>97201F4B-5F7F-F233-D04E-7E3B4C34BBE0</generatorID>
<ownerDesignName>07b_product_bought_product_offered</ownerDesignName>
<nullsAllowed>true</nullsAllowed>
<useDomainConstraints>false</useDomainConstraints>
<use>1</use>
<logicalDatatype>LOGDT011</logicalDatatype>
<ownDataTypeParameters>,,</ownDataTypeParameters>
<previousColumn>false</previousColumn>
<autoIncrementCycle>false</autoIncrementCycle>
<associations>
<colAssociation fkAssociation="3F05DCEB-C308-3BEE-9B63-02520CF43173" referredColumn="B6C010DC-533E-FC45-3275-DAB75C452B8F"/>
</associations>
</Column>
<Column name="prod_offers_products_product_id1" id="06F195A1-3C45-D4B1-8D0E-A61EAFEE33A6">
<createdBy>marinfotache</createdBy>
<createdTime>2018-10-26 05:14:47 UTC</createdTime>
<generatorID>6AB15D8E-605E-BD62-C2CE-06E362C62964</generatorID>
<ownerDesignName>07b_product_bought_product_offered</ownerDesignName>
<nullsAllowed>true</nullsAllowed>
<useDomainConstraints>false</useDomainConstraints>
<use>1</use>
<logicalDatatype>LOGDT011</logicalDatatype>
<ownDataTypeParameters>,,</ownDataTypeParameters>
<previousColumn>false</previousColumn>
<autoIncrementCycle>false</autoIncrementCycle>
<associations>
<colAssociation fkAssociation="3F05DCEB-C308-3BEE-9B63-02520CF43173" referredColumn="53905E52-8430-C82F-D5FF-43B760E88BAB"/>
</associations>
</Column>
</columns>
<indexes itemClass="oracle.dbtools.crest.model.design.relational.Index">
<ind_PK_UK id="B93335F9-987B-5DDA-A338-41531280D375" name="invoice_details_PK">
<createdBy>marinfotache</createdBy>
<createdTime>2018-10-26 05:14:47 UTC</createdTime>
<generatorID>C23FB1C8-9526-9315-2F2A-5F2D47415535</generatorID>
<ownerDesignName>07b_product_bought_product_offered</ownerDesignName>
<pk>true</pk>
<indexState>Primary Constraint</indexState>
<isSurrogateKey>false</isSurrogateKey>
<indexColumnUsage>
<colUsage columnID="15EFEE58-B826-42E3-F37E-F43FB18F6420"/>
<colUsage columnID="3428D9D1-6CE2-3D23-F34F-7B7156D8E2ED"/>
</indexColumnUsage>
</ind_PK_UK>
<ind_PK_UK id="F896B6BC-FB6C-0077-D661-26C62530ED41" name="invoice_details_invoices_FK">
<createdBy>marinfotache</createdBy>
<createdTime>2018-10-26 05:14:48 UTC</createdTime>
<generatorID>FDA6341C-BE50-5CE3-3821-644B4FD1FDCC</generatorID>
<ownerDesignName>07b_product_bought_product_offered</ownerDesignName>
<indexState>Foreign Key</indexState>
<isSurrogateKey>false</isSurrogateKey>
<indexColumnUsage>
<colUsage columnID="15EFEE58-B826-42E3-F37E-F43FB18F6420"/>
</indexColumnUsage>
</ind_PK_UK>
<ind_PK_UK id="9C3B8581-96A2-3CB2-C431-C0AE39597418" name="invoice_details_products_FK">
<createdBy>marinfotache</createdBy>
<createdTime>2018-10-26 05:14:48 UTC</createdTime>
<generatorID>A29855C0-B8E0-9AB1-939F-006BD29DD707</generatorID>
<ownerDesignName>07b_product_bought_product_offered</ownerDesignName>
<indexState>Foreign Key</indexState>
<isSurrogateKey>false</isSurrogateKey>
<indexColumnUsage>
<colUsage columnID="B664A300-35F7-D81E-2D05-557604F63897"/>
</indexColumnUsage>
</ind_PK_UK>
<ind_PK_UK id="149E0001-89F8-425B-EBA8-C814AF0ACF11" name="invoice_details_prod_offers_FK">
<createdBy>marinfotache</createdBy>
<createdTime>2018-10-26 05:14:48 UTC</createdTime>
<generatorID>D6C4E417-1A40-1732-05FF-E8BF674B815E</generatorID>
<ownerDesignName>07b_product_bought_product_offered</ownerDesignName>
<indexState>Foreign Key</indexState>
<isSurrogateKey>false</isSurrogateKey>
<indexColumnUsage>
<colUsage columnID="8BA63034-1BE7-419B-C8F4-5C17EF4CBF1A"/>
<colUsage columnID="70752D92-4854-A6CC-B66B-323A3905DFA1"/>
<colUsage columnID="06F195A1-3C45-D4B1-8D0E-A61EAFEE33A6"/>
</indexColumnUsage>
</ind_PK_UK>
</indexes>
</Table>