<?xml version = '1.0' encoding = 'UTF-8'?>
<Table class="oracle.dbtools.crest.model.design.relational.Table" directorySegmentName="seg_0" id="A53D8904-1885-2F8D-FCA4-F9641205C661" name="former_contacts">
<createdBy>marinfotache</createdBy>
<createdTime>2018-10-26 05:14:47 UTC</createdTime>
<generatorID>33FDE9F3-576F-7146-A3D1-ADA28F1E6B78</generatorID>
<ownerDesignName>07b_product_bought_product_offered</ownerDesignName>
<allowColumnReorder>false</allowColumnReorder>
<existDependencyGenerateInDDl>true</existDependencyGenerateInDDl>
<parsed>true</parsed>
<columns itemClass="oracle.dbtools.crest.model.design.relational.Column">
<Column name="from" id="5B45EC8E-69B7-4FCD-2E06-B910E8E84B15">
<createdBy>marinfotache</createdBy>
<createdTime>2018-10-26 05:14:47 UTC</createdTime>
<generatorID>BB479D6D-8306-F8A1-8D78-9FCAD2950685</generatorID>
<ownerDesignName>07b_product_bought_product_offered</ownerDesignName>
<useDomainConstraints>false</useDomainConstraints>
<use>1</use>
<logicalDatatype>LOGDT007</logicalDatatype>
<ownDataTypeParameters>,,</ownDataTypeParameters>
<autoIncrementCycle>false</autoIncrementCycle>
</Column>
<Column name="to" id="0EC0D6D7-AEC8-7AEB-E08E-67F627FEA899">
<createdBy>marinfotache</createdBy>
<createdTime>2018-10-26 05:14:47 UTC</createdTime>
<generatorID>62A86773-BCE3-B46F-0F35-603CC5F0540A</generatorID>
<ownerDesignName>07b_product_bought_product_offered</ownerDesignName>
<useDomainConstraints>false</useDomainConstraints>
<use>1</use>
<logicalDatatype>LOGDT007</logicalDatatype>
<ownDataTypeParameters>,,</ownDataTypeParameters>
<autoIncrementCycle>false</autoIncrementCycle>
</Column>
<Column name="position" id="5ED3B94F-8800-B6F4-3D6E-80B2A13F0F16">
<createdBy>marinfotache</createdBy>
<createdTime>2018-10-26 05:14:47 UTC</createdTime>
<generatorID>53C8192F-B137-8D72-D5D7-C044FAA6F35C</generatorID>
<ownerDesignName>07b_product_bought_product_offered</ownerDesignName>
<useDomainConstraints>false</useDomainConstraints>
<use>1</use>
<logicalDatatype>LOGDT037</logicalDatatype>
<dataTypeSize>50</dataTypeSize>
<ownDataTypeParameters>50,,</ownDataTypeParameters>
<autoIncrementCycle>false</autoIncrementCycle>
</Column>
<Column name="comments" id="A8E007BA-9515-D3E8-13AA-675BC01A5D16">
<createdBy>marinfotache</createdBy>
<createdTime>2018-10-26 05:14:47 UTC</createdTime>
<generatorID>238A3042-5873-A8A4-07FB-6B5912AD86F1</generatorID>
<ownerDesignName>07b_product_bought_product_offered</ownerDesignName>
<nullsAllowed>true</nullsAllowed>
<useDomainConstraints>false</useDomainConstraints>
<use>1</use>
<logicalDatatype>LOGDT037</logicalDatatype>
<dataTypeSize>100</dataTypeSize>
<ownDataTypeParameters>100,,</ownDataTypeParameters>
<autoIncrementCycle>false</autoIncrementCycle>
</Column>
<Column name="people_pers_id" id="932CA2E2-7478-9AD4-BF41-E429F279D682">
<createdBy>marinfotache</createdBy>
<createdTime>2018-10-26 05:14:47 UTC</createdTime>
<generatorID>CF588C65-868E-122B-EA0D-7E94EFF7E6DF</generatorID>
<ownerDesignName>07b_product_bought_product_offered</ownerDesignName>
<useDomainConstraints>false</useDomainConstraints>
<use>1</use>
<logicalDatatype>LOGDT011</logicalDatatype>
<ownDataTypeParameters>,,</ownDataTypeParameters>
<previousColumn>false</previousColumn>
<autoIncrementCycle>false</autoIncrementCycle>
<associations>
<colAssociation fkAssociation="DBB82863-ED23-5616-39D8-B9F627D28D2D" referredColumn="AAD8C96B-2A32-7E3A-1C78-B499FA81B321"/>
</associations>
</Column>
<Column name="customers_cust_id" id="05EECD38-DF3F-9FFA-B4B2-4C02F999A756">
<createdBy>marinfotache</createdBy>
<createdTime>2018-10-26 05:14:47 UTC</createdTime>
<generatorID>F40F2ABA-F063-312E-A8EC-A854BF1A736F</generatorID>
<ownerDesignName>07b_product_bought_product_offered</ownerDesignName>
<useDomainConstraints>false</useDomainConstraints>
<use>1</use>
<logicalDatatype>LOGDT011</logicalDatatype>
<ownDataTypeParameters>,,</ownDataTypeParameters>
<previousColumn>false</previousColumn>
<autoIncrementCycle>false</autoIncrementCycle>
<associations>
<colAssociation fkAssociation="B7BB2F5E-857F-C288-8D01-2BD1F640795F" referredColumn="BE18E9AB-BE7A-926F-9DC4-7F141D40BC4C"/>
</associations>
</Column>
</columns>
<indexes itemClass="oracle.dbtools.crest.model.design.relational.Index">
<ind_PK_UK id="68C438E3-FF42-BBD2-65DE-2A9D237923AC" name="former_contacts_PK">
<createdBy>marinfotache</createdBy>
<createdTime>2018-10-26 05:14:47 UTC</createdTime>
<generatorID>01EAE0E3-D8AF-8907-E589-DBA2104F3A70</generatorID>
<ownerDesignName>07b_product_bought_product_offered</ownerDesignName>
<pk>true</pk>
<indexState>Primary Constraint</indexState>
<isSurrogateKey>false</isSurrogateKey>
<indexColumnUsage>
<colUsage columnID="932CA2E2-7478-9AD4-BF41-E429F279D682"/>
<colUsage columnID="05EECD38-DF3F-9FFA-B4B2-4C02F999A756"/>
<colUsage columnID="5B45EC8E-69B7-4FCD-2E06-B910E8E84B15"/>
</indexColumnUsage>
</ind_PK_UK>
<ind_PK_UK id="1E8BA020-45D8-DD34-E333-79459A816FC7" name="former_contacts_customers_FK">
<createdBy>marinfotache</createdBy>
<createdTime>2018-10-26 05:14:48 UTC</createdTime>
<generatorID>34A37B5B-544C-2D89-9AA4-162A2F3AA375</generatorID>
<ownerDesignName>07b_product_bought_product_offered</ownerDesignName>
<indexState>Foreign Key</indexState>
<isSurrogateKey>false</isSurrogateKey>
<indexColumnUsage>
<colUsage columnID="05EECD38-DF3F-9FFA-B4B2-4C02F999A756"/>
</indexColumnUsage>
</ind_PK_UK>
<ind_PK_UK id="469383ED-90C2-CAF0-47FE-D68A48845CA1" name="former_contacts_people_FK">
<createdBy>marinfotache</createdBy>
<createdTime>2018-10-26 05:14:48 UTC</createdTime>
<generatorID>B4FE6DAF-4B3F-DC93-501E-907D8D4A2E0D</generatorID>
<ownerDesignName>07b_product_bought_product_offered</ownerDesignName>
<indexState>Foreign Key</indexState>
<isSurrogateKey>false</isSurrogateKey>
<indexColumnUsage>
<colUsage columnID="932CA2E2-7478-9AD4-BF41-E429F279D682"/>
</indexColumnUsage>
</ind_PK_UK>
</indexes>
</Table>