<?xml version = '1.0' encoding = 'UTF-8'?>
<Table class="oracle.dbtools.crest.model.design.relational.Table" directorySegmentName="seg_0" id="C4D9726D-85FF-446F-26D5-E734C33A2587" name="former_vat_percents">
<createdBy>marinfotache</createdBy>
<createdTime>2018-10-26 05:14:47 UTC</createdTime>
<generatorID>0AB40356-D92A-8831-5428-F06514DD049D</generatorID>
<ownerDesignName>07b_product_bought_product_offered</ownerDesignName>
<allowColumnReorder>false</allowColumnReorder>
<existDependencyGenerateInDDl>true</existDependencyGenerateInDDl>
<parsed>true</parsed>
<columns itemClass="oracle.dbtools.crest.model.design.relational.Column">
<Column name="date_start" id="08971A63-8844-90EC-A27D-FCA3DA0A25E7">
<createdBy>marinfotache</createdBy>
<createdTime>2018-10-26 05:14:47 UTC</createdTime>
<generatorID>11447150-0688-64A3-F82A-99D6C0B42263</generatorID>
<ownerDesignName>07b_product_bought_product_offered</ownerDesignName>
<useDomainConstraints>false</useDomainConstraints>
<use>1</use>
<logicalDatatype>LOGDT007</logicalDatatype>
<ownDataTypeParameters>,,</ownDataTypeParameters>
<autoIncrementCycle>false</autoIncrementCycle>
</Column>
<Column name="date_until" id="82C635E0-327C-B34F-CACF-B53890C80F60">
<createdBy>marinfotache</createdBy>
<createdTime>2018-10-26 05:14:47 UTC</createdTime>
<generatorID>9E5A5034-2C93-2C21-F3EA-01827B0402FC</generatorID>
<ownerDesignName>07b_product_bought_product_offered</ownerDesignName>
<nullsAllowed>true</nullsAllowed>
<useDomainConstraints>false</useDomainConstraints>
<use>1</use>
<logicalDatatype>LOGDT007</logicalDatatype>
<ownDataTypeParameters>,,</ownDataTypeParameters>
<autoIncrementCycle>false</autoIncrementCycle>
</Column>
<Column name="VAT_percent" id="9E7023AE-0407-4AED-03B9-5B3721D4C0A3">
<createdBy>marinfotache</createdBy>
<createdTime>2018-10-26 05:14:47 UTC</createdTime>
<generatorID>DC7A7091-114B-1753-16CB-594DF662B800</generatorID>
<ownerDesignName>07b_product_bought_product_offered</ownerDesignName>
<useDomainConstraints>false</useDomainConstraints>
<use>1</use>
<logicalDatatype>LOGDT019</logicalDatatype>
<dataTypePrecision>4</dataTypePrecision>
<dataTypeScale>2</dataTypeScale>
<ownDataTypeParameters>,4,2</ownDataTypeParameters>
<autoIncrementCycle>false</autoIncrementCycle>
</Column>
<Column name="products_product_id" id="C5497A3A-8EE9-F9E1-6A30-99CEB2EE1111">
<createdBy>marinfotache</createdBy>
<createdTime>2018-10-26 05:14:47 UTC</createdTime>
<generatorID>8C959E8D-D0AB-703B-2D72-7F1E21452378</generatorID>
<ownerDesignName>07b_product_bought_product_offered</ownerDesignName>
<useDomainConstraints>false</useDomainConstraints>
<use>1</use>
<logicalDatatype>LOGDT011</logicalDatatype>
<ownDataTypeParameters>,,</ownDataTypeParameters>
<previousColumn>false</previousColumn>
<autoIncrementCycle>false</autoIncrementCycle>
<associations>
<colAssociation fkAssociation="FE62CF9C-F9B2-8EBC-3308-7B04178F553B" referredColumn="63AC3017-2070-40EC-6706-0641865FE0DB"/>
</associations>
</Column>
</columns>
<indexes itemClass="oracle.dbtools.crest.model.design.relational.Index">
<ind_PK_UK id="ED7F0853-4C58-D2AB-0325-5B9C9387E730" name="former_vat_percents_PK">
<createdBy>marinfotache</createdBy>
<createdTime>2018-10-26 05:14:47 UTC</createdTime>
<generatorID>B57DEACB-B934-3134-BE5D-839F400C59FF</generatorID>
<ownerDesignName>07b_product_bought_product_offered</ownerDesignName>
<pk>true</pk>
<indexState>Primary Constraint</indexState>
<isSurrogateKey>false</isSurrogateKey>
<indexColumnUsage>
<colUsage columnID="C5497A3A-8EE9-F9E1-6A30-99CEB2EE1111"/>
<colUsage columnID="08971A63-8844-90EC-A27D-FCA3DA0A25E7"/>
</indexColumnUsage>
</ind_PK_UK>
<ind_PK_UK id="80980B1C-1F99-23E0-7FD5-9C9EB0B947F9" name="former_vat_percents_products_FK">
<createdBy>marinfotache</createdBy>
<createdTime>2018-10-26 05:14:48 UTC</createdTime>
<generatorID>B20EC83E-C530-0234-2A11-A79159E7DE1C</generatorID>
<ownerDesignName>07b_product_bought_product_offered</ownerDesignName>
<indexState>Foreign Key</indexState>
<isSurrogateKey>false</isSurrogateKey>
<indexColumnUsage>
<colUsage columnID="C5497A3A-8EE9-F9E1-6A30-99CEB2EE1111"/>
</indexColumnUsage>
</ind_PK_UK>
</indexes>
</Table>