<?xml version = '1.0' encoding = 'UTF-8'?>
<Table class="oracle.dbtools.crest.model.design.relational.Table" directorySegmentName="seg_0" id="D380AB1F-6501-9082-C000-84F71F28EE79" name="refusals">
<createdBy>marinfotache</createdBy>
<createdTime>2018-10-26 05:14:47 UTC</createdTime>
<generatorID>159E3FB7-784F-F485-ADB8-DF20348E0DB5</generatorID>
<ownerDesignName>07b_product_bought_product_offered</ownerDesignName>
<allowColumnReorder>false</allowColumnReorder>
<existDependencyGenerateInDDl>true</existDependencyGenerateInDDl>
<parsed>true</parsed>
<columns itemClass="oracle.dbtools.crest.model.design.relational.Column">
<Column name="refusal_id" id="A76DCB98-B98F-58FC-A138-1314E687E884">
<createdBy>marinfotache</createdBy>
<createdTime>2018-10-26 05:14:47 UTC</createdTime>
<generatorID>122DE09A-859B-AD9F-AFF1-8C90BDB8D23A</generatorID>
<ownerDesignName>07b_product_bought_product_offered</ownerDesignName>
<useDomainConstraints>false</useDomainConstraints>
<use>1</use>
<logicalDatatype>LOGDT011</logicalDatatype>
<ownDataTypeParameters>,,</ownDataTypeParameters>
<autoIncrementCycle>false</autoIncrementCycle>
</Column>
<Column name="refusal_dt" id="A2695798-D435-A1C2-F180-AF9DC3F54458">
<createdBy>marinfotache</createdBy>
<createdTime>2018-10-26 05:14:47 UTC</createdTime>
<generatorID>5014AAB3-8222-B1E9-1AEB-4171E353B6BF</generatorID>
<ownerDesignName>07b_product_bought_product_offered</ownerDesignName>
<nullsAllowed>true</nullsAllowed>
<useDomainConstraints>false</useDomainConstraints>
<use>1</use>
<logicalDatatype>LOGDT047</logicalDatatype>
<ownDataTypeParameters>,,</ownDataTypeParameters>
<autoIncrementCycle>false</autoIncrementCycle>
</Column>
<Column name="refusal_amount" id="6D7072D3-43BB-85D8-9D89-4011F93030EA">
<createdBy>marinfotache</createdBy>
<createdTime>2018-10-26 05:14:47 UTC</createdTime>
<generatorID>933B019D-88E9-377A-D713-E661D8EE1D5C</generatorID>
<ownerDesignName>07b_product_bought_product_offered</ownerDesignName>
<useDomainConstraints>false</useDomainConstraints>
<use>1</use>
<logicalDatatype>LOGDT019</logicalDatatype>
<dataTypePrecision>12</dataTypePrecision>
<dataTypeScale>2</dataTypeScale>
<ownDataTypeParameters>,12,2</ownDataTypeParameters>
<autoIncrementCycle>false</autoIncrementCycle>
</Column>
<Column name="invoices_invoice_id" id="D4C00F1E-664E-069A-AA35-DAFC99AAAB1A">
<createdBy>marinfotache</createdBy>
<createdTime>2018-10-26 05:14:47 UTC</createdTime>
<generatorID>27FA4400-B494-1AFF-3C04-56BBDB22A597</generatorID>
<ownerDesignName>07b_product_bought_product_offered</ownerDesignName>
<useDomainConstraints>false</useDomainConstraints>
<use>1</use>
<logicalDatatype>LOGDT011</logicalDatatype>
<ownDataTypeParameters>,,</ownDataTypeParameters>
<previousColumn>false</previousColumn>
<autoIncrementCycle>false</autoIncrementCycle>
<associations>
<colAssociation fkAssociation="B65A4A3A-C094-3CB1-9E94-DDB90525BC03" referredColumn="8A6D1286-646B-8B46-FED8-3E0C1CA07A1E"/>
</associations>
</Column>
</columns>
<indexes itemClass="oracle.dbtools.crest.model.design.relational.Index">
<ind_PK_UK id="4352B96B-53E4-233C-7A0E-1BDE6F758A77" name="refusals_PK">
<createdBy>marinfotache</createdBy>
<createdTime>2018-10-26 05:14:47 UTC</createdTime>
<generatorID>31454341-9A3F-122F-DF1B-F70D08C1230C</generatorID>
<ownerDesignName>07b_product_bought_product_offered</ownerDesignName>
<pk>true</pk>
<indexState>Primary Constraint</indexState>
<isSurrogateKey>false</isSurrogateKey>
<indexColumnUsage>
<colUsage columnID="A76DCB98-B98F-58FC-A138-1314E687E884"/>
</indexColumnUsage>
</ind_PK_UK>
<ind_PK_UK id="82CD33D3-1601-1878-EB67-87EFD9934025" name="refusals__IDX">
<createdBy>marinfotache</createdBy>
<createdTime>2018-10-26 05:14:48 UTC</createdTime>
<ownerDesignName>07b_product_bought_product_offered</ownerDesignName>
<indexState>Unique Plain Index</indexState>
<isSurrogateKey>false</isSurrogateKey>
<relationGeneratorID>E7FFA077-44AC-87FA-065E-BFAA11FE6881</relationGeneratorID>
<indexColumnUsage>
<colUsage columnID="D4C00F1E-664E-069A-AA35-DAFC99AAAB1A"/>
</indexColumnUsage>
</ind_PK_UK>
<ind_PK_UK id="1ADABFFB-016A-E079-76B7-ADC2F2FD14D4" name="refusals_invoices_FK">
<createdBy>marinfotache</createdBy>
<createdTime>2018-10-26 05:14:47 UTC</createdTime>
<generatorID>E7FFA077-44AC-87FA-065E-BFAA11FE6881</generatorID>
<ownerDesignName>07b_product_bought_product_offered</ownerDesignName>
<indexState>Foreign Key</indexState>
<isSurrogateKey>false</isSurrogateKey>
<indexColumnUsage>
<colUsage columnID="D4C00F1E-664E-069A-AA35-DAFC99AAAB1A"/>
</indexColumnUsage>
</ind_PK_UK>
</indexes>
</Table>