<?xml version = '1.0' encoding = 'UTF-8'?>
<Table class="oracle.dbtools.crest.model.design.relational.Table" directorySegmentName="seg_0" id="F99840DB-C15E-CB67-8DFA-B0B04CA24291" name="customer_montly_stats">
<createdBy>marinfotache</createdBy>
<createdTime>2018-10-26 05:14:47 UTC</createdTime>
<generatorID>98FAA55C-153A-349F-307F-0311159CE1E1</generatorID>
<ownerDesignName>07b_product_bought_product_offered</ownerDesignName>
<allowColumnReorder>false</allowColumnReorder>
<existDependencyGenerateInDDl>true</existDependencyGenerateInDDl>
<parsed>true</parsed>
<columns itemClass="oracle.dbtools.crest.model.design.relational.Column">
<Column name="customers_cust_id" id="3D87A7BF-5ABC-623C-EF3A-0563188A7FA3">
<createdBy>marinfotache</createdBy>
<createdTime>2018-10-26 05:14:47 UTC</createdTime>
<generatorID>BFBECC06-FBFD-12DC-E85A-C00425BA2A81</generatorID>
<ownerDesignName>07b_product_bought_product_offered</ownerDesignName>
<useDomainConstraints>false</useDomainConstraints>
<use>1</use>
<logicalDatatype>LOGDT011</logicalDatatype>
<ownDataTypeParameters>,,</ownDataTypeParameters>
<previousColumn>false</previousColumn>
<autoIncrementCycle>false</autoIncrementCycle>
<associations>
<colAssociation fkAssociation="F0D02C1D-254F-9589-D7DF-EEE88AA7652D" referredColumn="BE18E9AB-BE7A-926F-9DC4-7F141D40BC4C"/>
</associations>
</Column>
<Column name="months_year" id="96DCC54C-A87C-C89D-29F8-4DB83341C364">
<createdBy>marinfotache</createdBy>
<createdTime>2018-10-26 05:14:47 UTC</createdTime>
<generatorID>E855D6BF-224E-DB8F-D8D8-FCC6B1140384</generatorID>
<ownerDesignName>07b_product_bought_product_offered</ownerDesignName>
<useDomainConstraints>false</useDomainConstraints>
<use>1</use>
<logicalDatatype>LOGDT019</logicalDatatype>
<dataTypePrecision>4</dataTypePrecision>
<ownDataTypeParameters>,,</ownDataTypeParameters>
<previousColumn>false</previousColumn>
<autoIncrementCycle>false</autoIncrementCycle>
<associations>
<colAssociation fkAssociation="F5B83E2C-FB4B-11CB-85D8-0B037EF4E0DB" referredColumn="85527E26-A64D-790E-7586-BCA70C1156EF"/>
</associations>
</Column>
<Column name="months_month" id="4D4D0D46-7B55-BE75-01CC-FF8371100944">
<createdBy>marinfotache</createdBy>
<createdTime>2018-10-26 05:14:47 UTC</createdTime>
<generatorID>64A85DCF-1EE3-786B-2760-A97A56E347B6</generatorID>
<ownerDesignName>07b_product_bought_product_offered</ownerDesignName>
<useDomainConstraints>false</useDomainConstraints>
<use>1</use>
<logicalDatatype>LOGDT019</logicalDatatype>
<dataTypePrecision>2</dataTypePrecision>
<ownDataTypeParameters>,,</ownDataTypeParameters>
<previousColumn>false</previousColumn>
<autoIncrementCycle>false</autoIncrementCycle>
<associations>
<colAssociation fkAssociation="F5B83E2C-FB4B-11CB-85D8-0B037EF4E0DB" referredColumn="8C895EC1-6FB2-4795-B0F7-F9EB5604E2D3"/>
</associations>
</Column>
<Column name="sales" id="06818108-0D52-BC1F-710E-A03217CBA566">
<createdBy>marinfotache</createdBy>
<createdTime>2018-10-26 05:14:47 UTC</createdTime>
<generatorID>3408869F-6CAD-B615-CBA4-DB15B2D4B1FD</generatorID>
<ownerDesignName>07b_product_bought_product_offered</ownerDesignName>
<useDomainConstraints>false</useDomainConstraints>
<use>1</use>
<logicalDatatype>LOGDT019</logicalDatatype>
<dataTypePrecision>14</dataTypePrecision>
<dataTypeScale>2</dataTypeScale>
<ownDataTypeParameters>,14,2</ownDataTypeParameters>
<autoIncrementCycle>false</autoIncrementCycle>
</Column>
<Column name="refusals" id="3B2E0032-9693-6AFE-DC6B-9EC33E233BC0">
<createdBy>marinfotache</createdBy>
<createdTime>2018-10-26 05:14:47 UTC</createdTime>
<generatorID>505C3ED3-7FF9-E804-2C35-92586DDDB096</generatorID>
<ownerDesignName>07b_product_bought_product_offered</ownerDesignName>
<useDomainConstraints>false</useDomainConstraints>
<use>1</use>
<logicalDatatype>LOGDT019</logicalDatatype>
<dataTypePrecision>14</dataTypePrecision>
<dataTypeScale>2</dataTypeScale>
<ownDataTypeParameters>,14,2</ownDataTypeParameters>
<autoIncrementCycle>false</autoIncrementCycle>
</Column>
<Column name="cancellations" id="09CC9FFC-A944-4C95-2A51-550296518AD9">
<createdBy>marinfotache</createdBy>
<createdTime>2018-10-26 05:14:47 UTC</createdTime>
<generatorID>9D3476A9-F8F1-A522-80C3-ECFC6A4B974E</generatorID>
<ownerDesignName>07b_product_bought_product_offered</ownerDesignName>
<useDomainConstraints>false</useDomainConstraints>
<use>1</use>
<logicalDatatype>LOGDT019</logicalDatatype>
<dataTypePrecision>14</dataTypePrecision>
<dataTypeScale>2</dataTypeScale>
<ownDataTypeParameters>,14,2</ownDataTypeParameters>
<autoIncrementCycle>false</autoIncrementCycle>
</Column>
<Column name="received" id="B90550C4-F3DF-E846-49E9-55BD8FCA2187">
<createdBy>marinfotache</createdBy>
<createdTime>2018-10-26 05:14:47 UTC</createdTime>
<generatorID>A52C90CA-671E-DEA2-3353-02A91EAB4F8F</generatorID>
<ownerDesignName>07b_product_bought_product_offered</ownerDesignName>
<useDomainConstraints>false</useDomainConstraints>
<use>1</use>
<logicalDatatype>LOGDT019</logicalDatatype>
<dataTypePrecision>14</dataTypePrecision>
<dataTypeScale>2</dataTypeScale>
<ownDataTypeParameters>,14,2</ownDataTypeParameters>
<autoIncrementCycle>false</autoIncrementCycle>
</Column>
</columns>
<indexes itemClass="oracle.dbtools.crest.model.design.relational.Index">
<ind_PK_UK id="1450E63C-4D78-F56D-5DDA-0F65CB60C9AA" name="customer_montly_stats_PK">
<createdBy>marinfotache</createdBy>
<createdTime>2018-10-26 05:14:47 UTC</createdTime>
<generatorID>8108EFB3-9798-9CEA-A058-004756AE649D</generatorID>
<ownerDesignName>07b_product_bought_product_offered</ownerDesignName>
<pk>true</pk>
<indexState>Primary Constraint</indexState>
<isSurrogateKey>false</isSurrogateKey>
<indexColumnUsage>
<colUsage columnID="3D87A7BF-5ABC-623C-EF3A-0563188A7FA3"/>
<colUsage columnID="96DCC54C-A87C-C89D-29F8-4DB83341C364"/>
<colUsage columnID="4D4D0D46-7B55-BE75-01CC-FF8371100944"/>
</indexColumnUsage>
</ind_PK_UK>
<ind_PK_UK id="C2560510-C4A9-1CD6-1247-83A5A1572F8A" name="customer_montly_stats_months_FK">
<createdBy>marinfotache</createdBy>
<createdTime>2018-10-26 05:14:48 UTC</createdTime>
<generatorID>2DC15E09-67BA-D635-873E-EF619E27F9D3</generatorID>
<ownerDesignName>07b_product_bought_product_offered</ownerDesignName>
<indexState>Foreign Key</indexState>
<isSurrogateKey>false</isSurrogateKey>
<indexColumnUsage>
<colUsage columnID="96DCC54C-A87C-C89D-29F8-4DB83341C364"/>
<colUsage columnID="4D4D0D46-7B55-BE75-01CC-FF8371100944"/>
</indexColumnUsage>
</ind_PK_UK>
<ind_PK_UK id="A04D1B1E-FB17-DB88-CCA7-10AFAC515F41" name="customer_montly_stats_customers_FK">
<createdBy>marinfotache</createdBy>
<createdTime>2018-10-26 05:14:48 UTC</createdTime>
<generatorID>58D22822-17DE-E93C-8D0C-0080DAFE466C</generatorID>
<ownerDesignName>07b_product_bought_product_offered</ownerDesignName>
<indexState>Foreign Key</indexState>
<isSurrogateKey>false</isSurrogateKey>
<indexColumnUsage>
<colUsage columnID="3D87A7BF-5ABC-623C-EF3A-0563188A7FA3"/>
</indexColumnUsage>
</ind_PK_UK>
</indexes>
</Table>