<?xml version = '1.0' encoding = 'UTF-8'?>
<Table class="oracle.dbtools.crest.model.design.relational.Table" directorySegmentName="seg_0" id="F9BBFED6-D2EC-AAFC-5000-9FAFD641EA89" name="receipt_details">
<createdBy>marinfotache</createdBy>
<createdTime>2018-10-26 05:14:47 UTC</createdTime>
<generatorID>B70CD4E1-34A8-9F6C-A3CF-403C1A0B635E</generatorID>
<ownerDesignName>07b_product_bought_product_offered</ownerDesignName>
<allowColumnReorder>false</allowColumnReorder>
<existDependencyGenerateInDDl>true</existDependencyGenerateInDDl>
<parsed>true</parsed>
<columns itemClass="oracle.dbtools.crest.model.design.relational.Column">
<Column name="receipts_receipt_id" id="7771DD6E-94B4-4760-B975-277558E8C2A4">
<createdBy>marinfotache</createdBy>
<createdTime>2018-10-26 05:14:47 UTC</createdTime>
<generatorID>F1DA05D9-C570-6F7E-733E-923398ED6586</generatorID>
<ownerDesignName>07b_product_bought_product_offered</ownerDesignName>
<useDomainConstraints>false</useDomainConstraints>
<use>1</use>
<logicalDatatype>LOGDT011</logicalDatatype>
<ownDataTypeParameters>,,</ownDataTypeParameters>
<previousColumn>false</previousColumn>
<autoIncrementCycle>false</autoIncrementCycle>
<associations>
<colAssociation fkAssociation="CE2B7349-7276-304E-F688-41A3BE3B2288" referredColumn="EC1EC21C-E687-2209-6C1D-5915BDA52EE9"/>
</associations>
</Column>
<Column name="invoices_invoice_id" id="F2539D56-5682-BB93-1BF8-FDBD1864D3A8">
<createdBy>marinfotache</createdBy>
<createdTime>2018-10-26 05:14:47 UTC</createdTime>
<generatorID>0C14151E-D4EE-ADA2-1872-555172A66F23</generatorID>
<ownerDesignName>07b_product_bought_product_offered</ownerDesignName>
<useDomainConstraints>false</useDomainConstraints>
<use>1</use>
<logicalDatatype>LOGDT011</logicalDatatype>
<ownDataTypeParameters>,,</ownDataTypeParameters>
<previousColumn>false</previousColumn>
<autoIncrementCycle>false</autoIncrementCycle>
<associations>
<colAssociation fkAssociation="A380D0B9-7A52-E1A1-AECD-F2B6AA1BB148" referredColumn="8A6D1286-646B-8B46-FED8-3E0C1CA07A1E"/>
</associations>
</Column>
<Column name="amount" id="C305429C-FBEA-57F5-579E-2FAD6F10843C">
<createdBy>marinfotache</createdBy>
<createdTime>2018-10-26 05:14:47 UTC</createdTime>
<generatorID>7B263314-88C8-4CD6-147B-D25C8B94984A</generatorID>
<ownerDesignName>07b_product_bought_product_offered</ownerDesignName>
<useDomainConstraints>false</useDomainConstraints>
<use>1</use>
<logicalDatatype>LOGDT019</logicalDatatype>
<dataTypePrecision>10</dataTypePrecision>
<dataTypeScale>2</dataTypeScale>
<ownDataTypeParameters>,10,2</ownDataTypeParameters>
<autoIncrementCycle>false</autoIncrementCycle>
</Column>
</columns>
<indexes itemClass="oracle.dbtools.crest.model.design.relational.Index">
<ind_PK_UK id="5CA0E7A4-5734-8DDB-7526-CC9470077C88" name="receipt_details_PK">
<createdBy>marinfotache</createdBy>
<createdTime>2018-10-26 05:14:47 UTC</createdTime>
<generatorID>833AF945-D4D6-7A94-3F15-626CF5B39775</generatorID>
<ownerDesignName>07b_product_bought_product_offered</ownerDesignName>
<pk>true</pk>
<indexState>Primary Constraint</indexState>
<isSurrogateKey>false</isSurrogateKey>
<indexColumnUsage>
<colUsage columnID="F2539D56-5682-BB93-1BF8-FDBD1864D3A8"/>
<colUsage columnID="7771DD6E-94B4-4760-B975-277558E8C2A4"/>
</indexColumnUsage>
</ind_PK_UK>
<ind_PK_UK id="5BBA37C8-B4CC-A4C1-B6DB-971A7CBDAE47" name="receipt_details_receipts_FK">
<createdBy>marinfotache</createdBy>
<createdTime>2018-10-26 05:14:48 UTC</createdTime>
<generatorID>3DC8AEB8-57D3-AFB7-FCE8-7F08DCC93164</generatorID>
<ownerDesignName>07b_product_bought_product_offered</ownerDesignName>
<indexState>Foreign Key</indexState>
<isSurrogateKey>false</isSurrogateKey>
<indexColumnUsage>
<colUsage columnID="7771DD6E-94B4-4760-B975-277558E8C2A4"/>
</indexColumnUsage>
</ind_PK_UK>
<ind_PK_UK id="913B1791-CF08-0560-A513-4EC8978F1B0E" name="receipt_details_invoices_FK">
<createdBy>marinfotache</createdBy>
<createdTime>2018-10-26 05:14:48 UTC</createdTime>
<generatorID>BFF71C8D-60AE-DDB3-E312-B35FE343EFE9</generatorID>
<ownerDesignName>07b_product_bought_product_offered</ownerDesignName>
<indexState>Foreign Key</indexState>
<isSurrogateKey>false</isSurrogateKey>
<indexColumnUsage>
<colUsage columnID="F2539D56-5682-BB93-1BF8-FDBD1864D3A8"/>
</indexColumnUsage>
</ind_PK_UK>
</indexes>
</Table>