<?xml version = '1.0' encoding = 'UTF-8'?>
<Table class="oracle.dbtools.crest.model.design.relational.Table" directorySegmentName="seg_0" id="23C8A48A-9D5B-C85F-0B4C-5A2A7B54A131" name="product_description">
<createdBy>admin</createdBy>
<createdTime>2015-10-30 16:34:33 UTC</createdTime>
<generatorID>8F76DA1B-098A-8F2C-1C1A-46DFC01863D9</generatorID>
<ownerDesignName>03_metadata</ownerDesignName>
<existDependencyGenerateInDDl>true</existDependencyGenerateInDDl>
<parsed>true</parsed>
<columns itemClass="oracle.dbtools.crest.model.design.relational.Column">
<Column name="prop_value_for_crt_prod" id="59632BAE-7752-00E1-B84D-E0BC401074FA">
<createdBy>admin</createdBy>
<createdTime>2015-10-30 16:34:33 UTC</createdTime>
<generatorID>77B1E9F0-EF2B-77E5-4A11-8810890727D8</generatorID>
<ownerDesignName>03_metadata</ownerDesignName>
<useDomainConstraints>false</useDomainConstraints>
<use>1</use>
<logicalDatatype>LOGDT024</logicalDatatype>
<dataTypeSize>30</dataTypeSize>
<ownDataTypeParameters>30,,</ownDataTypeParameters>
<autoIncrementCycle>false</autoIncrementCycle>
</Column>
<Column name="prod_id" id="FF2B8C3E-8DF0-CE6D-E565-5D0641DBCA0D">
<createdBy>admin</createdBy>
<createdTime>2015-10-30 16:34:33 UTC</createdTime>
<generatorID>E531E7BE-ABE2-3FCB-0D2F-93875813310B</generatorID>
<ownerDesignName>03_metadata</ownerDesignName>
<useDomainConstraints>false</useDomainConstraints>
<use>1</use>
<logicalDatatype>LOGDT011</logicalDatatype>
<ownDataTypeParameters>,,</ownDataTypeParameters>
<previousColumn>false</previousColumn>
<autoIncrementCycle>false</autoIncrementCycle>
<associations>
<colAssociation fkAssociation="97961BF5-19FC-A5CF-6031-9D9AC3369311" referredColumn="C51E95D0-B373-088C-4D18-8C0F25D2EC15"/>
</associations>
</Column>
<Column name="property_id" id="3184A0C6-7804-1517-4221-D4D5465FC62E">
<createdBy>admin</createdBy>
<createdTime>2015-10-30 16:34:33 UTC</createdTime>
<generatorID>4FB9C687-9229-A055-F6CF-B096DA3E3FD2</generatorID>
<ownerDesignName>03_metadata</ownerDesignName>
<useDomainConstraints>false</useDomainConstraints>
<use>1</use>
<logicalDatatype>LOGDT011</logicalDatatype>
<ownDataTypeParameters>,,</ownDataTypeParameters>
<previousColumn>false</previousColumn>
<autoIncrementCycle>false</autoIncrementCycle>
<associations>
<colAssociation fkAssociation="53EE6E19-46E0-4F73-9837-76ED13A9201B" referredColumn="E48335FD-675D-50B4-0E15-B3E91E7C5DCB"/>
</associations>
</Column>
<Column name="enter_date" id="19F7B0C2-2540-ED9A-FEBE-AFF7D668D858">
<createdBy>admin</createdBy>
<createdTime>2015-10-30 16:34:33 UTC</createdTime>
<generatorID>EA5E0ECB-B25C-F0C8-9AA6-35C76B146577</generatorID>
<ownerDesignName>03_metadata</ownerDesignName>
<useDomainConstraints>false</useDomainConstraints>
<use>1</use>
<logicalDatatype>LOGDT007</logicalDatatype>
<ownDataTypeParameters>,,</ownDataTypeParameters>
<autoIncrementCycle>false</autoIncrementCycle>
</Column>
<Column name="comments" id="8BED0BBB-872D-7692-8CEF-8D6CC88AC0E1">
<createdBy>admin</createdBy>
<createdTime>2015-10-30 16:34:33 UTC</createdTime>
<generatorID>ACA0E38F-4132-A36D-18E7-3EE6808CCBD9</generatorID>
<ownerDesignName>03_metadata</ownerDesignName>
<nullsAllowed>true</nullsAllowed>
<useDomainConstraints>false</useDomainConstraints>
<use>1</use>
<logicalDatatype>LOGDT037</logicalDatatype>
<dataTypeSize>50</dataTypeSize>
<ownDataTypeParameters>50,,</ownDataTypeParameters>
<autoIncrementCycle>false</autoIncrementCycle>
</Column>
<Column name="discard_date" id="1CE03557-F4DE-DB86-89B1-5829F9F1026F">
<createdBy>admin</createdBy>
<createdTime>2015-10-30 16:34:33 UTC</createdTime>
<generatorID>988BB0B1-BAEB-9376-4CD7-FE37A2FB4D3D</generatorID>
<ownerDesignName>03_metadata</ownerDesignName>
<nullsAllowed>true</nullsAllowed>
<useDomainConstraints>false</useDomainConstraints>
<use>1</use>
<logicalDatatype>LOGDT007</logicalDatatype>
<ownDataTypeParameters>,,</ownDataTypeParameters>
<autoIncrementCycle>false</autoIncrementCycle>
</Column>
</columns>
<indexes itemClass="oracle.dbtools.crest.model.design.relational.Index">
<ind_PK_UK id="7EED7371-0ECB-7421-A270-DA249490B3EA" name="product_description_PK">
<createdBy>admin</createdBy>
<createdTime>2015-10-30 16:34:33 UTC</createdTime>
<generatorID>51066801-0E76-BB61-4A93-FFB26EF77F44</generatorID>
<ownerDesignName>03_metadata</ownerDesignName>
<pk>true</pk>
<indexState>Primary Constraint</indexState>
<isSurrogateKey>false</isSurrogateKey>
<indexColumnUsage>
<colUsage columnID="FF2B8C3E-8DF0-CE6D-E565-5D0641DBCA0D"/>
<colUsage columnID="3184A0C6-7804-1517-4221-D4D5465FC62E"/>
</indexColumnUsage>
</ind_PK_UK>
<ind_PK_UK id="F744C938-4E25-A8E5-1FE0-2DE279179A6F" name="product_description_properties_FK">
<createdBy>admin</createdBy>
<createdTime>2015-10-30 16:34:33 UTC</createdTime>
<generatorID>548DAA53-54D6-500D-4ED2-A9AA554BC099</generatorID>
<ownerDesignName>03_metadata</ownerDesignName>
<indexState>Foreign Key</indexState>
<isSurrogateKey>false</isSurrogateKey>
<indexColumnUsage>
<colUsage columnID="3184A0C6-7804-1517-4221-D4D5465FC62E"/>
</indexColumnUsage>
</ind_PK_UK>
<ind_PK_UK id="7A820233-15EE-61CB-CB2F-B1B16E8C0287" name="product_description_products_FK">
<createdBy>admin</createdBy>
<createdTime>2015-10-30 16:34:33 UTC</createdTime>
<generatorID>9862C52A-BE18-1555-57BB-2FADE2E36092</generatorID>
<ownerDesignName>03_metadata</ownerDesignName>
<indexState>Foreign Key</indexState>
<isSurrogateKey>false</isSurrogateKey>
<indexColumnUsage>
<colUsage columnID="FF2B8C3E-8DF0-CE6D-E565-5D0641DBCA0D"/>
</indexColumnUsage>
</ind_PK_UK>
</indexes>
</Table>