<?xml version = '1.0' encoding = 'UTF-8'?>
<Table class="oracle.dbtools.crest.model.design.relational.Table" directorySegmentName="seg_0" id="3C2728EF-5FAC-EA30-273F-513F1F084CB5" name="properties">
<createdBy>admin</createdBy>
<createdTime>2015-10-30 16:34:33 UTC</createdTime>
<generatorID>2B353EF3-171E-52CA-ACCD-9E1C26F89CE8</generatorID>
<ownerDesignName>03_metadata</ownerDesignName>
<existDependencyGenerateInDDl>true</existDependencyGenerateInDDl>
<parsed>true</parsed>
<columns itemClass="oracle.dbtools.crest.model.design.relational.Column">
<Column name="property_id" id="E48335FD-675D-50B4-0E15-B3E91E7C5DCB">
<createdBy>admin</createdBy>
<createdTime>2015-10-30 16:34:33 UTC</createdTime>
<generatorID>6CA1D7DE-59FA-1F29-B012-43975169DA8D</generatorID>
<ownerDesignName>03_metadata</ownerDesignName>
<useDomainConstraints>false</useDomainConstraints>
<use>1</use>
<logicalDatatype>LOGDT011</logicalDatatype>
<ownDataTypeParameters>,,</ownDataTypeParameters>
<autoIncrementCycle>false</autoIncrementCycle>
</Column>
<Column name="property_name" id="966D122A-5515-1518-B408-153D13B300EF">
<createdBy>admin</createdBy>
<createdTime>2015-10-30 16:34:33 UTC</createdTime>
<generatorID>A2D26F0D-6A1B-58FE-116A-1AE03D55DC87</generatorID>
<ownerDesignName>03_metadata</ownerDesignName>
<nullsAllowed>true</nullsAllowed>
<useDomainConstraints>false</useDomainConstraints>
<use>1</use>
<logicalDatatype>LOGDT037</logicalDatatype>
<dataTypeSize>50</dataTypeSize>
<ownDataTypeParameters>50,,</ownDataTypeParameters>
<autoIncrementCycle>false</autoIncrementCycle>
</Column>
<Column name="usage_start_date" id="C27E0343-2A83-C791-35B2-18370289F869">
<createdBy>admin</createdBy>
<createdTime>2015-10-30 16:34:33 UTC</createdTime>
<generatorID>EAA3EF5B-C3B8-65C0-6B57-8294167D2C41</generatorID>
<ownerDesignName>03_metadata</ownerDesignName>
<useDomainConstraints>false</useDomainConstraints>
<use>1</use>
<logicalDatatype>LOGDT007</logicalDatatype>
<ownDataTypeParameters>,,</ownDataTypeParameters>
<autoIncrementCycle>false</autoIncrementCycle>
</Column>
<Column name="usage_end_date" id="EE166885-2452-EBBA-EBFF-66EA83E038D9">
<createdBy>admin</createdBy>
<createdTime>2015-10-30 16:34:33 UTC</createdTime>
<generatorID>C55AF948-BFAA-3CF3-543B-EEE49C6731C2</generatorID>
<ownerDesignName>03_metadata</ownerDesignName>
<nullsAllowed>true</nullsAllowed>
<useDomainConstraints>false</useDomainConstraints>
<use>1</use>
<logicalDatatype>LOGDT007</logicalDatatype>
<ownDataTypeParameters>,,</ownDataTypeParameters>
<autoIncrementCycle>false</autoIncrementCycle>
</Column>
<Column name="comments" id="D19AF888-1756-AEAF-B699-CE45BDA6D66D">
<createdBy>admin</createdBy>
<createdTime>2015-10-30 16:34:33 UTC</createdTime>
<generatorID>60989C48-5D43-99E5-1EE8-C18ABCE4950A</generatorID>
<ownerDesignName>03_metadata</ownerDesignName>
<nullsAllowed>true</nullsAllowed>
<useDomainConstraints>false</useDomainConstraints>
<use>1</use>
<logicalDatatype>LOGDT037</logicalDatatype>
<dataTypeSize>100</dataTypeSize>
<ownDataTypeParameters>100,,</ownDataTypeParameters>
<autoIncrementCycle>false</autoIncrementCycle>
</Column>
<Column name="data_type" id="CE4E7389-F0AA-49D2-4AB9-0D84D01FF40F">
<createdBy>admin</createdBy>
<createdTime>2015-10-30 16:34:33 UTC</createdTime>
<generatorID>A136A0A8-051C-35BD-A7E8-21B6A9022016</generatorID>
<ownerDesignName>03_metadata</ownerDesignName>
<nullsAllowed>true</nullsAllowed>
<useDomainConstraints>false</useDomainConstraints>
<use>1</use>
<logicalDatatype>LOGDT024</logicalDatatype>
<dataTypeSize>20</dataTypeSize>
<ownDataTypeParameters>20,,</ownDataTypeParameters>
<autoIncrementCycle>false</autoIncrementCycle>
</Column>
<Column name="abbreviation" id="3AAE6948-A400-EAE7-5603-E4A54318CDB2">
<createdBy>admin</createdBy>
<createdTime>2015-10-30 16:34:33 UTC</createdTime>
<generatorID>D69D3E49-466C-7173-75B0-57B06DD1C744</generatorID>
<ownerDesignName>03_metadata</ownerDesignName>
<useDomainConstraints>false</useDomainConstraints>
<use>1</use>
<logicalDatatype>LOGDT037</logicalDatatype>
<dataTypeSize>20</dataTypeSize>
<ownDataTypeParameters>20,,</ownDataTypeParameters>
<previousColumn>false</previousColumn>
<autoIncrementCycle>false</autoIncrementCycle>
<associations>
<colAssociation fkAssociation="200B1D0A-7317-33C4-E7B6-C293D28DF2D8" referredColumn="363CD177-EB25-51EE-6365-C232FD425461"/>
</associations>
</Column>
</columns>
<indexes itemClass="oracle.dbtools.crest.model.design.relational.Index">
<ind_PK_UK id="85501363-1F40-4F12-9B6F-356B88DF00E4" name="properties_PK">
<createdBy>admin</createdBy>
<createdTime>2015-10-30 16:34:33 UTC</createdTime>
<generatorID>896421A6-88EE-506D-58B9-B8D6CE3363B6</generatorID>
<ownerDesignName>03_metadata</ownerDesignName>
<pk>true</pk>
<indexState>Primary Constraint</indexState>
<isSurrogateKey>false</isSurrogateKey>
<indexColumnUsage>
<colUsage columnID="E48335FD-675D-50B4-0E15-B3E91E7C5DCB"/>
</indexColumnUsage>
</ind_PK_UK>
<ind_PK_UK id="9D139C8E-1F42-DDB6-6E4F-01BF120235D5" name="properties_measure_units_FK">
<createdBy>admin</createdBy>
<createdTime>2015-10-30 16:34:33 UTC</createdTime>
<generatorID>9F20F320-98E2-ABB8-C8CC-877482DC77DB</generatorID>
<ownerDesignName>03_metadata</ownerDesignName>
<indexState>Foreign Key</indexState>
<isSurrogateKey>false</isSurrogateKey>
<indexColumnUsage>
<colUsage columnID="3AAE6948-A400-EAE7-5603-E4A54318CDB2"/>
</indexColumnUsage>
</ind_PK_UK>
</indexes>
</Table>