<?xml version = '1.0' encoding = 'UTF-8'?>
<Table class="oracle.dbtools.crest.model.design.relational.Table" directorySegmentName="seg_0" id="6D8EBAF1-508F-B269-19EE-B7645252F2B0" name="groups_description">
<createdBy>admin</createdBy>
<createdTime>2015-10-30 16:34:33 UTC</createdTime>
<generatorID>F5A42B6E-0F4A-204B-E863-FA2EC91CCD0E</generatorID>
<ownerDesignName>03_metadata</ownerDesignName>
<existDependencyGenerateInDDl>true</existDependencyGenerateInDDl>
<parsed>true</parsed>
<columns itemClass="oracle.dbtools.crest.model.design.relational.Column">
<Column name="group_name" id="23FB0E2A-B567-3BC9-6BDA-70C61B5279E8">
<createdBy>admin</createdBy>
<createdTime>2015-10-30 16:34:33 UTC</createdTime>
<generatorID>AE8C9E48-E322-2715-727D-27FB23A633F0</generatorID>
<ownerDesignName>03_metadata</ownerDesignName>
<useDomainConstraints>false</useDomainConstraints>
<use>1</use>
<logicalDatatype>LOGDT037</logicalDatatype>
<dataTypeSize>50</dataTypeSize>
<ownDataTypeParameters>50,,</ownDataTypeParameters>
<previousColumn>false</previousColumn>
<autoIncrementCycle>false</autoIncrementCycle>
<associations>
<colAssociation fkAssociation="B71E1C25-B4DA-BD60-5286-D319BE641610" referredColumn="1F1F90B0-FBEC-5ACA-4788-E2A93BABD045"/>
</associations>
</Column>
<Column name="property_id" id="6D883A92-B6C0-759E-31B8-F56054CCAB4A">
<createdBy>admin</createdBy>
<createdTime>2015-10-30 16:34:33 UTC</createdTime>
<generatorID>1CC60A19-B853-6403-199B-A70BE6FDA21C</generatorID>
<ownerDesignName>03_metadata</ownerDesignName>
<useDomainConstraints>false</useDomainConstraints>
<use>1</use>
<logicalDatatype>LOGDT011</logicalDatatype>
<ownDataTypeParameters>,,</ownDataTypeParameters>
<previousColumn>false</previousColumn>
<autoIncrementCycle>false</autoIncrementCycle>
<associations>
<colAssociation fkAssociation="4485D1B0-5A1B-07DC-56F3-A2FF5A1DB74E" referredColumn="E48335FD-675D-50B4-0E15-B3E91E7C5DCB"/>
</associations>
</Column>
<Column name="compulsory_or_not" id="27C48DA2-BC12-63C8-CA85-360E295CC80B">
<createdBy>admin</createdBy>
<createdTime>2015-10-30 16:34:33 UTC</createdTime>
<comment>it is compulsory or not (optional or other case) to specify current property for current group</comment>
<generatorID>2ADA2F0A-38D3-870B-1860-C407C3E80E9B</generatorID>
<ownerDesignName>03_metadata</ownerDesignName>
<useDomainConstraints>false</useDomainConstraints>
<use>1</use>
<logicalDatatype>LOGDT024</logicalDatatype>
<dataTypeSize>20</dataTypeSize>
<ownDataTypeParameters>20,,</ownDataTypeParameters>
<autoIncrementCycle>false</autoIncrementCycle>
</Column>
<Column name="defaulf_value" id="0EDF5B08-9BDA-6C58-588B-925AE9DE6186">
<createdBy>admin</createdBy>
<createdTime>2015-10-30 16:34:33 UTC</createdTime>
<generatorID>D6F392E8-3F18-73DC-C6A7-B3726AD2B785</generatorID>
<ownerDesignName>03_metadata</ownerDesignName>
<nullsAllowed>true</nullsAllowed>
<useDomainConstraints>false</useDomainConstraints>
<use>1</use>
<logicalDatatype>LOGDT037</logicalDatatype>
<dataTypeSize>30</dataTypeSize>
<ownDataTypeParameters>30,,</ownDataTypeParameters>
<autoIncrementCycle>false</autoIncrementCycle>
</Column>
<Column name="min_accepted_value" id="FF9D20FB-3852-A4F8-2A66-9196C9761AA6">
<createdBy>admin</createdBy>
<createdTime>2015-10-30 16:34:33 UTC</createdTime>
<generatorID>9B3C6B49-EF46-DD00-485E-186D52787F1A</generatorID>
<ownerDesignName>03_metadata</ownerDesignName>
<nullsAllowed>true</nullsAllowed>
<useDomainConstraints>false</useDomainConstraints>
<use>1</use>
<logicalDatatype>LOGDT037</logicalDatatype>
<dataTypeSize>30</dataTypeSize>
<ownDataTypeParameters>30,,</ownDataTypeParameters>
<autoIncrementCycle>false</autoIncrementCycle>
</Column>
<Column name="max_accepted_value" id="D0C2D78B-97E5-EF9B-60D1-6BE0F3A79E3C">
<createdBy>admin</createdBy>
<createdTime>2015-10-30 16:34:33 UTC</createdTime>
<generatorID>0CE5858F-B37B-4E4E-294D-F5A62DC25230</generatorID>
<ownerDesignName>03_metadata</ownerDesignName>
<nullsAllowed>true</nullsAllowed>
<useDomainConstraints>false</useDomainConstraints>
<use>1</use>
<logicalDatatype>LOGDT037</logicalDatatype>
<dataTypeSize>20</dataTypeSize>
<ownDataTypeParameters>20,,</ownDataTypeParameters>
<autoIncrementCycle>false</autoIncrementCycle>
</Column>
</columns>
<indexes itemClass="oracle.dbtools.crest.model.design.relational.Index">
<ind_PK_UK id="D3AB390E-3602-E6D7-20CA-B8B47F57096A" name="groups_description_PK">
<createdBy>admin</createdBy>
<createdTime>2015-10-30 16:34:33 UTC</createdTime>
<generatorID>9ED9037D-1985-9BC4-095B-9CF11D684419</generatorID>
<ownerDesignName>03_metadata</ownerDesignName>
<pk>true</pk>
<indexState>Primary Constraint</indexState>
<isSurrogateKey>false</isSurrogateKey>
<indexColumnUsage>
<colUsage columnID="23FB0E2A-B567-3BC9-6BDA-70C61B5279E8"/>
<colUsage columnID="6D883A92-B6C0-759E-31B8-F56054CCAB4A"/>
</indexColumnUsage>
</ind_PK_UK>
<ind_PK_UK id="BDC92044-BE14-443D-A718-747B50558119" name="groups_description_properties_FK">
<createdBy>admin</createdBy>
<createdTime>2015-10-30 16:34:33 UTC</createdTime>
<generatorID>36C9882B-E622-3248-848F-63569AD8D246</generatorID>
<ownerDesignName>03_metadata</ownerDesignName>
<indexState>Foreign Key</indexState>
<isSurrogateKey>false</isSurrogateKey>
<indexColumnUsage>
<colUsage columnID="6D883A92-B6C0-759E-31B8-F56054CCAB4A"/>
</indexColumnUsage>
</ind_PK_UK>
<ind_PK_UK id="979983C2-2ACD-5F0D-29A2-599CA906988A" name="groups_description_item_groups_FK">
<createdBy>admin</createdBy>
<createdTime>2015-10-30 16:34:33 UTC</createdTime>
<generatorID>FADAB7FD-5DF3-394E-58EA-3ED875877EB7</generatorID>
<ownerDesignName>03_metadata</ownerDesignName>
<indexState>Foreign Key</indexState>
<isSurrogateKey>false</isSurrogateKey>
<indexColumnUsage>
<colUsage columnID="23FB0E2A-B567-3BC9-6BDA-70C61B5279E8"/>
</indexColumnUsage>
</ind_PK_UK>
</indexes>
</Table>