<?xml version = '1.0' encoding = 'UTF-8'?>
<Table class="oracle.dbtools.crest.model.design.relational.Table" directorySegmentName="seg_0" id="78FF5195-6424-2844-6AA5-1D09048A9638" name="equiv_measure_units">
<createdBy>admin</createdBy>
<createdTime>2015-10-30 16:34:33 UTC</createdTime>
<generatorID>7E75DEE9-D0BA-6329-13ED-64D64B66A936</generatorID>
<ownerDesignName>03_metadata</ownerDesignName>
<existDependencyGenerateInDDl>true</existDependencyGenerateInDDl>
<parsed>true</parsed>
<columns itemClass="oracle.dbtools.crest.model.design.relational.Column">
<Column name="quantity" id="A532918A-6922-049F-3F87-E2DD8A92C365">
<createdBy>admin</createdBy>
<createdTime>2015-10-30 16:34:33 UTC</createdTime>
<generatorID>1F295584-80D4-B97D-12DA-B2BB71979958</generatorID>
<ownerDesignName>03_metadata</ownerDesignName>
<useDomainConstraints>false</useDomainConstraints>
<use>1</use>
<logicalDatatype>LOGDT019</logicalDatatype>
<dataTypePrecision>7</dataTypePrecision>
<dataTypeScale>3</dataTypeScale>
<ownDataTypeParameters>,7,3</ownDataTypeParameters>
<autoIncrementCycle>false</autoIncrementCycle>
</Column>
<Column name="equiv_quantity" id="2FCF24C4-C553-6D6B-39F0-422D6029AE69">
<createdBy>admin</createdBy>
<createdTime>2015-10-30 16:34:33 UTC</createdTime>
<generatorID>D733FE51-C0DE-18C9-04E1-AB4C066A5BE5</generatorID>
<ownerDesignName>03_metadata</ownerDesignName>
<useDomainConstraints>false</useDomainConstraints>
<use>1</use>
<logicalDatatype>LOGDT019</logicalDatatype>
<dataTypePrecision>7</dataTypePrecision>
<dataTypeScale>3</dataTypeScale>
<ownDataTypeParameters>,7,3</ownDataTypeParameters>
<autoIncrementCycle>false</autoIncrementCycle>
</Column>
<Column name="abbreviation" id="889EBD50-7524-4622-B7BA-415CBB56A8B0">
<createdBy>admin</createdBy>
<createdTime>2015-10-30 16:34:33 UTC</createdTime>
<generatorID>87672FD4-4353-FAAC-DE11-21F35162A058</generatorID>
<ownerDesignName>03_metadata</ownerDesignName>
<useDomainConstraints>false</useDomainConstraints>
<use>1</use>
<logicalDatatype>LOGDT037</logicalDatatype>
<dataTypeSize>20</dataTypeSize>
<ownDataTypeParameters>20,,</ownDataTypeParameters>
<previousColumn>false</previousColumn>
<autoIncrementCycle>false</autoIncrementCycle>
<associations>
<colAssociation fkAssociation="EEC5CE1A-05BD-72F0-4425-96FCFAF68025" referredColumn="363CD177-EB25-51EE-6365-C232FD425461"/>
</associations>
</Column>
<Column name="abbreviation1" id="396C588B-F2F7-03A0-43F2-69E0D5DB1FB2">
<createdBy>admin</createdBy>
<createdTime>2015-10-30 16:34:33 UTC</createdTime>
<generatorID>87853565-2237-9046-3A7C-505F0E9E812F</generatorID>
<ownerDesignName>03_metadata</ownerDesignName>
<useDomainConstraints>false</useDomainConstraints>
<use>1</use>
<logicalDatatype>LOGDT037</logicalDatatype>
<dataTypeSize>20</dataTypeSize>
<ownDataTypeParameters>20,,</ownDataTypeParameters>
<previousColumn>false</previousColumn>
<autoIncrementCycle>false</autoIncrementCycle>
<associations>
<colAssociation fkAssociation="5805FB3A-CCA2-C951-9964-699223D5EF4E" referredColumn="363CD177-EB25-51EE-6365-C232FD425461"/>
</associations>
</Column>
</columns>
<indexes itemClass="oracle.dbtools.crest.model.design.relational.Index">
<ind_PK_UK id="0A38FC45-27E2-C948-EE34-EE833FA3BA09" name="equiv_measure_units_PK">
<createdBy>admin</createdBy>
<createdTime>2015-10-30 16:34:33 UTC</createdTime>
<generatorID>84546245-1D56-13BC-CA88-44AEF4573E0C</generatorID>
<ownerDesignName>03_metadata</ownerDesignName>
<pk>true</pk>
<indexState>Primary Constraint</indexState>
<isSurrogateKey>false</isSurrogateKey>
<indexColumnUsage>
<colUsage columnID="889EBD50-7524-4622-B7BA-415CBB56A8B0"/>
<colUsage columnID="396C588B-F2F7-03A0-43F2-69E0D5DB1FB2"/>
</indexColumnUsage>
</ind_PK_UK>
<ind_PK_UK id="881312A3-D9C9-6862-A879-28E2EE1DADEF" name="equiv_measure_units_measure_units_FK">
<createdBy>admin</createdBy>
<createdTime>2015-10-30 16:34:33 UTC</createdTime>
<generatorID>7F4845F5-1050-9CAA-3BFB-F838E84D69E5</generatorID>
<ownerDesignName>03_metadata</ownerDesignName>
<indexState>Foreign Key</indexState>
<isSurrogateKey>false</isSurrogateKey>
<indexColumnUsage>
<colUsage columnID="396C588B-F2F7-03A0-43F2-69E0D5DB1FB2"/>
</indexColumnUsage>
</ind_PK_UK>
<ind_PK_UK id="949F064A-1E09-0532-0ECA-D9BFF32108B0" name="equiv_measure_units_measure_units_FKv1">
<createdBy>admin</createdBy>
<createdTime>2015-10-30 16:34:33 UTC</createdTime>
<generatorID>1862BC83-BCCB-ED4B-994C-F36D823BA101</generatorID>
<ownerDesignName>03_metadata</ownerDesignName>
<indexState>Foreign Key</indexState>
<isSurrogateKey>false</isSurrogateKey>
<indexColumnUsage>
<colUsage columnID="889EBD50-7524-4622-B7BA-415CBB56A8B0"/>
</indexColumnUsage>
</ind_PK_UK>
</indexes>
</Table>