<?xml version = '1.0' encoding = 'UTF-8'?>
<Relation class="oracle.dbtools.crest.model.design.logical.Relation" name="displaced_equipement_is" directorySegmentName="seg_0" id="031000FD-2E68-387A-45FA-A0F18884DA45">
<createdBy>admin</createdBy>
<createdTime>2015-10-23 05:10:21 UTC</createdTime>
<generatorID>6DAAD6C1-232D-55F1-6AAE-A2654AB9F824</generatorID>
<ownerDesignName>catering_1</ownerDesignName>
<engineerTo>
<item key="50EA2B32-44CE-D6A0-595E-B572F735B8A2" value="true"/>
</engineerTo>
<useSurrogateKey>true</useSurrogateKey>
<identifying>true</identifying>
<optionalSource>true</optionalSource>
<optionalTarget>false</optionalTarget>
<sourceCardinality>1</sourceCardinality>
<sourceEntity>1A7043D9-89BC-C2C1-65DC-E34DF9DF13F3</sourceEntity>
<targetCardinalityString>*</targetCardinalityString>
<targetEntity>BCF62260-65AE-1482-40D0-895D959353F4</targetEntity>
<transferable>true</transferable>
</Relation>