<?xml version = '1.0' encoding = 'UTF-8'?>
<Relation class="oracle.dbtools.crest.model.design.logical.Relation" name="sends" directorySegmentName="seg_0" id="17C5ACCD-04B4-F549-10FF-E1AE0CA70BBE">
<createdBy>admin</createdBy>
<createdTime>2015-10-23 05:10:21 UTC</createdTime>
<generatorID>ED1EE1F2-1A71-6241-47D8-AB8B65E53CB0</generatorID>
<ownerDesignName>catering_1</ownerDesignName>
<engineerTo>
<item key="50EA2B32-44CE-D6A0-595E-B572F735B8A2" value="true"/>
</engineerTo>
<useSurrogateKey>true</useSurrogateKey>
<identifying>false</identifying>
<optionalSource>true</optionalSource>
<optionalTarget>false</optionalTarget>
<sourceCardinality>1</sourceCardinality>
<sourceEntity>C8179D60-DF8B-12C7-4DC8-60CA0A0952C3</sourceEntity>
<targetCardinalityString>*</targetCardinalityString>
<targetEntity>01BBB469-838B-0B4B-ED8C-C357EACFFB37</targetEntity>
<transferable>true</transferable>
</Relation>