<?xml version = '1.0' encoding = 'UTF-8'?>
<Relation class="oracle.dbtools.crest.model.design.logical.Relation" name="refers_to_v2" directorySegmentName="seg_0" id="24DD7E8D-2AD4-465B-6D4C-669F69225A12">
<createdBy>admin</createdBy>
<createdTime>2015-10-23 05:46:29 UTC</createdTime>
<ownerDesignName>catering_1</ownerDesignName>
<engineerTo>
<item key="50EA2B32-44CE-D6A0-595E-B572F735B8A2" value="true"/>
</engineerTo>
<useSurrogateKey>true</useSurrogateKey>
<identifying>true</identifying>
<optionalSource>true</optionalSource>
<optionalTarget>false</optionalTarget>
<sourceCardinality>1</sourceCardinality>
<sourceEntity>01BBB469-838B-0B4B-ED8C-C357EACFFB37</sourceEntity>
<targetCardinalityString>*</targetCardinalityString>
<targetEntity>7142BA9C-0FBB-CDF3-FBB0-EE63CC0DBBF1</targetEntity>
<transferable>true</transferable>
</Relation>