<?xml version = '1.0' encoding = 'UTF-8'?>
<Relation class="oracle.dbtools.crest.model.design.logical.Relation" name="FK_ASS_33" directorySegmentName="seg_0" id="28D51467-34CC-30D9-5FF0-1FDA8DB933D8">
<createdBy>admin</createdBy>
<createdTime>2015-10-23 05:10:21 UTC</createdTime>
<generatorID>30869493-A4C2-2BA6-F56F-D99C36F9491D</generatorID>
<ownerDesignName>catering_1</ownerDesignName>
<engineerTo>
<item key="50EA2B32-44CE-D6A0-595E-B572F735B8A2" value="true"/>
</engineerTo>
<useSurrogateKey>true</useSurrogateKey>
<dominantRole>23AC7B0E-C922-AD82-188C-AA45BEC486A7</dominantRole>
<identifying>true</identifying>
<optionalSource>true</optionalSource>
<optionalTarget>false</optionalTarget>
<sourceCardinality>1</sourceCardinality>
<sourceEntity>23AC7B0E-C922-AD82-188C-AA45BEC486A7</sourceEntity>
<targetCardinalityString>1</targetCardinalityString>
<targetEntity>679C4E6A-78AC-E568-9926-9DF238626C3F</targetEntity>
<transferable>true</transferable>
</Relation>