<?xml version = '1.0' encoding = 'UTF-8'?>
<Relation class="oracle.dbtools.crest.model.design.logical.Relation" name="is_fulfilled" directorySegmentName="seg_0" id="29A72459-50D9-3F1E-8E22-1C81EEFB3F40">
<createdBy>admin</createdBy>
<createdTime>2015-10-23 05:10:21 UTC</createdTime>
<generatorID>01A6D801-E80A-C6AE-EC9B-84836C54C8D9</generatorID>
<ownerDesignName>catering_1</ownerDesignName>
<engineerTo>
<item key="50EA2B32-44CE-D6A0-595E-B572F735B8A2" value="true"/>
</engineerTo>
<useSurrogateKey>true</useSurrogateKey>
<identifying>true</identifying>
<optionalSource>true</optionalSource>
<optionalTarget>false</optionalTarget>
<sourceCardinality>1</sourceCardinality>
<sourceEntity>0233A9F5-9BFC-9C99-270B-23E02FF9C77E</sourceEntity>
<targetCardinalityString>*</targetCardinalityString>
<targetEntity>7142BA9C-0FBB-CDF3-FBB0-EE63CC0DBBF1</targetEntity>
<transferable>true</transferable>
</Relation>