<?xml version = '1.0' encoding = 'UTF-8'?>
<Relation class="oracle.dbtools.crest.model.design.logical.Relation" name="could_by_returned_with" directorySegmentName="seg_0" id="3527152B-F5DE-819E-5DE3-03AA751BF6FF">
<createdBy>admin</createdBy>
<createdTime>2015-10-23 05:10:21 UTC</createdTime>
<generatorID>41D01B82-D7C6-C82C-55D6-A0ADB925E8E4</generatorID>
<ownerDesignName>catering_1</ownerDesignName>
<engineerTo>
<item key="50EA2B32-44CE-D6A0-595E-B572F735B8A2" value="true"/>
</engineerTo>
<useSurrogateKey>true</useSurrogateKey>
<identifying>false</identifying>
<optionalSource>true</optionalSource>
<optionalTarget>false</optionalTarget>
<sourceCardinality>1</sourceCardinality>
<sourceEntity>01BBB469-838B-0B4B-ED8C-C357EACFFB37</sourceEntity>
<targetCardinalityString>*</targetCardinalityString>
<targetEntity>63C59E17-0366-CCEF-B991-6526CD768E82</targetEntity>
<transferable>true</transferable>
</Relation>