<?xml version = '1.0' encoding = 'UTF-8'?>
<Relation class="oracle.dbtools.crest.model.design.logical.Relation" name="is_ordered_in" directorySegmentName="seg_0" id="35AB86A8-6E25-6451-4A96-D30B9C95BBD8">
<createdBy>admin</createdBy>
<createdTime>2015-10-23 05:10:21 UTC</createdTime>
<generatorID>C32E975E-571B-C1CC-443C-01317518E0D5</generatorID>
<ownerDesignName>catering_1</ownerDesignName>
<engineerTo>
<item key="50EA2B32-44CE-D6A0-595E-B572F735B8A2" value="true"/>
</engineerTo>
<useSurrogateKey>true</useSurrogateKey>
<identifying>true</identifying>
<optionalSource>true</optionalSource>
<optionalTarget>false</optionalTarget>
<sourceCardinality>1</sourceCardinality>
<sourceEntity>981DF4E4-28AA-9401-D5C5-958305250236</sourceEntity>
<targetCardinalityString>*</targetCardinalityString>
<targetEntity>D6B16F70-D9DE-5C11-3245-CEA162B34BA4</targetEntity>
<transferable>true</transferable>
</Relation>