<?xml version = '1.0' encoding = 'UTF-8'?>
<Relation class="oracle.dbtools.crest.model.design.logical.Relation" name="can_be_paid" directorySegmentName="seg_0" id="45A0DCE0-8A6A-38B1-9A76-F410424B4431">
<createdBy>admin</createdBy>
<createdTime>2015-10-23 05:10:21 UTC</createdTime>
<generatorID>345212D5-C4EC-90D4-7A26-ABC9C84DB3FB</generatorID>
<ownerDesignName>catering_1</ownerDesignName>
<engineerTo>
<item key="50EA2B32-44CE-D6A0-595E-B572F735B8A2" value="true"/>
</engineerTo>
<useSurrogateKey>true</useSurrogateKey>
<identifying>true</identifying>
<optionalSource>true</optionalSource>
<optionalTarget>false</optionalTarget>
<sourceCardinality>1</sourceCardinality>
<sourceEntity>01BBB469-838B-0B4B-ED8C-C357EACFFB37</sourceEntity>
<targetCardinalityString>*</targetCardinalityString>
<targetEntity>679C4E6A-78AC-E568-9926-9DF238626C3F</targetEntity>
<transferable>true</transferable>
</Relation>