<?xml version = '1.0' encoding = 'UTF-8'?>
<Relation class="oracle.dbtools.crest.model.design.logical.Relation" name="prepared_prod" directorySegmentName="seg_0" id="4A07F31D-AA3A-8482-A79D-DF8449D8E2E5">
<createdBy>admin</createdBy>
<createdTime>2015-10-23 05:10:21 UTC</createdTime>
<generatorID>D06FCE4F-2473-FA5E-52C4-87A7FB6A400E</generatorID>
<ownerDesignName>catering_1</ownerDesignName>
<engineerTo>
<item key="50EA2B32-44CE-D6A0-595E-B572F735B8A2" value="true"/>
</engineerTo>
<useSurrogateKey>true</useSurrogateKey>
<identifying>true</identifying>
<optionalSource>true</optionalSource>
<optionalTarget>false</optionalTarget>
<sourceCardinality>1</sourceCardinality>
<sourceEntity>981DF4E4-28AA-9401-D5C5-958305250236</sourceEntity>
<targetCardinalityString>*</targetCardinalityString>
<targetEntity>4E4CD229-C452-315D-1863-E2B7422337D3</targetEntity>
<transferable>true</transferable>
</Relation>