<?xml version = '1.0' encoding = 'UTF-8'?>
<Relation class="oracle.dbtools.crest.model.design.logical.Relation" name="is_returned_with" directorySegmentName="seg_0" id="4B7F132B-17A3-36BF-0461-429490B8CC58">
<createdBy>admin</createdBy>
<createdTime>2015-10-23 05:10:21 UTC</createdTime>
<generatorID>82C0C4D4-1A99-3BEB-9141-12F4157C246F</generatorID>
<ownerDesignName>catering_1</ownerDesignName>
<engineerTo>
<item key="50EA2B32-44CE-D6A0-595E-B572F735B8A2" value="true"/>
</engineerTo>
<useSurrogateKey>true</useSurrogateKey>
<identifying>true</identifying>
<optionalSource>true</optionalSource>
<optionalTarget>false</optionalTarget>
<sourceCardinality>1</sourceCardinality>
<sourceEntity>1A7043D9-89BC-C2C1-65DC-E34DF9DF13F3</sourceEntity>
<targetCardinalityString>*</targetCardinalityString>
<targetEntity>AD8F5CDE-F367-4E05-8DF0-380E5FC496CA</targetEntity>
<transferable>true</transferable>
</Relation>