<?xml version = '1.0' encoding = 'UTF-8'?>
<Relation class="oracle.dbtools.crest.model.design.logical.Relation" name="is_payed_with_" directorySegmentName="seg_0" id="4BED6462-BAB5-4087-9158-F94758DE8A1B">
<createdBy>admin</createdBy>
<createdTime>2015-10-23 05:10:21 UTC</createdTime>
<generatorID>1082C0D5-E420-BE0F-954A-87E7997F516C</generatorID>
<ownerDesignName>catering_1</ownerDesignName>
<engineerTo>
<item key="50EA2B32-44CE-D6A0-595E-B572F735B8A2" value="true"/>
</engineerTo>
<useSurrogateKey>true</useSurrogateKey>
<identifying>true</identifying>
<optionalSource>true</optionalSource>
<optionalTarget>false</optionalTarget>
<sourceCardinality>1</sourceCardinality>
<sourceEntity>07F6AD97-518E-DBE7-2D93-0802906787BB</sourceEntity>
<targetCardinalityString>*</targetCardinalityString>
<targetEntity>E1F23145-C10B-023C-205C-4782680B5959</targetEntity>
<transferable>true</transferable>
</Relation>