<?xml version = '1.0' encoding = 'UTF-8'?>
<Relation class="oracle.dbtools.crest.model.design.logical.Relation" name="can_contain" directorySegmentName="seg_0" id="4C146004-FFFC-F8C4-F704-EDDAFA93C6CB">
<createdBy>admin</createdBy>
<createdTime>2015-10-23 05:10:21 UTC</createdTime>
<generatorID>058E73F4-AA5C-0409-E336-008AD302565F</generatorID>
<ownerDesignName>catering_1</ownerDesignName>
<engineerTo>
<item key="50EA2B32-44CE-D6A0-595E-B572F735B8A2" value="true"/>
</engineerTo>
<useSurrogateKey>true</useSurrogateKey>
<identifying>true</identifying>
<optionalSource>true</optionalSource>
<optionalTarget>false</optionalTarget>
<sourceCardinality>1</sourceCardinality>
<sourceEntity>63C59E17-0366-CCEF-B991-6526CD768E82</sourceEntity>
<targetCardinalityString>*</targetCardinalityString>
<targetEntity>AD8F5CDE-F367-4E05-8DF0-380E5FC496CA</targetEntity>
<transferable>true</transferable>
</Relation>