<?xml version = '1.0' encoding = 'UTF-8'?>
<Relation class="oracle.dbtools.crest.model.design.logical.Relation" name="can_contain_" directorySegmentName="seg_0" id="4F9F22EE-C1C9-2ED1-C501-5BB4F9BA955E">
<createdBy>admin</createdBy>
<createdTime>2015-10-23 05:10:21 UTC</createdTime>
<generatorID>1DE348F5-85A2-6D2E-1290-67C79A6BF6CC</generatorID>
<ownerDesignName>catering_1</ownerDesignName>
<engineerTo>
<item key="50EA2B32-44CE-D6A0-595E-B572F735B8A2" value="true"/>
</engineerTo>
<useSurrogateKey>true</useSurrogateKey>
<identifying>true</identifying>
<optionalSource>true</optionalSource>
<optionalTarget>false</optionalTarget>
<sourceCardinality>1</sourceCardinality>
<sourceEntity>63C59E17-0366-CCEF-B991-6526CD768E82</sourceEntity>
<targetCardinalityString>*</targetCardinalityString>
<targetEntity>7350898A-EF98-C0AF-6324-802E6E7B68AB</targetEntity>
<transferable>true</transferable>
</Relation>