<?xml version = '1.0' encoding = 'UTF-8'?>
<Relation class="oracle.dbtools.crest.model.design.logical.Relation" name="is_cancelled_with" directorySegmentName="seg_0" id="5ED3C2AB-9E15-0925-2C63-4ECC85CF2EC2">
<createdBy>admin</createdBy>
<createdTime>2015-10-23 05:10:21 UTC</createdTime>
<generatorID>08F45FA7-D359-9CA0-EDFC-23ECB3956BF9</generatorID>
<ownerDesignName>catering_1</ownerDesignName>
<engineerTo>
<item key="50EA2B32-44CE-D6A0-595E-B572F735B8A2" value="true"/>
</engineerTo>
<useSurrogateKey>true</useSurrogateKey>
<dominantRole>01BBB469-838B-0B4B-ED8C-C357EACFFB37</dominantRole>
<identifying>true</identifying>
<optionalSource>true</optionalSource>
<optionalTarget>false</optionalTarget>
<sourceCardinality>1</sourceCardinality>
<sourceEntity>01BBB469-838B-0B4B-ED8C-C357EACFFB37</sourceEntity>
<targetCardinalityString>1</targetCardinalityString>
<targetEntity>4543BB0A-E368-9C9D-07EF-D4091FC55076</targetEntity>
<transferable>true</transferable>
</Relation>