<?xml version = '1.0' encoding = 'UTF-8'?>
<Relation class="oracle.dbtools.crest.model.design.logical.Relation" name="could_be_comp" directorySegmentName="seg_0" id="6A583F60-374A-8B42-3FD9-D38875E4FB34">
<createdBy>admin</createdBy>
<createdTime>2015-10-23 05:28:05 UTC</createdTime>
<ownerDesignName>catering_1</ownerDesignName>
<engineerTo>
<item key="50EA2B32-44CE-D6A0-595E-B572F735B8A2" value="true"/>
</engineerTo>
<useSurrogateKey>true</useSurrogateKey>
<arc>77408848-2905-C4AC-F979-AFACECD0C312</arc>
<identifying>true</identifying>
<optionalSource>true</optionalSource>
<optionalTarget>false</optionalTarget>
<sourceCardinality>1</sourceCardinality>
<sourceEntity>C8179D60-DF8B-12C7-4DC8-60CA0A0952C3</sourceEntity>
<targetCardinalityString>1</targetCardinalityString>
<targetEntity>9198AC95-5832-E6CC-86EC-AE1F5D7E5C4F</targetEntity>
<transferable>true</transferable>
</Relation>