<?xml version = '1.0' encoding = 'UTF-8'?>
<Relation class="oracle.dbtools.crest.model.design.logical.Relation" name="coordinates" directorySegmentName="seg_0" id="6A686C51-B1DC-7AA4-D7D3-4BE3F2BA3F71">
<createdBy>admin</createdBy>
<createdTime>2015-10-23 05:10:21 UTC</createdTime>
<generatorID>80819ECC-5F55-CA88-310E-D9655016D6B4</generatorID>
<ownerDesignName>catering_1</ownerDesignName>
<engineerTo>
<item key="50EA2B32-44CE-D6A0-595E-B572F735B8A2" value="true"/>
</engineerTo>
<useSurrogateKey>true</useSurrogateKey>
<identifying>false</identifying>
<optionalSource>true</optionalSource>
<optionalTarget>false</optionalTarget>
<sourceCardinality>1</sourceCardinality>
<sourceEntity>A1B28845-64F4-B26A-A031-BDA59623EEA1</sourceEntity>
<targetCardinalityString>*</targetCardinalityString>
<targetEntity>63C59E17-0366-CCEF-B991-6526CD768E82</targetEntity>
<transferable>true</transferable>
</Relation>