<?xml version = '1.0' encoding = 'UTF-8'?>
<Relation class="oracle.dbtools.crest.model.design.logical.Relation" name="part_of_rec" directorySegmentName="seg_0" id="72B0C29C-592D-1710-A592-31D6149A26A5">
<createdBy>admin</createdBy>
<createdTime>2015-10-23 05:10:21 UTC</createdTime>
<generatorID>6BF313D0-6B27-5BB3-BA49-C9A31BC38AF5</generatorID>
<ownerDesignName>catering_1</ownerDesignName>
<engineerTo>
<item key="50EA2B32-44CE-D6A0-595E-B572F735B8A2" value="true"/>
</engineerTo>
<useSurrogateKey>true</useSurrogateKey>
<arc>8C767C7D-883A-9356-E4C7-EE7C023BEA4B</arc>
<identifying>true</identifying>
<optionalSource>true</optionalSource>
<optionalTarget>false</optionalTarget>
<sourceCardinality>1</sourceCardinality>
<sourceEntity>23AC7B0E-C922-AD82-188C-AA45BEC486A7</sourceEntity>
<targetCardinalityString>*</targetCardinalityString>
<targetEntity>E1F23145-C10B-023C-205C-4782680B5959</targetEntity>
<transferable>true</transferable>
</Relation>