<?xml version = '1.0' encoding = 'UTF-8'?>
<Relation class="oracle.dbtools.crest.model.design.logical.Relation" name="can_be_rejected" directorySegmentName="seg_0" id="73B89CC3-EEE5-DA4C-FC77-3FD8E4623B2D">
<createdBy>admin</createdBy>
<createdTime>2015-10-23 05:10:21 UTC</createdTime>
<generatorID>7B4A9216-5AE5-758A-D18E-5319E2D24D22</generatorID>
<ownerDesignName>catering_1</ownerDesignName>
<engineerTo>
<item key="50EA2B32-44CE-D6A0-595E-B572F735B8A2" value="true"/>
</engineerTo>
<useSurrogateKey>true</useSurrogateKey>
<identifying>true</identifying>
<optionalSource>true</optionalSource>
<optionalTarget>false</optionalTarget>
<sourceCardinality>1</sourceCardinality>
<sourceEntity>981DF4E4-28AA-9401-D5C5-958305250236</sourceEntity>
<targetCardinalityString>*</targetCardinalityString>
<targetEntity>A2E77E7B-F2A1-9E9C-EFD5-8AA34F69344F</targetEntity>
<transferable>true</transferable>
</Relation>