<?xml version = '1.0' encoding = 'UTF-8'?>
<Relation class="oracle.dbtools.crest.model.design.logical.Relation" name="carries" directorySegmentName="seg_0" id="7ED6C746-5727-9C44-CBC9-031A88163386">
<createdBy>admin</createdBy>
<createdTime>2015-10-23 05:10:21 UTC</createdTime>
<generatorID>CB2F50B0-EF4B-DD52-D094-8947A32FABF2</generatorID>
<ownerDesignName>catering_1</ownerDesignName>
<engineerTo>
<item key="50EA2B32-44CE-D6A0-595E-B572F735B8A2" value="true"/>
</engineerTo>
<useSurrogateKey>true</useSurrogateKey>
<identifying>false</identifying>
<optionalSource>true</optionalSource>
<optionalTarget>false</optionalTarget>
<sourceCardinality>1</sourceCardinality>
<sourceEntity>B46A4137-D7FA-11A1-0213-321C3B9AAE71</sourceEntity>
<targetCardinalityString>*</targetCardinalityString>
<targetEntity>D362ECA0-EF74-143D-E094-8B4C390BFEE0</targetEntity>
<transferable>true</transferable>
</Relation>