<?xml version = '1.0' encoding = 'UTF-8'?>
<Relation class="oracle.dbtools.crest.model.design.logical.Relation" name="could_contain_" directorySegmentName="seg_0" id="84BADA27-5BD1-CBE5-681C-CD553836E537">
<createdBy>admin</createdBy>
<createdTime>2015-10-23 05:10:21 UTC</createdTime>
<generatorID>734E3DCA-40EC-0108-497A-2A7BC8AD44F5</generatorID>
<ownerDesignName>catering_1</ownerDesignName>
<engineerTo>
<item key="50EA2B32-44CE-D6A0-595E-B572F735B8A2" value="true"/>
</engineerTo>
<useSurrogateKey>true</useSurrogateKey>
<identifying>true</identifying>
<optionalSource>true</optionalSource>
<optionalTarget>false</optionalTarget>
<sourceCardinality>1</sourceCardinality>
<sourceEntity>489246FF-1B7D-9FB0-A839-57CFCCBE7A80</sourceEntity>
<targetCardinalityString>*</targetCardinalityString>
<targetEntity>A2E77E7B-F2A1-9E9C-EFD5-8AA34F69344F</targetEntity>
<transferable>true</transferable>
</Relation>