<?xml version = '1.0' encoding = 'UTF-8'?>
<Relation class="oracle.dbtools.crest.model.design.logical.Relation" name="is_driver_of" directorySegmentName="seg_0" id="8656097F-5FF0-F820-3C88-CADA7ECF5EB3">
<createdBy>admin</createdBy>
<createdTime>2015-10-23 05:10:21 UTC</createdTime>
<generatorID>A821D5F2-E64B-4796-8B5E-FABBE2DF0F7A</generatorID>
<ownerDesignName>catering_1</ownerDesignName>
<engineerTo>
<item key="50EA2B32-44CE-D6A0-595E-B572F735B8A2" value="true"/>
</engineerTo>
<useSurrogateKey>true</useSurrogateKey>
<identifying>false</identifying>
<optionalSource>true</optionalSource>
<optionalTarget>false</optionalTarget>
<sourceCardinality>1</sourceCardinality>
<sourceEntity>A1B28845-64F4-B26A-A031-BDA59623EEA1</sourceEntity>
<targetCardinalityString>*</targetCardinalityString>
<targetEntity>D362ECA0-EF74-143D-E094-8B4C390BFEE0</targetEntity>
<transferable>true</transferable>
</Relation>