<?xml version = '1.0' encoding = 'UTF-8'?>
<Relation class="oracle.dbtools.crest.model.design.logical.Relation" name="FK_ASS_8" directorySegmentName="seg_0" id="8BDF1986-6339-8852-8AAF-5FC021F20499">
<createdBy>admin</createdBy>
<createdTime>2015-10-23 05:10:21 UTC</createdTime>
<generatorID>35E00F50-61F2-02A0-4C7B-3630E69B5391</generatorID>
<ownerDesignName>catering_1</ownerDesignName>
<engineerTo>
<item key="50EA2B32-44CE-D6A0-595E-B572F735B8A2" value="true"/>
</engineerTo>
<useSurrogateKey>true</useSurrogateKey>
<dominantRole>01BBB469-838B-0B4B-ED8C-C357EACFFB37</dominantRole>
<identifying>true</identifying>
<optionalSource>true</optionalSource>
<optionalTarget>false</optionalTarget>
<sourceCardinality>1</sourceCardinality>
<sourceEntity>01BBB469-838B-0B4B-ED8C-C357EACFFB37</sourceEntity>
<targetCardinalityString>1</targetCardinalityString>
<targetEntity>7142BA9C-0FBB-CDF3-FBB0-EE63CC0DBBF1</targetEntity>
<transferable>true</transferable>
</Relation>