<?xml version = '1.0' encoding = 'UTF-8'?>
<Relation class="oracle.dbtools.crest.model.design.logical.Relation" name="can_displace" directorySegmentName="seg_0" id="93C9E9D2-3F85-5512-1B80-4F2FD6249DF6">
<createdBy>admin</createdBy>
<createdTime>2015-10-23 05:10:21 UTC</createdTime>
<generatorID>3EFBC7BA-B585-5469-357B-345D03709C48</generatorID>
<ownerDesignName>catering_1</ownerDesignName>
<engineerTo>
<item key="50EA2B32-44CE-D6A0-595E-B572F735B8A2" value="true"/>
</engineerTo>
<useSurrogateKey>true</useSurrogateKey>
<identifying>true</identifying>
<optionalSource>true</optionalSource>
<optionalTarget>false</optionalTarget>
<sourceCardinality>1</sourceCardinality>
<sourceEntity>489246FF-1B7D-9FB0-A839-57CFCCBE7A80</sourceEntity>
<targetCardinalityString>*</targetCardinalityString>
<targetEntity>BCF62260-65AE-1482-40D0-895D959353F4</targetEntity>
<transferable>true</transferable>
</Relation>