<?xml version = '1.0' encoding = 'UTF-8'?>
<Relation class="oracle.dbtools.crest.model.design.logical.Relation" name="deliveries" directorySegmentName="seg_0" id="9CC88E57-F848-D735-0239-B84D16815CBE">
<createdBy>admin</createdBy>
<createdTime>2015-10-23 05:10:21 UTC</createdTime>
<generatorID>756388F0-3EEE-691E-2CC0-B79110199D47</generatorID>
<ownerDesignName>catering_1</ownerDesignName>
<engineerTo>
<item key="50EA2B32-44CE-D6A0-595E-B572F735B8A2" value="true"/>
</engineerTo>
<useSurrogateKey>true</useSurrogateKey>
<identifying>true</identifying>
<optionalSource>true</optionalSource>
<optionalTarget>false</optionalTarget>
<sourceCardinality>1</sourceCardinality>
<sourceEntity>489246FF-1B7D-9FB0-A839-57CFCCBE7A80</sourceEntity>
<targetCardinalityString>*</targetCardinalityString>
<targetEntity>0E1BD95D-0ADA-8E64-A019-59FE9F3B5569</targetEntity>
<transferable>true</transferable>
</Relation>