<?xml version = '1.0' encoding = 'UTF-8'?>
<Relation class="oracle.dbtools.crest.model.design.logical.Relation" name="part_of" directorySegmentName="seg_0" id="A08003CF-1145-B1FE-33A0-69CA99C9D4A6">
<createdBy>admin</createdBy>
<createdTime>2015-10-23 06:13:56 UTC</createdTime>
<ownerDesignName>catering_1</ownerDesignName>
<engineerTo>
<item key="50EA2B32-44CE-D6A0-595E-B572F735B8A2" value="true"/>
</engineerTo>
<useSurrogateKey>true</useSurrogateKey>
<arc>8C767C7D-883A-9356-E4C7-EE7C023BEA4B</arc>
<identifying>true</identifying>
<optionalSource>true</optionalSource>
<optionalTarget>false</optionalTarget>
<sourceCardinality>1</sourceCardinality>
<sourceEntity>23AC7B0E-C922-AD82-188C-AA45BEC486A7</sourceEntity>
<targetCardinalityString>*</targetCardinalityString>
<targetEntity>679C4E6A-78AC-E568-9926-9DF238626C3F</targetEntity>
<transferable>true</transferable>
</Relation>