<?xml version = '1.0' encoding = 'UTF-8'?>
<Relation class="oracle.dbtools.crest.model.design.logical.Relation" name="could_be_pers" directorySegmentName="seg_0" id="A74BA61B-0381-EC7C-058B-FC0A18363EB6">
<createdBy>admin</createdBy>
<createdTime>2015-10-23 05:27:18 UTC</createdTime>
<ownerDesignName>catering_1</ownerDesignName>
<engineerTo>
<item key="50EA2B32-44CE-D6A0-595E-B572F735B8A2" value="true"/>
</engineerTo>
<useSurrogateKey>true</useSurrogateKey>
<arc>77408848-2905-C4AC-F979-AFACECD0C312</arc>
<identifying>true</identifying>
<optionalSource>true</optionalSource>
<optionalTarget>false</optionalTarget>
<sourceCardinality>1</sourceCardinality>
<sourceEntity>C8179D60-DF8B-12C7-4DC8-60CA0A0952C3</sourceEntity>
<targetCardinalityString>1</targetCardinalityString>
<targetEntity>B7DAEE9D-402E-6085-FB7C-94AB82322CDB</targetEntity>
<transferable>true</transferable>
</Relation>