<?xml version = '1.0' encoding = 'UTF-8'?>
<Relation class="oracle.dbtools.crest.model.design.logical.Relation" name="is_included_in" directorySegmentName="seg_0" id="B2FD1270-B8AB-BAB2-56DC-292000D5CBF3">
<createdBy>admin</createdBy>
<createdTime>2015-10-23 05:10:21 UTC</createdTime>
<generatorID>526136DA-3B8B-9980-2B1E-5D5A10335CDE</generatorID>
<ownerDesignName>catering_1</ownerDesignName>
<engineerTo>
<item key="50EA2B32-44CE-D6A0-595E-B572F735B8A2" value="true"/>
</engineerTo>
<useSurrogateKey>true</useSurrogateKey>
<identifying>true</identifying>
<optionalSource>true</optionalSource>
<optionalTarget>false</optionalTarget>
<sourceCardinality>1</sourceCardinality>
<sourceEntity>01BBB469-838B-0B4B-ED8C-C357EACFFB37</sourceEntity>
<targetCardinalityString>*</targetCardinalityString>
<targetEntity>4A99BB51-F105-BC26-7BE5-E481C970DBF2</targetEntity>
<transferable>true</transferable>
</Relation>