<?xml version = '1.0' encoding = 'UTF-8'?>
<Relation class="oracle.dbtools.crest.model.design.logical.Relation" name="responsible_is" directorySegmentName="seg_0" id="D2FB2005-B74A-819A-E749-0C7B5AA9633B">
<createdBy>admin</createdBy>
<createdTime>2015-10-23 05:10:21 UTC</createdTime>
<generatorID>8E8D965D-CF91-BBB1-B54A-798A587C38C8</generatorID>
<ownerDesignName>catering_1</ownerDesignName>
<engineerTo>
<item key="50EA2B32-44CE-D6A0-595E-B572F735B8A2" value="true"/>
</engineerTo>
<useSurrogateKey>true</useSurrogateKey>
<identifying>true</identifying>
<optionalSource>true</optionalSource>
<optionalTarget>false</optionalTarget>
<sourceCardinality>1</sourceCardinality>
<sourceEntity>A1B28845-64F4-B26A-A031-BDA59623EEA1</sourceEntity>
<targetCardinalityString>*</targetCardinalityString>
<targetEntity>9641FC97-2ABE-A595-1BB0-F76C4CE1D80C</targetEntity>
<transferable>true</transferable>
</Relation>