<?xml version = '1.0' encoding = 'UTF-8'?>
<Relation class="oracle.dbtools.crest.model.design.logical.Relation" name="returned_product_is" directorySegmentName="seg_0" id="E86549E0-E326-422E-1FF8-77FF83E0AF75">
<createdBy>admin</createdBy>
<createdTime>2015-10-23 05:10:21 UTC</createdTime>
<generatorID>F104004C-2D7F-B82A-BF4B-F48776CA4277</generatorID>
<ownerDesignName>catering_1</ownerDesignName>
<engineerTo>
<item key="50EA2B32-44CE-D6A0-595E-B572F735B8A2" value="true"/>
</engineerTo>
<useSurrogateKey>true</useSurrogateKey>
<identifying>true</identifying>
<optionalSource>true</optionalSource>
<optionalTarget>false</optionalTarget>
<sourceCardinality>1</sourceCardinality>
<sourceEntity>981DF4E4-28AA-9401-D5C5-958305250236</sourceEntity>
<targetCardinalityString>*</targetCardinalityString>
<targetEntity>7350898A-EF98-C0AF-6324-802E6E7B68AB</targetEntity>
<transferable>true</transferable>
</Relation>