<?xml version = '1.0' encoding = 'UTF-8'?>
<Relation class="oracle.dbtools.crest.model.design.logical.Relation" name="refers_to_order_" directorySegmentName="seg_0" id="EA955EF5-4765-8683-A39B-55C949CCBEE7">
<createdBy>admin</createdBy>
<createdTime>2015-10-23 05:10:21 UTC</createdTime>
<generatorID>EC779A9B-49E4-F2A1-3A8F-F57431FD5AEF</generatorID>
<ownerDesignName>catering_1</ownerDesignName>
<engineerTo>
<item key="50EA2B32-44CE-D6A0-595E-B572F735B8A2" value="true"/>
</engineerTo>
<useSurrogateKey>true</useSurrogateKey>
<identifying>true</identifying>
<optionalSource>true</optionalSource>
<optionalTarget>false</optionalTarget>
<sourceCardinality>1</sourceCardinality>
<sourceEntity>07F6AD97-518E-DBE7-2D93-0802906787BB</sourceEntity>
<targetCardinalityString>*</targetCardinalityString>
<targetEntity>4A99BB51-F105-BC26-7BE5-E481C970DBF2</targetEntity>
<transferable>true</transferable>
</Relation>