<?xml version = '1.0' encoding = 'UTF-8'?>
<Relation class="oracle.dbtools.crest.model.design.logical.Relation" name="is_delivered_with" directorySegmentName="seg_0" id="F099ECFB-7BA1-4D4B-BE3F-21934CFE732F">
<createdBy>admin</createdBy>
<createdTime>2015-10-23 05:10:21 UTC</createdTime>
<generatorID>6F8EBF2F-1BB8-F055-629C-46160241E7F1</generatorID>
<ownerDesignName>catering_1</ownerDesignName>
<engineerTo>
<item key="50EA2B32-44CE-D6A0-595E-B572F735B8A2" value="true"/>
</engineerTo>
<useSurrogateKey>true</useSurrogateKey>
<identifying>false</identifying>
<optionalSource>true</optionalSource>
<optionalTarget>true</optionalTarget>
<sourceCardinality>1</sourceCardinality>
<sourceEntity>D362ECA0-EF74-143D-E094-8B4C390BFEE0</sourceEntity>
<targetCardinalityString>*</targetCardinalityString>
<targetEntity>489246FF-1B7D-9FB0-A839-57CFCCBE7A80</targetEntity>
<transferable>true</transferable>
</Relation>