<?xml version = '1.0' encoding = 'UTF-8'?>
<Relation class="oracle.dbtools.crest.model.design.logical.Relation" name="agrees" directorySegmentName="seg_0" id="F12632CF-81EB-B560-BCC4-1CF1316329F2">
<createdBy>admin</createdBy>
<createdTime>2015-10-23 05:10:21 UTC</createdTime>
<generatorID>60D8DD1A-66B1-F0E5-A549-B0CE7C23E54C</generatorID>
<ownerDesignName>catering_1</ownerDesignName>
<engineerTo>
<item key="50EA2B32-44CE-D6A0-595E-B572F735B8A2" value="true"/>
</engineerTo>
<useSurrogateKey>true</useSurrogateKey>
<identifying>false</identifying>
<optionalSource>true</optionalSource>
<optionalTarget>false</optionalTarget>
<sourceCardinality>1</sourceCardinality>
<sourceEntity>C8179D60-DF8B-12C7-4DC8-60CA0A0952C3</sourceEntity>
<targetCardinalityString>*</targetCardinalityString>
<targetEntity>0233A9F5-9BFC-9C99-270B-23E02FF9C77E</targetEntity>
<transferable>true</transferable>
</Relation>