<?xml version = '1.0' encoding = 'UTF-8'?>
<Relation class="oracle.dbtools.crest.model.design.logical.Relation" name="decreases_with" directorySegmentName="seg_0" id="198B0F8A-2545-03A6-C8A5-3C0403B11BCA">
<createdBy>admin</createdBy>
<createdTime>2015-10-28 10:36:18 UTC</createdTime>
<ownerDesignName>bank_cards_2</ownerDesignName>
<engineerTo>
<item key="6D398BFB-6C36-1521-5DB5-8689CAE45AB2" value="true"/>
</engineerTo>
<sourcePk>20BCF68C-394B-67FC-74EA-81AF456640A8</sourcePk>
<identifying>false</identifying>
<optionalSource>true</optionalSource>
<optionalTarget>false</optionalTarget>
<sourceCardinality>1</sourceCardinality>
<sourceEntity>C2C60A32-F9B2-4F22-75F4-03C24DD081C3</sourceEntity>
<targetCardinalityString>*</targetCardinalityString>
<targetEntity>7CB32C00-8327-AE6E-58FF-1D497CE18C15</targetEntity>
<transferable>true</transferable>
</Relation>