<?xml version = '1.0' encoding = 'UTF-8'?>
<Relation class="oracle.dbtools.crest.model.design.logical.Relation" name="is_meas_unit_of_sold_prod" directorySegmentName="seg_0" id="173357BD-B4E5-5AC4-DDA6-93926AB312C5">
<createdBy>admin</createdBy>
<createdTime>2015-10-30 09:12:54 UTC</createdTime>
<ownerDesignName>05_models_and_serial_numbers</ownerDesignName>
<engineerTo>
<item key="D8B44C16-93F2-710C-3DD7-D01D5620A0D2" value="true"/>
</engineerTo>
<sourcePk>601F2803-D91C-5692-E764-85329B4EE1D7</sourcePk>
<identifying>false</identifying>
<optionalSource>true</optionalSource>
<optionalTarget>false</optionalTarget>
<sourceCardinality>1</sourceCardinality>
<sourceEntity>793CB266-841C-E697-0EA5-7E1769DD141F</sourceEntity>
<targetCardinalityString>*</targetCardinalityString>
<targetEntity>31D7E745-BF20-2475-44D8-43FE2613DC9A</targetEntity>
<transferable>true</transferable>
</Relation>