<?xml version = '1.0' encoding = 'UTF-8'?>
<Relation class="oracle.dbtools.crest.model.design.logical.Relation" name="describes_group" directorySegmentName="seg_0" id="36C9882B-E622-3248-848F-63569AD8D246">
<createdBy>admin</createdBy>
<createdTime>2015-10-30 15:41:53 UTC</createdTime>
<ownerDesignName>05_models_and_serial_numbers</ownerDesignName>
<engineerTo>
<item key="D8B44C16-93F2-710C-3DD7-D01D5620A0D2" value="true"/>
</engineerTo>
<sourcePk>896421A6-88EE-506D-58B9-B8D6CE3363B6</sourcePk>
<identifying>true</identifying>
<optionalSource>true</optionalSource>
<optionalTarget>false</optionalTarget>
<sourceCardinality>1</sourceCardinality>
<sourceEntity>2B353EF3-171E-52CA-ACCD-9E1C26F89CE8</sourceEntity>
<targetCardinalityString>*</targetCardinalityString>
<targetEntity>F5A42B6E-0F4A-204B-E863-FA2EC91CCD0E</targetEntity>
<transferable>true</transferable>
</Relation>