<?xml version = '1.0' encoding = 'UTF-8'?>
<Relation class="oracle.dbtools.crest.model.design.logical.Relation" name="contains_identif_prod" directorySegmentName="seg_0" id="3B9CE192-0F1C-F3A8-C8B4-DAC545C2CA40">
<createdBy>admin</createdBy>
<createdTime>2015-11-09 07:05:55 UTC</createdTime>
<ownerDesignName>05_models_and_serial_numbers</ownerDesignName>
<engineerTo>
<item key="D8B44C16-93F2-710C-3DD7-D01D5620A0D2" value="true"/>
</engineerTo>
<sourcePk>62634A9B-1EE2-BF6B-33A3-BED588507F08</sourcePk>
<identifying>true</identifying>
<optionalSource>true</optionalSource>
<optionalTarget>false</optionalTarget>
<sourceCardinality>1</sourceCardinality>
<sourceEntity>A425A88A-4555-928C-9217-6314853923F5</sourceEntity>
<targetCardinalityString>*</targetCardinalityString>
<targetEntity>5F83FB94-3BE5-A0BA-2D61-627E111AE978</targetEntity>
<transferable>true</transferable>
</Relation>