<?xml version = '1.0' encoding = 'UTF-8'?>
<Relation class="oracle.dbtools.crest.model.design.logical.Relation" name="is_ordered_with" directorySegmentName="seg_0" id="3CCB97B3-D252-E683-441C-4BA186AF50D6">
<createdBy>admin</createdBy>
<createdTime>2015-11-09 06:53:39 UTC</createdTime>
<ownerDesignName>05_models_and_serial_numbers</ownerDesignName>
<engineerTo>
<item key="D8B44C16-93F2-710C-3DD7-D01D5620A0D2" value="true"/>
</engineerTo>
<sourcePk>AEE44A97-209D-12FA-AEC6-0DD8128DBA6F</sourcePk>
<identifying>true</identifying>
<optionalSource>true</optionalSource>
<optionalTarget>false</optionalTarget>
<sourceCardinality>1</sourceCardinality>
<sourceEntity>31D7E745-BF20-2475-44D8-43FE2613DC9A</sourceEntity>
<targetCardinalityString>*</targetCardinalityString>
<targetEntity>F6949211-9D37-77D6-09F9-08C7F5A3956D</targetEntity>
<transferable>true</transferable>
</Relation>