<?xml version = '1.0' encoding = 'UTF-8'?>
<Relation class="oracle.dbtools.crest.model.design.logical.Relation" name="can_be_sold_in" directorySegmentName="seg_0" id="4277218B-E167-E5DE-950D-5D998AA8F19D">
<createdBy>admin</createdBy>
<createdTime>2015-11-09 07:04:31 UTC</createdTime>
<ownerDesignName>05_models_and_serial_numbers</ownerDesignName>
<engineerTo>
<item key="D8B44C16-93F2-710C-3DD7-D01D5620A0D2" value="true"/>
</engineerTo>
<sourcePk>31C50FC0-FF30-BC4E-712C-156C06306A5F</sourcePk>
<identifying>false</identifying>
<optionalSource>true</optionalSource>
<optionalTarget>false</optionalTarget>
<sourceCardinality>1</sourceCardinality>
<sourceEntity>67DC2C5A-48AB-5342-70B0-72C3A957BD9C</sourceEntity>
<targetCardinalityString>1</targetCardinalityString>
<targetEntity>5F83FB94-3BE5-A0BA-2D61-627E111AE978</targetEntity>
<transferable>true</transferable>
</Relation>