<?xml version = '1.0' encoding = 'UTF-8'?>
<Relation class="oracle.dbtools.crest.model.design.logical.Relation" name="sends" directorySegmentName="seg_0" id="747DE6D5-8390-B29D-D334-0BBEFF1D856C">
<createdBy>admin</createdBy>
<createdTime>2015-11-09 06:52:56 UTC</createdTime>
<ownerDesignName>05_models_and_serial_numbers</ownerDesignName>
<engineerTo>
<item key="D8B44C16-93F2-710C-3DD7-D01D5620A0D2" value="true"/>
</engineerTo>
<sourcePk>2168AE87-0033-A7BF-8227-49D3E1561CC1</sourcePk>
<identifying>false</identifying>
<optionalSource>true</optionalSource>
<optionalTarget>false</optionalTarget>
<sourceCardinality>1</sourceCardinality>
<sourceEntity>D0EFE0D1-F3DE-0D6C-3F22-8A81D1729530</sourceEntity>
<targetCardinalityString>*</targetCardinalityString>
<targetEntity>01B2730E-D705-AE37-ABCF-80713F403B77</targetEntity>
<transferable>true</transferable>
</Relation>