<?xml version = '1.0' encoding = 'UTF-8'?>
<Relation class="oracle.dbtools.crest.model.design.logical.Relation" name="is_delivered_with" directorySegmentName="seg_0" id="A65973D3-6091-083A-BF4B-CFCB0478EA8D">
<createdBy>admin</createdBy>
<createdTime>2015-11-09 06:58:24 UTC</createdTime>
<ownerDesignName>05_models_and_serial_numbers</ownerDesignName>
<engineerTo>
<item key="D8B44C16-93F2-710C-3DD7-D01D5620A0D2" value="true"/>
</engineerTo>
<sourcePk>35E466C5-3EA1-B004-59F3-3C9E3D2036CD</sourcePk>
<identifying>false</identifying>
<optionalSource>true</optionalSource>
<optionalTarget>false</optionalTarget>
<sourceCardinality>1</sourceCardinality>
<sourceEntity>01B2730E-D705-AE37-ABCF-80713F403B77</sourceEntity>
<targetCardinalityString>*</targetCardinalityString>
<targetEntity>A425A88A-4555-928C-9217-6314853923F5</targetEntity>
<transferable>true</transferable>
</Relation>