<?xml version = '1.0' encoding = 'UTF-8'?>
<Relation class="oracle.dbtools.crest.model.design.logical.Relation" name="is_composed_of" directorySegmentName="seg_0" id="A81C4CD6-14E3-3CF7-86BB-592B57E01C24">
<createdBy>admin</createdBy>
<createdTime>2015-11-09 06:53:20 UTC</createdTime>
<ownerDesignName>05_models_and_serial_numbers</ownerDesignName>
<engineerTo>
<item key="D8B44C16-93F2-710C-3DD7-D01D5620A0D2" value="true"/>
</engineerTo>
<sourcePk>35E466C5-3EA1-B004-59F3-3C9E3D2036CD</sourcePk>
<identifying>true</identifying>
<optionalSource>true</optionalSource>
<optionalTarget>false</optionalTarget>
<sourceCardinality>1</sourceCardinality>
<sourceEntity>01B2730E-D705-AE37-ABCF-80713F403B77</sourceEntity>
<targetCardinalityString>*</targetCardinalityString>
<targetEntity>F6949211-9D37-77D6-09F9-08C7F5A3956D</targetEntity>
<transferable>true</transferable>
</Relation>