<?xml version = '1.0' encoding = 'UTF-8'?>
<Relation class="oracle.dbtools.crest.model.design.logical.Relation" name="contains_unidentif_prod" directorySegmentName="seg_0" id="CFB5091B-08D1-50CA-3821-2B399E0B498F">
<createdBy>admin</createdBy>
<createdTime>2015-11-09 07:05:13 UTC</createdTime>
<ownerDesignName>05_models_and_serial_numbers</ownerDesignName>
<engineerTo>
<item key="D8B44C16-93F2-710C-3DD7-D01D5620A0D2" value="true"/>
</engineerTo>
<sourcePk>62634A9B-1EE2-BF6B-33A3-BED588507F08</sourcePk>
<identifying>true</identifying>
<optionalSource>true</optionalSource>
<optionalTarget>false</optionalTarget>
<sourceCardinality>1</sourceCardinality>
<sourceEntity>A425A88A-4555-928C-9217-6314853923F5</sourceEntity>
<targetCardinalityString>*</targetCardinalityString>
<targetEntity>DC1E692A-547E-4E0B-24A8-2E48B1483176</targetEntity>
<transferable>true</transferable>
</Relation>