<?xml version = '1.0' encoding = 'UTF-8'?>
<Relation class="oracle.dbtools.crest.model.design.logical.Relation" name="has_identif_occurence" directorySegmentName="seg_0" id="F585F0CE-D2D1-2A74-1A6B-6A513E4A37EE">
<createdBy>admin</createdBy>
<createdTime>2015-11-09 05:57:08 UTC</createdTime>
<ownerDesignName>05_models_and_serial_numbers</ownerDesignName>
<engineerTo>
<item key="D8B44C16-93F2-710C-3DD7-D01D5620A0D2" value="true"/>
</engineerTo>
<sourcePk>AEE44A97-209D-12FA-AEC6-0DD8128DBA6F</sourcePk>
<identifying>false</identifying>
<optionalSource>true</optionalSource>
<optionalTarget>false</optionalTarget>
<sourceCardinality>1</sourceCardinality>
<sourceEntity>31D7E745-BF20-2475-44D8-43FE2613DC9A</sourceEntity>
<targetCardinalityString>*</targetCardinalityString>
<targetEntity>67DC2C5A-48AB-5342-70B0-72C3A957BD9C</targetEntity>
<transferable>true</transferable>
</Relation>