<?xml version = '1.0' encoding = 'UTF-8'?>
<Entity class="oracle.dbtools.crest.model.design.logical.Entity" directorySegmentName="seg_0" id="3D8375BD-73F6-EE86-87FE-E57C12711FB3" name="recipe">
<createdBy>admin</createdBy>
<createdTime>2015-11-08 15:42:45 UTC</createdTime>
<ownerDesignName>04_recipes</ownerDesignName>
<engineerTo>
<item key="0EBFD2A9-862E-4FAF-F974-306C4D9BEE60" value="true"/>
</engineerTo>
<adequatelyNormalized>NO</adequatelyNormalized>
<expectedVolumes>0</expectedVolumes>
<fwdEngineeringStrategyName>Single Table</fwdEngineeringStrategyName>
<growthPercent>0</growthPercent>
<growthType>Year</growthType>
<maxVolumes>9999999</maxVolumes>
<minVolumes>0</minVolumes>
<normalForm>Third</normalForm>
<preferredAbbreviation>recipes</preferredAbbreviation>
<attributes itemClass="oracle.dbtools.crest.model.design.logical.Attribute">
<Attribute name="recipe_id" id="320B4756-1C31-B737-1B7D-4342598F39F6">
<createdBy>admin</createdBy>
<createdTime>2015-11-08 15:43:17 UTC</createdTime>
<ownerDesignName>04_recipes</ownerDesignName>
<engineerTo>
<item key="0EBFD2A9-862E-4FAF-F974-306C4D9BEE60" value="true"/>
</engineerTo>
<useDomainConstraints>false</useDomainConstraints>
<use>1</use>
<logicalDatatype>LOGDT011</logicalDatatype>
<ownDataTypeParameters>,,</ownDataTypeParameters>
</Attribute>
<Attribute name="recipe_name" id="7DE96C28-3146-E98E-1742-130B1BEF4C91">
<createdBy>admin</createdBy>
<createdTime>2015-11-08 15:43:29 UTC</createdTime>
<ownerDesignName>04_recipes</ownerDesignName>
<engineerTo>
<item key="0EBFD2A9-862E-4FAF-F974-306C4D9BEE60" value="true"/>
</engineerTo>
<nullsAllowed>true</nullsAllowed>
<useDomainConstraints>false</useDomainConstraints>
<use>1</use>
<logicalDatatype>LOGDT037</logicalDatatype>
<dataTypeSize>50</dataTypeSize>
<ownDataTypeParameters>50,,</ownDataTypeParameters>
</Attribute>
<Attribute name="usage_start_date" id="FA7C1D58-8DB9-501A-6E58-49115F4B855C">
<createdBy>admin</createdBy>
<createdTime>2015-11-08 15:43:44 UTC</createdTime>
<ownerDesignName>04_recipes</ownerDesignName>
<engineerTo>
<item key="0EBFD2A9-862E-4FAF-F974-306C4D9BEE60" value="true"/>
</engineerTo>
<useDomainConstraints>false</useDomainConstraints>
<use>1</use>
<logicalDatatype>LOGDT007</logicalDatatype>
<ownDataTypeParameters>,,</ownDataTypeParameters>
</Attribute>
<Attribute name="usage_stop_date" id="E2C3D8F5-D75B-DD08-276D-BD99CC4DBBD9">
<createdBy>admin</createdBy>
<createdTime>2015-11-08 15:44:12 UTC</createdTime>
<ownerDesignName>04_recipes</ownerDesignName>
<engineerTo>
<item key="0EBFD2A9-862E-4FAF-F974-306C4D9BEE60" value="true"/>
</engineerTo>
<nullsAllowed>true</nullsAllowed>
<useDomainConstraints>false</useDomainConstraints>
<use>1</use>
<logicalDatatype>LOGDT007</logicalDatatype>
<ownDataTypeParameters>,,</ownDataTypeParameters>
</Attribute>
<Attribute name="comments" id="C2AEFC6F-A059-303A-9244-61A2DD2CE3EC">
<createdBy>admin</createdBy>
<createdTime>2015-11-08 15:44:29 UTC</createdTime>
<ownerDesignName>04_recipes</ownerDesignName>
<engineerTo>
<item key="0EBFD2A9-862E-4FAF-F974-306C4D9BEE60" value="true"/>
</engineerTo>
<nullsAllowed>true</nullsAllowed>
<useDomainConstraints>false</useDomainConstraints>
<use>1</use>
<logicalDatatype>LOGDT037</logicalDatatype>
<dataTypeSize>200</dataTypeSize>
<ownDataTypeParameters>200,,</ownDataTypeParameters>
</Attribute>
<Attribute name="prod_id" id="E1974339-5A07-8DCF-3F53-5921D91AAF9F">
<createdBy>admin</createdBy>
<createdTime>2015-11-08 15:46:23 UTC</createdTime>
<generatorID>A789EC15-217D-78AF-8D8B-F283183AC1D3</generatorID>
<ownerDesignName>04_recipes</ownerDesignName>
<engineerTo>
<item key="0EBFD2A9-862E-4FAF-F974-306C4D9BEE60" value="true"/>
</engineerTo>
<referedAttribute>7F934447-4C2B-E8DA-3DDF-89B8F58D0E2C</referedAttribute>
<useDomainConstraints>false</useDomainConstraints>
<use>1</use>
<logicalDatatype>LOGDT011</logicalDatatype>
<ownDataTypeParameters>,,</ownDataTypeParameters>
</Attribute>
</attributes>
<identifiers itemClass="oracle.dbtools.crest.model.design.logical.CandidateKey">
<identifier id="CCFE77BB-A748-1E92-D990-B4F6E291EF56" name="recipe PK">
<createdBy>admin</createdBy>
<createdTime>2015-11-08 15:43:26 UTC</createdTime>
<ownerDesignName>04_recipes</ownerDesignName>
<engineerTo>
<item key="0EBFD2A9-862E-4FAF-F974-306C4D9BEE60" value="true"/>
</engineerTo>
<pk>true</pk>
<usedAttributes>
<attributeRef>320B4756-1C31-B737-1B7D-4342598F39F6</attributeRef>
</usedAttributes>
</identifier>
</identifiers>
</Entity>