<?xml version = '1.0' encoding = 'UTF-8'?>
<Entity class="oracle.dbtools.crest.model.design.logical.Entity" directorySegmentName="seg_0" id="793CB266-841C-E697-0EA5-7E1769DD141F" name="measure_unit">
<createdBy>admin</createdBy>
<createdTime>2015-10-30 08:58:29 UTC</createdTime>
<ownerDesignName>04_recipes</ownerDesignName>
<engineerTo>
<item key="8DCDD79B-691F-B298-73CA-B64A62A3AEEC" value="true"/>
</engineerTo>
<adequatelyNormalized>NO</adequatelyNormalized>
<expectedVolumes>0</expectedVolumes>
<fwdEngineeringStrategyName>Single Table</fwdEngineeringStrategyName>
<growthPercent>0</growthPercent>
<growthType>Year</growthType>
<maxVolumes>9999999</maxVolumes>
<minVolumes>0</minVolumes>
<normalForm>Third</normalForm>
<preferredAbbreviation>measure_units</preferredAbbreviation>
<attributes itemClass="oracle.dbtools.crest.model.design.logical.Attribute">
<Attribute name="abbreviation" id="D51499B0-66B2-B01A-56A9-71E949CF3DB9">
<createdBy>admin</createdBy>
<createdTime>2015-10-30 08:59:31 UTC</createdTime>
<ownerDesignName>04_recipes</ownerDesignName>
<engineerTo>
<item key="8DCDD79B-691F-B298-73CA-B64A62A3AEEC" value="true"/>
</engineerTo>
<useDomainConstraints>false</useDomainConstraints>
<use>1</use>
<logicalDatatype>LOGDT037</logicalDatatype>
<dataTypeSize>20</dataTypeSize>
<ownDataTypeParameters>20,,</ownDataTypeParameters>
</Attribute>
<Attribute name="name" id="002F7BC5-4B19-B1B6-F0AE-1372400A7785">
<createdBy>admin</createdBy>
<createdTime>2015-10-30 08:59:46 UTC</createdTime>
<ownerDesignName>04_recipes</ownerDesignName>
<engineerTo>
<item key="8DCDD79B-691F-B298-73CA-B64A62A3AEEC" value="true"/>
</engineerTo>
<useDomainConstraints>false</useDomainConstraints>
<use>1</use>
<logicalDatatype>LOGDT037</logicalDatatype>
<dataTypeSize>30</dataTypeSize>
<ownDataTypeParameters>30,,</ownDataTypeParameters>
</Attribute>
<Attribute name="metric_system" id="E8FE0589-7ECA-FDDF-2382-28ED36ED760F">
<createdBy>admin</createdBy>
<createdTime>2015-10-30 09:00:11 UTC</createdTime>
<ownerDesignName>04_recipes</ownerDesignName>
<engineerTo>
<item key="8DCDD79B-691F-B298-73CA-B64A62A3AEEC" value="true"/>
</engineerTo>
<useDomainConstraints>false</useDomainConstraints>
<use>1</use>
<logicalDatatype>LOGDT024</logicalDatatype>
<dataTypeSize>30</dataTypeSize>
<ownDataTypeParameters>30,,</ownDataTypeParameters>
</Attribute>
</attributes>
<identifiers itemClass="oracle.dbtools.crest.model.design.logical.CandidateKey">
<identifier id="601F2803-D91C-5692-E764-85329B4EE1D7" name="measure_unit PK">
<createdBy>admin</createdBy>
<createdTime>2015-10-30 08:59:43 UTC</createdTime>
<ownerDesignName>04_recipes</ownerDesignName>
<engineerTo>
<item key="8DCDD79B-691F-B298-73CA-B64A62A3AEEC" value="true"/>
</engineerTo>
<pk>true</pk>
<usedAttributes>
<attributeRef>D51499B0-66B2-B01A-56A9-71E949CF3DB9</attributeRef>
</usedAttributes>
</identifier>
</identifiers>
</Entity>