<?xml version = '1.0' encoding = 'UTF-8'?>
<Entity class="oracle.dbtools.crest.model.design.logical.Entity" directorySegmentName="seg_0" id="F7DBC332-3636-01B3-E819-E426D5A0534D" name="package_in_package">
<createdBy>admin</createdBy>
<createdTime>2015-10-30 09:37:54 UTC</createdTime>
<ownerDesignName>04_recipes</ownerDesignName>
<engineerTo>
<item key="8DCDD79B-691F-B298-73CA-B64A62A3AEEC" value="true"/>
</engineerTo>
<adequatelyNormalized>NO</adequatelyNormalized>
<expectedVolumes>0</expectedVolumes>
<fwdEngineeringStrategyName>Single Table</fwdEngineeringStrategyName>
<growthPercent>0</growthPercent>
<growthType>Year</growthType>
<maxVolumes>9999999</maxVolumes>
<minVolumes>0</minVolumes>
<normalForm>Third</normalForm>
<preferredAbbreviation>packages_in_packages</preferredAbbreviation>
<attributes itemClass="oracle.dbtools.crest.model.design.logical.Attribute">
<Attribute name="quantity_in_package" id="4FC289C2-6F24-27A1-7EF3-53F05E7BC9E8">
<createdBy>admin</createdBy>
<createdTime>2015-10-30 09:37:54 UTC</createdTime>
<ownerDesignName>04_recipes</ownerDesignName>
<engineerTo>
<item key="8DCDD79B-691F-B298-73CA-B64A62A3AEEC" value="true"/>
</engineerTo>
<useDomainConstraints>false</useDomainConstraints>
<use>1</use>
<logicalDatatype>LOGDT019</logicalDatatype>
<dataTypePrecision>9</dataTypePrecision>
<dataTypeScale>3</dataTypeScale>
<ownDataTypeParameters>,9,3</ownDataTypeParameters>
</Attribute>
<Attribute name="package_id" id="2A40D3A4-72C8-A968-BA46-B5D6B4D3B5DA">
<createdBy>admin</createdBy>
<createdTime>2015-10-30 09:43:18 UTC</createdTime>
<generatorID>AFE66F4D-1E8C-7BBA-80EF-E9DB3938137D</generatorID>
<ownerDesignName>04_recipes</ownerDesignName>
<engineerTo>
<item key="8DCDD79B-691F-B298-73CA-B64A62A3AEEC" value="true"/>
</engineerTo>
<referedAttribute>3C8AE6AE-AED8-396D-4BBA-29969E9BF446</referedAttribute>
<useDomainConstraints>false</useDomainConstraints>
<use>1</use>
<logicalDatatype>LOGDT011</logicalDatatype>
<ownDataTypeParameters>,,</ownDataTypeParameters>
</Attribute>
<Attribute name="package_id1" id="7D5A9FA2-B958-F84F-F705-8D2527A699A3">
<createdBy>admin</createdBy>
<createdTime>2015-10-30 09:45:12 UTC</createdTime>
<generatorID>BA15BA92-6528-72A5-DB05-B1FFF5F11BC0</generatorID>
<ownerDesignName>04_recipes</ownerDesignName>
<engineerTo>
<item key="8DCDD79B-691F-B298-73CA-B64A62A3AEEC" value="true"/>
</engineerTo>
<referedAttribute>3C8AE6AE-AED8-396D-4BBA-29969E9BF446</referedAttribute>
<useDomainConstraints>false</useDomainConstraints>
<use>1</use>
<logicalDatatype>LOGDT011</logicalDatatype>
<ownDataTypeParameters>,,</ownDataTypeParameters>
</Attribute>
</attributes>
<identifiers itemClass="oracle.dbtools.crest.model.design.logical.CandidateKey">
<identifier id="6C0BC05F-4A4B-80F9-BECC-18C824DA732B" name="package_in_package PK">
<createdBy>admin</createdBy>
<createdTime>2015-10-30 09:43:18 UTC</createdTime>
<ownerDesignName>04_recipes</ownerDesignName>
<engineerTo>
<item key="8DCDD79B-691F-B298-73CA-B64A62A3AEEC" value="true"/>
</engineerTo>
<pk>true</pk>
<usedAttributes>
<attributeRef>2A40D3A4-72C8-A968-BA46-B5D6B4D3B5DA</attributeRef>
<attributeRef>7D5A9FA2-B958-F84F-F705-8D2527A699A3</attributeRef>
</usedAttributes>
</identifier>
</identifiers>
</Entity>