<?xml version = '1.0' encoding = 'UTF-8'?>
<FKIndexAssociation class="oracle.dbtools.crest.model.design.relational.FKIndexAssociation" directorySegmentName="seg_0" id="C2CAD259-A3A4-F434-1245-DDD6E0BD18C5" containerWithKeyObject="32EC0564-E2C8-6530-A4AC-E69A6303A3EB" localFKIndex="04E5CAD8-6C3E-64BD-BA62-777C81C826D2" name="course_sections_professors_FK">
<createdBy>Marin F</createdBy>
<createdTime>2011-10-05 07:42:36 UTC</createdTime>
<generatorID>8FF67823-B677-2361-873A-719588FDF327</generatorID>
<ownerDesignName>teaches_1</ownerDesignName>
<deleteRule>NO ACTION</deleteRule>
<referredTableID>C5DFE016-DF16-1032-CA89-4ED2C8C78FD3</referredTableID>
<keyObject>9CB75CA4-4002-7CEF-F182-33B750E6196B</keyObject>
<referredKeyID>9CB75CA4-4002-7CEF-F182-33B750E6196B</referredKeyID>
<mandatory>true</mandatory>
<transferable>true</transferable>
<rely>false</rely>
<columnDependencyConstraintGenerateInDDL>false</columnDependencyConstraintGenerateInDDL>
</FKIndexAssociation>