<?xml version = '1.0' encoding = 'UTF-8'?>
<Table class="oracle.dbtools.crest.model.design.relational.Table" directorySegmentName="seg_0" id="1C5D1DB1-A955-1669-5DC0-B483A0AB1026" name="counties">
<createdBy>admin</createdBy>
<createdTime>2015-10-29 09:33:05 UTC</createdTime>
<generatorID>98D735D6-4742-C82D-7BFB-79BBDC624A7D</generatorID>
<ownerDesignName>sales_2</ownerDesignName>
<existDependencyGenerateInDDl>true</existDependencyGenerateInDDl>
<parsed>true</parsed>
<columns itemClass="oracle.dbtools.crest.model.design.relational.Column">
<Column name="county_code" id="FDDC4A25-7637-574B-4AB3-3D99F5B1AF62">
<createdBy>admin</createdBy>
<createdTime>2015-10-29 09:33:05 UTC</createdTime>
<generatorID>0CB7057B-D3A1-DB4A-2F02-428FAAC82EA3</generatorID>
<ownerDesignName>sales_2</ownerDesignName>
<constraintName>ck_jud</constraintName>
<useDomainConstraints>false</useDomainConstraints>
<use>1</use>
<logicalDatatype>LOGDT025</logicalDatatype>
<dataTypeSize>2</dataTypeSize>
<checkConstraint>
<implementationDef dbType="Oracle Database 10g" definition="jud=LTRIM(UPPER(jud))"/>
</checkConstraint>
<ownDataTypeParameters>2,,</ownDataTypeParameters>
<autoIncrementCycle>false</autoIncrementCycle>
</Column>
<Column name="county_name" id="0E9D091C-B733-5D51-A0AC-3B58141F190C">
<createdBy>admin</createdBy>
<createdTime>2015-10-29 09:33:05 UTC</createdTime>
<generatorID>F1CE3CE1-6676-66CE-DBCC-2513A9A4EAED</generatorID>
<ownerDesignName>sales_2</ownerDesignName>
<constraintName>un_judet</constraintName>
<useDomainConstraints>false</useDomainConstraints>
<use>1</use>
<logicalDatatype>LOGDT037</logicalDatatype>
<dataTypeSize>50 CHAR</dataTypeSize>
<checkConstraint>
<implementationDef dbType="Oracle Database 10g" definition="judet=LTRIM(INITCAP(judet))"/>
</checkConstraint>
<ownDataTypeParameters>50 CHAR,,</ownDataTypeParameters>
<autoIncrementCycle>false</autoIncrementCycle>
</Column>
<Column name="county_region" id="1516939F-9610-B6E1-6627-455B1F668E4E">
<createdBy>admin</createdBy>
<createdTime>2015-10-29 09:33:05 UTC</createdTime>
<generatorID>2D63572C-2ABB-5CD6-CAA5-FAAB18EAE7C0</generatorID>
<ownerDesignName>sales_2</ownerDesignName>
<constraintName>CK_REGIUNE</constraintName>
<useDomainConstraints>false</useDomainConstraints>
<use>1</use>
<logicalDatatype>LOGDT037</logicalDatatype>
<dataTypeSize>30</dataTypeSize>
<checkConstraint>
<implementationDef dbType="Oracle Database 10g" definition="REGIUNE IN (&apos;BANAT&apos;, &apos;TRANSILVANIA&apos;, &apos;DOBROGEA&apos;,&apos;OLTENIA&apos;, &apos;MUNTENIA&apos;, &apos;MOLDOVA&apos;)"/>
</checkConstraint>
<defaultValue>&apos;Moldova&apos;</defaultValue>
<ownDataTypeParameters>30,,</ownDataTypeParameters>
<autoIncrementCycle>false</autoIncrementCycle>
</Column>
</columns>
<indexes itemClass="oracle.dbtools.crest.model.design.relational.Index">
<ind_PK_UK id="298B5508-6830-2E49-4DBD-6CF3C4C8F815" name="counties_PK">
<createdBy>admin</createdBy>
<createdTime>2015-10-29 09:33:05 UTC</createdTime>
<generatorID>CE9F75A4-299F-E491-BB16-E1865BBBC7B9</generatorID>
<ownerDesignName>sales_2</ownerDesignName>
<pk>true</pk>
<indexState>Primary Constraint</indexState>
<isSurrogateKey>false</isSurrogateKey>
<indexColumnUsage>
<colUsage columnID="FDDC4A25-7637-574B-4AB3-3D99F5B1AF62"/>
</indexColumnUsage>
</ind_PK_UK>
<ind_PK_UK id="97987945-A563-2F14-66A4-3D516E81C371" name="counties_county_name_UN">
<createdBy>admin</createdBy>
<createdTime>2015-10-29 09:33:05 UTC</createdTime>
<generatorID>E76E6EE9-EDB8-2AB8-45D9-6E65FAFEA116</generatorID>
<ownerDesignName>sales_2</ownerDesignName>
<indexState>Unique Constraint</indexState>
<isSurrogateKey>false</isSurrogateKey>
<indexColumnUsage>
<colUsage columnID="0E9D091C-B733-5D51-A0AC-3B58141F190C"/>
</indexColumnUsage>
</ind_PK_UK>
</indexes>
</Table>