<?xml version = '1.0' encoding = 'UTF-8'?>
<Table class="oracle.dbtools.crest.model.design.relational.Table" directorySegmentName="seg_0" id="670D114E-A93A-291D-03B7-5801B92E6C7F" name="invoice_details">
<createdBy>admin</createdBy>
<createdTime>2015-10-29 09:33:05 UTC</createdTime>
<generatorID>AE183615-38B5-05D7-B4D4-C0A36668DC81</generatorID>
<ownerDesignName>sales_2</ownerDesignName>
<existDependencyGenerateInDDl>true</existDependencyGenerateInDDl>
<parsed>true</parsed>
<columns itemClass="oracle.dbtools.crest.model.design.relational.Column">
<Column name="invoice_id" id="3DD92D7C-1807-E87F-A1D5-25B66C8267FB">
<createdBy>admin</createdBy>
<createdTime>2015-10-29 09:33:05 UTC</createdTime>
<generatorID>FB06227C-EDF1-2369-E0EF-A6041F5FE960</generatorID>
<ownerDesignName>sales_2</ownerDesignName>
<useDomainConstraints>false</useDomainConstraints>
<use>1</use>
<logicalDatatype>LOGDT011</logicalDatatype>
<ownDataTypeParameters>,,</ownDataTypeParameters>
<previousColumn>false</previousColumn>
<autoIncrementCycle>false</autoIncrementCycle>
<associations>
<colAssociation fkAssociation="E252B1EB-F679-1FB5-4163-E6A6BFA8F11F" referredColumn="86660090-1710-710A-2C08-E69F3C5EC689"/>
</associations>
</Column>
<Column name="row_number" id="4830F43A-7F83-FA38-9FC8-34724EA130D0">
<createdBy>admin</createdBy>
<createdTime>2015-10-29 09:33:05 UTC</createdTime>
<generatorID>3B9414C7-4687-A4CC-2CA1-644805AC6167</generatorID>
<ownerDesignName>sales_2</ownerDesignName>
<constraintName>ck_linie</constraintName>
<useDomainConstraints>false</useDomainConstraints>
<use>1</use>
<logicalDatatype>LOGDT042</logicalDatatype>
<checkConstraint>
<implementationDef dbType="Oracle Database 10g" definition="linie &gt; 0"/>
</checkConstraint>
<ownDataTypeParameters>,,</ownDataTypeParameters>
<autoIncrementCycle>false</autoIncrementCycle>
</Column>
<Column name="quantity" id="CEB5942F-B066-2959-FAD6-A2BE41AD243B">
<createdBy>admin</createdBy>
<createdTime>2015-10-29 09:33:05 UTC</createdTime>
<generatorID>0BC4EDB1-0834-9749-082D-419662A21509</generatorID>
<ownerDesignName>sales_2</ownerDesignName>
<useDomainConstraints>false</useDomainConstraints>
<use>1</use>
<logicalDatatype>LOGDT019</logicalDatatype>
<dataTypePrecision>10</dataTypePrecision>
<dataTypeScale>3</dataTypeScale>
<ownDataTypeParameters>,10,3</ownDataTypeParameters>
<autoIncrementCycle>false</autoIncrementCycle>
</Column>
<Column name="unit_price" id="7E6B96C9-746C-6A84-5280-05957B345798">
<createdBy>admin</createdBy>
<createdTime>2015-10-29 09:33:05 UTC</createdTime>
<generatorID>B1343FEA-FB7D-2E3F-FD0E-99C4516F5B22</generatorID>
<ownerDesignName>sales_2</ownerDesignName>
<useDomainConstraints>false</useDomainConstraints>
<use>1</use>
<logicalDatatype>LOGDT019</logicalDatatype>
<dataTypePrecision>8</dataTypePrecision>
<dataTypeScale>2</dataTypeScale>
<ownDataTypeParameters>,8,2</ownDataTypeParameters>
<autoIncrementCycle>false</autoIncrementCycle>
</Column>
<Column name="product_id" id="3CA8594D-69CE-A696-BADA-A1908F06E7A3">
<createdBy>admin</createdBy>
<createdTime>2015-10-29 09:33:05 UTC</createdTime>
<generatorID>19016841-DAB5-A040-19BD-5FE0FF0CFCB4</generatorID>
<ownerDesignName>sales_2</ownerDesignName>
<useDomainConstraints>false</useDomainConstraints>
<use>1</use>
<logicalDatatype>LOGDT011</logicalDatatype>
<ownDataTypeParameters>,,</ownDataTypeParameters>
<previousColumn>false</previousColumn>
<autoIncrementCycle>false</autoIncrementCycle>
<associations>
<colAssociation fkAssociation="3C828DC3-D5ED-06C0-37FD-C52472FA76A0" referredColumn="14996CB7-10F6-1998-B76F-185B5DE3114A"/>
</associations>
</Column>
<Column name="row_VAT" id="F1D7A0DB-BC16-ADB4-D098-8ABB4DFAEB84">
<createdBy>admin</createdBy>
<createdTime>2015-10-29 09:33:05 UTC</createdTime>
<generatorID>332A8C26-B8ED-7DF2-429E-6A70267CCABA</generatorID>
<ownerDesignName>sales_2</ownerDesignName>
<nullsAllowed>true</nullsAllowed>
<useDomainConstraints>false</useDomainConstraints>
<use>1</use>
<logicalDatatype>LOGDT019</logicalDatatype>
<dataTypePrecision>12</dataTypePrecision>
<dataTypeScale>2</dataTypeScale>
<ownDataTypeParameters>,12,2</ownDataTypeParameters>
<autoIncrementCycle>false</autoIncrementCycle>
</Column>
</columns>
<indexes itemClass="oracle.dbtools.crest.model.design.relational.Index">
<ind_PK_UK id="53A135C4-8817-FE6C-ED9A-B64B5AEBAC78" name="invoice_details_PK">
<createdBy>admin</createdBy>
<createdTime>2015-10-29 09:33:05 UTC</createdTime>
<generatorID>C23FB1C8-9526-9315-2F2A-5F2D47415535</generatorID>
<ownerDesignName>sales_2</ownerDesignName>
<pk>true</pk>
<indexState>Primary Constraint</indexState>
<isSurrogateKey>false</isSurrogateKey>
<indexColumnUsage>
<colUsage columnID="3DD92D7C-1807-E87F-A1D5-25B66C8267FB"/>
<colUsage columnID="4830F43A-7F83-FA38-9FC8-34724EA130D0"/>
</indexColumnUsage>
</ind_PK_UK>
<ind_PK_UK id="1271DD7E-6582-2AE1-5C19-246F3727B895" name="invoice_details_invoices_FK">
<createdBy>admin</createdBy>
<createdTime>2015-10-29 09:33:05 UTC</createdTime>
<generatorID>FDA6341C-BE50-5CE3-3821-644B4FD1FDCC</generatorID>
<ownerDesignName>sales_2</ownerDesignName>
<indexState>Foreign Key</indexState>
<isSurrogateKey>false</isSurrogateKey>
<indexColumnUsage>
<colUsage columnID="3DD92D7C-1807-E87F-A1D5-25B66C8267FB"/>
</indexColumnUsage>
</ind_PK_UK>
<ind_PK_UK id="6DDC308E-0696-2310-5848-6ACB9D684CC8" name="invoice_details_products_FK">
<createdBy>admin</createdBy>
<createdTime>2015-10-29 09:33:05 UTC</createdTime>
<generatorID>A29855C0-B8E0-9AB1-939F-006BD29DD707</generatorID>
<ownerDesignName>sales_2</ownerDesignName>
<indexState>Foreign Key</indexState>
<isSurrogateKey>false</isSurrogateKey>
<indexColumnUsage>
<colUsage columnID="3CA8594D-69CE-A696-BADA-A1908F06E7A3"/>
</indexColumnUsage>
</ind_PK_UK>
</indexes>
</Table>