<?xml version = '1.0' encoding = 'UTF-8'?>
<Table class="oracle.dbtools.crest.model.design.relational.Table" directorySegmentName="seg_0" id="73FC895A-A83F-B857-83C0-D5265141E39C" name="invoices">
<createdBy>admin</createdBy>
<createdTime>2015-10-29 09:33:05 UTC</createdTime>
<generatorID>9B6DCC06-4F09-1244-27C0-C0BE0CEF865A</generatorID>
<ownerDesignName>sales_2</ownerDesignName>
<existDependencyGenerateInDDl>true</existDependencyGenerateInDDl>
<parsed>true</parsed>
<columns itemClass="oracle.dbtools.crest.model.design.relational.Column">
<Column name="invoice_id" id="86660090-1710-710A-2C08-E69F3C5EC689">
<createdBy>admin</createdBy>
<createdTime>2015-10-29 09:33:05 UTC</createdTime>
<generatorID>C90220F5-6B91-8896-D28C-2F28CE7009D2</generatorID>
<ownerDesignName>sales_2</ownerDesignName>
<useDomainConstraints>false</useDomainConstraints>
<use>1</use>
<logicalDatatype>LOGDT011</logicalDatatype>
<ownDataTypeParameters>,,</ownDataTypeParameters>
<autoIncrementCycle>false</autoIncrementCycle>
</Column>
<Column name="invoice_number" id="AE515513-36D6-96EC-F112-5F19B8832FA9">
<createdBy>admin</createdBy>
<createdTime>2015-10-29 09:33:05 UTC</createdTime>
<generatorID>7F0AE5DB-EB56-2E35-7AAF-501C6F1DA2DD</generatorID>
<ownerDesignName>sales_2</ownerDesignName>
<useDomainConstraints>false</useDomainConstraints>
<use>1</use>
<logicalDatatype>LOGDT011</logicalDatatype>
<ownDataTypeParameters>,,</ownDataTypeParameters>
<autoIncrementCycle>false</autoIncrementCycle>
</Column>
<Column name="invoice_date" id="9CA668F7-B79E-7107-D99B-49CE442704C9">
<createdBy>admin</createdBy>
<createdTime>2015-10-29 09:33:05 UTC</createdTime>
<generatorID>F53E5B56-08E6-AF80-C44E-79CBD3DB33D1</generatorID>
<ownerDesignName>sales_2</ownerDesignName>
<useDomainConstraints>false</useDomainConstraints>
<use>1</use>
<logicalDatatype>LOGDT007</logicalDatatype>
<ownDataTypeParameters>,,</ownDataTypeParameters>
<autoIncrementCycle>false</autoIncrementCycle>
</Column>
<Column name="cust_id" id="3AF6C8D8-8BA3-AFFA-822A-4DDAA732395C">
<createdBy>admin</createdBy>
<createdTime>2015-10-29 09:33:05 UTC</createdTime>
<generatorID>F41CCC80-5626-3100-D6D2-D7830E59077A</generatorID>
<ownerDesignName>sales_2</ownerDesignName>
<useDomainConstraints>false</useDomainConstraints>
<use>1</use>
<logicalDatatype>LOGDT011</logicalDatatype>
<ownDataTypeParameters>,,</ownDataTypeParameters>
<previousColumn>false</previousColumn>
<autoIncrementCycle>false</autoIncrementCycle>
<associations>
<colAssociation fkAssociation="4BB3CEF0-6C1E-4C6C-B2C2-C4D50526AE08" referredColumn="FA611FAE-3D6A-599D-C4D5-B344F6C87FC6"/>
</associations>
</Column>
<Column name="comments" id="26257E3D-975C-F15D-D10C-D1A30EF3A187">
<createdBy>admin</createdBy>
<createdTime>2015-10-29 09:33:05 UTC</createdTime>
<generatorID>57B3A592-EB2C-A732-C0CD-6462234C160D</generatorID>
<ownerDesignName>sales_2</ownerDesignName>
<nullsAllowed>true</nullsAllowed>
<useDomainConstraints>false</useDomainConstraints>
<use>1</use>
<logicalDatatype>LOGDT037</logicalDatatype>
<dataTypeSize>300 CHAR</dataTypeSize>
<ownDataTypeParameters>300 CHAR,,</ownDataTypeParameters>
<autoIncrementCycle>false</autoIncrementCycle>
</Column>
<Column name="invoice_VAT" id="19DE5EFF-2EDE-79A3-61A3-118C95E42DCA">
<createdBy>admin</createdBy>
<createdTime>2015-10-29 09:33:05 UTC</createdTime>
<generatorID>A08347F0-21AA-CB15-6C2A-413467005D97</generatorID>
<ownerDesignName>sales_2</ownerDesignName>
<useDomainConstraints>false</useDomainConstraints>
<use>1</use>
<logicalDatatype>LOGDT019</logicalDatatype>
<dataTypePrecision>12</dataTypePrecision>
<dataTypeScale>2</dataTypeScale>
<ownDataTypeParameters>,12,2</ownDataTypeParameters>
<autoIncrementCycle>false</autoIncrementCycle>
</Column>
<Column name="invoice_amount" id="DD807B62-5BFE-F5C2-CAA5-B590DD1449A0">
<createdBy>admin</createdBy>
<createdTime>2015-10-29 09:33:05 UTC</createdTime>
<generatorID>F8936AC6-6524-F7F4-854A-BC695CB37C12</generatorID>
<ownerDesignName>sales_2</ownerDesignName>
<useDomainConstraints>false</useDomainConstraints>
<use>1</use>
<logicalDatatype>LOGDT019</logicalDatatype>
<dataTypePrecision>12</dataTypePrecision>
<dataTypeScale>2</dataTypeScale>
<ownDataTypeParameters>,12,2</ownDataTypeParameters>
<autoIncrementCycle>false</autoIncrementCycle>
</Column>
<Column name="amount_received" id="481314CF-9931-2E29-EE06-FF5E8DA15E83">
<createdBy>admin</createdBy>
<createdTime>2015-10-29 09:33:05 UTC</createdTime>
<generatorID>BE162D39-4BCA-C5F6-0941-49C2B8CBB94A</generatorID>
<ownerDesignName>sales_2</ownerDesignName>
<useDomainConstraints>false</useDomainConstraints>
<use>1</use>
<logicalDatatype>LOGDT019</logicalDatatype>
<dataTypePrecision>12</dataTypePrecision>
<dataTypeScale>2</dataTypeScale>
<ownDataTypeParameters>,12,2</ownDataTypeParameters>
<autoIncrementCycle>false</autoIncrementCycle>
</Column>
</columns>
<indexes itemClass="oracle.dbtools.crest.model.design.relational.Index">
<ind_PK_UK id="1D1AFA6A-332E-8C85-36FB-39212369331E" name="invoices_PK">
<createdBy>admin</createdBy>
<createdTime>2015-10-29 09:33:05 UTC</createdTime>
<generatorID>D0B2DB68-6D9E-659C-A596-16AA379526BF</generatorID>
<ownerDesignName>sales_2</ownerDesignName>
<pk>true</pk>
<indexState>Primary Constraint</indexState>
<isSurrogateKey>false</isSurrogateKey>
<indexColumnUsage>
<colUsage columnID="86660090-1710-710A-2C08-E69F3C5EC689"/>
</indexColumnUsage>
</ind_PK_UK>
<ind_PK_UK id="7FA158F5-FB18-2306-B5E9-99924844F25C" name="invoices_customers_FK">
<createdBy>admin</createdBy>
<createdTime>2015-10-29 09:33:05 UTC</createdTime>
<generatorID>3887E4B0-99D7-4D22-8E5D-DB276E64F678</generatorID>
<ownerDesignName>sales_2</ownerDesignName>
<indexState>Foreign Key</indexState>
<isSurrogateKey>false</isSurrogateKey>
<indexColumnUsage>
<colUsage columnID="3AF6C8D8-8BA3-AFFA-822A-4DDAA732395C"/>
</indexColumnUsage>
</ind_PK_UK>
</indexes>
</Table>