<?xml version = '1.0' encoding = 'UTF-8'?>
<Table class="oracle.dbtools.crest.model.design.relational.Table" directorySegmentName="seg_0" id="A6270738-9D4F-4DD8-10FA-5084578C60B0" name="receipts">
<createdBy>admin</createdBy>
<createdTime>2015-10-29 09:33:05 UTC</createdTime>
<generatorID>31CB7F12-471A-FF0E-39DA-B6D0798F14D5</generatorID>
<ownerDesignName>sales_2</ownerDesignName>
<existDependencyGenerateInDDl>true</existDependencyGenerateInDDl>
<parsed>true</parsed>
<columns itemClass="oracle.dbtools.crest.model.design.relational.Column">
<Column name="receipt_id" id="34F89FA3-852A-99DA-A706-3A2763AAD479">
<createdBy>admin</createdBy>
<createdTime>2015-10-29 09:33:05 UTC</createdTime>
<generatorID>A3CDB75B-2E26-71BC-F06D-B979DCAF6B5A</generatorID>
<ownerDesignName>sales_2</ownerDesignName>
<useDomainConstraints>false</useDomainConstraints>
<use>1</use>
<logicalDatatype>LOGDT011</logicalDatatype>
<ownDataTypeParameters>,,</ownDataTypeParameters>
<autoIncrementCycle>false</autoIncrementCycle>
</Column>
<Column name="receipt_date" id="D0B0FBAB-4073-FE5C-AC03-D5177693BF27">
<createdBy>admin</createdBy>
<createdTime>2015-10-29 09:33:05 UTC</createdTime>
<generatorID>0B6624FE-B6D4-2A62-7EAF-28009D8F11E2</generatorID>
<ownerDesignName>sales_2</ownerDesignName>
<constraintName>CK_DATAINC</constraintName>
<useDomainConstraints>false</useDomainConstraints>
<use>1</use>
<logicalDatatype>LOGDT007</logicalDatatype>
<checkConstraint>
<implementationDef dbType="Oracle Database 10g" definition="DATAINC &gt;= TO_DATE(&apos;01/08/2008&apos;,&apos;DD/MM/YYYY&apos;) AND DATAINC &lt;= TO_DATE(&apos;31/12/2015&apos;,&apos;DD/MM/YYYY&apos;)"/>
</checkConstraint>
<ownDataTypeParameters>,,</ownDataTypeParameters>
<autoIncrementCycle>false</autoIncrementCycle>
</Column>
<Column name="receipt_docum_type" id="6EE36EC7-2B19-36DA-E3F1-C305F2CD1C49">
<createdBy>admin</createdBy>
<createdTime>2015-10-29 09:33:05 UTC</createdTime>
<generatorID>FA91ABDE-031D-87CF-1174-5F75E49EC5BE</generatorID>
<ownerDesignName>sales_2</ownerDesignName>
<constraintName>ck_coddoc</constraintName>
<nullsAllowed>true</nullsAllowed>
<useDomainConstraints>false</useDomainConstraints>
<use>1</use>
<logicalDatatype>LOGDT024</logicalDatatype>
<dataTypeSize>25</dataTypeSize>
<checkConstraint>
<implementationDef dbType="Oracle Database 10g" definition="coddoc=UPPER(LTRIM(coddoc))"/>
</checkConstraint>
<ownDataTypeParameters>25,,</ownDataTypeParameters>
<autoIncrementCycle>false</autoIncrementCycle>
</Column>
<Column name="receipt_docum_number" id="DC570849-20CD-B15E-BEC5-25B64F2E7C17">
<createdBy>admin</createdBy>
<createdTime>2015-10-29 09:33:05 UTC</createdTime>
<generatorID>D83CDAC0-55D9-B557-256B-1AF3275E6C0D</generatorID>
<ownerDesignName>sales_2</ownerDesignName>
<nullsAllowed>true</nullsAllowed>
<useDomainConstraints>false</useDomainConstraints>
<use>1</use>
<logicalDatatype>LOGDT024</logicalDatatype>
<dataTypeSize>25</dataTypeSize>
<ownDataTypeParameters>25,,</ownDataTypeParameters>
<autoIncrementCycle>false</autoIncrementCycle>
</Column>
<Column name="receipt_docum_date" id="28F6E8A3-E3B1-0E8E-013E-FEF591D755EC">
<createdBy>admin</createdBy>
<createdTime>2015-10-29 09:33:05 UTC</createdTime>
<generatorID>334D9382-772C-C4BB-0438-48C25C285FB6</generatorID>
<ownerDesignName>sales_2</ownerDesignName>
<constraintName>CK_DATADOC</constraintName>
<nullsAllowed>true</nullsAllowed>
<useDomainConstraints>false</useDomainConstraints>
<use>1</use>
<logicalDatatype>LOGDT007</logicalDatatype>
<checkConstraint>
<implementationDef dbType="Oracle Database 10g" definition="DATADOC &gt;= TO_DATE(&apos;01/01/2010&apos;,&apos;DD/MM/YYYY&apos;) AND DATADOC &lt;= TO_DATE(&apos;31/12/2015&apos;,&apos;DD/MM/YYYY&apos;)"/>
</checkConstraint>
<ownDataTypeParameters>,,</ownDataTypeParameters>
<autoIncrementCycle>false</autoIncrementCycle>
</Column>
</columns>
<indexes itemClass="oracle.dbtools.crest.model.design.relational.Index">
<ind_PK_UK id="D5C75DF8-6AFB-EA63-56A8-A3D9266088AE" name="receipts_PK">
<createdBy>admin</createdBy>
<createdTime>2015-10-29 09:33:05 UTC</createdTime>
<generatorID>8049D72A-E5F6-4D45-EA0D-24DF018B1BAB</generatorID>
<ownerDesignName>sales_2</ownerDesignName>
<pk>true</pk>
<indexState>Primary Constraint</indexState>
<isSurrogateKey>false</isSurrogateKey>
<indexColumnUsage>
<colUsage columnID="34F89FA3-852A-99DA-A706-3A2763AAD479"/>
</indexColumnUsage>
</ind_PK_UK>
</indexes>
</Table>