<?xml version = '1.0' encoding = 'UTF-8'?>
<Table class="oracle.dbtools.crest.model.design.relational.Table" directorySegmentName="seg_0" id="AA401D1F-7D75-686C-C636-0ED812720D31" name="contacts">
<createdBy>admin</createdBy>
<createdTime>2015-10-29 09:33:05 UTC</createdTime>
<generatorID>B5901E4F-FE16-8497-C6FA-77254367AE09</generatorID>
<ownerDesignName>sales_2</ownerDesignName>
<existDependencyGenerateInDDl>true</existDependencyGenerateInDDl>
<parsed>true</parsed>
<columns itemClass="oracle.dbtools.crest.model.design.relational.Column">
<Column name="cust_id" id="422832C2-19C9-4A3C-8BEB-AED1A14CC3B1">
<createdBy>admin</createdBy>
<createdTime>2015-10-29 09:33:05 UTC</createdTime>
<generatorID>73794A30-CD37-0D4D-533E-6B427D4EA48B</generatorID>
<ownerDesignName>sales_2</ownerDesignName>
<useDomainConstraints>false</useDomainConstraints>
<use>1</use>
<logicalDatatype>LOGDT011</logicalDatatype>
<ownDataTypeParameters>,,</ownDataTypeParameters>
<previousColumn>false</previousColumn>
<autoIncrementCycle>false</autoIncrementCycle>
<associations>
<colAssociation fkAssociation="AF8A9B57-5F7B-1AF2-40DA-9B7588FEE257" referredColumn="FA611FAE-3D6A-599D-C4D5-B344F6C87FC6"/>
</associations>
</Column>
<Column name="position" id="D1565C61-506C-79CD-5723-917F9A2298CE">
<createdBy>admin</createdBy>
<createdTime>2015-10-29 09:33:05 UTC</createdTime>
<generatorID>4B37ADE0-FD0E-03AF-E06D-95652CCDFBC7</generatorID>
<ownerDesignName>sales_2</ownerDesignName>
<constraintName>ck_functie</constraintName>
<useDomainConstraints>false</useDomainConstraints>
<use>1</use>
<logicalDatatype>LOGDT037</logicalDatatype>
<dataTypeSize>50</dataTypeSize>
<checkConstraint>
<implementationDef dbType="Oracle Database 10g" definition="SUBSTR(functie,1,1) = UPPER(SUBSTR(functie,1,1))"/>
</checkConstraint>
<ownDataTypeParameters>50,,</ownDataTypeParameters>
<autoIncrementCycle>false</autoIncrementCycle>
</Column>
<Column name="pers_id" id="9A115106-97F2-5D4B-D4CB-7A1E0637D46B">
<createdBy>admin</createdBy>
<createdTime>2015-10-29 09:33:05 UTC</createdTime>
<generatorID>B5C8C18F-DC22-9889-3967-C807BEEED585</generatorID>
<ownerDesignName>sales_2</ownerDesignName>
<useDomainConstraints>false</useDomainConstraints>
<use>1</use>
<logicalDatatype>LOGDT011</logicalDatatype>
<ownDataTypeParameters>,,</ownDataTypeParameters>
<previousColumn>false</previousColumn>
<autoIncrementCycle>false</autoIncrementCycle>
<associations>
<colAssociation fkAssociation="2F6905FC-E71B-2CD5-4804-7764AE6722E2" referredColumn="4BA8FF6A-DDA2-0E7D-FAAD-A7908EFE9053"/>
</associations>
</Column>
</columns>
<indexes itemClass="oracle.dbtools.crest.model.design.relational.Index">
<ind_PK_UK id="CD7FB0FA-0760-E08B-421B-C7987F4A3382" name="contacts_PK">
<createdBy>admin</createdBy>
<createdTime>2015-10-29 09:33:05 UTC</createdTime>
<generatorID>BF91D145-C35E-82EA-E981-BA2DF0FBC233</generatorID>
<ownerDesignName>sales_2</ownerDesignName>
<pk>true</pk>
<indexState>Primary Constraint</indexState>
<isSurrogateKey>false</isSurrogateKey>
<indexColumnUsage>
<colUsage columnID="422832C2-19C9-4A3C-8BEB-AED1A14CC3B1"/>
<colUsage columnID="D1565C61-506C-79CD-5723-917F9A2298CE"/>
<colUsage columnID="9A115106-97F2-5D4B-D4CB-7A1E0637D46B"/>
</indexColumnUsage>
</ind_PK_UK>
<ind_PK_UK id="8099395A-335E-24A5-A37B-9F522258AF6B" name="contacts_people_FK">
<createdBy>admin</createdBy>
<createdTime>2015-10-29 09:33:05 UTC</createdTime>
<generatorID>6F42A286-0894-7836-2315-203EE65990C9</generatorID>
<ownerDesignName>sales_2</ownerDesignName>
<indexState>Foreign Key</indexState>
<isSurrogateKey>false</isSurrogateKey>
<indexColumnUsage>
<colUsage columnID="9A115106-97F2-5D4B-D4CB-7A1E0637D46B"/>
</indexColumnUsage>
</ind_PK_UK>
<ind_PK_UK id="7CD8B6FD-4502-C882-368B-903FE73BB0E7" name="contacts_customers_FK">
<createdBy>admin</createdBy>
<createdTime>2015-10-29 09:33:05 UTC</createdTime>
<generatorID>C8A70461-C856-4D8C-9F97-C9F252DDEE62</generatorID>
<ownerDesignName>sales_2</ownerDesignName>
<indexState>Foreign Key</indexState>
<isSurrogateKey>false</isSurrogateKey>
<indexColumnUsage>
<colUsage columnID="422832C2-19C9-4A3C-8BEB-AED1A14CC3B1"/>
</indexColumnUsage>
</ind_PK_UK>
</indexes>
</Table>