<?xml version = '1.0' encoding = 'UTF-8'?>
<Entity class="oracle.dbtools.crest.model.design.logical.Entity" directorySegmentName="seg_0" id="6934B835-67C6-79F7-1B2E-BDC41342680D" name="employee">
<createdBy>Marin F</createdBy>
<createdTime>2011-10-05 05:47:25 UTC</createdTime>
<ownerDesignName>manages_1</ownerDesignName>
<engineerTo>
<item key="8D97322B-A031-7F6D-EFB9-8B606264CDCF" value="true"/>
</engineerTo>
<adequatelyNormalized>NO</adequatelyNormalized>
<expectedVolumes>0</expectedVolumes>
<fwdEngineeringStrategyName>Single Table</fwdEngineeringStrategyName>
<growthPercent>0</growthPercent>
<growthType>Year</growthType>
<maxVolumes>9999999</maxVolumes>
<minVolumes>0</minVolumes>
<normalForm>Third</normalForm>
<preferredAbbreviation>employees</preferredAbbreviation>
<attributes itemClass="oracle.dbtools.crest.model.design.logical.Attribute">
<Attribute name="emp_id" id="793A0736-C527-CE8E-B82C-AA4631583B52">
<createdBy>Marin F</createdBy>
<createdTime>2011-10-05 05:54:02 UTC</createdTime>
<ownerDesignName>manages_1</ownerDesignName>
<engineerTo>
<item key="8D97322B-A031-7F6D-EFB9-8B606264CDCF" value="true"/>
</engineerTo>
<useDomainConstraints>false</useDomainConstraints>
<use>1</use>
<logicalDatatype>LOGDT011</logicalDatatype>
<ownDataTypeParameters>,,</ownDataTypeParameters>
</Attribute>
<Attribute name="emp_family_name" id="F00612E6-2C97-ECB9-C5E4-18295ECC5035">
<createdBy>Marin F</createdBy>
<createdTime>2011-10-05 05:54:20 UTC</createdTime>
<ownerDesignName>manages_1</ownerDesignName>
<engineerTo>
<item key="8D97322B-A031-7F6D-EFB9-8B606264CDCF" value="true"/>
</engineerTo>
<useDomainConstraints>false</useDomainConstraints>
<use>1</use>
<logicalDatatype>LOGDT037</logicalDatatype>
<dataTypeSize>50 CHAR</dataTypeSize>
<ownDataTypeParameters>50 CHAR,,</ownDataTypeParameters>
</Attribute>
<Attribute name="emp_first_name" id="59FB2596-FB69-57D4-F6DF-12B64FBCFA71">
<createdBy>Marin F</createdBy>
<createdTime>2011-10-05 07:44:30 UTC</createdTime>
<ownerDesignName>manages_1</ownerDesignName>
<engineerTo>
<item key="8D97322B-A031-7F6D-EFB9-8B606264CDCF" value="true"/>
</engineerTo>
<useDomainConstraints>false</useDomainConstraints>
<use>1</use>
<logicalDatatype>LOGDT037</logicalDatatype>
<dataTypeSize>50 CHAR</dataTypeSize>
<ownDataTypeParameters>50 CHAR,,</ownDataTypeParameters>
</Attribute>
<Attribute name="emp_email" id="626472CD-6A2A-5A35-A0B1-1FD884254222">
<createdBy>Marin F</createdBy>
<createdTime>2011-10-05 05:54:40 UTC</createdTime>
<ownerDesignName>manages_1</ownerDesignName>
<engineerTo>
<item key="8D97322B-A031-7F6D-EFB9-8B606264CDCF" value="true"/>
</engineerTo>
<useDomainConstraints>false</useDomainConstraints>
<use>1</use>
<logicalDatatype>LOGDT024</logicalDatatype>
<dataTypeSize>100 CHAR</dataTypeSize>
<ownDataTypeParameters>100 CHAR,,</ownDataTypeParameters>
</Attribute>
<Attribute name="department_name" id="F6597F91-A347-FEF7-7C56-D206358F0104">
<createdBy>Marin F</createdBy>
<createdTime>2011-10-05 07:44:50 UTC</createdTime>
<ownerDesignName>manages_1</ownerDesignName>
<engineerTo>
<item key="8D97322B-A031-7F6D-EFB9-8B606264CDCF" value="true"/>
</engineerTo>
<nullsAllowed>true</nullsAllowed>
<useDomainConstraints>false</useDomainConstraints>
<use>1</use>
<logicalDatatype>LOGDT024</logicalDatatype>
<dataTypeSize>50</dataTypeSize>
<ownDataTypeParameters>50,,</ownDataTypeParameters>
</Attribute>
<Attribute name="position" id="DA361D2D-CA60-AF84-8F7F-0BD07F25D1E1">
<createdBy>Marin F</createdBy>
<createdTime>2011-10-05 07:44:58 UTC</createdTime>
<ownerDesignName>manages_1</ownerDesignName>
<engineerTo>
<item key="8D97322B-A031-7F6D-EFB9-8B606264CDCF" value="true"/>
</engineerTo>
<useDomainConstraints>false</useDomainConstraints>
<use>1</use>
<logicalDatatype>LOGDT024</logicalDatatype>
<dataTypeSize>75</dataTypeSize>
<ownDataTypeParameters>75,,</ownDataTypeParameters>
</Attribute>
<Attribute name="emp_id1" id="621DF30F-9DAC-85D9-A50F-112D75E33A20">
<createdBy>Marin F</createdBy>
<createdTime>2011-10-05 07:46:32 UTC</createdTime>
<generatorID>3CDA5A05-FB35-B406-DCD5-AD70CFA7F9A8</generatorID>
<ownerDesignName>manages_1</ownerDesignName>
<engineerTo>
<item key="8D97322B-A031-7F6D-EFB9-8B606264CDCF" value="true"/>
</engineerTo>
<nullsAllowed>true</nullsAllowed>
<referedAttribute>793A0736-C527-CE8E-B82C-AA4631583B52</referedAttribute>
<useDomainConstraints>false</useDomainConstraints>
<use>1</use>
<logicalDatatype>LOGDT011</logicalDatatype>
<ownDataTypeParameters>,,</ownDataTypeParameters>
</Attribute>
</attributes>
<identifiers itemClass="oracle.dbtools.crest.model.design.logical.CandidateKey">
<identifier id="10D2CA96-B305-CFDB-153F-6763A370C57C" name="employees__pk">
<createdBy>Marin F</createdBy>
<createdTime>2011-10-05 05:54:17 UTC</createdTime>
<ownerDesignName>manages_1</ownerDesignName>
<engineerTo>
<item key="8D97322B-A031-7F6D-EFB9-8B606264CDCF" value="true"/>
</engineerTo>
<pk>true</pk>
<newElementsIDs>793A0736-C527-CE8E-B82C-AA4631583B52</newElementsIDs>
<usedAttributes>
<attributeRef>793A0736-C527-CE8E-B82C-AA4631583B52</attributeRef>
</usedAttributes>
</identifier>
</identifiers>
</Entity>