<?xml version = '1.0' encoding = 'UTF-8'?>
<FKArc class="oracle.dbtools.crest.model.design.relational.FKArc" directorySegmentName="seg_0" id="10F53138-CE4B-9BD4-27CB-47521CF8D2CC" name="FKArc_2">
<createdBy>marinfotache</createdBy>
<createdTime>2020-12-02 07:00:42 UTC</createdTime>
<ownerDesignName>02b_package_of_items_v2</ownerDesignName>
<mandatory>false</mandatory>
<reverseArc>true</reverseArc>
<table>828284D0-CAC0-8321-34A1-940C0CBFCFCB</table>
<fkeys>
<fkeyID>D72A8317-247A-9316-2EE6-255A610CB60C</fkeyID>
<fkeyID>390822A3-B60F-8C21-C829-93016FF6B567</fkeyID>
</fkeys>
</FKArc>