<?xml version = '1.0' encoding = 'UTF-8'?>
<FKArc class="oracle.dbtools.crest.model.design.relational.FKArc" directorySegmentName="seg_0" id="436EDE37-6234-BAE4-7370-2805175651C3" name="FKArc_1">
<createdBy>admin</createdBy>
<createdTime>2015-10-30 09:50:13 UTC</createdTime>
<ownerDesignName>02b_package_of_items_v2</ownerDesignName>
<mandatory>false</mandatory>
<reverseArc>true</reverseArc>
<table>874E7DFE-4C32-FFE3-02F3-24134B9B71BA</table>
<fkeys>
<fkeyID>CDAF8817-8EA2-6131-7F3A-2ED8E0AADF2B</fkeyID>
<fkeyID>3E180CE9-B0DC-A5D0-0DBC-701FF6BDCBA2</fkeyID>
</fkeys>
</FKArc>