<?xml version = '1.0' encoding = 'UTF-8'?>
<FKArc class="oracle.dbtools.crest.model.design.relational.FKArc" directorySegmentName="seg_0" id="728F164C-4FB3-58CB-741B-21F683E657FF" name="Arc_2">
<createdBy>marinfotache</createdBy>
<createdTime>2020-12-02 07:00:43 UTC</createdTime>
<ownerDesignName>02b_package_of_items_v2</ownerDesignName>
<mandatory>true</mandatory>
<table>3E2CC8B0-5C1B-CCB8-D405-7F1D7FA83AEF</table>
<fkeys>
<fkeyID>85436534-ACC1-17E9-416B-F88E37960E5A</fkeyID>
<fkeyID>4B4867EC-4AE1-0120-8EB0-777880E8F273</fkeyID>
<fkeyID>64DDF670-B002-FDFA-1111-FFA39BD2A851</fkeyID>
</fkeys>
</FKArc>