<?xml version = '1.0' encoding = 'UTF-8'?>
<relationalModel class="oracle.dbtools.crest.model.design.relational.RelationalDesign" name="Relational_1" id="E9F20DEF-5B5C-4599-39D2-5D40D32505D1" mainViewID="E76DA4F9-8CB5-7932-2EB9-68E0644EA76E">
<createdBy>admin</createdBy>
<createdTime>2015-10-27 07:23:19 UTC</createdTime>
<ownerDesignName>sales_1_solution_1</ownerDesignName>
<shouldBeOpen>false</shouldBeOpen>
<selectedRDBMSSite>3FD120B5-9F4E-6278-D5E2-746D192C8319</selectedRDBMSSite>
</relationalModel>