<?xml version = '1.0' encoding = 'UTF-8'?>
<FKIndexAssociation class="oracle.dbtools.crest.model.design.relational.FKIndexAssociation" directorySegmentName="seg_0" id="0CAE754C-CC65-8F77-4E1D-ECA5DB474951" containerWithKeyObject="D13DA0C5-A879-4406-E258-043BF08759F8" localFKIndex="05D481E1-835E-5FE1-B113-BFFAAFA582A0" name="is_presented_as">
<createdBy>marinfotache</createdBy>
<createdTime>2018-10-26 05:05:34 UTC</createdTime>
<generatorID>6E73AC46-94B4-7AF8-E73C-0AE75A460614</generatorID>
<ownerDesignName>06_configurations</ownerDesignName>
<referredTableLongName>car_model</referredTableLongName>
<deleteRule>NO ACTION</deleteRule>
<referredTableID>7C5F81D4-3936-543F-89E3-295AC405BE1A</referredTableID>
<keyObject>D0C9CE39-1D0E-C8AC-1E67-4C67CAE5D847</keyObject>
<referredKeyID>D0C9CE39-1D0E-C8AC-1E67-4C67CAE5D847</referredKeyID>
<mandatory>true</mandatory>
<refColNames>model_name</refColNames>
<transferable>true</transferable>
<rely>false</rely>
<columnDependencyConstraintGenerateInDDL>true</columnDependencyConstraintGenerateInDDL>
</FKIndexAssociation>