<?xml version = '1.0' encoding = 'UTF-8'?>
<FKIndexAssociation class="oracle.dbtools.crest.model.design.relational.FKIndexAssociation" directorySegmentName="seg_0" id="25E019CF-D6F5-6EC4-ED64-931F8BC23739" containerWithKeyObject="7C5F81D4-3936-543F-89E3-295AC405BE1A" localFKIndex="E652A397-81A1-9A77-900D-0FE52305EF84" name="produces">
<createdBy>marinfotache</createdBy>
<createdTime>2018-10-26 05:05:34 UTC</createdTime>
<generatorID>2434A4D0-E56C-65BC-F7D7-B31F1EA3D49D</generatorID>
<ownerDesignName>06_configurations</ownerDesignName>
<referredTableLongName>brand</referredTableLongName>
<deleteRule>NO ACTION</deleteRule>
<referredTableID>4EE2BA19-4665-BC14-7322-5EE63688FA29</referredTableID>
<keyObject>89543A99-3A0F-41F2-B794-B7411933CF9D</keyObject>
<referredKeyID>89543A99-3A0F-41F2-B794-B7411933CF9D</referredKeyID>
<mandatory>true</mandatory>
<refColNames>brand_name</refColNames>
<transferable>true</transferable>
<rely>false</rely>
<columnDependencyConstraintGenerateInDDL>true</columnDependencyConstraintGenerateInDDL>
</FKIndexAssociation>