<?xml version = '1.0' encoding = 'UTF-8'?>
<FKIndexAssociation class="oracle.dbtools.crest.model.design.relational.FKIndexAssociation" directorySegmentName="seg_0" id="46E72E1E-9480-3AF5-B542-FAF5BD4A15BA" containerWithKeyObject="4EE2BA19-4665-BC14-7322-5EE63688FA29" localFKIndex="9047A293-E637-C6C9-7847-26DDCBEB2BD1" name="owns">
<createdBy>marinfotache</createdBy>
<createdTime>2018-10-26 05:05:34 UTC</createdTime>
<generatorID>B746979F-4C42-2734-C0A2-CFF784F7ACBE</generatorID>
<ownerDesignName>06_configurations</ownerDesignName>
<referredTableLongName>manufacturer</referredTableLongName>
<deleteRule>NO ACTION</deleteRule>
<referredTableID>9E43C135-3C05-DC1A-932A-4342785114F7</referredTableID>
<keyObject>A3DF31CD-B1AC-F9FC-8A24-CFD786BE2D1E</keyObject>
<referredKeyID>A3DF31CD-B1AC-F9FC-8A24-CFD786BE2D1E</referredKeyID>
<mandatory>true</mandatory>
<refColNames>manuf_name</refColNames>
<transferable>true</transferable>
<rely>false</rely>
<columnDependencyConstraintGenerateInDDL>true</columnDependencyConstraintGenerateInDDL>
</FKIndexAssociation>