<?xml version = '1.0' encoding = 'UTF-8'?>
<FKIndexAssociation class="oracle.dbtools.crest.model.design.relational.FKIndexAssociation" directorySegmentName="seg_0" id="4D072320-76A7-094A-0AE7-20EEDF3FCA04" containerWithKeyObject="78C3A509-DD77-4A6C-9086-37369E8A5F37" localFKIndex="D52CAB68-7ECD-F674-D390-9816E3997899" name="is_equiped_with">
<createdBy>marinfotache</createdBy>
<createdTime>2018-10-26 05:05:34 UTC</createdTime>
<generatorID>C10B3CBE-F64E-1A63-BA1F-DBF35F311D51</generatorID>
<ownerDesignName>06_configurations</ownerDesignName>
<referredTableLongName>equip_variant</referredTableLongName>
<deleteRule>NO ACTION</deleteRule>
<referredTableID>BCF0568B-53B0-2893-A2A7-06846E2C2F8C</referredTableID>
<keyObject>B7D4C56B-5E19-0273-0CE8-1254541F6EE0</keyObject>
<referredKeyID>B7D4C56B-5E19-0273-0CE8-1254541F6EE0</referredKeyID>
<mandatory>true</mandatory>
<refColNames>equip_variant_id</refColNames>
<transferable>true</transferable>
<rely>false</rely>
<columnDependencyConstraintGenerateInDDL>true</columnDependencyConstraintGenerateInDDL>
</FKIndexAssociation>