<?xml version = '1.0' encoding = 'UTF-8'?>
<FKIndexAssociation class="oracle.dbtools.crest.model.design.relational.FKIndexAssociation" directorySegmentName="seg_0" id="57449C16-85ED-DA43-3D05-0FF89708E7F4" containerWithKeyObject="C0C78624-92C1-8037-AAAF-959777187CFD" localFKIndex="088518E2-C3F8-8B5A-1C22-700945AC813C" name="is_composed_of">
<createdBy>marinfotache</createdBy>
<createdTime>2018-10-26 05:05:34 UTC</createdTime>
<generatorID>8D1F1B53-4095-D493-41E4-D3D75B860B60</generatorID>
<ownerDesignName>06_configurations</ownerDesignName>
<referredTableLongName>catalog</referredTableLongName>
<deleteRule>NO ACTION</deleteRule>
<referredTableID>DEE21C2A-188D-21F0-C5B3-BE8BFBB7282D</referredTableID>
<keyObject>7F42F750-B827-DE0B-0D83-69E39D6C6039</keyObject>
<referredKeyID>7F42F750-B827-DE0B-0D83-69E39D6C6039</referredKeyID>
<mandatory>true</mandatory>
<refColNames>catalog_id</refColNames>
<transferable>true</transferable>
<rely>false</rely>
<columnDependencyConstraintGenerateInDDL>true</columnDependencyConstraintGenerateInDDL>
</FKIndexAssociation>