<?xml version = '1.0' encoding = 'UTF-8'?>
<FKIndexAssociation class="oracle.dbtools.crest.model.design.relational.FKIndexAssociation" directorySegmentName="seg_0" id="69589F16-F164-8807-464E-84B162FD996A" containerWithKeyObject="C0C78624-92C1-8037-AAAF-959777187CFD" localFKIndex="98560041-BF8F-DE56-0434-45378BACF034" name="propels">
<createdBy>marinfotache</createdBy>
<createdTime>2018-10-26 05:05:34 UTC</createdTime>
<generatorID>E0C15EC1-2A02-99D1-9B1B-B77253AFDE61</generatorID>
<ownerDesignName>06_configurations</ownerDesignName>
<referredTableLongName>engine</referredTableLongName>
<deleteRule>NO ACTION</deleteRule>
<referredTableID>A9F8C786-0731-FB59-2954-4C39555759AA</referredTableID>
<keyObject>36BA9255-58B2-AB57-29AA-B599AC8B1C74</keyObject>
<referredKeyID>36BA9255-58B2-AB57-29AA-B599AC8B1C74</referredKeyID>
<mandatory>true</mandatory>
<refColNames>engine_id</refColNames>
<transferable>true</transferable>
<rely>false</rely>
<columnDependencyConstraintGenerateInDDL>true</columnDependencyConstraintGenerateInDDL>
</FKIndexAssociation>