<?xml version = '1.0' encoding = 'UTF-8'?>
<FKIndexAssociation class="oracle.dbtools.crest.model.design.relational.FKIndexAssociation" directorySegmentName="seg_0" id="7F60C1DE-B56F-A337-3E50-02A5CBF92616" containerWithKeyObject="C0C78624-92C1-8037-AAAF-959777187CFD" localFKIndex="D2473F91-0568-AE64-2440-AA3C146DD5F5" name="is_item_to_be_sold_in">
<createdBy>marinfotache</createdBy>
<createdTime>2018-10-26 05:05:34 UTC</createdTime>
<generatorID>2C5BE544-5AA7-4E32-09D2-C1DFCC913E4B</generatorID>
<ownerDesignName>06_configurations</ownerDesignName>
<referredTableLongName>equip_variant</referredTableLongName>
<deleteRule>NO ACTION</deleteRule>
<referredTableID>BCF0568B-53B0-2893-A2A7-06846E2C2F8C</referredTableID>
<keyObject>B7D4C56B-5E19-0273-0CE8-1254541F6EE0</keyObject>
<referredKeyID>B7D4C56B-5E19-0273-0CE8-1254541F6EE0</referredKeyID>
<mandatory>true</mandatory>
<refColNames>equip_variant_id</refColNames>
<transferable>true</transferable>
<rely>false</rely>
<columnDependencyConstraintGenerateInDDL>true</columnDependencyConstraintGenerateInDDL>
</FKIndexAssociation>