<?xml version = '1.0' encoding = 'UTF-8'?>
<FKIndexAssociation class="oracle.dbtools.crest.model.design.relational.FKIndexAssociation" directorySegmentName="seg_0" id="A4437235-EEC1-0B55-B3B4-77621C46E48C" containerWithKeyObject="2ECFE33B-FFD1-3921-100D-5F81B20E3700" localFKIndex="4ED72EB1-E149-2E9D-4863-7E3E32B85DCE" name="Relation_5">
<createdBy>marinfotache</createdBy>
<createdTime>2018-10-26 05:05:34 UTC</createdTime>
<generatorID>2C4EB18E-28F2-7122-4211-2DFCBFFA49B4</generatorID>
<ownerDesignName>06_configurations</ownerDesignName>
<referredTableLongName>equip_variant</referredTableLongName>
<deleteRule>NO ACTION</deleteRule>
<referredTableID>BCF0568B-53B0-2893-A2A7-06846E2C2F8C</referredTableID>
<keyObject>B7D4C56B-5E19-0273-0CE8-1254541F6EE0</keyObject>
<referredKeyID>B7D4C56B-5E19-0273-0CE8-1254541F6EE0</referredKeyID>
<mandatory>true</mandatory>
<refColNames>equip_variant_id</refColNames>
<transferable>true</transferable>
<rely>false</rely>
<columnDependencyConstraintGenerateInDDL>true</columnDependencyConstraintGenerateInDDL>
</FKIndexAssociation>