<?xml version = '1.0' encoding = 'UTF-8'?>
<FKIndexAssociation class="oracle.dbtools.crest.model.design.relational.FKIndexAssociation" directorySegmentName="seg_0" id="CD8D3828-A786-4906-B6F3-FEA61AFA3E26" containerWithKeyObject="9A3110E5-C154-58AD-1901-2838D2AE8ED7" localFKIndex="1D33D4BC-53AB-A113-653C-6E8A6CE12CC9" name="replaces">
<createdBy>marinfotache</createdBy>
<createdTime>2018-10-26 05:05:34 UTC</createdTime>
<generatorID>20C34848-C12F-E819-ADB9-CE7EA4D8F218</generatorID>
<ownerDesignName>06_configurations</ownerDesignName>
<referredTableLongName>customizable_feat</referredTableLongName>
<deleteRule>NO ACTION</deleteRule>
<referredTableID>2ECFE33B-FFD1-3921-100D-5F81B20E3700</referredTableID>
<keyObject>C6C34D48-4AB6-BE72-737A-911D705F0014</keyObject>
<referredKeyID>C6C34D48-4AB6-BE72-737A-911D705F0014</referredKeyID>
<mandatory>true</mandatory>
<refColNames>equip_variant_id,feat_id</refColNames>
<transferable>true</transferable>
<rely>false</rely>
<columnDependencyConstraintGenerateInDDL>true</columnDependencyConstraintGenerateInDDL>
</FKIndexAssociation>