<?xml version = '1.0' encoding = 'UTF-8'?>
<FKIndexAssociation class="oracle.dbtools.crest.model.design.relational.FKIndexAssociation" directorySegmentName="seg_0" id="D3E87B1F-EA35-69FF-8E9B-AFE6BEFD5D3E" containerWithKeyObject="2ECFE33B-FFD1-3921-100D-5F81B20E3700" localFKIndex="87076D14-35F7-F964-4492-83A98F335C92" name="is_customizable_for">
<createdBy>marinfotache</createdBy>
<createdTime>2018-10-26 05:05:34 UTC</createdTime>
<generatorID>03FFB63C-4982-A002-12D4-42A7E1BC9F2A</generatorID>
<ownerDesignName>06_configurations</ownerDesignName>
<referredTableLongName>feature</referredTableLongName>
<deleteRule>NO ACTION</deleteRule>
<referredTableID>DF04FAE6-DDBB-058C-754F-2391D7105749</referredTableID>
<keyObject>FEDD2263-FC4C-0278-38D8-6933258C640D</keyObject>
<referredKeyID>FEDD2263-FC4C-0278-38D8-6933258C640D</referredKeyID>
<mandatory>true</mandatory>
<refColNames>feat_id</refColNames>
<transferable>true</transferable>
<rely>false</rely>
<columnDependencyConstraintGenerateInDDL>true</columnDependencyConstraintGenerateInDDL>
</FKIndexAssociation>