<?xml version = '1.0' encoding = 'UTF-8'?>
<FKIndexAssociation class="oracle.dbtools.crest.model.design.relational.FKIndexAssociation" directorySegmentName="seg_0" id="E085210B-16E8-922F-D002-F7857461E6E1" containerWithKeyObject="BCF0568B-53B0-2893-A2A7-06846E2C2F8C" localFKIndex="CE5F5832-5949-5CC1-A10F-DB8E6D24FF35" name="is_used_in_variant">
<createdBy>marinfotache</createdBy>
<createdTime>2018-10-26 05:05:34 UTC</createdTime>
<generatorID>BBC5B76A-5F19-FD5D-5929-6DFC58859A88</generatorID>
<ownerDesignName>06_configurations</ownerDesignName>
<referredTableLongName>chassis_type</referredTableLongName>
<deleteRule>NO ACTION</deleteRule>
<referredTableID>0FB2FAB1-936C-9957-4732-993830882451</referredTableID>
<keyObject>D3649C57-BA19-39DF-024F-6C7EF0789989</keyObject>
<referredKeyID>D3649C57-BA19-39DF-024F-6C7EF0789989</referredKeyID>
<mandatory>true</mandatory>
<refColNames>chassis_type_name</refColNames>
<transferable>true</transferable>
<rely>false</rely>
<columnDependencyConstraintGenerateInDDL>true</columnDependencyConstraintGenerateInDDL>
</FKIndexAssociation>