<?xml version = '1.0' encoding = 'UTF-8'?>
<FKIndexAssociation class="oracle.dbtools.crest.model.design.relational.FKIndexAssociation" directorySegmentName="seg_0" id="E279CB8C-7C86-1341-DDE7-7CF24887E6C7" containerWithKeyObject="BCF0568B-53B0-2893-A2A7-06846E2C2F8C" localFKIndex="2C78DC93-3795-D385-6114-3D6C62BF4B25" name="has_equip_variant">
<createdBy>marinfotache</createdBy>
<createdTime>2018-10-26 05:05:34 UTC</createdTime>
<generatorID>3664F9BE-7040-D1C4-0209-BF326843D721</generatorID>
<ownerDesignName>06_configurations</ownerDesignName>
<referredTableLongName>car_model_version</referredTableLongName>
<deleteRule>NO ACTION</deleteRule>
<referredTableID>D13DA0C5-A879-4406-E258-043BF08759F8</referredTableID>
<keyObject>C0D69FC3-7C47-E3A8-EA39-D4CEC9D6C187</keyObject>
<referredKeyID>C0D69FC3-7C47-E3A8-EA39-D4CEC9D6C187</referredKeyID>
<mandatory>true</mandatory>
<refColNames>version_id</refColNames>
<transferable>true</transferable>
<rely>false</rely>
<columnDependencyConstraintGenerateInDDL>true</columnDependencyConstraintGenerateInDDL>
</FKIndexAssociation>