<?xml version = '1.0' encoding = 'UTF-8'?>
<FKIndexAssociation class="oracle.dbtools.crest.model.design.relational.FKIndexAssociation" directorySegmentName="seg_0" id="F39DE153-25AF-AF02-852C-C41F6BD3113A" containerWithKeyObject="78C3A509-DD77-4A6C-9086-37369E8A5F37" localFKIndex="3C0AB077-6B12-C496-6991-C7CEC4A904A9" name="is_default_for_">
<createdBy>marinfotache</createdBy>
<createdTime>2018-10-26 05:05:34 UTC</createdTime>
<generatorID>A2185B91-4186-16EB-E609-BCDD641CBFF0</generatorID>
<ownerDesignName>06_configurations</ownerDesignName>
<referredTableLongName>feature</referredTableLongName>
<deleteRule>NO ACTION</deleteRule>
<referredTableID>DF04FAE6-DDBB-058C-754F-2391D7105749</referredTableID>
<keyObject>FEDD2263-FC4C-0278-38D8-6933258C640D</keyObject>
<referredKeyID>FEDD2263-FC4C-0278-38D8-6933258C640D</referredKeyID>
<mandatory>true</mandatory>
<refColNames>feat_id</refColNames>
<transferable>true</transferable>
<rely>false</rely>
<columnDependencyConstraintGenerateInDDL>true</columnDependencyConstraintGenerateInDDL>
</FKIndexAssociation>