<?xml version = '1.0' encoding = 'UTF-8'?>
<FKIndexAssociation class="oracle.dbtools.crest.model.design.relational.FKIndexAssociation" directorySegmentName="seg_0" id="FBC2D87E-5FFD-3F23-4D49-2367AE4E4C13" containerWithKeyObject="9A3110E5-C154-58AD-1901-2838D2AE8ED7" localFKIndex="3E4AE405-B3C1-2528-397A-948D07AFFA26" name="is_replaced">
<createdBy>marinfotache</createdBy>
<createdTime>2018-10-26 05:05:34 UTC</createdTime>
<generatorID>6DA641D2-C82F-AFCB-8A5F-1ED2626B3794</generatorID>
<ownerDesignName>06_configurations</ownerDesignName>
<referredTableLongName>feature</referredTableLongName>
<deleteRule>NO ACTION</deleteRule>
<referredTableID>DF04FAE6-DDBB-058C-754F-2391D7105749</referredTableID>
<keyObject>FEDD2263-FC4C-0278-38D8-6933258C640D</keyObject>
<referredKeyID>FEDD2263-FC4C-0278-38D8-6933258C640D</referredKeyID>
<mandatory>true</mandatory>
<refColNames>feat_id</refColNames>
<transferable>true</transferable>
<rely>false</rely>
<columnDependencyConstraintGenerateInDDL>true</columnDependencyConstraintGenerateInDDL>
</FKIndexAssociation>