<?xml version = '1.0' encoding = 'UTF-8'?>
<Relation class="oracle.dbtools.crest.model.design.logical.Relation" name="is_composed_of_2" directorySegmentName="seg_0" id="4C48235E-BC28-B9B9-8F37-185083ACBAF7">
<createdBy>admin</createdBy>
<createdTime>2015-10-30 08:44:12 UTC</createdTime>
<ownerDesignName>01c_heterogeneous_items_v3</ownerDesignName>
<engineerTo>
<item key="BF5AFB3E-6CA2-743D-561C-82AC065C1B98" value="true"/>
</engineerTo>
<sourcePk>B32EEBF9-827C-88E4-08CF-6D3E068056D7</sourcePk>
<targetPk>E55947F8-3963-CDF5-AA8F-8C4E30F129D4</targetPk>
<identifying>false</identifying>
<optionalSource>true</optionalSource>
<optionalTarget>false</optionalTarget>
<sourceCardinality>1</sourceCardinality>
<sourceEntity>3A018823-5E70-45BB-B5A4-EDA7E36B82F4</sourceEntity>
<targetCardinalityString>*</targetCardinalityString>
<targetEntity>CE438035-A1E7-668F-8CE2-5917FDEDD9D3</targetEntity>
<transferable>true</transferable>
</Relation>