<?xml version = '1.0' encoding = 'UTF-8'?>
<Relation class="oracle.dbtools.crest.model.design.logical.Relation" name="is_composed_of_1" directorySegmentName="seg_0" id="6D6F96D6-A718-831D-B4E4-9D22F4FC9760">
<createdBy>admin</createdBy>
<createdTime>2015-10-30 08:43:39 UTC</createdTime>
<ownerDesignName>01c_heterogeneous_items_v3</ownerDesignName>
<engineerTo>
<item key="BF5AFB3E-6CA2-743D-561C-82AC065C1B98" value="true"/>
</engineerTo>
<sourcePk>B32EEBF9-827C-88E4-08CF-6D3E068056D7</sourcePk>
<targetPk>AEE44A97-209D-12FA-AEC6-0DD8128DBA6F</targetPk>
<identifying>false</identifying>
<optionalSource>true</optionalSource>
<optionalTarget>false</optionalTarget>
<sourceCardinality>1</sourceCardinality>
<sourceEntity>3A018823-5E70-45BB-B5A4-EDA7E36B82F4</sourceEntity>
<targetCardinalityString>*</targetCardinalityString>
<targetEntity>31D7E745-BF20-2475-44D8-43FE2613DC9A</targetEntity>
<transferable>true</transferable>
</Relation>