<?xml version = '1.0' encoding = 'UTF-8'?>
<Diagram class="oracle.dbtools.crest.swingui.logical.DPVLogical" name="Logical" id="5C38C1AE-1620-1875-B0FB-A8F537548763">
<createdBy>admin</createdBy>
<modifiedBy>admin</modifiedBy>
<createdTime>2015-10-30 06:59:19 UTC</createdTime>
<autoRoute>false</autoRoute>
<boxInbox>true</boxInbox>
<showLegend>false</showLegend>
<showLabels>false</showLabels>
<showRelAttributes>false</showRelAttributes>
<gridEnabled>false</gridEnabled>
<showGrid>false</showGrid>
<diagramColor>-1</diagramColor>
<display>false</display>
<notation>1</notation>
<objectViews>
<OView class="oracle.dbtools.crest.swingui.logical.TVEntity" oid="1F4DA5A9-5128-2BE7-4AEC-FE0D0E0CCDDF" otype="Entity" vid="E478D875-1C3F-F757-A4AA-55C8CEBA1E43">
<hideElementsInCurrentOnly>false</hideElementsInCurrentOnly>
<bounds x="425" y="296" width="180" height="90"/>
</OView>
<OView class="oracle.dbtools.crest.swingui.logical.TVEntity" oid="236E7C15-6D26-6086-E364-534DFF1234D4" otype="Entity" vid="85E6C146-CBD1-CB89-CB85-215A4D2719C3">
<hideElementsInCurrentOnly>false</hideElementsInCurrentOnly>
<bounds x="211" y="195" width="127" height="44"/>
</OView>
<OView class="oracle.dbtools.crest.swingui.logical.TVEntity" oid="31D7E745-BF20-2475-44D8-43FE2613DC9A" otype="Entity" vid="24AC1A08-0A7D-E265-6CF6-C1025AD48FD2">
<hideElementsInCurrentOnly>false</hideElementsInCurrentOnly>
<bounds x="198" y="33" width="169" height="107"/>
</OView>
<OView class="oracle.dbtools.crest.swingui.logical.TVEntity" oid="38FA2BA3-27A0-5338-90FD-CFDBDD5249E8" otype="Entity" vid="18371CDF-A421-F7A7-132B-910BE8FE6B7C">
<hideElementsInCurrentOnly>false</hideElementsInCurrentOnly>
<bounds x="212" y="257" width="129" height="40"/>
</OView>
<OView class="oracle.dbtools.crest.swingui.logical.TVEntity" oid="3A018823-5E70-45BB-B5A4-EDA7E36B82F4" otype="Entity" vid="6822A438-A329-0E54-15C5-5F42334E6C56">
<hideElementsInCurrentOnly>false</hideElementsInCurrentOnly>
<bounds x="41" y="40" width="117" height="80"/>
</OView>
<OView class="oracle.dbtools.crest.swingui.logical.TVEntity" oid="CE438035-A1E7-668F-8CE2-5917FDEDD9D3" otype="Entity" vid="12FBD0AF-08A7-58A6-62AD-7635DBAEFAF8">
<hideElementsInCurrentOnly>false</hideElementsInCurrentOnly>
<bounds x="46" y="173" width="306" height="134"/>
</OView>
<OView class="oracle.dbtools.crest.swingui.logical.TVEntity" oid="F83C1949-608D-81D4-5FB2-16FF9D499229" otype="Entity" vid="2CD4CFB2-0F80-89E5-911E-B378FC9A1BAD">
<hideElementsInCurrentOnly>false</hideElementsInCurrentOnly>
<bounds x="437" y="112" width="161" height="77"/>
</OView>
</objectViews>
<connectors>
<Connector class="oracle.dbtools.crest.swingui.logical.TVRelation" oid="23ADD691-E327-5C7B-1F5A-8C6F135F6A8A" otype="Relation" vid_source="24AC1A08-0A7D-E265-6CF6-C1025AD48FD2" vid_target="2CD4CFB2-0F80-89E5-911E-B378FC9A1BAD">
<hideElementsInCurrentOnly>false</hideElementsInCurrentOnly>
<lineWidth>1</lineWidth>
<points>
<point x="367" y="136"/>
<point x="437" y="136"/>
</points>
</Connector>
<Connector class="oracle.dbtools.crest.swingui.logical.TVRelation" oid="2AFE7B4B-0337-CBB2-49DE-B73C185A50F3" otype="Relation" vid_source="E478D875-1C3F-F757-A4AA-55C8CEBA1E43" vid_target="2CD4CFB2-0F80-89E5-911E-B378FC9A1BAD">
<hideElementsInCurrentOnly>false</hideElementsInCurrentOnly>
<lineWidth>1</lineWidth>
<points>
<point x="517" y="296"/>
<point x="517" y="189"/>
</points>
</Connector>
<Connector class="oracle.dbtools.crest.swingui.logical.TVRelation" oid="4C48235E-BC28-B9B9-8F37-185083ACBAF7" otype="Relation" vid_source="6822A438-A329-0E54-15C5-5F42334E6C56" vid_target="12FBD0AF-08A7-58A6-62AD-7635DBAEFAF8">
<hideElementsInCurrentOnly>false</hideElementsInCurrentOnly>
<lineWidth>1</lineWidth>
<points>
<point x="112" y="120"/>
<point x="112" y="173"/>
</points>
</Connector>
<Connector class="oracle.dbtools.crest.swingui.logical.TVRelation" oid="6D6F96D6-A718-831D-B4E4-9D22F4FC9760" otype="Relation" vid_source="6822A438-A329-0E54-15C5-5F42334E6C56" vid_target="24AC1A08-0A7D-E265-6CF6-C1025AD48FD2">
<hideElementsInCurrentOnly>false</hideElementsInCurrentOnly>
<lineWidth>1</lineWidth>
<points>
<point x="158" y="80"/>
<point x="198" y="80"/>
</points>
</Connector>
<Connector class="oracle.dbtools.crest.swingui.logical.TVRelation" oid="784501A0-8811-ADBA-ED35-DDA6257944CE" otype="Relation" vid_source="12FBD0AF-08A7-58A6-62AD-7635DBAEFAF8" vid_target="2CD4CFB2-0F80-89E5-911E-B378FC9A1BAD">
<hideElementsInCurrentOnly>false</hideElementsInCurrentOnly>
<lineWidth>1</lineWidth>
<points>
<point x="352" y="181"/>
<point x="437" y="181"/>
</points>
</Connector>
<Connector class="oracle.dbtools.crest.swingui.logical.TVInheritanceRelation" oid="81C48145-1421-FB94-577D-742EE129B2B4" otype="Hierarchy relation" vid_source="12FBD0AF-08A7-58A6-62AD-7635DBAEFAF8" vid_target="85E6C146-CBD1-CB89-CB85-215A4D2719C3">
<hideElementsInCurrentOnly>false</hideElementsInCurrentOnly>
<lineWidth>1</lineWidth>
</Connector>
<Connector class="oracle.dbtools.crest.swingui.logical.TVInheritanceRelation" oid="9BFF8122-CB69-FA40-B338-4F41DE6F89C0" otype="Hierarchy relation" vid_source="12FBD0AF-08A7-58A6-62AD-7635DBAEFAF8" vid_target="18371CDF-A421-F7A7-132B-910BE8FE6B7C">
<hideElementsInCurrentOnly>false</hideElementsInCurrentOnly>
<lineWidth>1</lineWidth>
</Connector>
</connectors>
<arcs>
<Arc class="oracle.dbtools.crest.swingui.logical.TVArc" oid="A894B26F-8E05-3711-445B-CBA2364AC6B4" otype="Arc" vid="EA3375FE-84EB-2CCC-93CE-EDBF5EB7C476">
<hideElementsInCurrentOnly>false</hideElementsInCurrentOnly>
<bounds x="417" y="92" width="201" height="117"/>
</Arc>
</arcs>
</Diagram>