<?xml version = '1.0' encoding = 'UTF-8'?>
<Table class="oracle.dbtools.crest.model.design.relational.Table" directorySegmentName="seg_0" id="6BADE2DE-ACBB-5531-0EBA-541815A890C0" name="consultants">
<createdBy>admin</createdBy>
<createdTime>2015-10-22 04:35:37 UTC</createdTime>
<generatorID>BB108558-BF53-4D1A-86C3-6C053A2E1921</generatorID>
<ownerDesignName>hierarchy_1</ownerDesignName>
<existDependencyGenerateInDDl>true</existDependencyGenerateInDDl>
<parsed>true</parsed>
<columns itemClass="oracle.dbtools.crest.model.design.relational.Column">
<Column name="pers_id1" id="71BC458C-349F-09A2-8758-5C9AAC5AE2CA">
<createdBy>admin</createdBy>
<createdTime>2015-10-22 04:50:04 UTC</createdTime>
<generatorID>D5AB7D59-0CE6-514B-8599-C216AEAC7BA1</generatorID>
<ownerDesignName>hierarchy_1</ownerDesignName>
<useDomainConstraints>false</useDomainConstraints>
<use>1</use>
<logicalDatatype>LOGDT011</logicalDatatype>
<ownDataTypeParameters>,,</ownDataTypeParameters>
<autoIncrementCycle>false</autoIncrementCycle>
</Column>
<Column name="expertise_area" id="68D5E397-F8EC-CFC0-F8FA-F0675B07E31D">
<createdBy>admin</createdBy>
<createdTime>2015-10-22 04:35:37 UTC</createdTime>
<generatorID>30FE4758-C24D-5B81-3715-2751C1847D13</generatorID>
<ownerDesignName>hierarchy_1</ownerDesignName>
<useDomainConstraints>false</useDomainConstraints>
<use>1</use>
<logicalDatatype>LOGDT024</logicalDatatype>
<dataTypeSize>200 CHAR</dataTypeSize>
<ownDataTypeParameters>200 CHAR,,</ownDataTypeParameters>
<autoIncrementCycle>false</autoIncrementCycle>
</Column>
<Column name="pers_id" id="57F9C6C2-6C24-1472-4561-B1A0DD108EFE">
<createdBy>admin</createdBy>
<createdTime>2015-10-22 04:35:37 UTC</createdTime>
<generatorID>D5AB7D59-0CE6-514B-8599-C216AEAC7BA1</generatorID>
<ownerDesignName>hierarchy_1</ownerDesignName>
<useDomainConstraints>false</useDomainConstraints>
<use>1</use>
<logicalDatatype>LOGDT011</logicalDatatype>
<ownDataTypeParameters>,,</ownDataTypeParameters>
<autoIncrementCycle>false</autoIncrementCycle>
<associations>
<colAssociation fkAssociation="FA2E7F83-1DE3-23D0-20C7-3D932A0D088E" referredColumn="20FF9839-473F-6083-D48B-56F27008CC48"/>
</associations>
</Column>
</columns>
<indexes itemClass="oracle.dbtools.crest.model.design.relational.Index">
<ind_PK_UK id="ED147D1F-79B7-260D-A682-3BFF786C3CC4" name="consultants_PK">
<createdBy>admin</createdBy>
<createdTime>2015-10-22 04:50:04 UTC</createdTime>
<generatorID>51E3B0F7-E2C4-3B9A-31AE-AE4D33FA006A</generatorID>
<ownerDesignName>hierarchy_1</ownerDesignName>
<pk>true</pk>
<indexState>Primary Constraint</indexState>
<isSurrogateKey>false</isSurrogateKey>
<indexColumnUsage>
<colUsage columnID="71BC458C-349F-09A2-8758-5C9AAC5AE2CA"/>
</indexColumnUsage>
</ind_PK_UK>
<ind_PK_UK id="D49F2521-636F-C05D-0D90-C7F697AD8EFF" name="consultant_PK">
<createdBy>admin</createdBy>
<createdTime>2015-10-22 04:35:37 UTC</createdTime>
<generatorID>51E3B0F7-E2C4-3B9A-31AE-AE4D33FA006A</generatorID>
<ownerDesignName>hierarchy_1</ownerDesignName>
<indexState>Unique Constraint</indexState>
<isSurrogateKey>false</isSurrogateKey>
<indexColumnUsage>
<colUsage columnID="57F9C6C2-6C24-1472-4561-B1A0DD108EFE"/>
</indexColumnUsage>
</ind_PK_UK>
<ind_PK_UK id="01A89CBA-93C0-044F-56F4-026478FD5A47" name="Hierarchy_1">
<createdBy>admin</createdBy>
<createdTime>2015-10-22 04:35:38 UTC</createdTime>
<generatorID>55250041-EE93-D3C0-14B2-E7AA1308DB4B</generatorID>
<ownerDesignName>hierarchy_1</ownerDesignName>
<indexState>Foreign Key</indexState>
<isSurrogateKey>false</isSurrogateKey>
<indexColumnUsage>
<colUsage columnID="57F9C6C2-6C24-1472-4561-B1A0DD108EFE"/>
</indexColumnUsage>
</ind_PK_UK>
</indexes>
</Table>