<?xml version = '1.0' encoding = 'UTF-8'?>
<Table class="oracle.dbtools.crest.model.design.relational.Table" directorySegmentName="seg_0" id="B96AEE5E-BB06-81C2-ADFA-85BA34F8817D" name="persoane">
<createdBy>Marin F</createdBy>
<createdTime>2011-10-05 09:42:33 UTC</createdTime>
<generatorID>C4B96B18-8CDF-83E7-A904-B522F73DB3AB</generatorID>
<ownerDesignName>hierarchy_1</ownerDesignName>
<parsed>true</parsed>
<columns itemClass="oracle.dbtools.crest.model.design.relational.Column">
<Column name="IdPersoana" id="3194830B-2DC1-E930-B812-FD0D4E94A795">
<createdBy>Marin F</createdBy>
<createdTime>2011-10-05 09:42:33 UTC</createdTime>
<generatorID>D5AB7D59-0CE6-514B-8599-C216AEAC7BA1</generatorID>
<ownerDesignName>hierarchy_1</ownerDesignName>
<useDomainConstraints>false</useDomainConstraints>
<use>1</use>
<logicalDatatype>LOGDT011</logicalDatatype>
<ownDataTypeParameters>,,</ownDataTypeParameters>
<previousColumn>false</previousColumn>
</Column>
</columns>
<indexes itemClass="oracle.dbtools.crest.model.design.relational.Index">
<ind_PK_UK id="8A321C49-7BAF-BE57-73C3-EA0201EB4686" name="persoane__PK">
<createdBy>Marin F</createdBy>
<createdTime>2011-10-05 09:42:33 UTC</createdTime>
<generatorID>51E3B0F7-E2C4-3B9A-31AE-AE4D33FA006A</generatorID>
<ownerDesignName>hierarchy_1</ownerDesignName>
<pk>true</pk>
<indexState>Primary Constraint</indexState>
<indexColumnUsage>
<colUsage columnID="3194830B-2DC1-E930-B812-FD0D4E94A795"/>
</indexColumnUsage>
</ind_PK_UK>
</indexes>
</Table>