<?xml version = '1.0' encoding = 'UTF-8'?>
<Table class="oracle.dbtools.crest.model.design.relational.Table" directorySegmentName="seg_0" id="C06D9DE2-BDCB-6CC5-0AE4-6FB9905170CC" name="employeesv1">
<createdBy>admin</createdBy>
<createdTime>2015-10-22 04:35:37 UTC</createdTime>
<generatorID>5916C24D-210F-F901-F59A-2F8F5190CD73</generatorID>
<ownerDesignName>hierarchy_1</ownerDesignName>
<existDependencyGenerateInDDl>true</existDependencyGenerateInDDl>
<parsed>true</parsed>
<columns itemClass="oracle.dbtools.crest.model.design.relational.Column">
<Column name="pers_id1" id="9F40CFCD-C275-544B-E863-F65BF725004C">
<createdBy>admin</createdBy>
<createdTime>2015-10-22 04:50:04 UTC</createdTime>
<generatorID>D5AB7D59-0CE6-514B-8599-C216AEAC7BA1</generatorID>
<ownerDesignName>hierarchy_1</ownerDesignName>
<useDomainConstraints>false</useDomainConstraints>
<use>1</use>
<logicalDatatype>LOGDT011</logicalDatatype>
<ownDataTypeParameters>,,</ownDataTypeParameters>
<autoIncrementCycle>false</autoIncrementCycle>
</Column>
<Column name="emp_id" id="2E3089F4-643B-4D5C-904D-3675E1516C98">
<createdBy>admin</createdBy>
<createdTime>2015-10-22 04:35:37 UTC</createdTime>
<generatorID>D65F90E2-BD3C-72C5-224D-2C7C11558F1F</generatorID>
<ownerDesignName>hierarchy_1</ownerDesignName>
<useDomainConstraints>false</useDomainConstraints>
<use>1</use>
<logicalDatatype>LOGDT011</logicalDatatype>
<ownDataTypeParameters>,,</ownDataTypeParameters>
<autoIncrementCycle>false</autoIncrementCycle>
</Column>
<Column name="emp_position" id="48C3BB8C-E049-4C5D-4B8F-07638C7D1EAA">
<createdBy>admin</createdBy>
<createdTime>2015-10-22 04:35:37 UTC</createdTime>
<generatorID>6442D33C-7F3B-43E6-CE36-04EC9D2EFED4</generatorID>
<ownerDesignName>hierarchy_1</ownerDesignName>
<useDomainConstraints>false</useDomainConstraints>
<use>1</use>
<logicalDatatype>LOGDT024</logicalDatatype>
<dataTypeSize>50</dataTypeSize>
<ownDataTypeParameters>50,,</ownDataTypeParameters>
<autoIncrementCycle>false</autoIncrementCycle>
</Column>
<Column name="hiring_date" id="9C4072E3-15F2-4630-4DEB-26156AAD6F9E">
<createdBy>admin</createdBy>
<createdTime>2015-10-22 04:35:37 UTC</createdTime>
<generatorID>7612530A-13C8-76A6-9A1B-860FAD6F1CFA</generatorID>
<ownerDesignName>hierarchy_1</ownerDesignName>
<useDomainConstraints>false</useDomainConstraints>
<use>1</use>
<logicalDatatype>LOGDT007</logicalDatatype>
<ownDataTypeParameters>,,</ownDataTypeParameters>
<autoIncrementCycle>false</autoIncrementCycle>
</Column>
<Column name="department" id="715DEB7E-9431-1701-DFDC-F0D74CB1680C">
<createdBy>admin</createdBy>
<createdTime>2015-10-22 04:35:37 UTC</createdTime>
<generatorID>ECE650BA-0306-29ED-E020-5FF4A21329B8</generatorID>
<ownerDesignName>hierarchy_1</ownerDesignName>
<nullsAllowed>true</nullsAllowed>
<useDomainConstraints>false</useDomainConstraints>
<use>1</use>
<logicalDatatype>LOGDT024</logicalDatatype>
<dataTypeSize>50</dataTypeSize>
<ownDataTypeParameters>50,,</ownDataTypeParameters>
<autoIncrementCycle>false</autoIncrementCycle>
</Column>
<Column name="office_phone" id="C9E39983-AF90-AE7B-B64F-908FDE69B07B">
<createdBy>admin</createdBy>
<createdTime>2015-10-22 04:35:37 UTC</createdTime>
<generatorID>63422669-D3B2-F2E6-2951-48AEDEDDEFFD</generatorID>
<ownerDesignName>hierarchy_1</ownerDesignName>
<useDomainConstraints>false</useDomainConstraints>
<use>1</use>
<logicalDatatype>LOGDT025</logicalDatatype>
<dataTypeSize>10</dataTypeSize>
<ownDataTypeParameters>10,,</ownDataTypeParameters>
<autoIncrementCycle>false</autoIncrementCycle>
</Column>
<Column name="office_emali" id="99DCCFBF-E108-BAB6-FA76-C1BBA7C38E0C">
<createdBy>admin</createdBy>
<createdTime>2015-10-22 04:35:37 UTC</createdTime>
<generatorID>1F630467-7C1A-94EE-A487-D56B2350B9B8</generatorID>
<ownerDesignName>hierarchy_1</ownerDesignName>
<nullsAllowed>true</nullsAllowed>
<useDomainConstraints>false</useDomainConstraints>
<use>1</use>
<logicalDatatype>LOGDT024</logicalDatatype>
<dataTypeSize>75 CHAR</dataTypeSize>
<ownDataTypeParameters>75 CHAR,,</ownDataTypeParameters>
<autoIncrementCycle>false</autoIncrementCycle>
</Column>
<Column name="pers_id" id="5569FA89-A2B5-9A57-ECF6-5E722D390B7A">
<createdBy>admin</createdBy>
<createdTime>2015-10-22 04:35:37 UTC</createdTime>
<generatorID>D5AB7D59-0CE6-514B-8599-C216AEAC7BA1</generatorID>
<ownerDesignName>hierarchy_1</ownerDesignName>
<useDomainConstraints>false</useDomainConstraints>
<use>1</use>
<logicalDatatype>LOGDT011</logicalDatatype>
<ownDataTypeParameters>,,</ownDataTypeParameters>
<autoIncrementCycle>false</autoIncrementCycle>
<associations>
<colAssociation fkAssociation="00E536C1-1C71-C5C9-85C5-AF830DF3A1F4" referredColumn="20FF9839-473F-6083-D48B-56F27008CC48"/>
</associations>
</Column>
</columns>
<indexes itemClass="oracle.dbtools.crest.model.design.relational.Index">
<ind_PK_UK id="527CC1FE-5986-0506-B12E-C662FCF88C3F" name="employees_PKv1">
<createdBy>admin</createdBy>
<createdTime>2015-10-22 04:50:04 UTC</createdTime>
<generatorID>51E3B0F7-E2C4-3B9A-31AE-AE4D33FA006A</generatorID>
<ownerDesignName>hierarchy_1</ownerDesignName>
<pk>true</pk>
<indexState>Primary Constraint</indexState>
<isSurrogateKey>false</isSurrogateKey>
<indexColumnUsage>
<colUsage columnID="9F40CFCD-C275-544B-E863-F65BF725004C"/>
</indexColumnUsage>
</ind_PK_UK>
<ind_PK_UK id="57DE9345-916D-1EF6-46E2-FC052476947D" name="employee_PK">
<createdBy>admin</createdBy>
<createdTime>2015-10-22 04:35:37 UTC</createdTime>
<generatorID>51E3B0F7-E2C4-3B9A-31AE-AE4D33FA006A</generatorID>
<ownerDesignName>hierarchy_1</ownerDesignName>
<indexState>Unique Constraint</indexState>
<isSurrogateKey>false</isSurrogateKey>
<indexColumnUsage>
<colUsage columnID="5569FA89-A2B5-9A57-ECF6-5E722D390B7A"/>
</indexColumnUsage>
</ind_PK_UK>
<ind_PK_UK id="9CEC97C6-AE1C-AF3A-4B11-C9592E509E4D" name="employees_emp_id_UNv1">
<createdBy>admin</createdBy>
<createdTime>2015-10-22 04:35:37 UTC</createdTime>
<generatorID>90C197A3-3886-F77E-310B-053980FA4D2B</generatorID>
<ownerDesignName>hierarchy_1</ownerDesignName>
<indexState>Unique Constraint</indexState>
<isSurrogateKey>false</isSurrogateKey>
<indexColumnUsage>
<colUsage columnID="2E3089F4-643B-4D5C-904D-3675E1516C98"/>
</indexColumnUsage>
</ind_PK_UK>
<ind_PK_UK id="3044940C-F495-FFB0-D98E-CAA78B313E93" name="Hierarchy_2">
<createdBy>admin</createdBy>
<createdTime>2015-10-22 04:35:37 UTC</createdTime>
<generatorID>16B86ECF-C46E-8F4B-FA0A-45919BA568DB</generatorID>
<ownerDesignName>hierarchy_1</ownerDesignName>
<indexState>Foreign Key</indexState>
<isSurrogateKey>false</isSurrogateKey>
<indexColumnUsage>
<colUsage columnID="5569FA89-A2B5-9A57-ECF6-5E722D390B7A"/>
</indexColumnUsage>
</ind_PK_UK>
</indexes>
</Table>