<?xml version = '1.0' encoding = 'UTF-8'?>
<Table class="oracle.dbtools.crest.model.design.relational.Table" directorySegmentName="seg_0" id="CC7AE6F7-0236-680A-AECC-A83177397CB8" name="non-managersv1">
<createdBy>admin</createdBy>
<createdTime>2015-10-22 04:35:37 UTC</createdTime>
<generatorID>FF02D426-5B75-57CB-C88B-488F7F7EFEB9</generatorID>
<ownerDesignName>hierarchy_1</ownerDesignName>
<existDependencyGenerateInDDl>true</existDependencyGenerateInDDl>
<parsed>true</parsed>
<columns itemClass="oracle.dbtools.crest.model.design.relational.Column">
<Column name="pers_id1" id="D30F15AE-2DA1-B258-28D4-25473891A430">
<createdBy>admin</createdBy>
<createdTime>2015-10-22 04:50:04 UTC</createdTime>
<generatorID>D5AB7D59-0CE6-514B-8599-C216AEAC7BA1</generatorID>
<ownerDesignName>hierarchy_1</ownerDesignName>
<useDomainConstraints>false</useDomainConstraints>
<use>1</use>
<logicalDatatype>LOGDT011</logicalDatatype>
<ownDataTypeParameters>,,</ownDataTypeParameters>
<autoIncrementCycle>false</autoIncrementCycle>
</Column>
<Column name="trade_union" id="3C87C00E-132E-2C4B-0E63-55E9901C33C1">
<createdBy>admin</createdBy>
<createdTime>2015-10-22 04:35:37 UTC</createdTime>
<generatorID>9F869F40-D290-72E1-533F-9890983E3916</generatorID>
<ownerDesignName>hierarchy_1</ownerDesignName>
<nullsAllowed>true</nullsAllowed>
<useDomainConstraints>false</useDomainConstraints>
<use>1</use>
<logicalDatatype>LOGDT024</logicalDatatype>
<dataTypeSize>100 CHAR</dataTypeSize>
<ownDataTypeParameters>100 CHAR,,</ownDataTypeParameters>
<autoIncrementCycle>false</autoIncrementCycle>
</Column>
<Column name="pers_id" id="B384D6C8-2716-64B7-469C-50129A7446B8">
<createdBy>admin</createdBy>
<createdTime>2015-10-22 04:35:37 UTC</createdTime>
<generatorID>D5AB7D59-0CE6-514B-8599-C216AEAC7BA1</generatorID>
<ownerDesignName>hierarchy_1</ownerDesignName>
<useDomainConstraints>false</useDomainConstraints>
<use>1</use>
<logicalDatatype>LOGDT011</logicalDatatype>
<ownDataTypeParameters>,,</ownDataTypeParameters>
<autoIncrementCycle>false</autoIncrementCycle>
<associations>
<colAssociation fkAssociation="F9F1834A-406C-770B-3ED8-D4FF6024E34A" referredColumn="5569FA89-A2B5-9A57-ECF6-5E722D390B7A"/>
</associations>
</Column>
</columns>
<indexes itemClass="oracle.dbtools.crest.model.design.relational.Index">
<ind_PK_UK id="C0D850DB-C84E-9C27-50C0-F8F11648D794" name="non-managers_PKv1">
<createdBy>admin</createdBy>
<createdTime>2015-10-22 04:50:04 UTC</createdTime>
<generatorID>51E3B0F7-E2C4-3B9A-31AE-AE4D33FA006A</generatorID>
<ownerDesignName>hierarchy_1</ownerDesignName>
<pk>true</pk>
<indexState>Primary Constraint</indexState>
<isSurrogateKey>false</isSurrogateKey>
<indexColumnUsage>
<colUsage columnID="D30F15AE-2DA1-B258-28D4-25473891A430"/>
</indexColumnUsage>
</ind_PK_UK>
<ind_PK_UK id="8252FD11-3BD7-1F5B-D572-14ADB027B63F" name="non-manager_PK">
<createdBy>admin</createdBy>
<createdTime>2015-10-22 04:35:37 UTC</createdTime>
<generatorID>51E3B0F7-E2C4-3B9A-31AE-AE4D33FA006A</generatorID>
<ownerDesignName>hierarchy_1</ownerDesignName>
<indexState>Unique Constraint</indexState>
<isSurrogateKey>false</isSurrogateKey>
<indexColumnUsage>
<colUsage columnID="B384D6C8-2716-64B7-469C-50129A7446B8"/>
</indexColumnUsage>
</ind_PK_UK>
<ind_PK_UK id="F3083B54-EAE1-2EE3-63FF-FEDBF2E23BF0" name="Hierarchy_3">
<createdBy>admin</createdBy>
<createdTime>2015-10-22 04:35:37 UTC</createdTime>
<generatorID>3FF2C68F-4A66-0F7C-2F44-18A0713A345A</generatorID>
<ownerDesignName>hierarchy_1</ownerDesignName>
<indexState>Foreign Key</indexState>
<isSurrogateKey>false</isSurrogateKey>
<indexColumnUsage>
<colUsage columnID="B384D6C8-2716-64B7-469C-50129A7446B8"/>
</indexColumnUsage>
</ind_PK_UK>
</indexes>
</Table>