<?xml version = '1.0' encoding = 'UTF-8'?>
<Table class="oracle.dbtools.crest.model.design.relational.Table" directorySegmentName="seg_0" id="D3096BEF-2838-FC57-0826-AF7A8C17EC61" name="consultantsv2">
<createdBy>admin</createdBy>
<createdTime>2015-10-27 04:26:25 UTC</createdTime>
<generatorID>BB108558-BF53-4D1A-86C3-6C053A2E1921</generatorID>
<ownerDesignName>hierarchy_1</ownerDesignName>
<existDependencyGenerateInDDl>true</existDependencyGenerateInDDl>
<parsed>true</parsed>
<columns itemClass="oracle.dbtools.crest.model.design.relational.Column">
<Column name="pers_id" id="69DE91F7-600E-6661-1821-42AFE1E0C487">
<createdBy>admin</createdBy>
<createdTime>2015-10-27 04:26:25 UTC</createdTime>
<generatorID>D5AB7D59-0CE6-514B-8599-C216AEAC7BA1</generatorID>
<ownerDesignName>hierarchy_1</ownerDesignName>
<useDomainConstraints>false</useDomainConstraints>
<use>1</use>
<logicalDatatype>LOGDT011</logicalDatatype>
<ownDataTypeParameters>,,</ownDataTypeParameters>
<autoIncrementCycle>false</autoIncrementCycle>
<associations>
<colAssociation fkAssociation="9B833357-819E-DF4D-F3F3-EEE4A92DE890" referredColumn="72117D24-D5AF-F00B-C145-C412B66DB5A9"/>
</associations>
</Column>
<Column name="expertise_area" id="26427033-7A60-B4DA-36D7-16D8577C2A2B">
<createdBy>admin</createdBy>
<createdTime>2015-10-27 04:26:25 UTC</createdTime>
<generatorID>30FE4758-C24D-5B81-3715-2751C1847D13</generatorID>
<ownerDesignName>hierarchy_1</ownerDesignName>
<useDomainConstraints>false</useDomainConstraints>
<use>1</use>
<logicalDatatype>LOGDT024</logicalDatatype>
<dataTypeSize>200 CHAR</dataTypeSize>
<ownDataTypeParameters>200 CHAR,,</ownDataTypeParameters>
<autoIncrementCycle>false</autoIncrementCycle>
</Column>
</columns>
<indexes itemClass="oracle.dbtools.crest.model.design.relational.Index">
<ind_PK_UK id="045020DF-768E-C484-831E-2252F44D3F79" name="consultants_PKv1">
<createdBy>admin</createdBy>
<createdTime>2015-10-27 04:26:25 UTC</createdTime>
<generatorID>51E3B0F7-E2C4-3B9A-31AE-AE4D33FA006A</generatorID>
<ownerDesignName>hierarchy_1</ownerDesignName>
<pk>true</pk>
<indexState>Primary Constraint</indexState>
<isSurrogateKey>false</isSurrogateKey>
<indexColumnUsage>
<colUsage columnID="69DE91F7-600E-6661-1821-42AFE1E0C487"/>
</indexColumnUsage>
</ind_PK_UK>
<ind_PK_UK id="F650C43B-1393-C3F8-B13C-89E98012EFDC" name="consultants_people_FK">
<createdBy>admin</createdBy>
<createdTime>2015-10-27 04:26:25 UTC</createdTime>
<generatorID>55250041-EE93-D3C0-14B2-E7AA1308DB4B</generatorID>
<ownerDesignName>hierarchy_1</ownerDesignName>
<indexState>Foreign Key</indexState>
<isSurrogateKey>false</isSurrogateKey>
<indexColumnUsage>
<colUsage columnID="69DE91F7-600E-6661-1821-42AFE1E0C487"/>
</indexColumnUsage>
</ind_PK_UK>
</indexes>
</Table>