<?xml version = '1.0' encoding = 'UTF-8'?>
<Table class="oracle.dbtools.crest.model.design.relational.Table" directorySegmentName="seg_0" id="D538008C-8E76-57DB-E089-7E05C27CB3FB" name="people">
<createdBy>admin</createdBy>
<createdTime>2015-10-27 04:26:25 UTC</createdTime>
<generatorID>C4B96B18-8CDF-83E7-A904-B522F73DB3AB</generatorID>
<ownerDesignName>hierarchy_1</ownerDesignName>
<existDependencyGenerateInDDl>true</existDependencyGenerateInDDl>
<parsed>true</parsed>
<columns itemClass="oracle.dbtools.crest.model.design.relational.Column">
<Column name="pers_id" id="72117D24-D5AF-F00B-C145-C412B66DB5A9">
<createdBy>admin</createdBy>
<createdTime>2015-10-27 04:26:25 UTC</createdTime>
<generatorID>D5AB7D59-0CE6-514B-8599-C216AEAC7BA1</generatorID>
<ownerDesignName>hierarchy_1</ownerDesignName>
<useDomainConstraints>false</useDomainConstraints>
<use>1</use>
<logicalDatatype>LOGDT011</logicalDatatype>
<ownDataTypeParameters>,,</ownDataTypeParameters>
<autoIncrementCycle>false</autoIncrementCycle>
</Column>
<Column name="pers_family_name" id="620F7239-66ED-5559-6A18-6713CF37A2D3">
<createdBy>admin</createdBy>
<createdTime>2015-10-27 04:26:25 UTC</createdTime>
<generatorID>187AFA44-93E9-051E-DE17-6F02CDA43654</generatorID>
<ownerDesignName>hierarchy_1</ownerDesignName>
<useDomainConstraints>false</useDomainConstraints>
<use>1</use>
<logicalDatatype>LOGDT024</logicalDatatype>
<dataTypeSize>50 CHAR</dataTypeSize>
<ownDataTypeParameters>50 CHAR,,</ownDataTypeParameters>
<autoIncrementCycle>false</autoIncrementCycle>
</Column>
<Column name="pers_first_name" id="B00E6FC2-5F1F-AFD9-4133-189032F5AA45">
<createdBy>admin</createdBy>
<createdTime>2015-10-27 04:26:25 UTC</createdTime>
<generatorID>11863762-9A6E-2AF3-7C89-484C94DBD87C</generatorID>
<ownerDesignName>hierarchy_1</ownerDesignName>
<useDomainConstraints>false</useDomainConstraints>
<use>1</use>
<logicalDatatype>LOGDT024</logicalDatatype>
<dataTypeSize>50 CHAR</dataTypeSize>
<ownDataTypeParameters>50 CHAR,,</ownDataTypeParameters>
<autoIncrementCycle>false</autoIncrementCycle>
</Column>
<Column name="pers_address" id="14684AC7-DBA7-79AE-A5B9-B7729AFB31D7">
<createdBy>admin</createdBy>
<createdTime>2015-10-27 04:26:25 UTC</createdTime>
<generatorID>C603A429-C421-49D8-96FD-B4A7437289D0</generatorID>
<ownerDesignName>hierarchy_1</ownerDesignName>
<nullsAllowed>true</nullsAllowed>
<useDomainConstraints>false</useDomainConstraints>
<use>1</use>
<logicalDatatype>LOGDT024</logicalDatatype>
<dataTypeSize>100 CHAR</dataTypeSize>
<ownDataTypeParameters>100 CHAR,,</ownDataTypeParameters>
<autoIncrementCycle>false</autoIncrementCycle>
</Column>
<Column name="pers_phone" id="A2C5DC0F-E7E8-65D9-4013-F43548DEBB7F">
<createdBy>admin</createdBy>
<createdTime>2015-10-27 04:26:25 UTC</createdTime>
<generatorID>65F1C5EE-D438-16E0-E2EE-FE44FA9033F0</generatorID>
<ownerDesignName>hierarchy_1</ownerDesignName>
<nullsAllowed>true</nullsAllowed>
<useDomainConstraints>false</useDomainConstraints>
<use>1</use>
<logicalDatatype>LOGDT025</logicalDatatype>
<dataTypeSize>10</dataTypeSize>
<ownDataTypeParameters>10,,</ownDataTypeParameters>
<autoIncrementCycle>false</autoIncrementCycle>
</Column>
<Column name="pers_email" id="98B3F13F-E283-698E-1B8C-945E770A4B4E">
<createdBy>admin</createdBy>
<createdTime>2015-10-27 04:26:25 UTC</createdTime>
<generatorID>64F02E7C-ADFE-8D2A-28BD-D52487A529DF</generatorID>
<ownerDesignName>hierarchy_1</ownerDesignName>
<nullsAllowed>true</nullsAllowed>
<useDomainConstraints>false</useDomainConstraints>
<use>1</use>
<logicalDatatype>LOGDT024</logicalDatatype>
<dataTypeSize>75</dataTypeSize>
<ownDataTypeParameters>75,,</ownDataTypeParameters>
<autoIncrementCycle>false</autoIncrementCycle>
</Column>
</columns>
<indexes itemClass="oracle.dbtools.crest.model.design.relational.Index">
<ind_PK_UK id="F63E0472-22FC-1450-9332-9BD119092347" name="people_PK">
<createdBy>admin</createdBy>
<createdTime>2015-10-27 04:26:25 UTC</createdTime>
<generatorID>51E3B0F7-E2C4-3B9A-31AE-AE4D33FA006A</generatorID>
<ownerDesignName>hierarchy_1</ownerDesignName>
<pk>true</pk>
<indexState>Primary Constraint</indexState>
<isSurrogateKey>false</isSurrogateKey>
<indexColumnUsage>
<colUsage columnID="72117D24-D5AF-F00B-C145-C412B66DB5A9"/>
</indexColumnUsage>
</ind_PK_UK>
</indexes>
</Table>