<?xml version = '1.0' encoding = 'UTF-8'?>
<Table class="oracle.dbtools.crest.model.design.relational.Table" directorySegmentName="seg_0" id="FB18A1AF-F3D3-EDB1-D48B-702B684884A2" name="managersv1">
<createdBy>admin</createdBy>
<createdTime>2015-10-22 04:35:37 UTC</createdTime>
<generatorID>C4509B02-5B22-7D8A-8EFB-0C41E855656F</generatorID>
<ownerDesignName>hierarchy_1</ownerDesignName>
<existDependencyGenerateInDDl>true</existDependencyGenerateInDDl>
<parsed>true</parsed>
<columns itemClass="oracle.dbtools.crest.model.design.relational.Column">
<Column name="pers_id1" id="0857E7F3-1CA2-425F-1A4F-E384DC974E3E">
<createdBy>admin</createdBy>
<createdTime>2015-10-22 04:50:04 UTC</createdTime>
<generatorID>D5AB7D59-0CE6-514B-8599-C216AEAC7BA1</generatorID>
<ownerDesignName>hierarchy_1</ownerDesignName>
<useDomainConstraints>false</useDomainConstraints>
<use>1</use>
<logicalDatatype>LOGDT011</logicalDatatype>
<ownDataTypeParameters>,,</ownDataTypeParameters>
<autoIncrementCycle>false</autoIncrementCycle>
</Column>
<Column name="office_mobile_phone" id="590A942A-4EA7-65EE-E5FD-4216DBE8C28C">
<createdBy>admin</createdBy>
<createdTime>2015-10-22 04:35:37 UTC</createdTime>
<generatorID>89F286F4-5207-9548-A149-B0F77110BC80</generatorID>
<ownerDesignName>hierarchy_1</ownerDesignName>
<useDomainConstraints>false</useDomainConstraints>
<use>1</use>
<logicalDatatype>LOGDT025</logicalDatatype>
<dataTypeSize>10</dataTypeSize>
<ownDataTypeParameters>10,,</ownDataTypeParameters>
<autoIncrementCycle>false</autoIncrementCycle>
</Column>
<Column name="managerial_tasks" id="8207857D-CC3D-2A45-BA1A-0591143CD21A">
<createdBy>admin</createdBy>
<createdTime>2015-10-22 04:35:37 UTC</createdTime>
<generatorID>8C444B84-7700-57B3-B8DB-271BE1A86DEF</generatorID>
<ownerDesignName>hierarchy_1</ownerDesignName>
<useDomainConstraints>false</useDomainConstraints>
<use>1</use>
<logicalDatatype>LOGDT024</logicalDatatype>
<dataTypeSize>100 CHAR</dataTypeSize>
<ownDataTypeParameters>100 CHAR,,</ownDataTypeParameters>
<autoIncrementCycle>false</autoIncrementCycle>
</Column>
<Column name="pers_id" id="1E5ABED0-FC11-6FBA-4330-000D16EFCAE9">
<createdBy>admin</createdBy>
<createdTime>2015-10-22 04:35:37 UTC</createdTime>
<generatorID>D5AB7D59-0CE6-514B-8599-C216AEAC7BA1</generatorID>
<ownerDesignName>hierarchy_1</ownerDesignName>
<useDomainConstraints>false</useDomainConstraints>
<use>1</use>
<logicalDatatype>LOGDT011</logicalDatatype>
<ownDataTypeParameters>,,</ownDataTypeParameters>
<autoIncrementCycle>false</autoIncrementCycle>
<associations>
<colAssociation fkAssociation="20ABC8FE-E168-9CAE-8C67-95F532BFBBA6" referredColumn="5569FA89-A2B5-9A57-ECF6-5E722D390B7A"/>
</associations>
</Column>
</columns>
<indexes itemClass="oracle.dbtools.crest.model.design.relational.Index">
<ind_PK_UK id="0E824BD1-A2A4-A93E-0781-19D12277EBDB" name="managers_PKv1">
<createdBy>admin</createdBy>
<createdTime>2015-10-22 04:50:04 UTC</createdTime>
<generatorID>51E3B0F7-E2C4-3B9A-31AE-AE4D33FA006A</generatorID>
<ownerDesignName>hierarchy_1</ownerDesignName>
<pk>true</pk>
<indexState>Primary Constraint</indexState>
<isSurrogateKey>false</isSurrogateKey>
<indexColumnUsage>
<colUsage columnID="0857E7F3-1CA2-425F-1A4F-E384DC974E3E"/>
</indexColumnUsage>
</ind_PK_UK>
<ind_PK_UK id="D2EAD2DD-6BBF-380F-D96B-D7AA3ECE1954" name="manager_PK">
<createdBy>admin</createdBy>
<createdTime>2015-10-22 04:35:37 UTC</createdTime>
<generatorID>51E3B0F7-E2C4-3B9A-31AE-AE4D33FA006A</generatorID>
<ownerDesignName>hierarchy_1</ownerDesignName>
<indexState>Unique Constraint</indexState>
<isSurrogateKey>false</isSurrogateKey>
<indexColumnUsage>
<colUsage columnID="1E5ABED0-FC11-6FBA-4330-000D16EFCAE9"/>
</indexColumnUsage>
</ind_PK_UK>
<ind_PK_UK id="AF2DBEBB-212B-E6F6-FC0F-7C0322405B15" name="Hierarchy_4">
<createdBy>admin</createdBy>
<createdTime>2015-10-22 04:35:37 UTC</createdTime>
<generatorID>B915B934-F803-8492-4062-F57BE4D2FEC9</generatorID>
<ownerDesignName>hierarchy_1</ownerDesignName>
<indexState>Foreign Key</indexState>
<isSurrogateKey>false</isSurrogateKey>
<indexColumnUsage>
<colUsage columnID="1E5ABED0-FC11-6FBA-4330-000D16EFCAE9"/>
</indexColumnUsage>
</ind_PK_UK>
</indexes>
</Table>