<?xml version = '1.0' encoding = 'UTF-8'?>
<Table class="oracle.dbtools.crest.model.design.relational.Table" directorySegmentName="seg_0" id="FBA08026-A3AB-DB27-A125-954FF5D57667" name="peoplev1">
<createdBy>admin</createdBy>
<createdTime>2015-10-22 04:35:37 UTC</createdTime>
<generatorID>C4B96B18-8CDF-83E7-A904-B522F73DB3AB</generatorID>
<ownerDesignName>hierarchy_1</ownerDesignName>
<existDependencyGenerateInDDl>true</existDependencyGenerateInDDl>
<parsed>true</parsed>
<columns itemClass="oracle.dbtools.crest.model.design.relational.Column">
<Column name="pers_id" id="20FF9839-473F-6083-D48B-56F27008CC48">
<createdBy>admin</createdBy>
<createdTime>2015-10-22 04:35:37 UTC</createdTime>
<generatorID>D5AB7D59-0CE6-514B-8599-C216AEAC7BA1</generatorID>
<ownerDesignName>hierarchy_1</ownerDesignName>
<useDomainConstraints>false</useDomainConstraints>
<use>1</use>
<logicalDatatype>LOGDT011</logicalDatatype>
<ownDataTypeParameters>,,</ownDataTypeParameters>
<autoIncrementCycle>false</autoIncrementCycle>
</Column>
<Column name="pers_family_name" id="1C7CFA66-E1C9-7E73-39E1-E6CB95463A79">
<createdBy>admin</createdBy>
<createdTime>2015-10-22 04:35:37 UTC</createdTime>
<generatorID>187AFA44-93E9-051E-DE17-6F02CDA43654</generatorID>
<ownerDesignName>hierarchy_1</ownerDesignName>
<useDomainConstraints>false</useDomainConstraints>
<use>1</use>
<logicalDatatype>LOGDT024</logicalDatatype>
<dataTypeSize>50 CHAR</dataTypeSize>
<ownDataTypeParameters>50 CHAR,,</ownDataTypeParameters>
<autoIncrementCycle>false</autoIncrementCycle>
</Column>
<Column name="pers_first_name" id="B666EFDD-8EB6-15FB-14AE-4085BB7C56D1">
<createdBy>admin</createdBy>
<createdTime>2015-10-22 04:35:37 UTC</createdTime>
<generatorID>11863762-9A6E-2AF3-7C89-484C94DBD87C</generatorID>
<ownerDesignName>hierarchy_1</ownerDesignName>
<useDomainConstraints>false</useDomainConstraints>
<use>1</use>
<logicalDatatype>LOGDT024</logicalDatatype>
<dataTypeSize>50 CHAR</dataTypeSize>
<ownDataTypeParameters>50 CHAR,,</ownDataTypeParameters>
<autoIncrementCycle>false</autoIncrementCycle>
</Column>
<Column name="pers_address" id="683CBE83-57B4-687B-7289-C15E8907B0FA">
<createdBy>admin</createdBy>
<createdTime>2015-10-22 04:35:37 UTC</createdTime>
<generatorID>C603A429-C421-49D8-96FD-B4A7437289D0</generatorID>
<ownerDesignName>hierarchy_1</ownerDesignName>
<nullsAllowed>true</nullsAllowed>
<useDomainConstraints>false</useDomainConstraints>
<use>1</use>
<logicalDatatype>LOGDT024</logicalDatatype>
<dataTypeSize>100 CHAR</dataTypeSize>
<ownDataTypeParameters>100 CHAR,,</ownDataTypeParameters>
<autoIncrementCycle>false</autoIncrementCycle>
</Column>
<Column name="pers_phone" id="94AADA9E-4337-A2D6-488D-215D3B0FAA76">
<createdBy>admin</createdBy>
<createdTime>2015-10-22 04:35:37 UTC</createdTime>
<generatorID>65F1C5EE-D438-16E0-E2EE-FE44FA9033F0</generatorID>
<ownerDesignName>hierarchy_1</ownerDesignName>
<nullsAllowed>true</nullsAllowed>
<useDomainConstraints>false</useDomainConstraints>
<use>1</use>
<logicalDatatype>LOGDT025</logicalDatatype>
<dataTypeSize>10</dataTypeSize>
<ownDataTypeParameters>10,,</ownDataTypeParameters>
<autoIncrementCycle>false</autoIncrementCycle>
</Column>
<Column name="pers_email" id="8D9D9352-88CB-9BB4-D355-00E71EE2BC50">
<createdBy>admin</createdBy>
<createdTime>2015-10-22 04:35:37 UTC</createdTime>
<generatorID>64F02E7C-ADFE-8D2A-28BD-D52487A529DF</generatorID>
<ownerDesignName>hierarchy_1</ownerDesignName>
<nullsAllowed>true</nullsAllowed>
<useDomainConstraints>false</useDomainConstraints>
<use>1</use>
<logicalDatatype>LOGDT024</logicalDatatype>
<dataTypeSize>75</dataTypeSize>
<ownDataTypeParameters>75,,</ownDataTypeParameters>
<autoIncrementCycle>false</autoIncrementCycle>
</Column>
</columns>
<indexes itemClass="oracle.dbtools.crest.model.design.relational.Index">
<ind_PK_UK id="D54484C1-082F-15CA-9B18-BA2F558C6105" name="people_PKv1">
<createdBy>admin</createdBy>
<createdTime>2015-10-22 04:35:37 UTC</createdTime>
<generatorID>51E3B0F7-E2C4-3B9A-31AE-AE4D33FA006A</generatorID>
<ownerDesignName>hierarchy_1</ownerDesignName>
<pk>true</pk>
<indexState>Primary Constraint</indexState>
<isSurrogateKey>false</isSurrogateKey>
<indexColumnUsage>
<colUsage columnID="20FF9839-473F-6083-D48B-56F27008CC48"/>
</indexColumnUsage>
</ind_PK_UK>
</indexes>
</Table>