<?xml version = '1.0' encoding = 'UTF-8'?>
<Diagram class="oracle.dbtools.crest.swingui.logical.DPVLogical" name="Logical" id="E654EE8F-44B5-8719-05CF-77133F9FF3B6">
<createdBy>Marin F</createdBy>
<modifiedBy>admin</modifiedBy>
<createdTime>2011-10-05 05:39:27 UTC</createdTime>
<autoRoute>false</autoRoute>
<boxInbox>true</boxInbox>
<showLegend>false</showLegend>
<showLabels>false</showLabels>
<showRelAttributes>false</showRelAttributes>
<gridEnabled>false</gridEnabled>
<showGrid>false</showGrid>
<diagramColor>-1</diagramColor>
<display>false</display>
<notation>1</notation>
<objectViews>
<OView class="oracle.dbtools.crest.swingui.TVNote" oid="01A6900C-D2B7-CA9E-E1F9-4769B5D7E80E" otype="Note" vid="F64BEDF0-8ACD-DC2A-9670-187EDD186683">
<hideElementsInCurrentOnly>false</hideElementsInCurrentOnly>
<bounds x="50" y="10" width="381" height="112"/>
<comment>A faculty member (professor) teaches zero, one, or more course sections/lectures/topics; zero means she/he is retired (consultant) or researcher (no currently teaching)&lt;br/&gt;A course section is taught by only one professor; there are no course sections without associated teacher&lt;br/&gt;</comment>
</OView>
<OView class="oracle.dbtools.crest.swingui.logical.TVEntity" oid="3AA8946A-9003-0C30-8AE4-CBF1BE55E355" otype="Entity" vid="E86347D6-8065-D5C6-2376-4AF944247E43">
<hideElementsInCurrentOnly>false</hideElementsInCurrentOnly>
<bounds x="373" y="144" width="154" height="120"/>
</OView>
<OView class="oracle.dbtools.crest.swingui.logical.TVEntity" oid="6934B835-67C6-79F7-1B2E-BDC41342680D" otype="Entity" vid="FF8CDC34-BF5C-BD6B-DD74-47362ACD2F95">
<hideElementsInCurrentOnly>false</hideElementsInCurrentOnly>
<bounds x="26" y="142" width="159" height="77"/>
</OView>
</objectViews>
<connectors>
<Connector class="oracle.dbtools.crest.swingui.logical.TVRelation" oid="8FF67823-B677-2361-873A-719588FDF327" otype="Relation" vid_source="FF8CDC34-BF5C-BD6B-DD74-47362ACD2F95" vid_target="E86347D6-8065-D5C6-2376-4AF944247E43">
<hideElementsInCurrentOnly>false</hideElementsInCurrentOnly>
<lineWidth>1</lineWidth>
<points>
<point x="185" y="181"/>
<point x="373" y="181"/>
</points>
</Connector>
</connectors>
</Diagram>