<?xml version = '1.0' encoding = 'UTF-8'?>
<Table class="oracle.dbtools.crest.model.design.relational.Table" directorySegmentName="seg_0" id="C5DFE016-DF16-1032-CA89-4ED2C8C78FD3" name="professors">
<createdBy>Marin F</createdBy>
<createdTime>2011-10-05 07:42:36 UTC</createdTime>
<generatorID>6934B835-67C6-79F7-1B2E-BDC41342680D</generatorID>
<ownerDesignName>teaches_1</ownerDesignName>
<parsed>true</parsed>
<columns itemClass="oracle.dbtools.crest.model.design.relational.Column">
<Column name="prof_code" id="9D5F20AD-D380-2B09-205C-A4B262203FC3">
<createdBy>Marin F</createdBy>
<createdTime>2011-10-05 07:42:36 UTC</createdTime>
<generatorID>793A0736-C527-CE8E-B82C-AA4631583B52</generatorID>
<ownerDesignName>teaches_1</ownerDesignName>
<useDomainConstraints>false</useDomainConstraints>
<use>1</use>
<logicalDatatype>LOGDT037</logicalDatatype>
<dataTypeSize>10 CHAR</dataTypeSize>
<ownDataTypeParameters>10 CHAR,,</ownDataTypeParameters>
<previousColumn>false</previousColumn>
</Column>
<Column name="prof_name" id="D662A876-BCB3-4B08-9959-F045A23D7C87">
<createdBy>Marin F</createdBy>
<createdTime>2011-10-05 07:42:36 UTC</createdTime>
<generatorID>F00612E6-2C97-ECB9-C5E4-18295ECC5035</generatorID>
<ownerDesignName>teaches_1</ownerDesignName>
<useDomainConstraints>false</useDomainConstraints>
<use>1</use>
<logicalDatatype>LOGDT037</logicalDatatype>
<dataTypeSize>75 CHAR</dataTypeSize>
<ownDataTypeParameters>75 CHAR,,</ownDataTypeParameters>
<previousColumn>false</previousColumn>
</Column>
<Column name="prof_email" id="0E75536C-61D3-BFCA-DD4F-89C80C7CD929">
<createdBy>Marin F</createdBy>
<createdTime>2011-10-05 07:42:36 UTC</createdTime>
<generatorID>626472CD-6A2A-5A35-A0B1-1FD884254222</generatorID>
<ownerDesignName>teaches_1</ownerDesignName>
<nullsAllowed>true</nullsAllowed>
<useDomainConstraints>false</useDomainConstraints>
<use>1</use>
<logicalDatatype>LOGDT024</logicalDatatype>
<dataTypeSize>100 CHAR</dataTypeSize>
<ownDataTypeParameters>100 CHAR,,</ownDataTypeParameters>
<previousColumn>false</previousColumn>
</Column>
</columns>
<indexes itemClass="oracle.dbtools.crest.model.design.relational.Index">
<ind_PK_UK id="9CB75CA4-4002-7CEF-F182-33B750E6196B" name="professors_prof_code_UN">
<createdBy>Marin F</createdBy>
<createdTime>2011-10-05 07:42:36 UTC</createdTime>
<generatorID>10D2CA96-B305-CFDB-153F-6763A370C57C</generatorID>
<ownerDesignName>teaches_1</ownerDesignName>
<pk>true</pk>
<indexState>Primary Constraint</indexState>
<indexColumnUsage>
<colUsage columnID="9D5F20AD-D380-2B09-205C-A4B262203FC3"/>
</indexColumnUsage>
</ind_PK_UK>
</indexes>
</Table>