<?xml version = '1.0' encoding = 'UTF-8'?>
<Entity class="oracle.dbtools.crest.model.design.logical.Entity" directorySegmentName="seg_0" id="2B353EF3-171E-52CA-ACCD-9E1C26F89CE8" name="property">
<createdBy>admin</createdBy>
<createdTime>2015-10-30 15:37:59 UTC</createdTime>
<ownerDesignName>05_models_and_serial_numbers</ownerDesignName>
<engineerTo>
<item key="D8B44C16-93F2-710C-3DD7-D01D5620A0D2" value="true"/>
</engineerTo>
<adequatelyNormalized>NO</adequatelyNormalized>
<expectedVolumes>0</expectedVolumes>
<fwdEngineeringStrategyName>Single Table</fwdEngineeringStrategyName>
<growthPercent>0</growthPercent>
<growthType>Year</growthType>
<maxVolumes>9999999</maxVolumes>
<minVolumes>0</minVolumes>
<normalForm>Third</normalForm>
<preferredAbbreviation>properties</preferredAbbreviation>
<attributes itemClass="oracle.dbtools.crest.model.design.logical.Attribute">
<Attribute name="property_id" id="6CA1D7DE-59FA-1F29-B012-43975169DA8D">
<createdBy>admin</createdBy>
<createdTime>2015-10-30 15:38:13 UTC</createdTime>
<ownerDesignName>05_models_and_serial_numbers</ownerDesignName>
<engineerTo>
<item key="D8B44C16-93F2-710C-3DD7-D01D5620A0D2" value="true"/>
</engineerTo>
<useDomainConstraints>false</useDomainConstraints>
<use>1</use>
<logicalDatatype>LOGDT011</logicalDatatype>
<ownDataTypeParameters>,,</ownDataTypeParameters>
</Attribute>
<Attribute name="property_name" id="A2D26F0D-6A1B-58FE-116A-1AE03D55DC87">
<createdBy>admin</createdBy>
<createdTime>2015-10-30 15:38:34 UTC</createdTime>
<ownerDesignName>05_models_and_serial_numbers</ownerDesignName>
<engineerTo>
<item key="D8B44C16-93F2-710C-3DD7-D01D5620A0D2" value="true"/>
</engineerTo>
<nullsAllowed>true</nullsAllowed>
<useDomainConstraints>false</useDomainConstraints>
<use>1</use>
<logicalDatatype>LOGDT037</logicalDatatype>
<dataTypeSize>50</dataTypeSize>
<ownDataTypeParameters>50,,</ownDataTypeParameters>
</Attribute>
<Attribute name="usage_start_date" id="EAA3EF5B-C3B8-65C0-6B57-8294167D2C41">
<createdBy>admin</createdBy>
<createdTime>2015-10-30 15:39:29 UTC</createdTime>
<ownerDesignName>05_models_and_serial_numbers</ownerDesignName>
<engineerTo>
<item key="D8B44C16-93F2-710C-3DD7-D01D5620A0D2" value="true"/>
</engineerTo>
<useDomainConstraints>false</useDomainConstraints>
<use>1</use>
<logicalDatatype>LOGDT007</logicalDatatype>
<ownDataTypeParameters>,,</ownDataTypeParameters>
</Attribute>
<Attribute name="usage_end_date" id="C55AF948-BFAA-3CF3-543B-EEE49C6731C2">
<createdBy>admin</createdBy>
<createdTime>2015-10-30 15:39:47 UTC</createdTime>
<ownerDesignName>05_models_and_serial_numbers</ownerDesignName>
<engineerTo>
<item key="D8B44C16-93F2-710C-3DD7-D01D5620A0D2" value="true"/>
</engineerTo>
<nullsAllowed>true</nullsAllowed>
<useDomainConstraints>false</useDomainConstraints>
<use>1</use>
<logicalDatatype>LOGDT007</logicalDatatype>
<ownDataTypeParameters>,,</ownDataTypeParameters>
</Attribute>
<Attribute name="comments" id="60989C48-5D43-99E5-1EE8-C18ABCE4950A">
<createdBy>admin</createdBy>
<createdTime>2015-10-30 15:40:08 UTC</createdTime>
<ownerDesignName>05_models_and_serial_numbers</ownerDesignName>
<engineerTo>
<item key="D8B44C16-93F2-710C-3DD7-D01D5620A0D2" value="true"/>
</engineerTo>
<nullsAllowed>true</nullsAllowed>
<useDomainConstraints>false</useDomainConstraints>
<use>1</use>
<logicalDatatype>LOGDT037</logicalDatatype>
<dataTypeSize>100</dataTypeSize>
<ownDataTypeParameters>100,,</ownDataTypeParameters>
</Attribute>
<Attribute name="data_type" id="A136A0A8-051C-35BD-A7E8-21B6A9022016">
<createdBy>admin</createdBy>
<createdTime>2015-10-30 15:46:36 UTC</createdTime>
<ownerDesignName>05_models_and_serial_numbers</ownerDesignName>
<engineerTo>
<item key="D8B44C16-93F2-710C-3DD7-D01D5620A0D2" value="true"/>
</engineerTo>
<nullsAllowed>true</nullsAllowed>
<useDomainConstraints>false</useDomainConstraints>
<use>1</use>
<logicalDatatype>LOGDT024</logicalDatatype>
<dataTypeSize>20</dataTypeSize>
<ownDataTypeParameters>20,,</ownDataTypeParameters>
</Attribute>
<Attribute name="abbreviation" id="D69D3E49-466C-7173-75B0-57B06DD1C744">
<createdBy>admin</createdBy>
<createdTime>2015-10-30 15:49:51 UTC</createdTime>
<generatorID>9F20F320-98E2-ABB8-C8CC-877482DC77DB</generatorID>
<ownerDesignName>05_models_and_serial_numbers</ownerDesignName>
<engineerTo>
<item key="D8B44C16-93F2-710C-3DD7-D01D5620A0D2" value="true"/>
</engineerTo>
<referedAttribute>D51499B0-66B2-B01A-56A9-71E949CF3DB9</referedAttribute>
<useDomainConstraints>false</useDomainConstraints>
<use>1</use>
<logicalDatatype>LOGDT037</logicalDatatype>
<dataTypeSize>20</dataTypeSize>
<ownDataTypeParameters>20,,</ownDataTypeParameters>
</Attribute>
</attributes>
<identifiers itemClass="oracle.dbtools.crest.model.design.logical.CandidateKey">
<identifier id="896421A6-88EE-506D-58B9-B8D6CE3363B6" name="property PK">
<createdBy>admin</createdBy>
<createdTime>2015-10-30 15:38:22 UTC</createdTime>
<ownerDesignName>05_models_and_serial_numbers</ownerDesignName>
<engineerTo>
<item key="D8B44C16-93F2-710C-3DD7-D01D5620A0D2" value="true"/>
</engineerTo>
<pk>true</pk>
<usedAttributes>
<attributeRef>6CA1D7DE-59FA-1F29-B012-43975169DA8D</attributeRef>
</usedAttributes>
</identifier>
</identifiers>
</Entity>