<?xml version = '1.0' encoding = 'UTF-8'?>
<Entity class="oracle.dbtools.crest.model.design.logical.Entity" directorySegmentName="seg_0" id="5F83FB94-3BE5-A0BA-2D61-627E111AE978" name="inv_identifiable_prod">
<createdBy>admin</createdBy>
<createdTime>2015-11-09 07:02:04 UTC</createdTime>
<ownerDesignName>05_models_and_serial_numbers</ownerDesignName>
<engineerTo>
<item key="D8B44C16-93F2-710C-3DD7-D01D5620A0D2" value="true"/>
</engineerTo>
<adequatelyNormalized>NO</adequatelyNormalized>
<expectedVolumes>0</expectedVolumes>
<fwdEngineeringStrategyName>Single Table</fwdEngineeringStrategyName>
<growthPercent>0</growthPercent>
<growthType>Year</growthType>
<maxVolumes>9999999</maxVolumes>
<minVolumes>0</minVolumes>
<normalForm>Third</normalForm>
<preferredAbbreviation>inv_identifiable_prod</preferredAbbreviation>
<attributes itemClass="oracle.dbtools.crest.model.design.logical.Attribute">
<Attribute name="invoice_row" id="1FED2109-37A7-FAD9-55F7-9CAFC1C60B47">
<createdBy>admin</createdBy>
<createdTime>2015-11-09 07:02:04 UTC</createdTime>
<ownerDesignName>05_models_and_serial_numbers</ownerDesignName>
<engineerTo>
<item key="D8B44C16-93F2-710C-3DD7-D01D5620A0D2" value="true"/>
</engineerTo>
<useDomainConstraints>false</useDomainConstraints>
<use>1</use>
<logicalDatatype>LOGDT011</logicalDatatype>
<ownDataTypeParameters>,,</ownDataTypeParameters>
</Attribute>
<Attribute name="warranty_certif_code" id="C409F866-B68D-D0AA-9778-26FB1FFC8781">
<createdBy>admin</createdBy>
<createdTime>2015-11-09 07:03:30 UTC</createdTime>
<ownerDesignName>05_models_and_serial_numbers</ownerDesignName>
<engineerTo>
<item key="D8B44C16-93F2-710C-3DD7-D01D5620A0D2" value="true"/>
</engineerTo>
<useDomainConstraints>false</useDomainConstraints>
<use>1</use>
<logicalDatatype>LOGDT024</logicalDatatype>
<dataTypeSize>30</dataTypeSize>
<ownDataTypeParameters>30,,</ownDataTypeParameters>
</Attribute>
<Attribute name="serial_number" id="1ABE6D77-48C2-7B62-D72B-47FD4E0CFD03">
<createdBy>admin</createdBy>
<createdTime>2015-11-09 07:04:31 UTC</createdTime>
<generatorID>4277218B-E167-E5DE-950D-5D998AA8F19D</generatorID>
<ownerDesignName>05_models_and_serial_numbers</ownerDesignName>
<engineerTo>
<item key="D8B44C16-93F2-710C-3DD7-D01D5620A0D2" value="true"/>
</engineerTo>
<referedAttribute>576C76CC-CA44-4F0C-7FF0-5FA1FDF72240</referedAttribute>
<useDomainConstraints>false</useDomainConstraints>
<use>1</use>
<logicalDatatype>LOGDT024</logicalDatatype>
<dataTypeSize>50</dataTypeSize>
<ownDataTypeParameters>50,,</ownDataTypeParameters>
</Attribute>
<Attribute name="invoice_id" id="EE62D3EE-4A97-E0CF-97DE-6F6C26081D5F">
<createdBy>admin</createdBy>
<createdTime>2015-11-09 07:05:55 UTC</createdTime>
<generatorID>3B9CE192-0F1C-F3A8-C8B4-DAC545C2CA40</generatorID>
<ownerDesignName>05_models_and_serial_numbers</ownerDesignName>
<engineerTo>
<item key="D8B44C16-93F2-710C-3DD7-D01D5620A0D2" value="true"/>
</engineerTo>
<referedAttribute>7248A6B1-BD16-FE9A-2314-85F7B15CEDB8</referedAttribute>
<useDomainConstraints>false</useDomainConstraints>
<use>1</use>
<logicalDatatype>LOGDT011</logicalDatatype>
<ownDataTypeParameters>,,</ownDataTypeParameters>
</Attribute>
</attributes>
<identifiers itemClass="oracle.dbtools.crest.model.design.logical.CandidateKey">
<identifier id="68023FF6-9691-95C5-F906-6401365C15B0" name="inv_unidentif_prod PK">
<createdBy>admin</createdBy>
<createdTime>2015-11-09 07:02:04 UTC</createdTime>
<ownerDesignName>05_models_and_serial_numbers</ownerDesignName>
<engineerTo>
<item key="D8B44C16-93F2-710C-3DD7-D01D5620A0D2" value="true"/>
</engineerTo>
<pk>true</pk>
<usedAttributes>
<attributeRef>1FED2109-37A7-FAD9-55F7-9CAFC1C60B47</attributeRef>
<attributeRef>EE62D3EE-4A97-E0CF-97DE-6F6C26081D5F</attributeRef>
</usedAttributes>
</identifier>
</identifiers>
</Entity>