<?xml version = '1.0' encoding = 'UTF-8'?>
<Entity class="oracle.dbtools.crest.model.design.logical.Entity" directorySegmentName="seg_0" id="70A078DF-9EFC-2DF2-99C9-D339861C94C1" name="recipe_detail">
<createdBy>admin</createdBy>
<createdTime>2015-11-08 15:47:23 UTC</createdTime>
<ownerDesignName>05_models_and_serial_numbers</ownerDesignName>
<engineerTo>
<item key="D8B44C16-93F2-710C-3DD7-D01D5620A0D2" value="true"/>
</engineerTo>
<adequatelyNormalized>NO</adequatelyNormalized>
<expectedVolumes>0</expectedVolumes>
<fwdEngineeringStrategyName>Single Table</fwdEngineeringStrategyName>
<growthPercent>0</growthPercent>
<growthType>Year</growthType>
<maxVolumes>9999999</maxVolumes>
<minVolumes>0</minVolumes>
<normalForm>Third</normalForm>
<preferredAbbreviation>recipe_detail</preferredAbbreviation>
<attributes itemClass="oracle.dbtools.crest.model.design.logical.Attribute">
<Attribute name="needed_quantity" id="D4A3709B-63F2-F625-DB87-EAF65B91BA4F">
<createdBy>admin</createdBy>
<createdTime>2015-11-08 15:47:57 UTC</createdTime>
<ownerDesignName>05_models_and_serial_numbers</ownerDesignName>
<engineerTo>
<item key="D8B44C16-93F2-710C-3DD7-D01D5620A0D2" value="true"/>
</engineerTo>
<useDomainConstraints>false</useDomainConstraints>
<use>1</use>
<logicalDatatype>LOGDT019</logicalDatatype>
<dataTypePrecision>9</dataTypePrecision>
<dataTypeScale>3</dataTypeScale>
<ownDataTypeParameters>,9,3</ownDataTypeParameters>
</Attribute>
<Attribute name="recipe_id" id="C007E132-B71E-33BF-EAC5-700D24A5E684">
<createdBy>admin</createdBy>
<createdTime>2015-11-08 15:48:44 UTC</createdTime>
<generatorID>88DB1E51-A230-58AF-AC2D-21DCC326EAD8</generatorID>
<ownerDesignName>05_models_and_serial_numbers</ownerDesignName>
<engineerTo>
<item key="D8B44C16-93F2-710C-3DD7-D01D5620A0D2" value="true"/>
</engineerTo>
<referedAttribute>320B4756-1C31-B737-1B7D-4342598F39F6</referedAttribute>
<useDomainConstraints>false</useDomainConstraints>
<use>1</use>
<logicalDatatype>LOGDT011</logicalDatatype>
<ownDataTypeParameters>,,</ownDataTypeParameters>
</Attribute>
<Attribute name="prod_id" id="B01FBF03-EC4D-6E50-9E07-367B9E96FFA1">
<createdBy>admin</createdBy>
<createdTime>2015-11-08 15:49:46 UTC</createdTime>
<generatorID>FC273F96-278C-C5C4-AE38-48ED42DDFFC4</generatorID>
<ownerDesignName>05_models_and_serial_numbers</ownerDesignName>
<engineerTo>
<item key="D8B44C16-93F2-710C-3DD7-D01D5620A0D2" value="true"/>
</engineerTo>
<referedAttribute>7F934447-4C2B-E8DA-3DDF-89B8F58D0E2C</referedAttribute>
<useDomainConstraints>false</useDomainConstraints>
<use>1</use>
<logicalDatatype>LOGDT011</logicalDatatype>
<ownDataTypeParameters>,,</ownDataTypeParameters>
</Attribute>
</attributes>
<identifiers itemClass="oracle.dbtools.crest.model.design.logical.CandidateKey">
<identifier id="47BABF2E-81C8-00DB-EA7A-D711EDA0B8D7" name="recipe_detail PK">
<createdBy>admin</createdBy>
<createdTime>2015-11-08 15:48:44 UTC</createdTime>
<ownerDesignName>05_models_and_serial_numbers</ownerDesignName>
<engineerTo>
<item key="D8B44C16-93F2-710C-3DD7-D01D5620A0D2" value="true"/>
</engineerTo>
<pk>true</pk>
<usedAttributes>
<attributeRef>C007E132-B71E-33BF-EAC5-700D24A5E684</attributeRef>
<attributeRef>B01FBF03-EC4D-6E50-9E07-367B9E96FFA1</attributeRef>
</usedAttributes>
</identifier>
</identifiers>
</Entity>