<?xml version = '1.0' encoding = 'UTF-8'?>
<Entity class="oracle.dbtools.crest.model.design.logical.Entity" directorySegmentName="seg_0" id="8F76DA1B-098A-8F2C-1C1A-46DFC01863D9" name="product_description">
<createdBy>admin</createdBy>
<createdTime>2015-10-30 15:45:18 UTC</createdTime>
<ownerDesignName>05_models_and_serial_numbers</ownerDesignName>
<engineerTo>
<item key="D8B44C16-93F2-710C-3DD7-D01D5620A0D2" value="true"/>
</engineerTo>
<adequatelyNormalized>NO</adequatelyNormalized>
<expectedVolumes>0</expectedVolumes>
<fwdEngineeringStrategyName>Single Table</fwdEngineeringStrategyName>
<growthPercent>0</growthPercent>
<growthType>Year</growthType>
<maxVolumes>9999999</maxVolumes>
<minVolumes>0</minVolumes>
<normalForm>Third</normalForm>
<preferredAbbreviation>product_description</preferredAbbreviation>
<attributes itemClass="oracle.dbtools.crest.model.design.logical.Attribute">
<Attribute name="prop_value_for_crt_prod" id="77B1E9F0-EF2B-77E5-4A11-8810890727D8">
<createdBy>admin</createdBy>
<createdTime>2015-10-30 15:45:35 UTC</createdTime>
<ownerDesignName>05_models_and_serial_numbers</ownerDesignName>
<engineerTo>
<item key="D8B44C16-93F2-710C-3DD7-D01D5620A0D2" value="true"/>
</engineerTo>
<useDomainConstraints>false</useDomainConstraints>
<use>1</use>
<logicalDatatype>LOGDT024</logicalDatatype>
<dataTypeSize>30</dataTypeSize>
<ownDataTypeParameters>30,,</ownDataTypeParameters>
</Attribute>
<Attribute name="prod_id" id="E531E7BE-ABE2-3FCB-0D2F-93875813310B">
<createdBy>admin</createdBy>
<createdTime>2015-10-30 15:52:28 UTC</createdTime>
<generatorID>9862C52A-BE18-1555-57BB-2FADE2E36092</generatorID>
<ownerDesignName>05_models_and_serial_numbers</ownerDesignName>
<engineerTo>
<item key="D8B44C16-93F2-710C-3DD7-D01D5620A0D2" value="true"/>
</engineerTo>
<referedAttribute>7F934447-4C2B-E8DA-3DDF-89B8F58D0E2C</referedAttribute>
<useDomainConstraints>false</useDomainConstraints>
<use>1</use>
<logicalDatatype>LOGDT011</logicalDatatype>
<ownDataTypeParameters>,,</ownDataTypeParameters>
</Attribute>
<Attribute name="property_id" id="4FB9C687-9229-A055-F6CF-B096DA3E3FD2">
<createdBy>admin</createdBy>
<createdTime>2015-10-30 15:52:52 UTC</createdTime>
<generatorID>548DAA53-54D6-500D-4ED2-A9AA554BC099</generatorID>
<ownerDesignName>05_models_and_serial_numbers</ownerDesignName>
<engineerTo>
<item key="D8B44C16-93F2-710C-3DD7-D01D5620A0D2" value="true"/>
</engineerTo>
<referedAttribute>6CA1D7DE-59FA-1F29-B012-43975169DA8D</referedAttribute>
<useDomainConstraints>false</useDomainConstraints>
<use>1</use>
<logicalDatatype>LOGDT011</logicalDatatype>
<ownDataTypeParameters>,,</ownDataTypeParameters>
</Attribute>
<Attribute name="enter_date" id="EA5E0ECB-B25C-F0C8-9AA6-35C76B146577">
<createdBy>admin</createdBy>
<createdTime>2015-10-30 16:25:17 UTC</createdTime>
<ownerDesignName>05_models_and_serial_numbers</ownerDesignName>
<engineerTo>
<item key="D8B44C16-93F2-710C-3DD7-D01D5620A0D2" value="true"/>
</engineerTo>
<useDomainConstraints>false</useDomainConstraints>
<use>1</use>
<logicalDatatype>LOGDT007</logicalDatatype>
<ownDataTypeParameters>,,</ownDataTypeParameters>
</Attribute>
<Attribute name="comments" id="ACA0E38F-4132-A36D-18E7-3EE6808CCBD9">
<createdBy>admin</createdBy>
<createdTime>2015-10-30 16:23:04 UTC</createdTime>
<ownerDesignName>05_models_and_serial_numbers</ownerDesignName>
<engineerTo>
<item key="D8B44C16-93F2-710C-3DD7-D01D5620A0D2" value="true"/>
</engineerTo>
<nullsAllowed>true</nullsAllowed>
<useDomainConstraints>false</useDomainConstraints>
<use>1</use>
<logicalDatatype>LOGDT037</logicalDatatype>
<dataTypeSize>50</dataTypeSize>
<ownDataTypeParameters>50,,</ownDataTypeParameters>
</Attribute>
<Attribute name="discard_date" id="988BB0B1-BAEB-9376-4CD7-FE37A2FB4D3D">
<createdBy>admin</createdBy>
<createdTime>2015-10-30 16:25:47 UTC</createdTime>
<ownerDesignName>05_models_and_serial_numbers</ownerDesignName>
<engineerTo>
<item key="D8B44C16-93F2-710C-3DD7-D01D5620A0D2" value="true"/>
</engineerTo>
<nullsAllowed>true</nullsAllowed>
<useDomainConstraints>false</useDomainConstraints>
<use>1</use>
<logicalDatatype>LOGDT007</logicalDatatype>
<ownDataTypeParameters>,,</ownDataTypeParameters>
</Attribute>
</attributes>
<identifiers itemClass="oracle.dbtools.crest.model.design.logical.CandidateKey">
<identifier id="51066801-0E76-BB61-4A93-FFB26EF77F44" name="product_description PK">
<createdBy>admin</createdBy>
<createdTime>2015-10-30 15:52:28 UTC</createdTime>
<ownerDesignName>05_models_and_serial_numbers</ownerDesignName>
<engineerTo>
<item key="D8B44C16-93F2-710C-3DD7-D01D5620A0D2" value="true"/>
</engineerTo>
<pk>true</pk>
<usedAttributes>
<attributeRef>E531E7BE-ABE2-3FCB-0D2F-93875813310B</attributeRef>
<attributeRef>4FB9C687-9229-A055-F6CF-B096DA3E3FD2</attributeRef>
</usedAttributes>
</identifier>
</identifiers>
</Entity>