<?xml version = '1.0' encoding = 'UTF-8'?>
<Entity class="oracle.dbtools.crest.model.design.logical.Entity" directorySegmentName="seg_0" id="DC1E692A-547E-4E0B-24A8-2E48B1483176" name="inv_unidentif_prod">
<createdBy>admin</createdBy>
<createdTime>2015-11-09 07:00:08 UTC</createdTime>
<ownerDesignName>05_models_and_serial_numbers</ownerDesignName>
<engineerTo>
<item key="D8B44C16-93F2-710C-3DD7-D01D5620A0D2" value="true"/>
</engineerTo>
<adequatelyNormalized>NO</adequatelyNormalized>
<expectedVolumes>0</expectedVolumes>
<fwdEngineeringStrategyName>Single Table</fwdEngineeringStrategyName>
<growthPercent>0</growthPercent>
<growthType>Year</growthType>
<maxVolumes>9999999</maxVolumes>
<minVolumes>0</minVolumes>
<normalForm>Third</normalForm>
<preferredAbbreviation>inv_unidentif_prods</preferredAbbreviation>
<attributes itemClass="oracle.dbtools.crest.model.design.logical.Attribute">
<Attribute name="invoice_row" id="ADB72140-1936-A035-6C50-23C87B46573C">
<createdBy>admin</createdBy>
<createdTime>2015-11-09 07:00:38 UTC</createdTime>
<ownerDesignName>05_models_and_serial_numbers</ownerDesignName>
<engineerTo>
<item key="D8B44C16-93F2-710C-3DD7-D01D5620A0D2" value="true"/>
</engineerTo>
<useDomainConstraints>false</useDomainConstraints>
<use>1</use>
<logicalDatatype>LOGDT011</logicalDatatype>
<ownDataTypeParameters>,,</ownDataTypeParameters>
</Attribute>
<Attribute name="delivered_quantity" id="A4FC8458-B190-A84A-4941-E5AA913ABCEA">
<createdBy>admin</createdBy>
<createdTime>2015-11-09 07:01:02 UTC</createdTime>
<ownerDesignName>05_models_and_serial_numbers</ownerDesignName>
<engineerTo>
<item key="D8B44C16-93F2-710C-3DD7-D01D5620A0D2" value="true"/>
</engineerTo>
<useDomainConstraints>false</useDomainConstraints>
<use>1</use>
<logicalDatatype>LOGDT019</logicalDatatype>
<dataTypePrecision>9</dataTypePrecision>
<dataTypeScale>3</dataTypeScale>
<ownDataTypeParameters>,9,3</ownDataTypeParameters>
</Attribute>
<Attribute name="invoice_id" id="3899269D-71F7-5EB2-225A-460B4AC9C9A1">
<createdBy>admin</createdBy>
<createdTime>2015-11-09 07:05:13 UTC</createdTime>
<generatorID>CFB5091B-08D1-50CA-3821-2B399E0B498F</generatorID>
<ownerDesignName>05_models_and_serial_numbers</ownerDesignName>
<engineerTo>
<item key="D8B44C16-93F2-710C-3DD7-D01D5620A0D2" value="true"/>
</engineerTo>
<referedAttribute>7248A6B1-BD16-FE9A-2314-85F7B15CEDB8</referedAttribute>
<useDomainConstraints>false</useDomainConstraints>
<use>1</use>
<logicalDatatype>LOGDT011</logicalDatatype>
<ownDataTypeParameters>,,</ownDataTypeParameters>
</Attribute>
<Attribute name="prod_id" id="581F0E3E-71C6-2E25-70F6-16AB21993194">
<createdBy>admin</createdBy>
<createdTime>2015-11-09 07:08:39 UTC</createdTime>
<generatorID>BA31A1BC-C755-74EC-9EBE-378D389A7F1C</generatorID>
<ownerDesignName>05_models_and_serial_numbers</ownerDesignName>
<engineerTo>
<item key="D8B44C16-93F2-710C-3DD7-D01D5620A0D2" value="true"/>
</engineerTo>
<referedAttribute>7F934447-4C2B-E8DA-3DDF-89B8F58D0E2C</referedAttribute>
<useDomainConstraints>false</useDomainConstraints>
<use>1</use>
<logicalDatatype>LOGDT011</logicalDatatype>
<ownDataTypeParameters>,,</ownDataTypeParameters>
</Attribute>
</attributes>
<identifiers itemClass="oracle.dbtools.crest.model.design.logical.CandidateKey">
<identifier id="7DA8F91C-AC4C-6098-D9CB-EE0B87911DF8" name="inv_unidentif_prod PK">
<createdBy>admin</createdBy>
<createdTime>2015-11-09 07:00:55 UTC</createdTime>
<ownerDesignName>05_models_and_serial_numbers</ownerDesignName>
<engineerTo>
<item key="D8B44C16-93F2-710C-3DD7-D01D5620A0D2" value="true"/>
</engineerTo>
<pk>true</pk>
<usedAttributes>
<attributeRef>ADB72140-1936-A035-6C50-23C87B46573C</attributeRef>
<attributeRef>3899269D-71F7-5EB2-225A-460B4AC9C9A1</attributeRef>
</usedAttributes>
</identifier>
</identifiers>
</Entity>