<?xml version = '1.0' encoding = 'UTF-8'?>
<Entity class="oracle.dbtools.crest.model.design.logical.Entity" directorySegmentName="seg_0" id="F5A42B6E-0F4A-204B-E863-FA2EC91CCD0E" name="group_description">
<createdBy>admin</createdBy>
<createdTime>2015-10-30 15:40:31 UTC</createdTime>
<ownerDesignName>05_models_and_serial_numbers</ownerDesignName>
<engineerTo>
<item key="D8B44C16-93F2-710C-3DD7-D01D5620A0D2" value="true"/>
</engineerTo>
<adequatelyNormalized>NO</adequatelyNormalized>
<expectedVolumes>0</expectedVolumes>
<fwdEngineeringStrategyName>Single Table</fwdEngineeringStrategyName>
<growthPercent>0</growthPercent>
<growthType>Year</growthType>
<maxVolumes>9999999</maxVolumes>
<minVolumes>0</minVolumes>
<normalForm>Third</normalForm>
<preferredAbbreviation>groups_description</preferredAbbreviation>
<attributes itemClass="oracle.dbtools.crest.model.design.logical.Attribute">
<Attribute name="group_name" id="AE8C9E48-E322-2715-727D-27FB23A633F0">
<createdBy>admin</createdBy>
<createdTime>2015-10-30 15:41:32 UTC</createdTime>
<generatorID>FADAB7FD-5DF3-394E-58EA-3ED875877EB7</generatorID>
<ownerDesignName>05_models_and_serial_numbers</ownerDesignName>
<engineerTo>
<item key="D8B44C16-93F2-710C-3DD7-D01D5620A0D2" value="true"/>
</engineerTo>
<referedAttribute>1762E63D-7844-6487-C08B-4BCF73B819E8</referedAttribute>
<useDomainConstraints>false</useDomainConstraints>
<use>1</use>
<logicalDatatype>LOGDT037</logicalDatatype>
<dataTypeSize>50</dataTypeSize>
<ownDataTypeParameters>50,,</ownDataTypeParameters>
</Attribute>
<Attribute name="property_id" id="1CC60A19-B853-6403-199B-A70BE6FDA21C">
<createdBy>admin</createdBy>
<createdTime>2015-10-30 15:41:53 UTC</createdTime>
<generatorID>36C9882B-E622-3248-848F-63569AD8D246</generatorID>
<ownerDesignName>05_models_and_serial_numbers</ownerDesignName>
<engineerTo>
<item key="D8B44C16-93F2-710C-3DD7-D01D5620A0D2" value="true"/>
</engineerTo>
<referedAttribute>6CA1D7DE-59FA-1F29-B012-43975169DA8D</referedAttribute>
<useDomainConstraints>false</useDomainConstraints>
<use>1</use>
<logicalDatatype>LOGDT011</logicalDatatype>
<ownDataTypeParameters>,,</ownDataTypeParameters>
</Attribute>
<Attribute name="compulsory_or_not" id="2ADA2F0A-38D3-870B-1860-C407C3E80E9B">
<createdBy>admin</createdBy>
<createdTime>2015-10-30 15:42:12 UTC</createdTime>
<comment>it is compulsory or not (optional or other case) to specify current property for current group</comment>
<ownerDesignName>05_models_and_serial_numbers</ownerDesignName>
<engineerTo>
<item key="D8B44C16-93F2-710C-3DD7-D01D5620A0D2" value="true"/>
</engineerTo>
<useDomainConstraints>false</useDomainConstraints>
<use>1</use>
<logicalDatatype>LOGDT024</logicalDatatype>
<dataTypeSize>20</dataTypeSize>
<ownDataTypeParameters>20,,</ownDataTypeParameters>
</Attribute>
<Attribute name="defaulf_value" id="D6F392E8-3F18-73DC-C6A7-B3726AD2B785">
<createdBy>admin</createdBy>
<createdTime>2015-10-30 15:47:29 UTC</createdTime>
<ownerDesignName>05_models_and_serial_numbers</ownerDesignName>
<engineerTo>
<item key="D8B44C16-93F2-710C-3DD7-D01D5620A0D2" value="true"/>
</engineerTo>
<nullsAllowed>true</nullsAllowed>
<useDomainConstraints>false</useDomainConstraints>
<use>1</use>
<logicalDatatype>LOGDT037</logicalDatatype>
<dataTypeSize>30</dataTypeSize>
<ownDataTypeParameters>30,,</ownDataTypeParameters>
</Attribute>
<Attribute name="min_accepted_value" id="9B3C6B49-EF46-DD00-485E-186D52787F1A">
<createdBy>admin</createdBy>
<createdTime>2015-10-30 15:47:44 UTC</createdTime>
<ownerDesignName>05_models_and_serial_numbers</ownerDesignName>
<engineerTo>
<item key="D8B44C16-93F2-710C-3DD7-D01D5620A0D2" value="true"/>
</engineerTo>
<nullsAllowed>true</nullsAllowed>
<useDomainConstraints>false</useDomainConstraints>
<use>1</use>
<logicalDatatype>LOGDT037</logicalDatatype>
<dataTypeSize>30</dataTypeSize>
<ownDataTypeParameters>30,,</ownDataTypeParameters>
</Attribute>
<Attribute name="max_accepted_value" id="0CE5858F-B37B-4E4E-294D-F5A62DC25230">
<createdBy>admin</createdBy>
<createdTime>2015-10-30 15:48:01 UTC</createdTime>
<ownerDesignName>05_models_and_serial_numbers</ownerDesignName>
<engineerTo>
<item key="D8B44C16-93F2-710C-3DD7-D01D5620A0D2" value="true"/>
</engineerTo>
<nullsAllowed>true</nullsAllowed>
<useDomainConstraints>false</useDomainConstraints>
<use>1</use>
<logicalDatatype>LOGDT037</logicalDatatype>
<dataTypeSize>20</dataTypeSize>
<ownDataTypeParameters>20,,</ownDataTypeParameters>
</Attribute>
</attributes>
<identifiers itemClass="oracle.dbtools.crest.model.design.logical.CandidateKey">
<identifier id="9ED9037D-1985-9BC4-095B-9CF11D684419" name="group_description PK">
<createdBy>admin</createdBy>
<createdTime>2015-10-30 15:41:26 UTC</createdTime>
<ownerDesignName>05_models_and_serial_numbers</ownerDesignName>
<engineerTo>
<item key="D8B44C16-93F2-710C-3DD7-D01D5620A0D2" value="true"/>
</engineerTo>
<pk>true</pk>
<usedAttributes>
<attributeRef>AE8C9E48-E322-2715-727D-27FB23A633F0</attributeRef>
<attributeRef>1CC60A19-B853-6403-199B-A70BE6FDA21C</attributeRef>
</usedAttributes>
</identifier>
</identifiers>
</Entity>