<?xml version = '1.0' encoding = 'UTF-8'?>
<Entity class="oracle.dbtools.crest.model.design.logical.Entity" directorySegmentName="seg_0" id="F6949211-9D37-77D6-09F9-08C7F5A3956D" name="order_detail">
<createdBy>admin</createdBy>
<createdTime>2015-11-09 06:52:21 UTC</createdTime>
<ownerDesignName>05_models_and_serial_numbers</ownerDesignName>
<engineerTo>
<item key="D8B44C16-93F2-710C-3DD7-D01D5620A0D2" value="true"/>
</engineerTo>
<adequatelyNormalized>NO</adequatelyNormalized>
<expectedVolumes>0</expectedVolumes>
<fwdEngineeringStrategyName>Single Table</fwdEngineeringStrategyName>
<growthPercent>0</growthPercent>
<growthType>Year</growthType>
<maxVolumes>9999999</maxVolumes>
<minVolumes>0</minVolumes>
<normalForm>Third</normalForm>
<preferredAbbreviation>order_details</preferredAbbreviation>
<attributes itemClass="oracle.dbtools.crest.model.design.logical.Attribute">
<Attribute name="order_id" id="CC6DF9ED-203D-790A-AB70-6A91DB9383D5">
<createdBy>admin</createdBy>
<createdTime>2015-11-09 06:53:20 UTC</createdTime>
<generatorID>A81C4CD6-14E3-3CF7-86BB-592B57E01C24</generatorID>
<ownerDesignName>05_models_and_serial_numbers</ownerDesignName>
<engineerTo>
<item key="D8B44C16-93F2-710C-3DD7-D01D5620A0D2" value="true"/>
</engineerTo>
<referedAttribute>E074D2C6-8E79-0BEB-C034-DFB3B262973B</referedAttribute>
<useDomainConstraints>false</useDomainConstraints>
<use>1</use>
<logicalDatatype>LOGDT011</logicalDatatype>
<ownDataTypeParameters>,,</ownDataTypeParameters>
</Attribute>
<Attribute name="prod_id" id="0C47C9D1-8E12-2FB6-D304-9901638A44C0">
<createdBy>admin</createdBy>
<createdTime>2015-11-09 06:53:39 UTC</createdTime>
<generatorID>3CCB97B3-D252-E683-441C-4BA186AF50D6</generatorID>
<ownerDesignName>05_models_and_serial_numbers</ownerDesignName>
<engineerTo>
<item key="D8B44C16-93F2-710C-3DD7-D01D5620A0D2" value="true"/>
</engineerTo>
<referedAttribute>7F934447-4C2B-E8DA-3DDF-89B8F58D0E2C</referedAttribute>
<useDomainConstraints>false</useDomainConstraints>
<use>1</use>
<logicalDatatype>LOGDT011</logicalDatatype>
<ownDataTypeParameters>,,</ownDataTypeParameters>
</Attribute>
<Attribute name="ordered_quantity" id="A72863D6-7654-167E-DA59-C689EE76C3EE">
<createdBy>admin</createdBy>
<createdTime>2015-11-09 06:53:56 UTC</createdTime>
<ownerDesignName>05_models_and_serial_numbers</ownerDesignName>
<engineerTo>
<item key="D8B44C16-93F2-710C-3DD7-D01D5620A0D2" value="true"/>
</engineerTo>
<useDomainConstraints>false</useDomainConstraints>
<use>1</use>
<logicalDatatype>LOGDT019</logicalDatatype>
<dataTypePrecision>9</dataTypePrecision>
<dataTypeScale>3</dataTypeScale>
<ownDataTypeParameters>,9,3</ownDataTypeParameters>
</Attribute>
<Attribute name="unit_price" id="81794B00-DDB0-4CF4-3EBE-3FB23E44AC56">
<createdBy>admin</createdBy>
<createdTime>2015-11-09 06:54:23 UTC</createdTime>
<ownerDesignName>05_models_and_serial_numbers</ownerDesignName>
<engineerTo>
<item key="D8B44C16-93F2-710C-3DD7-D01D5620A0D2" value="true"/>
</engineerTo>
<useDomainConstraints>false</useDomainConstraints>
<use>1</use>
<logicalDatatype>LOGDT019</logicalDatatype>
<dataTypePrecision>9</dataTypePrecision>
<dataTypeScale>2</dataTypeScale>
<ownDataTypeParameters>,9,2</ownDataTypeParameters>
</Attribute>
<Attribute name="item_discount" id="84FF10A8-38BC-5097-F07C-FD273CAD9142">
<createdBy>admin</createdBy>
<createdTime>2015-11-09 06:54:39 UTC</createdTime>
<ownerDesignName>05_models_and_serial_numbers</ownerDesignName>
<engineerTo>
<item key="D8B44C16-93F2-710C-3DD7-D01D5620A0D2" value="true"/>
</engineerTo>
<nullsAllowed>true</nullsAllowed>
<useDomainConstraints>false</useDomainConstraints>
<use>1</use>
<logicalDatatype>LOGDT019</logicalDatatype>
<dataTypePrecision>9</dataTypePrecision>
<dataTypeScale>2</dataTypeScale>
<ownDataTypeParameters>,9,2</ownDataTypeParameters>
</Attribute>
</attributes>
<identifiers itemClass="oracle.dbtools.crest.model.design.logical.CandidateKey">
<identifier id="D95C68FC-FEB9-CB37-5F64-D4FD76259F03" name="order_detail PK">
<createdBy>admin</createdBy>
<createdTime>2015-11-09 06:53:20 UTC</createdTime>
<ownerDesignName>05_models_and_serial_numbers</ownerDesignName>
<engineerTo>
<item key="D8B44C16-93F2-710C-3DD7-D01D5620A0D2" value="true"/>
</engineerTo>
<pk>true</pk>
<usedAttributes>
<attributeRef>CC6DF9ED-203D-790A-AB70-6A91DB9383D5</attributeRef>
<attributeRef>0C47C9D1-8E12-2FB6-D304-9901638A44C0</attributeRef>
</usedAttributes>
</identifier>
</identifiers>
</Entity>