<?xml version = '1.0' encoding = 'UTF-8'?>
<FKIndexAssociation class="oracle.dbtools.crest.model.design.relational.FKIndexAssociation" directorySegmentName="seg_0" id="18FE106E-1473-FA72-0C43-71F8D4B4C2EA" containerWithKeyObject="BEEF6E8B-1678-FC94-6009-5F939E25BA95" localFKIndex="7321705C-D3A8-B955-F4B8-1BEEA35B4284" name="invoices_customers_FK">
<createdBy>admin</createdBy>
<createdTime>2015-10-27 07:24:10 UTC</createdTime>
<generatorID>3887E4B0-99D7-4D22-8E5D-DB276E64F678</generatorID>
<ownerDesignName>sales_1_solution_1</ownerDesignName>
<deleteRule>NO ACTION</deleteRule>
<referredTableID>3EF7D23A-1C42-6C72-032B-4F8F763804FE</referredTableID>
<keyObject>0C0B36FC-4C7A-3FBE-DEC8-7DCB6009009F</keyObject>
<referredKeyID>0C0B36FC-4C7A-3FBE-DEC8-7DCB6009009F</referredKeyID>
<mandatory>true</mandatory>
<transferable>true</transferable>
<rely>false</rely>
<columnDependencyConstraintGenerateInDDL>true</columnDependencyConstraintGenerateInDDL>
</FKIndexAssociation>