<?xml version = '1.0' encoding = 'UTF-8'?>
<FKIndexAssociation class="oracle.dbtools.crest.model.design.relational.FKIndexAssociation" directorySegmentName="seg_0" id="1B3B75F9-E9CC-29B6-36E7-5C4AFFF38C1E" containerWithKeyObject="E1D654B8-0A52-2FF9-5D6D-8F6D6A08A997" localFKIndex="C18B1921-C228-EC85-BDDB-1A100D7B4E2E" name="receipt_details_receipts_FK">
<createdBy>admin</createdBy>
<createdTime>2015-10-27 07:24:10 UTC</createdTime>
<generatorID>3DC8AEB8-57D3-AFB7-FCE8-7F08DCC93164</generatorID>
<ownerDesignName>sales_1_solution_1</ownerDesignName>
<deleteRule>NO ACTION</deleteRule>
<referredTableID>044BD808-410D-DF63-8B4F-D3A53E2BD86A</referredTableID>
<keyObject>B6A80D84-6FED-3A93-A314-15303445671F</keyObject>
<referredKeyID>B6A80D84-6FED-3A93-A314-15303445671F</referredKeyID>
<mandatory>true</mandatory>
<transferable>true</transferable>
<rely>false</rely>
<columnDependencyConstraintGenerateInDDL>true</columnDependencyConstraintGenerateInDDL>
</FKIndexAssociation>