<?xml version = '1.0' encoding = 'UTF-8'?>
<FKIndexAssociation class="oracle.dbtools.crest.model.design.relational.FKIndexAssociation" directorySegmentName="seg_0" id="1E22E82D-CE67-3020-521F-1AC4D12A4E88" containerWithKeyObject="E601E9D6-94E7-9D48-BA68-AE834CA36F7F" localFKIndex="809A2BAE-9D8C-E84F-9A4E-C531677BCFC2" name="products_vat_history_products_FK">
<createdBy>admin</createdBy>
<createdTime>2015-10-27 07:24:10 UTC</createdTime>
<generatorID>2B997CC7-A67E-6EE0-4A82-7200798CD0AD</generatorID>
<ownerDesignName>sales_1_solution_1</ownerDesignName>
<deleteRule>NO ACTION</deleteRule>
<referredTableID>284E8E84-33DD-9FC3-477B-A9B92A4F8600</referredTableID>
<keyObject>FF3AECDC-54E6-89DF-18FD-D795AF5669CE</keyObject>
<referredKeyID>FF3AECDC-54E6-89DF-18FD-D795AF5669CE</referredKeyID>
<mandatory>true</mandatory>
<transferable>true</transferable>
<rely>false</rely>
<columnDependencyConstraintGenerateInDDL>true</columnDependencyConstraintGenerateInDDL>
</FKIndexAssociation>