<?xml version = '1.0' encoding = 'UTF-8'?>
<FKIndexAssociation class="oracle.dbtools.crest.model.design.relational.FKIndexAssociation" directorySegmentName="seg_0" id="34A0B267-EC47-4BEA-C826-B4DF7B291DA2" containerWithKeyObject="DB4C276D-F357-0A90-B73B-6F2182AE0671" localFKIndex="9E74A614-EB01-FC7A-3A29-CD996346E608" name="invoice_details_invoices_FK">
<createdBy>admin</createdBy>
<createdTime>2015-10-27 07:24:10 UTC</createdTime>
<generatorID>FDA6341C-BE50-5CE3-3821-644B4FD1FDCC</generatorID>
<ownerDesignName>sales_1_solution_1</ownerDesignName>
<deleteRule>NO ACTION</deleteRule>
<referredTableID>BEEF6E8B-1678-FC94-6009-5F939E25BA95</referredTableID>
<keyObject>D9A732A1-E557-895A-3D04-CD85AB9D4B86</keyObject>
<referredKeyID>D9A732A1-E557-895A-3D04-CD85AB9D4B86</referredKeyID>
<mandatory>true</mandatory>
<transferable>true</transferable>
<rely>false</rely>
<columnDependencyConstraintGenerateInDDL>true</columnDependencyConstraintGenerateInDDL>
</FKIndexAssociation>