<?xml version = '1.0' encoding = 'UTF-8'?>
<FKIndexAssociation class="oracle.dbtools.crest.model.design.relational.FKIndexAssociation" directorySegmentName="seg_0" id="4399EDF7-5EE6-D554-4AEE-FEA668444E41" containerWithKeyObject="09ECC3CD-A878-66E2-40B9-CD81A7D750FF" localFKIndex="CDE17F83-C307-3CEF-BFE5-3510FDD555EF" name="contacts_customers_FK">
<createdBy>admin</createdBy>
<createdTime>2015-10-27 07:24:10 UTC</createdTime>
<generatorID>C8A70461-C856-4D8C-9F97-C9F252DDEE62</generatorID>
<ownerDesignName>sales_1_solution_1</ownerDesignName>
<deleteRule>NO ACTION</deleteRule>
<referredTableID>3EF7D23A-1C42-6C72-032B-4F8F763804FE</referredTableID>
<keyObject>0C0B36FC-4C7A-3FBE-DEC8-7DCB6009009F</keyObject>
<referredKeyID>0C0B36FC-4C7A-3FBE-DEC8-7DCB6009009F</referredKeyID>
<mandatory>true</mandatory>
<transferable>true</transferable>
<rely>false</rely>
<columnDependencyConstraintGenerateInDDL>true</columnDependencyConstraintGenerateInDDL>
</FKIndexAssociation>