<?xml version = '1.0' encoding = 'UTF-8'?>
<FKIndexAssociation class="oracle.dbtools.crest.model.design.relational.FKIndexAssociation" directorySegmentName="seg_0" id="5BA12D5C-30AF-233C-F281-C3C7335EB374" containerWithKeyObject="3B2EF651-E022-DD21-B462-64C39DEA1687" localFKIndex="4C360EC1-C5E0-E976-CE1D-6872B573EB2B" name="people_postal_codes_FK">
<createdBy>admin</createdBy>
<createdTime>2015-10-27 07:24:10 UTC</createdTime>
<generatorID>8C1FC7B8-6660-31CC-55EE-8BE19F7D8F4F</generatorID>
<ownerDesignName>sales_1_solution_1</ownerDesignName>
<deleteRule>NO ACTION</deleteRule>
<referredTableID>FF0E9139-72C9-EF95-0DA0-729492A97534</referredTableID>
<keyObject>84CD361F-126E-8A28-D8D3-7FBA2F039562</keyObject>
<referredKeyID>84CD361F-126E-8A28-D8D3-7FBA2F039562</referredKeyID>
<mandatory>false</mandatory>
<transferable>true</transferable>
<rely>false</rely>
<columnDependencyConstraintGenerateInDDL>true</columnDependencyConstraintGenerateInDDL>
</FKIndexAssociation>