<?xml version = '1.0' encoding = 'UTF-8'?>
<FKIndexAssociation class="oracle.dbtools.crest.model.design.relational.FKIndexAssociation" directorySegmentName="seg_0" id="877749E1-3F65-099F-49D7-EA8E807FBB9F" containerWithKeyObject="FF0E9139-72C9-EF95-0DA0-729492A97534" localFKIndex="B255241E-226C-9421-1C73-8424226802D6" name="postal_codes_counties_FK">
<createdBy>admin</createdBy>
<createdTime>2015-10-27 07:24:10 UTC</createdTime>
<generatorID>D42DE3C4-CE63-CA76-6A11-59ADAADC375E</generatorID>
<ownerDesignName>sales_1_solution_1</ownerDesignName>
<deleteRule>NO ACTION</deleteRule>
<referredTableID>DF140510-3573-012B-F077-9E05C2F2B7B8</referredTableID>
<keyObject>B40877FC-A075-C68A-3BE4-61D40A8A013D</keyObject>
<referredKeyID>B40877FC-A075-C68A-3BE4-61D40A8A013D</referredKeyID>
<mandatory>true</mandatory>
<transferable>true</transferable>
<rely>false</rely>
<columnDependencyConstraintGenerateInDDL>true</columnDependencyConstraintGenerateInDDL>
</FKIndexAssociation>