<?xml version = '1.0' encoding = 'UTF-8'?>
<FKIndexAssociation class="oracle.dbtools.crest.model.design.relational.FKIndexAssociation" directorySegmentName="seg_0" id="A299B011-E66A-E515-9E53-6226553CF9E7" containerWithKeyObject="3EF7D23A-1C42-6C72-032B-4F8F763804FE" localFKIndex="9E533AAA-FBD9-4DF7-375B-DE62B6C56030" name="customers_postal_codes_FK">
<createdBy>admin</createdBy>
<createdTime>2015-10-27 07:24:10 UTC</createdTime>
<generatorID>041CAC65-CEE4-CBF4-1D2E-12DF8E5B7D4E</generatorID>
<ownerDesignName>sales_1_solution_1</ownerDesignName>
<deleteRule>NO ACTION</deleteRule>
<referredTableID>FF0E9139-72C9-EF95-0DA0-729492A97534</referredTableID>
<keyObject>84CD361F-126E-8A28-D8D3-7FBA2F039562</keyObject>
<referredKeyID>84CD361F-126E-8A28-D8D3-7FBA2F039562</referredKeyID>
<mandatory>true</mandatory>
<transferable>true</transferable>
<rely>false</rely>
<columnDependencyConstraintGenerateInDDL>true</columnDependencyConstraintGenerateInDDL>
</FKIndexAssociation>