<?xml version = '1.0' encoding = 'UTF-8'?>
<FKIndexAssociation class="oracle.dbtools.crest.model.design.relational.FKIndexAssociation" directorySegmentName="seg_0" id="A60FDC33-5E5A-2828-9B85-861A3D7DA8F5" containerWithKeyObject="E1D654B8-0A52-2FF9-5D6D-8F6D6A08A997" localFKIndex="92DFCCD8-2DE6-8E38-001F-E510387E8F26" name="receipt_details_invoices_FK">
<createdBy>admin</createdBy>
<createdTime>2015-10-27 07:24:10 UTC</createdTime>
<generatorID>BFF71C8D-60AE-DDB3-E312-B35FE343EFE9</generatorID>
<ownerDesignName>sales_1_solution_1</ownerDesignName>
<deleteRule>NO ACTION</deleteRule>
<referredTableID>BEEF6E8B-1678-FC94-6009-5F939E25BA95</referredTableID>
<keyObject>D9A732A1-E557-895A-3D04-CD85AB9D4B86</keyObject>
<referredKeyID>D9A732A1-E557-895A-3D04-CD85AB9D4B86</referredKeyID>
<mandatory>true</mandatory>
<transferable>true</transferable>
<rely>false</rely>
<columnDependencyConstraintGenerateInDDL>true</columnDependencyConstraintGenerateInDDL>
</FKIndexAssociation>