<?xml version = '1.0' encoding = 'UTF-8'?>
<FKIndexAssociation class="oracle.dbtools.crest.model.design.relational.FKIndexAssociation" directorySegmentName="seg_0" id="EF5D2FEB-79F1-2B5D-B021-380693F1CA0C" containerWithKeyObject="DB4C276D-F357-0A90-B73B-6F2182AE0671" localFKIndex="CA904893-12F1-769E-DB20-AB1E80979323" name="invoice_details_products_FK">
<createdBy>admin</createdBy>
<createdTime>2015-10-27 07:24:10 UTC</createdTime>
<generatorID>A29855C0-B8E0-9AB1-939F-006BD29DD707</generatorID>
<ownerDesignName>sales_1_solution_1</ownerDesignName>
<deleteRule>NO ACTION</deleteRule>
<referredTableID>284E8E84-33DD-9FC3-477B-A9B92A4F8600</referredTableID>
<keyObject>ECBAF59E-2ADC-A1F2-4ABB-D464CCDE622A</keyObject>
<referredKeyID>ECBAF59E-2ADC-A1F2-4ABB-D464CCDE622A</referredKeyID>
<mandatory>true</mandatory>
<transferable>true</transferable>
<rely>false</rely>
<columnDependencyConstraintGenerateInDDL>true</columnDependencyConstraintGenerateInDDL>
</FKIndexAssociation>