<?xml version = '1.0' encoding = 'UTF-8'?>
<FKIndexAssociation class="oracle.dbtools.crest.model.design.relational.FKIndexAssociation" directorySegmentName="seg_0" id="FE0311E7-318D-970D-DDAE-8AB228D597B0" containerWithKeyObject="09ECC3CD-A878-66E2-40B9-CD81A7D750FF" localFKIndex="C291F936-467A-0743-C171-2E0456B29F2C" name="contacts_people_FK">
<createdBy>admin</createdBy>
<createdTime>2015-10-27 07:24:10 UTC</createdTime>
<generatorID>6F42A286-0894-7836-2315-203EE65990C9</generatorID>
<ownerDesignName>sales_1_solution_1</ownerDesignName>
<deleteRule>NO ACTION</deleteRule>
<referredTableID>3B2EF651-E022-DD21-B462-64C39DEA1687</referredTableID>
<keyObject>A6F34F30-4162-AC12-2F69-3BC27019F749</keyObject>
<referredKeyID>A6F34F30-4162-AC12-2F69-3BC27019F749</referredKeyID>
<mandatory>true</mandatory>
<transferable>true</transferable>
<rely>false</rely>
<columnDependencyConstraintGenerateInDDL>true</columnDependencyConstraintGenerateInDDL>
</FKIndexAssociation>