<?xml version = '1.0' encoding = 'UTF-8'?>
<Diagram class="oracle.dbtools.crest.swingui.relational.DPVRelational" name="Relational_1" id="4CB9C1EF-27F8-134B-12B2-405EAC29B333">
<createdBy>Marin F</createdBy>
<modifiedBy>admin</modifiedBy>
<createdTime>2011-08-27 07:31:58 UTC</createdTime>
<autoRoute>false</autoRoute>
<boxInbox>true</boxInbox>
<showLegend>false</showLegend>
<showLabels>false</showLabels>
<showRelAttributes>false</showRelAttributes>
<gridEnabled>false</gridEnabled>
<showGrid>false</showGrid>
<diagramColor>-1</diagramColor>
<display>false</display>
<notation>1</notation>
<objectViews>
<OView class="oracle.dbtools.crest.swingui.relational.TVTable" oid="0047B65F-DD8A-3F7C-4D83-823AD5D2CF5A" otype="Table" vid="7DF1E5C3-A07B-16E5-7900-C3374462F4E5">
<hideElementsInCurrentOnly>false</hideElementsInCurrentOnly>
<bounds x="448" y="8" width="104" height="45"/>
</OView>
<OView class="oracle.dbtools.crest.swingui.relational.TVTable" oid="00A037BA-AD7E-C531-1588-1A40CAF0D4BE" otype="Table" vid="B91E2415-99C9-1CD1-CA7B-66F50451871A">
<hideElementsInCurrentOnly>false</hideElementsInCurrentOnly>
<bounds x="725" y="580" width="126" height="46"/>
</OView>
<OView class="oracle.dbtools.crest.swingui.relational.TVTable" oid="126168C2-EB38-5117-435D-188C872D43B3" otype="Table" vid="4FD127F9-DB85-47AC-EECF-A5875FA1D18B">
<hideElementsInCurrentOnly>false</hideElementsInCurrentOnly>
<bounds x="591" y="239" width="158" height="117"/>
</OView>
<OView class="oracle.dbtools.crest.swingui.relational.TVTable" oid="1A0BABC6-DA4D-F78C-045D-53799D47E5FC" otype="Table" vid="0B3547BE-9758-9579-5E7E-4BB41C5889E9">
<hideElementsInCurrentOnly>false</hideElementsInCurrentOnly>
<bounds x="577" y="402" width="130" height="40"/>
</OView>
<OView class="oracle.dbtools.crest.swingui.relational.TVTable" oid="20E40DB1-23D7-4D29-3392-30F5F1B882B9" otype="Table" vid="91437E91-4AE7-4E38-7CE4-0FFBD24DD408">
<hideElementsInCurrentOnly>false</hideElementsInCurrentOnly>
<bounds x="154" y="182" width="147" height="63"/>
</OView>
<OView class="oracle.dbtools.crest.swingui.relational.TVTable" oid="2D2B90C6-D0EB-9EB9-0A1F-44CF14BBECD0" otype="Table" vid="5B70A780-D510-FFEA-19C9-2A37709B2D6D">
<hideElementsInCurrentOnly>false</hideElementsInCurrentOnly>
<bounds x="459" y="111" width="128" height="137"/>
</OView>
<OView class="oracle.dbtools.crest.swingui.relational.TVTable" oid="39B2CB3D-B54A-8B5B-4D61-62EAC3F2F917" otype="Table" vid="C67EE600-B0B5-9E8E-D05E-AF4D3F380445">
<hideElementsInCurrentOnly>false</hideElementsInCurrentOnly>
<bounds x="2" y="586" width="129" height="46"/>
</OView>
<OView class="oracle.dbtools.crest.swingui.relational.TVTable" oid="58EA05EB-1583-70B6-A53B-9DF784D13AB3" otype="Table" vid="E04A9AA4-3410-E60C-9266-42A30E2A376A">
<hideElementsInCurrentOnly>false</hideElementsInCurrentOnly>
<bounds x="828" y="169" width="138" height="48"/>
</OView>
<OView class="oracle.dbtools.crest.swingui.relational.TVTable" oid="62CC133F-3B0A-6D56-B805-F92C422FE187" otype="Table" vid="CE85BFB7-CA16-20C9-15F9-16C0019270FD">
<hideElementsInCurrentOnly>false</hideElementsInCurrentOnly>
<bounds x="4" y="289" width="138" height="90"/>
</OView>
<OView class="oracle.dbtools.crest.swingui.relational.TVTable" oid="6496588B-B813-BB77-ADA7-24CDE54BA62A" otype="Table" vid="FCCBB47C-C6DF-1323-4582-0687A0FC81BF">
<hideElementsInCurrentOnly>false</hideElementsInCurrentOnly>
<bounds x="374" y="565" width="165" height="63"/>
</OView>
<OView class="oracle.dbtools.crest.swingui.relational.TVTable" oid="67E66D7D-484A-61B4-77F2-801A0C56C097" otype="Table" vid="6EE45114-C7A6-3125-ED43-9B86B2AEC51C">
<hideElementsInCurrentOnly>false</hideElementsInCurrentOnly>
<bounds x="935" y="291" width="107" height="49"/>
</OView>
<OView class="oracle.dbtools.crest.swingui.relational.TVTable" oid="8BA4A4E8-9E01-7BBD-9F3D-AB1F215BB28E" otype="Table" vid="90895EE9-9C32-2090-ED4B-902DEF676E6C">
<hideElementsInCurrentOnly>false</hideElementsInCurrentOnly>
<bounds x="768" y="270" width="119" height="114"/>
</OView>
<OView class="oracle.dbtools.crest.swingui.relational.TVTable" oid="9103726E-1A28-A894-8E92-57C559A8C2C7" otype="Table" vid="39B028BB-6DBD-05FF-423C-5AF555721748">
<hideElementsInCurrentOnly>false</hideElementsInCurrentOnly>
<bounds x="713" y="107" width="126" height="57"/>
</OView>
<OView class="oracle.dbtools.crest.swingui.relational.TVTable" oid="91AAC3F8-0105-0FF8-A5C4-84222110E2D6" otype="Table" vid="5CF70C42-A348-E300-D784-4E370DE2F5B8">
<hideElementsInCurrentOnly>false</hideElementsInCurrentOnly>
<bounds x="347" y="278" width="113" height="76"/>
</OView>
<OView class="oracle.dbtools.crest.swingui.relational.TVTable" oid="94887A13-99BB-5D4B-FA4C-366FA6D9977B" otype="Table" vid="36183A53-4689-5CE1-49CE-CBCCA89E0882">
<hideElementsInCurrentOnly>false</hideElementsInCurrentOnly>
<bounds x="875" y="5" width="157" height="92"/>
</OView>
<OView class="oracle.dbtools.crest.swingui.relational.TVTable" oid="9A58F465-C422-6FFF-8C7C-E9F08226CA01" otype="Table" vid="B9EFE474-4864-442B-7289-9C259621394F">
<hideElementsInCurrentOnly>false</hideElementsInCurrentOnly>
<bounds x="85" y="508" width="142" height="66"/>
</OView>
<OView class="oracle.dbtools.crest.swingui.relational.TVTable" oid="A14C2B5E-54AA-B58F-80DA-F204E1254B36" otype="Table" vid="31FD3EAD-95C1-3B18-5246-EA903FD93E24">
<hideElementsInCurrentOnly>false</hideElementsInCurrentOnly>
<bounds x="145" y="372" width="115" height="114"/>
</OView>
<OView class="oracle.dbtools.crest.swingui.relational.TVTable" oid="A4EC436F-AD54-CAD6-B6DE-E34264FC9E0C" otype="Table" vid="31A49F70-AE5F-9BF2-242E-707DEF9EA6C0">
<hideElementsInCurrentOnly>false</hideElementsInCurrentOnly>
<bounds x="691" y="12" width="132" height="54"/>
</OView>
<OView class="oracle.dbtools.crest.swingui.relational.TVTable" oid="B1BD8FE2-0ABD-8FFE-57BF-6870885071BC" otype="Table" vid="4C7380DB-6E65-644D-5361-977BBA172487">
<hideElementsInCurrentOnly>false</hideElementsInCurrentOnly>
<bounds x="159" y="263" width="132" height="69"/>
</OView>
<OView class="oracle.dbtools.crest.swingui.relational.TVTable" oid="B57AA917-9E1E-8D94-AB7C-2811A26583F8" otype="Table" vid="C5A352BA-86F6-DCF1-CD14-E2072970C766">
<hideElementsInCurrentOnly>false</hideElementsInCurrentOnly>
<bounds x="272" y="18" width="138" height="136"/>
</OView>
<OView class="oracle.dbtools.crest.swingui.relational.TVTable" oid="BC30E380-8A5C-72F0-F73D-657D652D64B0" otype="Table" vid="627D02BA-69D1-9200-E146-5073F53DDFAC">
<hideElementsInCurrentOnly>false</hideElementsInCurrentOnly>
<bounds x="148" y="7" width="113" height="77"/>
</OView>
<OView class="oracle.dbtools.crest.swingui.relational.TVTable" oid="CFF8C0BF-C0F8-5F34-32D8-D368F620664A" otype="Table" vid="DA1E8E1B-3B1C-FA7F-3964-F764F9025362">
<hideElementsInCurrentOnly>false</hideElementsInCurrentOnly>
<bounds x="564" y="6" width="119" height="50"/>
</OView>
<OView class="oracle.dbtools.crest.swingui.relational.TVTable" oid="D23AAE97-CC32-E524-5FF9-FCADDC6CF23C" otype="Table" vid="3075E68D-49CC-49F1-A6BC-7538D5B20C51">
<hideElementsInCurrentOnly>false</hideElementsInCurrentOnly>
<bounds x="296" y="427" width="105" height="78"/>
</OView>
<OView class="oracle.dbtools.crest.swingui.relational.TVTable" oid="E4D781B0-102D-FD91-A7FB-19B221A0B347" otype="Table" vid="8E4FAB65-762A-D1D0-5132-2AB4616438CC">
<hideElementsInCurrentOnly>false</hideElementsInCurrentOnly>
<bounds x="13" y="10" width="125" height="71"/>
</OView>
<OView class="oracle.dbtools.crest.swingui.relational.TVTable" oid="ECF2B736-223A-412A-4E5D-AB9C7A0C52BC" otype="Table" vid="0F6FD496-E66D-635D-FB14-E630DE15FE9E">
<hideElementsInCurrentOnly>false</hideElementsInCurrentOnly>
<bounds x="540" y="478" width="127" height="73"/>
</OView>
<OView class="oracle.dbtools.crest.swingui.relational.TVTable" oid="F5F29057-003C-C0A6-C80E-11611B4639BF" otype="Table" vid="5BFAAF3D-CE3F-28C9-3F90-84A66769AEE0">
<hideElementsInCurrentOnly>false</hideElementsInCurrentOnly>
<bounds x="13" y="139" width="95" height="117"/>
</OView>
<OView class="oracle.dbtools.crest.swingui.relational.TVTable" oid="F9F3867C-1D68-102A-9450-5F0F08FBC343" otype="Table" vid="FE91939C-1126-994C-5431-35BE157A5305">
<hideElementsInCurrentOnly>false</hideElementsInCurrentOnly>
<bounds x="797" y="482" width="134" height="57"/>
</OView>
</objectViews>
<connectors>
<Connector class="oracle.dbtools.crest.swingui.relational.TVFKRelation" oid="05863C19-1EB2-6471-33FD-D172A57C2086" otype="FKIndexAssociation" vid_source="5CF70C42-A348-E300-D784-4E370DE2F5B8" vid_target="FCCBB47C-C6DF-1323-4582-0687A0FC81BF">
<hideElementsInCurrentOnly>false</hideElementsInCurrentOnly>
<backgroundColor>-16777216</backgroundColor>
<lineWidth>1</lineWidth>
<points>
<point x="417" y="354"/>
<point x="417" y="565"/>
</points>
</Connector>
<Connector class="oracle.dbtools.crest.swingui.relational.TVFKRelation" oid="10B98DDD-ABD1-84E5-780D-CEB6518D99E8" otype="FKIndexAssociation" vid_source="0F6FD496-E66D-635D-FB14-E630DE15FE9E" vid_target="B9EFE474-4864-442B-7289-9C259621394F">
<hideElementsInCurrentOnly>false</hideElementsInCurrentOnly>
<backgroundColor>-16777216</backgroundColor>
<lineWidth>1</lineWidth>
<points>
<point x="540" y="529"/>
<point x="227" y="508"/>
</points>
</Connector>
<Connector class="oracle.dbtools.crest.swingui.relational.TVFKRelation" oid="12C6E40B-48F2-1B1D-881E-54399390CDC7" otype="FKIndexAssociation" vid_source="5B70A780-D510-FFEA-19C9-2A37709B2D6D" vid_target="DA1E8E1B-3B1C-FA7F-3964-F764F9025362">
<hideElementsInCurrentOnly>false</hideElementsInCurrentOnly>
<backgroundColor>-16777216</backgroundColor>
<lineWidth>1</lineWidth>
<points>
<point x="575" y="111"/>
<point x="564" y="56"/>
</points>
</Connector>
<Connector class="oracle.dbtools.crest.swingui.relational.TVFKRelation" oid="1C2A9DC0-C75A-CB66-047D-7D80B9D2E02F" otype="FKIndexAssociation" vid_source="5CF70C42-A348-E300-D784-4E370DE2F5B8" vid_target="3075E68D-49CC-49F1-A6BC-7538D5B20C51">
<hideElementsInCurrentOnly>false</hideElementsInCurrentOnly>
<backgroundColor>-16777216</backgroundColor>
<lineWidth>1</lineWidth>
<points>
<point x="347" y="354"/>
<point x="374" y="427"/>
</points>
</Connector>
<Connector class="oracle.dbtools.crest.swingui.relational.TVFKRelation" oid="1CC97C49-E1BF-58BD-F1D5-7CBEC395BDFB" otype="FKIndexAssociation" vid_source="5BFAAF3D-CE3F-28C9-3F90-84A66769AEE0" vid_target="5B70A780-D510-FFEA-19C9-2A37709B2D6D">
<hideElementsInCurrentOnly>false</hideElementsInCurrentOnly>
<backgroundColor>-16777216</backgroundColor>
<lineWidth>1</lineWidth>
<points>
<point x="108" y="139"/>
<point x="459" y="168"/>
</points>
</Connector>
<Connector class="oracle.dbtools.crest.swingui.relational.TVFKRelation" oid="21A54632-E7E9-4CB7-5DBE-6D9D294F08DD" otype="FKIndexAssociation" vid_source="C5A352BA-86F6-DCF1-CD14-E2072970C766" vid_target="7DF1E5C3-A07B-16E5-7900-C3374462F4E5">
<hideElementsInCurrentOnly>false</hideElementsInCurrentOnly>
<backgroundColor>-16777216</backgroundColor>
<lineWidth>1</lineWidth>
<points>
<point x="410" y="18"/>
<point x="448" y="27"/>
</points>
</Connector>
<Connector class="oracle.dbtools.crest.swingui.relational.TVFKRelation" oid="257D7F9A-F954-64AF-1BFB-CCB23E63C7D7" otype="FKIndexAssociation" vid_source="36183A53-4689-5CE1-49CE-CBCCA89E0882" vid_target="31A49F70-AE5F-9BF2-242E-707DEF9EA6C0">
<hideElementsInCurrentOnly>false</hideElementsInCurrentOnly>
<backgroundColor>-16777216</backgroundColor>
<lineWidth>1</lineWidth>
<points>
<point x="976" y="97"/>
<point x="823" y="12"/>
</points>
</Connector>
<Connector class="oracle.dbtools.crest.swingui.relational.TVFKRelation" oid="49843C4D-CFD1-C903-9CF6-D1BF01C916CF" otype="FKIndexAssociation" vid_source="4FD127F9-DB85-47AC-EECF-A5875FA1D18B" vid_target="39B028BB-6DBD-05FF-423C-5AF555721748">
<hideElementsInCurrentOnly>false</hideElementsInCurrentOnly>
<backgroundColor>-16777216</backgroundColor>
<lineWidth>1</lineWidth>
<points>
<point x="741" y="239"/>
<point x="713" y="164"/>
</points>
</Connector>
<Connector class="oracle.dbtools.crest.swingui.relational.TVFKRelation" oid="5D2647D1-5CF8-E29D-A852-B2670BA3F59E" otype="FKIndexAssociation" vid_source="90895EE9-9C32-2090-ED4B-902DEF676E6C" vid_target="E04A9AA4-3410-E60C-9266-42A30E2A376A">
<hideElementsInCurrentOnly>false</hideElementsInCurrentOnly>
<backgroundColor>-16777216</backgroundColor>
<lineWidth>1</lineWidth>
<points>
<point x="857" y="270"/>
<point x="828" y="217"/>
</points>
</Connector>
<Connector class="oracle.dbtools.crest.swingui.relational.TVFKRelation" oid="64EEB1CC-264A-CC05-B235-1C93C0A16314" otype="FKIndexAssociation" vid_source="5B70A780-D510-FFEA-19C9-2A37709B2D6D" vid_target="FCCBB47C-C6DF-1323-4582-0687A0FC81BF">
<hideElementsInCurrentOnly>false</hideElementsInCurrentOnly>
<backgroundColor>-16777216</backgroundColor>
<lineWidth>1</lineWidth>
<points>
<point x="459" y="248"/>
<point x="509" y="565"/>
</points>
</Connector>
<Connector class="oracle.dbtools.crest.swingui.relational.TVFKRelation" oid="67C79A62-D322-7835-5FD2-813FFFD7C1A1" otype="FKIndexAssociation" vid_source="4FD127F9-DB85-47AC-EECF-A5875FA1D18B" vid_target="39B028BB-6DBD-05FF-423C-5AF555721748">
<hideElementsInCurrentOnly>false</hideElementsInCurrentOnly>
<backgroundColor>-16777216</backgroundColor>
<lineWidth>1</lineWidth>
<points>
<point x="731" y="239"/>
<point x="713" y="164"/>
</points>
</Connector>
<Connector class="oracle.dbtools.crest.swingui.relational.TVFKRelation" oid="6F495B09-4713-EDE6-102D-00FBDD01815A" otype="FKIndexAssociation" vid_source="31FD3EAD-95C1-3B18-5246-EA903FD93E24" vid_target="3075E68D-49CC-49F1-A6BC-7538D5B20C51">
<hideElementsInCurrentOnly>false</hideElementsInCurrentOnly>
<backgroundColor>-16777216</backgroundColor>
<lineWidth>1</lineWidth>
<points>
<point x="260" y="486"/>
<point x="296" y="456"/>
</points>
</Connector>
<Connector class="oracle.dbtools.crest.swingui.relational.TVFKRelation" oid="76E8F8ED-F410-038B-DE96-2730E75B0CCE" otype="FKIndexAssociation" vid_source="5B70A780-D510-FFEA-19C9-2A37709B2D6D" vid_target="4C7380DB-6E65-644D-5361-977BBA172487">
<hideElementsInCurrentOnly>false</hideElementsInCurrentOnly>
<backgroundColor>-16777216</backgroundColor>
<lineWidth>1</lineWidth>
<points>
<point x="459" y="238"/>
<point x="291" y="263"/>
</points>
</Connector>
<Connector class="oracle.dbtools.crest.swingui.relational.TVFKRelation" oid="78A48961-D3DD-B7BB-1570-BA84FF470A49" otype="FKIndexAssociation" vid_source="0F6FD496-E66D-635D-FB14-E630DE15FE9E" vid_target="FE91939C-1126-994C-5431-35BE157A5305">
<hideElementsInCurrentOnly>false</hideElementsInCurrentOnly>
<backgroundColor>-16777216</backgroundColor>
<lineWidth>1</lineWidth>
<points>
<point x="667" y="478"/>
<point x="797" y="510"/>
</points>
</Connector>
<Connector class="oracle.dbtools.crest.swingui.relational.TVFKRelation" oid="7F392E5D-384F-1A37-472A-0412AA683309" otype="FKIndexAssociation" vid_source="4FD127F9-DB85-47AC-EECF-A5875FA1D18B" vid_target="FE91939C-1126-994C-5431-35BE157A5305">
<hideElementsInCurrentOnly>false</hideElementsInCurrentOnly>
<backgroundColor>-16777216</backgroundColor>
<lineWidth>1</lineWidth>
<points>
<point x="733" y="356"/>
<point x="829" y="482"/>
</points>
</Connector>
<Connector class="oracle.dbtools.crest.swingui.relational.TVFKRelation" oid="83EE11BA-24AC-037A-C5DC-2994824F3DFF" otype="FKIndexAssociation" vid_source="5B70A780-D510-FFEA-19C9-2A37709B2D6D" vid_target="91437E91-4AE7-4E38-7CE4-0FFBD24DD408">
<hideElementsInCurrentOnly>false</hideElementsInCurrentOnly>
<backgroundColor>-16777216</backgroundColor>
<lineWidth>1</lineWidth>
<points>
<point x="459" y="213"/>
<point x="301" y="182"/>
</points>
</Connector>
<Connector class="oracle.dbtools.crest.swingui.relational.TVFKRelation" oid="85C87797-A1A4-BFF0-C751-3DAB99B2E675" otype="FKIndexAssociation" vid_source="5BFAAF3D-CE3F-28C9-3F90-84A66769AEE0" vid_target="C5A352BA-86F6-DCF1-CD14-E2072970C766">
<hideElementsInCurrentOnly>false</hideElementsInCurrentOnly>
<backgroundColor>-16777216</backgroundColor>
<lineWidth>1</lineWidth>
<points>
<point x="108" y="139"/>
<point x="272" y="113"/>
</points>
</Connector>
<Connector class="oracle.dbtools.crest.swingui.relational.TVFKRelation" oid="882EA0D5-A308-DEF3-F676-DD44D37F0085" otype="FKIndexAssociation" vid_source="36183A53-4689-5CE1-49CE-CBCCA89E0882" vid_target="31A49F70-AE5F-9BF2-242E-707DEF9EA6C0">
<hideElementsInCurrentOnly>false</hideElementsInCurrentOnly>
<backgroundColor>-16777216</backgroundColor>
<lineWidth>1</lineWidth>
<points>
<point x="875" y="39"/>
<point x="823" y="12"/>
</points>
</Connector>
<Connector class="oracle.dbtools.crest.swingui.relational.TVFKRelation" oid="8946D6ED-2F97-22DE-F080-E8991CAF8CAF" otype="FKIndexAssociation" vid_source="CE85BFB7-CA16-20C9-15F9-16C0019270FD" vid_target="C67EE600-B0B5-9E8E-D05E-AF4D3F380445">
<hideElementsInCurrentOnly>false</hideElementsInCurrentOnly>
<backgroundColor>-16777216</backgroundColor>
<lineWidth>1</lineWidth>
<points>
<point x="67" y="379"/>
<point x="67" y="586"/>
</points>
</Connector>
<Connector class="oracle.dbtools.crest.swingui.relational.TVFKRelation" oid="997BB35F-FA0B-9BAA-D9C9-E806AD51AC93" otype="FKIndexAssociation" vid_source="5B70A780-D510-FFEA-19C9-2A37709B2D6D" vid_target="31A49F70-AE5F-9BF2-242E-707DEF9EA6C0">
<hideElementsInCurrentOnly>false</hideElementsInCurrentOnly>
<backgroundColor>-16777216</backgroundColor>
<lineWidth>1</lineWidth>
<points>
<point x="587" y="111"/>
<point x="757" y="12"/>
</points>
</Connector>
<Connector class="oracle.dbtools.crest.swingui.relational.TVFKRelation" oid="B131E2CA-2E56-6F37-018D-56B37DB1E57F" otype="FKIndexAssociation" vid_source="5B70A780-D510-FFEA-19C9-2A37709B2D6D" vid_target="E04A9AA4-3410-E60C-9266-42A30E2A376A">
<hideElementsInCurrentOnly>false</hideElementsInCurrentOnly>
<backgroundColor>-16777216</backgroundColor>
<lineWidth>1</lineWidth>
<points>
<point x="587" y="111"/>
<point x="828" y="193"/>
</points>
</Connector>
<Connector class="oracle.dbtools.crest.swingui.relational.TVFKRelation" oid="B25575BA-3339-F2A8-E218-7D9960EA09E1" otype="FKIndexAssociation" vid_source="5BFAAF3D-CE3F-28C9-3F90-84A66769AEE0" vid_target="8E4FAB65-762A-D1D0-5132-2AB4616438CC">
<hideElementsInCurrentOnly>false</hideElementsInCurrentOnly>
<backgroundColor>-16777216</backgroundColor>
<lineWidth>1</lineWidth>
<points>
<point x="86" y="139"/>
<point x="86" y="81"/>
</points>
</Connector>
<Connector class="oracle.dbtools.crest.swingui.relational.TVFKRelation" oid="BD6F3931-B40A-DA4C-997D-9974FD7C901F" otype="FKIndexAssociation" vid_source="5CF70C42-A348-E300-D784-4E370DE2F5B8" vid_target="4C7380DB-6E65-644D-5361-977BBA172487">
<hideElementsInCurrentOnly>false</hideElementsInCurrentOnly>
<backgroundColor>-16777216</backgroundColor>
<lineWidth>1</lineWidth>
<points>
<point x="347" y="315"/>
<point x="291" y="263"/>
</points>
</Connector>
<Connector class="oracle.dbtools.crest.swingui.relational.TVFKRelation" oid="C51F0563-7F3E-08B0-BFAF-A6E39597ED05" otype="FKIndexAssociation" vid_source="4FD127F9-DB85-47AC-EECF-A5875FA1D18B" vid_target="B91E2415-99C9-1CD1-CA7B-66F50451871A">
<hideElementsInCurrentOnly>false</hideElementsInCurrentOnly>
<backgroundColor>-16777216</backgroundColor>
<lineWidth>1</lineWidth>
<points>
<point x="710" y="356"/>
<point x="737" y="580"/>
</points>
</Connector>
<Connector class="oracle.dbtools.crest.swingui.relational.TVFKRelation" oid="D174B278-3F86-A10B-D32E-6E0FA4A8A29A" otype="FKIndexAssociation" vid_source="5B70A780-D510-FFEA-19C9-2A37709B2D6D" vid_target="7DF1E5C3-A07B-16E5-7900-C3374462F4E5">
<hideElementsInCurrentOnly>false</hideElementsInCurrentOnly>
<backgroundColor>-16777216</backgroundColor>
<lineWidth>1</lineWidth>
<points>
<point x="505" y="111"/>
<point x="505" y="8"/>
</points>
</Connector>
<Connector class="oracle.dbtools.crest.swingui.relational.TVFKRelation" oid="D753C7E1-AAE1-412B-CF9F-0CC18EAF88DA" otype="FKIndexAssociation" vid_source="FCCBB47C-C6DF-1323-4582-0687A0FC81BF" vid_target="C67EE600-B0B5-9E8E-D05E-AF4D3F380445">
<hideElementsInCurrentOnly>false</hideElementsInCurrentOnly>
<backgroundColor>-16777216</backgroundColor>
<lineWidth>1</lineWidth>
<points>
<point x="374" y="607"/>
<point x="131" y="586"/>
</points>
</Connector>
<Connector class="oracle.dbtools.crest.swingui.relational.TVFKRelation" oid="DAEF824C-8613-0C35-18DC-C35B74D34828" otype="FKIndexAssociation" vid_source="5B70A780-D510-FFEA-19C9-2A37709B2D6D" vid_target="0F6FD496-E66D-635D-FB14-E630DE15FE9E">
<hideElementsInCurrentOnly>false</hideElementsInCurrentOnly>
<backgroundColor>-16777216</backgroundColor>
<lineWidth>1</lineWidth>
<points>
<point x="563" y="248"/>
<point x="563" y="478"/>
</points>
</Connector>
<Connector class="oracle.dbtools.crest.swingui.relational.TVFKRelation" oid="E5D05C64-1968-B908-44CD-E0CAA34246A8" otype="FKIndexAssociation" vid_source="5BFAAF3D-CE3F-28C9-3F90-84A66769AEE0" vid_target="627D02BA-69D1-9200-E146-5073F53DDFAC">
<hideElementsInCurrentOnly>false</hideElementsInCurrentOnly>
<backgroundColor>-16777216</backgroundColor>
<lineWidth>1</lineWidth>
<points>
<point x="108" y="139"/>
<point x="192" y="84"/>
</points>
</Connector>
<Connector class="oracle.dbtools.crest.swingui.relational.TVFKRelation" oid="E6316BF4-D975-1A56-43C7-FBB483D3DA6A" otype="FKIndexAssociation" vid_source="CE85BFB7-CA16-20C9-15F9-16C0019270FD" vid_target="B9EFE474-4864-442B-7289-9C259621394F">
<hideElementsInCurrentOnly>false</hideElementsInCurrentOnly>
<backgroundColor>-16777216</backgroundColor>
<lineWidth>1</lineWidth>
<points>
<point x="113" y="379"/>
<point x="113" y="508"/>
</points>
</Connector>
<Connector class="oracle.dbtools.crest.swingui.relational.TVFKRelation" oid="E7A5CFE0-DC3A-782A-4D9C-A2E0907DA521" otype="FKIndexAssociation" vid_source="4FD127F9-DB85-47AC-EECF-A5875FA1D18B" vid_target="0B3547BE-9758-9579-5E7E-4BB41C5889E9">
<hideElementsInCurrentOnly>false</hideElementsInCurrentOnly>
<backgroundColor>-16777216</backgroundColor>
<lineWidth>1</lineWidth>
<points>
<point x="649" y="356"/>
<point x="649" y="402"/>
</points>
</Connector>
<Connector class="oracle.dbtools.crest.swingui.relational.TVFKRelation" oid="E8CA33C2-D07B-AC5B-EF22-212CD35EC83F" otype="FKIndexAssociation" vid_source="FCCBB47C-C6DF-1323-4582-0687A0FC81BF" vid_target="B91E2415-99C9-1CD1-CA7B-66F50451871A">
<hideElementsInCurrentOnly>false</hideElementsInCurrentOnly>
<backgroundColor>-16777216</backgroundColor>
<lineWidth>1</lineWidth>
<points>
<point x="539" y="565"/>
<point x="725" y="603"/>
</points>
</Connector>
<Connector class="oracle.dbtools.crest.swingui.relational.TVFKRelation" oid="E9DB77CB-4455-F335-DE61-2E3E4CE4D778" otype="FKIndexAssociation" vid_source="90895EE9-9C32-2090-ED4B-902DEF676E6C" vid_target="6EE45114-C7A6-3125-ED43-9B86B2AEC51C">
<hideElementsInCurrentOnly>false</hideElementsInCurrentOnly>
<backgroundColor>-16777216</backgroundColor>
<lineWidth>1</lineWidth>
<points>
<point x="887" y="270"/>
<point x="935" y="315"/>
</points>
</Connector>
<Connector class="oracle.dbtools.crest.swingui.relational.TVFKRelation" oid="EBA581A9-F98D-DA9F-1AD8-2F7070F0FF88" otype="FKIndexAssociation" vid_source="0F6FD496-E66D-635D-FB14-E630DE15FE9E" vid_target="0B3547BE-9758-9579-5E7E-4BB41C5889E9">
<hideElementsInCurrentOnly>false</hideElementsInCurrentOnly>
<backgroundColor>-16777216</backgroundColor>
<lineWidth>1</lineWidth>
<points>
<point x="622" y="478"/>
<point x="622" y="402"/>
</points>
</Connector>
<Connector class="oracle.dbtools.crest.swingui.relational.TVFKRelation" oid="EC4482A4-71E5-C775-0635-F501F191C1F9" otype="FKIndexAssociation" vid_source="4FD127F9-DB85-47AC-EECF-A5875FA1D18B" vid_target="DA1E8E1B-3B1C-FA7F-3964-F764F9025362">
<hideElementsInCurrentOnly>false</hideElementsInCurrentOnly>
<backgroundColor>-16777216</backgroundColor>
<lineWidth>1</lineWidth>
<points>
<point x="637" y="239"/>
<point x="637" y="6"/>
</points>
</Connector>
<Connector class="oracle.dbtools.crest.swingui.relational.TVFKRelation" oid="F33F43C6-3B2A-B80B-553A-2D1433F68243" otype="FKIndexAssociation" vid_source="36183A53-4689-5CE1-49CE-CBCCA89E0882" vid_target="6EE45114-C7A6-3125-ED43-9B86B2AEC51C">
<hideElementsInCurrentOnly>false</hideElementsInCurrentOnly>
<backgroundColor>-16777216</backgroundColor>
<lineWidth>1</lineWidth>
<points>
<point x="993" y="97"/>
<point x="993" y="291"/>
</points>
</Connector>
<Connector class="oracle.dbtools.crest.swingui.relational.TVFKRelation" oid="F3E15D72-3FD0-C945-59C4-B9D3AA34D765" otype="FKIndexAssociation" vid_source="5B70A780-D510-FFEA-19C9-2A37709B2D6D" vid_target="7DF1E5C3-A07B-16E5-7900-C3374462F4E5">
<hideElementsInCurrentOnly>false</hideElementsInCurrentOnly>
<backgroundColor>-16777216</backgroundColor>
<lineWidth>1</lineWidth>
<points>
<point x="496" y="111"/>
<point x="497" y="8"/>
</points>
</Connector>
<Connector class="oracle.dbtools.crest.swingui.relational.TVFKRelation" oid="F7946DE8-08F6-D7D8-23A1-E8D76DDAA75D" otype="FKIndexAssociation" vid_source="3075E68D-49CC-49F1-A6BC-7538D5B20C51" vid_target="0F6FD496-E66D-635D-FB14-E630DE15FE9E">
<hideElementsInCurrentOnly>false</hideElementsInCurrentOnly>
<backgroundColor>-16777216</backgroundColor>
<lineWidth>1</lineWidth>
<points>
<point x="401" y="427"/>
<point x="540" y="491"/>
</points>
</Connector>
</connectors>
<arcs>
<Arc class="oracle.dbtools.crest.swingui.relational.TVFKArc" oid="13AB1E3A-540D-8CEA-F1E1-7FB290394AD9" otype="FKArc" vid="586564C9-2432-D19C-D990-8BBDE3BB3ACD">
<hideElementsInCurrentOnly>false</hideElementsInCurrentOnly>
<bounds x="855" y="-15" width="197" height="132"/>
</Arc>
<Arc class="oracle.dbtools.crest.swingui.relational.TVFKArc" oid="F6A54B7C-11DB-EADD-90FB-08B73A7F1606" otype="FKArc" vid="7ACD3EE5-C876-6FDD-D552-5DF20404E4DF">
<hideElementsInCurrentOnly>false</hideElementsInCurrentOnly>
<bounds x="-7" y="119" width="135" height="157"/>
</Arc>
</arcs>
</Diagram>