<?xml version = '1.0' encoding = 'UTF-8'?>
<FKArc class="oracle.dbtools.crest.model.design.relational.FKArc" directorySegmentName="seg_0" id="63135396-C07C-3FC5-43F4-F0C287C0712F" name="FKArc_3">
<createdBy>marinfotache</createdBy>
<createdTime>2016-11-07 08:55:29 UTC</createdTime>
<ownerDesignName>01b_heterogeneous_items_v2</ownerDesignName>
<mandatory>false</mandatory>
<reverseArc>true</reverseArc>
<table>443F86BF-2947-29BF-1566-C9042C011612</table>
<fkeys>
<fkeyID>044536E6-2974-BBBB-3D03-30D4D238F117</fkeyID>
<fkeyID>3FA69735-72CF-2ABE-7EE6-05DEA4BD9C64</fkeyID>
</fkeys>
</FKArc>