<?xml version = '1.0' encoding = 'UTF-8'?>
<FKArc class="oracle.dbtools.crest.model.design.relational.FKArc" directorySegmentName="seg_0" id="EADC7861-1F22-BBA9-7295-6141460055D7" name="Arc_2">
<createdBy>marinfotache</createdBy>
<createdTime>2016-11-07 09:06:34 UTC</createdTime>
<ownerDesignName>01c_heterogeneous_items_v3</ownerDesignName>
<mandatory>true</mandatory>
<table>1C96027F-DDFB-CE0A-6FC2-B32487B78B86</table>
<fkeys>
<fkeyID>0B9CCA0D-E066-87CD-0824-439465388F96</fkeyID>
<fkeyID>CD715E77-AE9A-B2E3-D3EE-427D49AC3E9A</fkeyID>
</fkeys>
</FKArc>