<?xml version = '1.0' encoding = 'UTF-8'?>
<Table class="oracle.dbtools.crest.model.design.relational.Table" directorySegmentName="seg_0" id="24A57045-8616-D856-FE76-7FD5499DB443" name="products">
<createdBy>marinfotache</createdBy>
<createdTime>2016-11-07 08:37:44 UTC</createdTime>
<generatorID>31D7E745-BF20-2475-44D8-43FE2613DC9A</generatorID>
<ownerDesignName>01b_heterogeneous_items_v2</ownerDesignName>
<allowColumnReorder>false</allowColumnReorder>
<existDependencyGenerateInDDl>true</existDependencyGenerateInDDl>
<parsed>true</parsed>
<columns itemClass="oracle.dbtools.crest.model.design.relational.Column">
<Column name="prod_id" id="EAA46C4F-7C0B-A7F3-96E3-30C83C8387D0">
<createdBy>marinfotache</createdBy>
<createdTime>2016-11-07 08:37:44 UTC</createdTime>
<generatorID>7F934447-4C2B-E8DA-3DDF-89B8F58D0E2C</generatorID>
<ownerDesignName>01b_heterogeneous_items_v2</ownerDesignName>
<useDomainConstraints>false</useDomainConstraints>
<use>1</use>
<logicalDatatype>LOGDT011</logicalDatatype>
<ownDataTypeParameters>,,</ownDataTypeParameters>
<autoIncrementCycle>false</autoIncrementCycle>
</Column>
<Column name="prod_name" id="EE4DFA5B-2604-AE52-92F0-B39479D0C48D">
<createdBy>marinfotache</createdBy>
<createdTime>2016-11-07 08:37:44 UTC</createdTime>
<generatorID>047F76B5-2563-FBAB-FC6E-5B63BD67C2A4</generatorID>
<ownerDesignName>01b_heterogeneous_items_v2</ownerDesignName>
<useDomainConstraints>false</useDomainConstraints>
<use>1</use>
<logicalDatatype>LOGDT037</logicalDatatype>
<dataTypeSize>50</dataTypeSize>
<ownDataTypeParameters>50,,</ownDataTypeParameters>
<autoIncrementCycle>false</autoIncrementCycle>
</Column>
<Column name="sell_measure_unit" id="3736F79D-282E-823B-8382-759D991D033F">
<createdBy>marinfotache</createdBy>
<createdTime>2016-11-07 08:37:44 UTC</createdTime>
<commentInRDBMS>The measure unit as the product is sold.&lt;br/&gt;Example: &lt;br/&gt;Product: 2 liter Coca-cola pet&lt;br/&gt;sell_measure_unit: pet &lt;br/&gt;</commentInRDBMS>
<generatorID>33368A6C-54B0-B76E-4507-7AD07C2F0B9E</generatorID>
<ownerDesignName>01b_heterogeneous_items_v2</ownerDesignName>
<useDomainConstraints>false</useDomainConstraints>
<use>1</use>
<logicalDatatype>LOGDT037</logicalDatatype>
<dataTypeSize>30</dataTypeSize>
<ownDataTypeParameters>30,,</ownDataTypeParameters>
<autoIncrementCycle>false</autoIncrementCycle>
</Column>
<Column name="prod_quant_in_sold_unit" id="079453BD-E8D0-E17F-140F-3BDD88F84D96">
<createdBy>marinfotache</createdBy>
<createdTime>2016-11-07 08:37:44 UTC</createdTime>
<commentInRDBMS>The quantity of the prodct in a sold  unit.&lt;br/&gt;Example: &lt;br/&gt;Product: 2 liter Coca-cola pet&lt;br/&gt;sell_measure_unit: pet &lt;br/&gt;prod_quant_in_sold_unit: 2&lt;br/&gt; &lt;br/&gt;&lt;br/&gt;</commentInRDBMS>
<generatorID>6C40DB67-84A7-3EA7-F9B1-10DD5C4B2872</generatorID>
<ownerDesignName>01b_heterogeneous_items_v2</ownerDesignName>
<useDomainConstraints>false</useDomainConstraints>
<use>1</use>
<logicalDatatype>LOGDT019</logicalDatatype>
<dataTypePrecision>7</dataTypePrecision>
<dataTypeScale>3</dataTypeScale>
<ownDataTypeParameters>,7,3</ownDataTypeParameters>
<autoIncrementCycle>false</autoIncrementCycle>
</Column>
<Column name="measure_unit_qpsu" id="E1643C5F-79EC-D15C-A531-A30A56C8D168">
<createdBy>marinfotache</createdBy>
<createdTime>2016-11-07 08:37:44 UTC</createdTime>
<commentInRDBMS>Measure unit of the quantity of the product in a sold  unit.&lt;br/&gt;Example: &lt;br/&gt;Product: 2 liter Coca-cola pet&lt;br/&gt;sell_measure_unit: pet &lt;br/&gt;prod_quant_in_sold_unit: 2&lt;br/&gt;measure_unit_qpsu: liter &lt;br/&gt;&lt;br/&gt;</commentInRDBMS>
<generatorID>2135A05F-1032-2206-2A39-9484BFFB3E5F</generatorID>
<ownerDesignName>01b_heterogeneous_items_v2</ownerDesignName>
<nullsAllowed>true</nullsAllowed>
<useDomainConstraints>false</useDomainConstraints>
<use>1</use>
<ownDataTypeParameters>,,</ownDataTypeParameters>
<autoIncrementCycle>false</autoIncrementCycle>
</Column>
<Column name="current_vat_percent" id="1DBF165B-D783-5B0C-BF02-E7224BE19CEA">
<createdBy>marinfotache</createdBy>
<createdTime>2016-11-07 08:37:44 UTC</createdTime>
<generatorID>4AB08FCC-D68A-A111-BE83-DA01AEDCA23F</generatorID>
<ownerDesignName>01b_heterogeneous_items_v2</ownerDesignName>
<useDomainConstraints>false</useDomainConstraints>
<use>1</use>
<logicalDatatype>LOGDT019</logicalDatatype>
<dataTypePrecision>4</dataTypePrecision>
<dataTypeScale>2</dataTypeScale>
<ownDataTypeParameters>,4,2</ownDataTypeParameters>
<autoIncrementCycle>false</autoIncrementCycle>
</Column>
<Column name="item_groups_group_name" id="10B00A0E-DD66-606C-D065-7FA34A8F66EE">
<createdBy>marinfotache</createdBy>
<createdTime>2016-11-07 08:37:44 UTC</createdTime>
<generatorID>2D1AB2DE-8EFA-5C3C-93EE-75D4C9AEC96E</generatorID>
<ownerDesignName>01b_heterogeneous_items_v2</ownerDesignName>
<useDomainConstraints>false</useDomainConstraints>
<use>1</use>
<logicalDatatype>LOGDT024</logicalDatatype>
<dataTypeSize>50 CHAR</dataTypeSize>
<ownDataTypeParameters>,,</ownDataTypeParameters>
<previousColumn>false</previousColumn>
<autoIncrementCycle>false</autoIncrementCycle>
<associations>
<colAssociation fkAssociation="58C833CE-B9EA-4480-73C8-056457E20CDF" referredColumn="15E5E7F9-6D44-3A58-9FF5-8EE1763DB399"/>
</associations>
</Column>
</columns>
<indexes itemClass="oracle.dbtools.crest.model.design.relational.Index">
<ind_PK_UK id="4C6D4C0C-DA7D-7B54-344E-D4EC0AE30DBF" name="products_PK">
<createdBy>marinfotache</createdBy>
<createdTime>2016-11-07 08:37:44 UTC</createdTime>
<generatorID>AEE44A97-209D-12FA-AEC6-0DD8128DBA6F</generatorID>
<ownerDesignName>01b_heterogeneous_items_v2</ownerDesignName>
<pk>true</pk>
<indexState>Primary Constraint</indexState>
<isSurrogateKey>false</isSurrogateKey>
<indexColumnUsage>
<colUsage columnID="EAA46C4F-7C0B-A7F3-96E3-30C83C8387D0"/>
</indexColumnUsage>
</ind_PK_UK>
<ind_PK_UK id="5D54D868-216D-D356-0328-2EE2BB03F510" name="products_item_groups_FK">
<createdBy>marinfotache</createdBy>
<createdTime>2016-11-07 08:37:44 UTC</createdTime>
<generatorID>6D6F96D6-A718-831D-B4E4-9D22F4FC9760</generatorID>
<ownerDesignName>01b_heterogeneous_items_v2</ownerDesignName>
<indexState>Foreign Key</indexState>
<isSurrogateKey>false</isSurrogateKey>
<indexColumnUsage>
<colUsage columnID="10B00A0E-DD66-606C-D065-7FA34A8F66EE"/>
</indexColumnUsage>
</ind_PK_UK>
</indexes>
</Table>