<?xml version = '1.0' encoding = 'UTF-8'?>
<Table class="oracle.dbtools.crest.model.design.relational.Table" directorySegmentName="seg_0" id="926F2C69-7F90-8A79-CCE7-A82AABE0DF4F" name="orders">
<createdBy>marinfotache</createdBy>
<createdTime>2016-11-07 08:37:44 UTC</createdTime>
<generatorID>1F4DA5A9-5128-2BE7-4AEC-FE0D0E0CCDDF</generatorID>
<ownerDesignName>01b_heterogeneous_items_v2</ownerDesignName>
<allowColumnReorder>false</allowColumnReorder>
<existDependencyGenerateInDDl>true</existDependencyGenerateInDDl>
<parsed>true</parsed>
<columns itemClass="oracle.dbtools.crest.model.design.relational.Column">
<Column name="order_id" id="B38E8446-35E0-6AFF-E7FE-DC4C98B8CE86">
<createdBy>marinfotache</createdBy>
<createdTime>2016-11-07 08:37:44 UTC</createdTime>
<generatorID>8A98ACB6-4887-B5F0-8B20-94C3085EBB91</generatorID>
<ownerDesignName>01b_heterogeneous_items_v2</ownerDesignName>
<useDomainConstraints>false</useDomainConstraints>
<use>1</use>
<logicalDatatype>LOGDT011</logicalDatatype>
<ownDataTypeParameters>,,</ownDataTypeParameters>
<autoIncrementCycle>false</autoIncrementCycle>
</Column>
<Column name="order_official_code" id="BC5CE538-C1E1-9365-2D78-6AF034734E94">
<createdBy>marinfotache</createdBy>
<createdTime>2016-11-07 08:37:44 UTC</createdTime>
<generatorID>BFBDD0A0-F1B6-9149-7F05-0A5B47C3ACF4</generatorID>
<ownerDesignName>01b_heterogeneous_items_v2</ownerDesignName>
<useDomainConstraints>false</useDomainConstraints>
<use>1</use>
<logicalDatatype>LOGDT037</logicalDatatype>
<dataTypeSize>20</dataTypeSize>
<ownDataTypeParameters>20,,</ownDataTypeParameters>
<autoIncrementCycle>false</autoIncrementCycle>
</Column>
<Column name="order_dt" id="2EDEC7E9-13E9-ACC3-C3DB-EB7AFCF8A47F">
<createdBy>marinfotache</createdBy>
<createdTime>2016-11-07 08:37:44 UTC</createdTime>
<generatorID>F4B89A51-AD81-6297-76CF-9B244D1FC9B5</generatorID>
<ownerDesignName>01b_heterogeneous_items_v2</ownerDesignName>
<useDomainConstraints>false</useDomainConstraints>
<use>1</use>
<logicalDatatype>LOGDT047</logicalDatatype>
<ownDataTypeParameters>,,</ownDataTypeParameters>
<autoIncrementCycle>false</autoIncrementCycle>
</Column>
<Column name="order_amount" id="9169734C-5F5B-896E-10AE-CC3BFD20FB58">
<createdBy>marinfotache</createdBy>
<createdTime>2016-11-07 08:37:44 UTC</createdTime>
<generatorID>B7A61ADB-81C2-06A8-6C58-A58C60F34B63</generatorID>
<ownerDesignName>01b_heterogeneous_items_v2</ownerDesignName>
<useDomainConstraints>false</useDomainConstraints>
<use>1</use>
<logicalDatatype>LOGDT019</logicalDatatype>
<dataTypePrecision>12</dataTypePrecision>
<dataTypeScale>2</dataTypeScale>
<ownDataTypeParameters>,12,2</ownDataTypeParameters>
<autoIncrementCycle>false</autoIncrementCycle>
</Column>
<Column name="order_status" id="A3A265E0-1ED9-7B2F-420A-D81A25C7DFC6">
<createdBy>marinfotache</createdBy>
<createdTime>2016-11-07 08:37:44 UTC</createdTime>
<generatorID>289AB07B-9F0D-3E29-87A7-AEFBB3ABF9CD</generatorID>
<ownerDesignName>01b_heterogeneous_items_v2</ownerDesignName>
<useDomainConstraints>false</useDomainConstraints>
<use>1</use>
<logicalDatatype>LOGDT037</logicalDatatype>
<dataTypeSize>50</dataTypeSize>
<ownDataTypeParameters>50,,</ownDataTypeParameters>
<autoIncrementCycle>false</autoIncrementCycle>
</Column>
</columns>
<indexes itemClass="oracle.dbtools.crest.model.design.relational.Index">
<ind_PK_UK id="5B4D6310-B0DB-266B-CCD0-9839BF74C45C" name="orders_PK">
<createdBy>marinfotache</createdBy>
<createdTime>2016-11-07 08:37:44 UTC</createdTime>
<generatorID>7E373EBA-A364-1C8D-BF81-378045AF96A7</generatorID>
<ownerDesignName>01b_heterogeneous_items_v2</ownerDesignName>
<pk>true</pk>
<indexState>Primary Constraint</indexState>
<isSurrogateKey>false</isSurrogateKey>
<indexColumnUsage>
<colUsage columnID="B38E8446-35E0-6AFF-E7FE-DC4C98B8CE86"/>
</indexColumnUsage>
</ind_PK_UK>
</indexes>
</Table>