<?xml version = '1.0' encoding = 'UTF-8'?>
<Table class="oracle.dbtools.crest.model.design.relational.Table" directorySegmentName="seg_0" id="E32329BF-F233-4B41-448D-AEF081CF6A3A" name="ordered_items">
<createdBy>marinfotache</createdBy>
<createdTime>2016-11-07 08:37:44 UTC</createdTime>
<generatorID>F83C1949-608D-81D4-5FB2-16FF9D499229</generatorID>
<ownerDesignName>01b_heterogeneous_items_v2</ownerDesignName>
<allowColumnReorder>false</allowColumnReorder>
<existDependencyGenerateInDDl>true</existDependencyGenerateInDDl>
<parsed>true</parsed>
<columns itemClass="oracle.dbtools.crest.model.design.relational.Column">
<Column name="quantity" id="E91B8A98-E4E5-45D9-D946-6ED58CC7BD47">
<createdBy>marinfotache</createdBy>
<createdTime>2016-11-07 08:37:44 UTC</createdTime>
<generatorID>80DD8CB9-BEBD-FD64-FEB8-4134C1C271ED</generatorID>
<ownerDesignName>01b_heterogeneous_items_v2</ownerDesignName>
<useDomainConstraints>false</useDomainConstraints>
<use>1</use>
<logicalDatatype>LOGDT019</logicalDatatype>
<dataTypePrecision>9</dataTypePrecision>
<dataTypeScale>3</dataTypeScale>
<ownDataTypeParameters>,9,3</ownDataTypeParameters>
<autoIncrementCycle>false</autoIncrementCycle>
</Column>
<Column name="orders_order_id" id="628E10DE-20DB-A503-EEA1-2C0270E260E8">
<createdBy>marinfotache</createdBy>
<createdTime>2016-11-07 08:37:44 UTC</createdTime>
<generatorID>1DA98C8A-FC77-0A45-701B-036A0E5A01F1</generatorID>
<ownerDesignName>01b_heterogeneous_items_v2</ownerDesignName>
<useDomainConstraints>false</useDomainConstraints>
<use>1</use>
<logicalDatatype>LOGDT011</logicalDatatype>
<ownDataTypeParameters>,,</ownDataTypeParameters>
<previousColumn>false</previousColumn>
<autoIncrementCycle>false</autoIncrementCycle>
<associations>
<colAssociation fkAssociation="F0C28DFC-7879-C35A-E896-429E2830D3D8" referredColumn="B38E8446-35E0-6AFF-E7FE-DC4C98B8CE86"/>
</associations>
</Column>
<Column name="products_prod_id" id="EA39529A-4532-2EEA-EA80-13C0287FB538">
<createdBy>marinfotache</createdBy>
<createdTime>2016-11-07 08:37:44 UTC</createdTime>
<generatorID>3C086D64-AD45-C80A-52EA-3D98DA3C9C32</generatorID>
<ownerDesignName>01b_heterogeneous_items_v2</ownerDesignName>
<useDomainConstraints>false</useDomainConstraints>
<use>1</use>
<logicalDatatype>LOGDT011</logicalDatatype>
<ownDataTypeParameters>,,</ownDataTypeParameters>
<previousColumn>false</previousColumn>
<autoIncrementCycle>false</autoIncrementCycle>
<associations>
<colAssociation fkAssociation="387EA988-346D-4CD4-BBC9-EEED214BBE54" referredColumn="EAA46C4F-7C0B-A7F3-96E3-30C83C8387D0"/>
</associations>
</Column>
<Column name="services_serv_id" id="CA2BE27D-1A62-787D-003C-BEDB85EEDD61">
<createdBy>marinfotache</createdBy>
<createdTime>2016-11-07 08:37:44 UTC</createdTime>
<generatorID>09C5E238-5F3C-2870-E6CF-DEF7F778A844</generatorID>
<ownerDesignName>01b_heterogeneous_items_v2</ownerDesignName>
<useDomainConstraints>false</useDomainConstraints>
<use>1</use>
<logicalDatatype>LOGDT011</logicalDatatype>
<ownDataTypeParameters>,,</ownDataTypeParameters>
<previousColumn>false</previousColumn>
<autoIncrementCycle>false</autoIncrementCycle>
<associations>
<colAssociation fkAssociation="9D8DD978-BC1F-5060-3611-E21CA90AEBD8" referredColumn="BA9032B0-6CFA-C578-2AAF-3D5AACAE58B9"/>
</associations>
</Column>
</columns>
<indexes itemClass="oracle.dbtools.crest.model.design.relational.Index">
<ind_PK_UK id="68463541-04FA-B109-2B38-F58639E2DFC5" name="ordered_items_PK">
<createdBy>marinfotache</createdBy>
<createdTime>2016-11-07 08:37:44 UTC</createdTime>
<generatorID>E298E30E-FE1F-6742-A910-8A6D7786E0D1</generatorID>
<ownerDesignName>01b_heterogeneous_items_v2</ownerDesignName>
<pk>true</pk>
<indexState>Primary Constraint</indexState>
<isSurrogateKey>false</isSurrogateKey>
<indexColumnUsage>
<colUsage columnID="628E10DE-20DB-A503-EEA1-2C0270E260E8"/>
<colUsage columnID="EA39529A-4532-2EEA-EA80-13C0287FB538"/>
<colUsage columnID="CA2BE27D-1A62-787D-003C-BEDB85EEDD61"/>
</indexColumnUsage>
</ind_PK_UK>
<ind_PK_UK id="714B1FDB-E429-5464-50DF-85404178A07A" name="ordered_items_services_FK">
<createdBy>marinfotache</createdBy>
<createdTime>2016-11-07 08:37:44 UTC</createdTime>
<generatorID>784501A0-8811-ADBA-ED35-DDA6257944CE</generatorID>
<ownerDesignName>01b_heterogeneous_items_v2</ownerDesignName>
<indexState>Foreign Key</indexState>
<isSurrogateKey>false</isSurrogateKey>
<indexColumnUsage>
<colUsage columnID="CA2BE27D-1A62-787D-003C-BEDB85EEDD61"/>
</indexColumnUsage>
</ind_PK_UK>
<ind_PK_UK id="90D308F7-C354-9142-EDF1-53FB9E88908C" name="ordered_items_orders_FK">
<createdBy>marinfotache</createdBy>
<createdTime>2016-11-07 08:37:44 UTC</createdTime>
<generatorID>2AFE7B4B-0337-CBB2-49DE-B73C185A50F3</generatorID>
<ownerDesignName>01b_heterogeneous_items_v2</ownerDesignName>
<indexState>Foreign Key</indexState>
<isSurrogateKey>false</isSurrogateKey>
<indexColumnUsage>
<colUsage columnID="628E10DE-20DB-A503-EEA1-2C0270E260E8"/>
</indexColumnUsage>
</ind_PK_UK>
<ind_PK_UK id="5643D82B-C532-2274-1CF8-B0DB8C94EDBF" name="ordered_items_products_FK">
<createdBy>marinfotache</createdBy>
<createdTime>2016-11-07 08:37:44 UTC</createdTime>
<generatorID>23ADD691-E327-5C7B-1F5A-8C6F135F6A8A</generatorID>
<ownerDesignName>01b_heterogeneous_items_v2</ownerDesignName>
<indexState>Foreign Key</indexState>
<isSurrogateKey>false</isSurrogateKey>
<indexColumnUsage>
<colUsage columnID="EA39529A-4532-2EEA-EA80-13C0287FB538"/>
</indexColumnUsage>
</ind_PK_UK>
</indexes>
</Table>