<?xml version = '1.0' encoding = 'UTF-8'?>
<Relation class="oracle.dbtools.crest.model.design.logical.InheritanceRelation" name="Hierarchy_3" directorySegmentName="seg_0" id="9BFF8122-CB69-FA40-B338-4F41DE6F89C0">
<createdBy>admin</createdBy>
<createdTime>2015-10-30 07:16:41 UTC</createdTime>
<ownerDesignName>01a_heterogeneous_items_v1</ownerDesignName>
<engineerTo>
<item key="E772B046-A9A1-7A90-F248-DE668A03198A" value="true"/>
</engineerTo>
<identifying>false</identifying>
<nameOnSource>Super Type</nameOnSource>
<nameOnTarget>Sub Type</nameOnTarget>
<optionalSource>true</optionalSource>
<optionalTarget>true</optionalTarget>
<sourceEntity>CE438035-A1E7-668F-8CE2-5917FDEDD9D3</sourceEntity>
<targetEntity>38FA2BA3-27A0-5338-90FD-CFDBDD5249E8</targetEntity>
<transferable>true</transferable>
</Relation>