<?xml version = '1.0' encoding = 'UTF-8'?>
<Relation class="oracle.dbtools.crest.model.design.logical.InheritanceRelation" name="Hierarchy_1" directorySegmentName="seg_0" id="9F7882A7-999D-0CC2-7820-A796FB9B3CCC">
<createdBy>admin</createdBy>
<createdTime>2015-10-30 07:01:20 UTC</createdTime>
<ownerDesignName>01a_heterogeneous_items_v1</ownerDesignName>
<engineerTo>
<item key="E772B046-A9A1-7A90-F248-DE668A03198A" value="true"/>
</engineerTo>
<identifying>false</identifying>
<nameOnSource>Super Type</nameOnSource>
<nameOnTarget>Sub Type</nameOnTarget>
<optionalSource>true</optionalSource>
<optionalTarget>true</optionalTarget>
<sourceEntity>E28FADA5-2158-4442-7038-E3BEAA1BCAB0</sourceEntity>
<targetEntity>31D7E745-BF20-2475-44D8-43FE2613DC9A</targetEntity>
<transferable>true</transferable>
</Relation>