<?xml version = '1.0' encoding = 'UTF-8'?>
<Relation class="oracle.dbtools.crest.model.design.logical.InheritanceRelation" name="Hierarchy_2" directorySegmentName="seg_0" id="C63A5930-6A1E-CC6E-8847-09051FA52665">
<createdBy>admin</createdBy>
<createdTime>2015-10-30 07:14:35 UTC</createdTime>
<ownerDesignName>01a_heterogeneous_items_v1</ownerDesignName>
<engineerTo>
<item key="E772B046-A9A1-7A90-F248-DE668A03198A" value="true"/>
</engineerTo>
<identifying>false</identifying>
<nameOnSource>Super Type</nameOnSource>
<nameOnTarget>Sub Type</nameOnTarget>
<optionalSource>true</optionalSource>
<optionalTarget>true</optionalTarget>
<sourceEntity>E28FADA5-2158-4442-7038-E3BEAA1BCAB0</sourceEntity>
<targetEntity>CE438035-A1E7-668F-8CE2-5917FDEDD9D3</targetEntity>
<transferable>true</transferable>
</Relation>