<?xml version = '1.0' encoding = 'UTF-8'?>
<Entity class="oracle.dbtools.crest.model.design.logical.Entity" directorySegmentName="seg_0" id="5916C24D-210F-F901-F59A-2F8F5190CD73" name="employee">
<createdBy>Marin F</createdBy>
<createdTime>2011-10-05 09:09:05 UTC</createdTime>
<ownerDesignName>hierarchy_1</ownerDesignName>
<engineerTo>
<item key="8D97322B-A031-7F6D-EFB9-8B606264CDCF" value="true"/>
</engineerTo>
<adequatelyNormalized>NO</adequatelyNormalized>
<expectedVolumes>0</expectedVolumes>
<fwdEngineeringStrategyName>Single Table</fwdEngineeringStrategyName>
<growthPercent>0</growthPercent>
<growthType>Year</growthType>
<hierarchicalParent>C4B96B18-8CDF-83E7-A904-B522F73DB3AB</hierarchicalParent>
<maxVolumes>9999999</maxVolumes>
<minVolumes>0</minVolumes>
<normalForm>Third</normalForm>
<preferredAbbreviation>employees</preferredAbbreviation>
<attributes itemClass="oracle.dbtools.crest.model.design.logical.Attribute">
<Attribute name="emp_id" id="D65F90E2-BD3C-72C5-224D-2C7C11558F1F">
<createdBy>Marin F</createdBy>
<createdTime>2011-10-05 09:13:46 UTC</createdTime>
<ownerDesignName>hierarchy_1</ownerDesignName>
<engineerTo>
<item key="8D97322B-A031-7F6D-EFB9-8B606264CDCF" value="true"/>
</engineerTo>
<useDomainConstraints>false</useDomainConstraints>
<use>1</use>
<logicalDatatype>LOGDT011</logicalDatatype>
<ownDataTypeParameters>,,</ownDataTypeParameters>
</Attribute>
<Attribute name="emp_position" id="6442D33C-7F3B-43E6-CE36-04EC9D2EFED4">
<createdBy>Marin F</createdBy>
<createdTime>2011-10-05 09:13:58 UTC</createdTime>
<ownerDesignName>hierarchy_1</ownerDesignName>
<engineerTo>
<item key="8D97322B-A031-7F6D-EFB9-8B606264CDCF" value="true"/>
</engineerTo>
<useDomainConstraints>false</useDomainConstraints>
<use>1</use>
<logicalDatatype>LOGDT024</logicalDatatype>
<dataTypeSize>50</dataTypeSize>
<ownDataTypeParameters>50,,</ownDataTypeParameters>
</Attribute>
<Attribute name="hiring_date" id="7612530A-13C8-76A6-9A1B-860FAD6F1CFA">
<createdBy>Marin F</createdBy>
<createdTime>2011-10-05 09:14:14 UTC</createdTime>
<ownerDesignName>hierarchy_1</ownerDesignName>
<engineerTo>
<item key="8D97322B-A031-7F6D-EFB9-8B606264CDCF" value="true"/>
</engineerTo>
<useDomainConstraints>false</useDomainConstraints>
<use>1</use>
<logicalDatatype>LOGDT007</logicalDatatype>
<ownDataTypeParameters>,,</ownDataTypeParameters>
</Attribute>
<Attribute name="department" id="ECE650BA-0306-29ED-E020-5FF4A21329B8">
<createdBy>Marin F</createdBy>
<createdTime>2011-10-05 09:14:40 UTC</createdTime>
<ownerDesignName>hierarchy_1</ownerDesignName>
<engineerTo>
<item key="8D97322B-A031-7F6D-EFB9-8B606264CDCF" value="true"/>
</engineerTo>
<nullsAllowed>true</nullsAllowed>
<useDomainConstraints>false</useDomainConstraints>
<use>1</use>
<logicalDatatype>LOGDT024</logicalDatatype>
<dataTypeSize>50</dataTypeSize>
<ownDataTypeParameters>50,,</ownDataTypeParameters>
</Attribute>
<Attribute name="office_phone" id="63422669-D3B2-F2E6-2951-48AEDEDDEFFD">
<createdBy>Marin F</createdBy>
<createdTime>2011-10-05 09:19:04 UTC</createdTime>
<ownerDesignName>hierarchy_1</ownerDesignName>
<engineerTo>
<item key="8D97322B-A031-7F6D-EFB9-8B606264CDCF" value="true"/>
</engineerTo>
<useDomainConstraints>false</useDomainConstraints>
<use>1</use>
<logicalDatatype>LOGDT025</logicalDatatype>
<dataTypeSize>10</dataTypeSize>
<ownDataTypeParameters>10,,</ownDataTypeParameters>
</Attribute>
<Attribute name="office_emali" id="1F630467-7C1A-94EE-A487-D56B2350B9B8">
<createdBy>admin</createdBy>
<createdTime>2015-10-22 04:02:23 UTC</createdTime>
<ownerDesignName>hierarchy_1</ownerDesignName>
<engineerTo>
<item key="8D97322B-A031-7F6D-EFB9-8B606264CDCF" value="true"/>
</engineerTo>
<nullsAllowed>true</nullsAllowed>
<useDomainConstraints>false</useDomainConstraints>
<use>1</use>
<logicalDatatype>LOGDT024</logicalDatatype>
<dataTypeSize>75 CHAR</dataTypeSize>
<ownDataTypeParameters>75 CHAR,,</ownDataTypeParameters>
</Attribute>
</attributes>
<identifiers itemClass="oracle.dbtools.crest.model.design.logical.CandidateKey">
<identifier id="90C197A3-3886-F77E-310B-053980FA4D2B" name="emp__PK">
<createdBy>Marin F</createdBy>
<createdTime>2011-10-05 09:26:34 UTC</createdTime>
<ownerDesignName>hierarchy_1</ownerDesignName>
<shouldEngineer>false</shouldEngineer>
<engineerTo>
<item key="8D97322B-A031-7F6D-EFB9-8B606264CDCF" value="false"/>
</engineerTo>
<newElementsIDs>D65F90E2-BD3C-72C5-224D-2C7C11558F1F</newElementsIDs>
<usedAttributes>
<attributeRef>D65F90E2-BD3C-72C5-224D-2C7C11558F1F</attributeRef>
</usedAttributes>
</identifier>
</identifiers>
</Entity>