<?xml version = '1.0' encoding = 'UTF-8'?>
<Entity class="oracle.dbtools.crest.model.design.logical.Entity" directorySegmentName="seg_0" id="BB108558-BF53-4D1A-86C3-6C053A2E1921" name="consultant">
<createdBy>Marin F</createdBy>
<createdTime>2011-10-05 09:09:11 UTC</createdTime>
<ownerDesignName>hierarchy_1</ownerDesignName>
<engineerTo>
<item key="8D97322B-A031-7F6D-EFB9-8B606264CDCF" value="true"/>
</engineerTo>
<adequatelyNormalized>NO</adequatelyNormalized>
<expectedVolumes>0</expectedVolumes>
<fwdEngineeringStrategyName>Single Table</fwdEngineeringStrategyName>
<growthPercent>0</growthPercent>
<growthType>Year</growthType>
<hierarchicalParent>C4B96B18-8CDF-83E7-A904-B522F73DB3AB</hierarchicalParent>
<maxVolumes>9999999</maxVolumes>
<minVolumes>0</minVolumes>
<normalForm>Third</normalForm>
<preferredAbbreviation>consultants</preferredAbbreviation>
<attributes itemClass="oracle.dbtools.crest.model.design.logical.Attribute">
<Attribute name="expertise_area" id="30FE4758-C24D-5B81-3715-2751C1847D13">
<createdBy>Marin F</createdBy>
<createdTime>2011-10-05 09:12:56 UTC</createdTime>
<ownerDesignName>hierarchy_1</ownerDesignName>
<engineerTo>
<item key="8D97322B-A031-7F6D-EFB9-8B606264CDCF" value="true"/>
</engineerTo>
<useDomainConstraints>false</useDomainConstraints>
<use>1</use>
<logicalDatatype>LOGDT024</logicalDatatype>
<dataTypeSize>200 CHAR</dataTypeSize>
<ownDataTypeParameters>200 CHAR,,</ownDataTypeParameters>
</Attribute>
</attributes>
</Entity>