<?xml version = '1.0' encoding = 'UTF-8'?>
<Entity class="oracle.dbtools.crest.model.design.logical.Entity" directorySegmentName="seg_0" id="C4B96B18-8CDF-83E7-A904-B522F73DB3AB" name="person">
<createdBy>Marin F</createdBy>
<createdTime>2011-10-05 09:16:50 UTC</createdTime>
<ownerDesignName>hierarchy_1</ownerDesignName>
<engineerTo>
<item key="8D97322B-A031-7F6D-EFB9-8B606264CDCF" value="true"/>
</engineerTo>
<adequatelyNormalized>NO</adequatelyNormalized>
<expectedVolumes>0</expectedVolumes>
<fwdEngineeringStrategyName>Single Table</fwdEngineeringStrategyName>
<growthPercent>0</growthPercent>
<growthType>Year</growthType>
<maxVolumes>9999999</maxVolumes>
<minVolumes>0</minVolumes>
<normalForm>Third</normalForm>
<preferredAbbreviation>people</preferredAbbreviation>
<attributes itemClass="oracle.dbtools.crest.model.design.logical.Attribute">
<Attribute name="pers_id" id="D5AB7D59-0CE6-514B-8599-C216AEAC7BA1">
<createdBy>Marin F</createdBy>
<createdTime>2011-10-05 09:16:56 UTC</createdTime>
<ownerDesignName>hierarchy_1</ownerDesignName>
<engineerTo>
<item key="8D97322B-A031-7F6D-EFB9-8B606264CDCF" value="true"/>
</engineerTo>
<useDomainConstraints>false</useDomainConstraints>
<use>1</use>
<logicalDatatype>LOGDT011</logicalDatatype>
<ownDataTypeParameters>,,</ownDataTypeParameters>
</Attribute>
<Attribute name="pers_family_name" id="187AFA44-93E9-051E-DE17-6F02CDA43654">
<createdBy>Marin F</createdBy>
<createdTime>2011-10-05 09:17:06 UTC</createdTime>
<ownerDesignName>hierarchy_1</ownerDesignName>
<engineerTo>
<item key="8D97322B-A031-7F6D-EFB9-8B606264CDCF" value="true"/>
</engineerTo>
<useDomainConstraints>false</useDomainConstraints>
<use>1</use>
<logicalDatatype>LOGDT024</logicalDatatype>
<dataTypeSize>50 CHAR</dataTypeSize>
<ownDataTypeParameters>50 CHAR,,</ownDataTypeParameters>
</Attribute>
<Attribute name="pers_first_name" id="11863762-9A6E-2AF3-7C89-484C94DBD87C">
<createdBy>Marin F</createdBy>
<createdTime>2011-10-05 09:17:17 UTC</createdTime>
<ownerDesignName>hierarchy_1</ownerDesignName>
<engineerTo>
<item key="8D97322B-A031-7F6D-EFB9-8B606264CDCF" value="true"/>
</engineerTo>
<useDomainConstraints>false</useDomainConstraints>
<use>1</use>
<logicalDatatype>LOGDT024</logicalDatatype>
<dataTypeSize>50 CHAR</dataTypeSize>
<ownDataTypeParameters>50 CHAR,,</ownDataTypeParameters>
</Attribute>
<Attribute name="pers_address" id="C603A429-C421-49D8-96FD-B4A7437289D0">
<createdBy>Marin F</createdBy>
<createdTime>2011-10-05 09:17:34 UTC</createdTime>
<ownerDesignName>hierarchy_1</ownerDesignName>
<engineerTo>
<item key="8D97322B-A031-7F6D-EFB9-8B606264CDCF" value="true"/>
</engineerTo>
<nullsAllowed>true</nullsAllowed>
<useDomainConstraints>false</useDomainConstraints>
<use>1</use>
<logicalDatatype>LOGDT024</logicalDatatype>
<dataTypeSize>100 CHAR</dataTypeSize>
<ownDataTypeParameters>100 CHAR,,</ownDataTypeParameters>
</Attribute>
<Attribute name="pers_phone" id="65F1C5EE-D438-16E0-E2EE-FE44FA9033F0">
<createdBy>Marin F</createdBy>
<createdTime>2011-10-05 09:17:49 UTC</createdTime>
<ownerDesignName>hierarchy_1</ownerDesignName>
<engineerTo>
<item key="8D97322B-A031-7F6D-EFB9-8B606264CDCF" value="true"/>
</engineerTo>
<nullsAllowed>true</nullsAllowed>
<useDomainConstraints>false</useDomainConstraints>
<use>1</use>
<logicalDatatype>LOGDT025</logicalDatatype>
<dataTypeSize>10</dataTypeSize>
<ownDataTypeParameters>10,,</ownDataTypeParameters>
</Attribute>
<Attribute name="pers_email" id="64F02E7C-ADFE-8D2A-28BD-D52487A529DF">
<createdBy>Marin F</createdBy>
<createdTime>2011-10-05 09:18:16 UTC</createdTime>
<ownerDesignName>hierarchy_1</ownerDesignName>
<engineerTo>
<item key="8D97322B-A031-7F6D-EFB9-8B606264CDCF" value="true"/>
</engineerTo>
<nullsAllowed>true</nullsAllowed>
<useDomainConstraints>false</useDomainConstraints>
<use>1</use>
<logicalDatatype>LOGDT024</logicalDatatype>
<dataTypeSize>75</dataTypeSize>
<ownDataTypeParameters>75,,</ownDataTypeParameters>
</Attribute>
</attributes>
<identifiers itemClass="oracle.dbtools.crest.model.design.logical.CandidateKey">
<identifier id="51E3B0F7-E2C4-3B9A-31AE-AE4D33FA006A" name="pers__PK">
<createdBy>Marin F</createdBy>
<createdTime>2011-10-05 09:17:05 UTC</createdTime>
<ownerDesignName>hierarchy_1</ownerDesignName>
<shouldEngineer>false</shouldEngineer>
<engineerTo>
<item key="8D97322B-A031-7F6D-EFB9-8B606264CDCF" value="false"/>
</engineerTo>
<pk>true</pk>
<newElementsIDs>D5AB7D59-0CE6-514B-8599-C216AEAC7BA1</newElementsIDs>
<usedAttributes>
<attributeRef>D5AB7D59-0CE6-514B-8599-C216AEAC7BA1</attributeRef>
</usedAttributes>
</identifier>
</identifiers>
</Entity>