<?xml version = '1.0' encoding = 'UTF-8'?>
<Diagram class="oracle.dbtools.crest.swingui.logical.DPVLogical" name="Logical" id="C8EFD635-7EFA-6A54-7F7E-6943C48D2B47">
<createdBy>Marin F</createdBy>
<modifiedBy>admin</modifiedBy>
<createdTime>2011-08-27 08:55:01 UTC</createdTime>
<autoRoute>false</autoRoute>
<boxInbox>true</boxInbox>
<showLegend>false</showLegend>
<showLabels>false</showLabels>
<showRelAttributes>false</showRelAttributes>
<gridEnabled>false</gridEnabled>
<showGrid>false</showGrid>
<diagramColor>-1</diagramColor>
<display>false</display>
<notation>1</notation>
<objectViews>
<OView class="oracle.dbtools.crest.swingui.logical.TVEntity" oid="01BBB469-838B-0B4B-ED8C-C357EACFFB37" otype="Entity" vid="92F5AC96-BBBC-03DB-511F-221EA6DD78E8">
<hideElementsInCurrentOnly>false</hideElementsInCurrentOnly>
<bounds x="459" y="111" width="128" height="137"/>
</OView>
<OView class="oracle.dbtools.crest.swingui.logical.TVEntity" oid="0233A9F5-9BFC-9C99-270B-23E02FF9C77E" otype="Entity" vid="ED2EE423-24F1-92E6-E338-1AB978C9ACD9">
<hideElementsInCurrentOnly>false</hideElementsInCurrentOnly>
<bounds x="272" y="18" width="138" height="136"/>
</OView>
<OView class="oracle.dbtools.crest.swingui.logical.TVEntity" oid="07F6AD97-518E-DBE7-2D93-0802906787BB" otype="Entity" vid="127F7B12-390B-E590-0764-AE80A8A2FAA0">
<hideElementsInCurrentOnly>false</hideElementsInCurrentOnly>
<bounds x="768" y="270" width="119" height="114"/>
</OView>
<OView class="oracle.dbtools.crest.swingui.logical.TVEntity" oid="0E1BD95D-0ADA-8E64-A019-59FE9F3B5569" otype="Entity" vid="35755A67-46AE-B53E-75EB-581B97596703">
<hideElementsInCurrentOnly>false</hideElementsInCurrentOnly>
<bounds x="577" y="402" width="130" height="40"/>
</OView>
<OView class="oracle.dbtools.crest.swingui.logical.TVEntity" oid="1A7043D9-89BC-C2C1-65DC-E34DF9DF13F3" otype="Entity" vid="62183D14-D015-9C29-C2F0-995085355D16">
<hideElementsInCurrentOnly>false</hideElementsInCurrentOnly>
<bounds x="4" y="289" width="138" height="90"/>
</OView>
<OView class="oracle.dbtools.crest.swingui.logical.TVEntity" oid="23AC7B0E-C922-AD82-188C-AA45BEC486A7" otype="Entity" vid="A6B076A2-BFB9-2FAA-74E6-8D7F5A8A33E7">
<hideElementsInCurrentOnly>false</hideElementsInCurrentOnly>
<bounds x="875" y="5" width="157" height="92"/>
</OView>
<OView class="oracle.dbtools.crest.swingui.logical.TVEntity" oid="4543BB0A-E368-9C9D-07EF-D4091FC55076" otype="Entity" vid="2E1B3860-65D7-FC23-61C5-49046F02F624">
<hideElementsInCurrentOnly>false</hideElementsInCurrentOnly>
<bounds x="154" y="182" width="147" height="63"/>
</OView>
<OView class="oracle.dbtools.crest.swingui.logical.TVEntity" oid="489246FF-1B7D-9FB0-A839-57CFCCBE7A80" otype="Entity" vid="25FAB6F2-D33C-238C-2A93-35972962CF8A">
<hideElementsInCurrentOnly>false</hideElementsInCurrentOnly>
<bounds x="540" y="478" width="127" height="73"/>
</OView>
<OView class="oracle.dbtools.crest.swingui.logical.TVEntity" oid="4A99BB51-F105-BC26-7BE5-E481C970DBF2" otype="Entity" vid="E4F742AE-5EC5-D330-86A6-9DD1DDA4CA10">
<hideElementsInCurrentOnly>false</hideElementsInCurrentOnly>
<bounds x="828" y="169" width="138" height="48"/>
</OView>
<OView class="oracle.dbtools.crest.swingui.logical.TVEntity" oid="4E4CD229-C452-315D-1863-E2B7422337D3" otype="Entity" vid="A26C2848-2034-4C56-2398-97206B669FE0">
<hideElementsInCurrentOnly>false</hideElementsInCurrentOnly>
<bounds x="713" y="107" width="126" height="57"/>
</OView>
<OView class="oracle.dbtools.crest.swingui.logical.TVEntity" oid="63C59E17-0366-CCEF-B991-6526CD768E82" otype="Entity" vid="D4D7567F-390F-21F9-10A0-4FAB83FACB83">
<hideElementsInCurrentOnly>false</hideElementsInCurrentOnly>
<bounds x="374" y="565" width="165" height="63"/>
</OView>
<OView class="oracle.dbtools.crest.swingui.logical.TVEntity" oid="679C4E6A-78AC-E568-9926-9DF238626C3F" otype="Entity" vid="DF3BCC5B-EBDC-9CF0-0F1B-AAC12A02935E">
<hideElementsInCurrentOnly>false</hideElementsInCurrentOnly>
<bounds x="691" y="12" width="132" height="54"/>
</OView>
<OView class="oracle.dbtools.crest.swingui.logical.TVEntity" oid="7142BA9C-0FBB-CDF3-FBB0-EE63CC0DBBF1" otype="Entity" vid="0ED25FE3-EF00-39FB-7092-A869A4D6FD11">
<hideElementsInCurrentOnly>false</hideElementsInCurrentOnly>
<bounds x="448" y="8" width="104" height="45"/>
</OView>
<OView class="oracle.dbtools.crest.swingui.logical.TVEntity" oid="7350898A-EF98-C0AF-6324-802E6E7B68AB" otype="Entity" vid="2DB17247-E6B3-3850-4C5A-5FF6A7D533C4">
<hideElementsInCurrentOnly>false</hideElementsInCurrentOnly>
<bounds x="725" y="580" width="126" height="46"/>
</OView>
<OView class="oracle.dbtools.crest.swingui.logical.TVEntity" oid="9198AC95-5832-E6CC-86EC-AE1F5D7E5C4F" otype="Entity" vid="AE032431-34B9-A5CC-6DF6-3A182C0DCF47">
<hideElementsInCurrentOnly>false</hideElementsInCurrentOnly>
<bounds x="148" y="7" width="113" height="77"/>
</OView>
<OView class="oracle.dbtools.crest.swingui.logical.TVEntity" oid="9641FC97-2ABE-A595-1BB0-F76C4CE1D80C" otype="Entity" vid="B86B7C88-9D3B-2A40-F639-BFF5F707C921">
<hideElementsInCurrentOnly>false</hideElementsInCurrentOnly>
<bounds x="159" y="263" width="132" height="69"/>
</OView>
<OView class="oracle.dbtools.crest.swingui.logical.TVEntity" oid="981DF4E4-28AA-9401-D5C5-958305250236" otype="Entity" vid="30990A40-878F-5FB0-56C6-19F9BD3C8066">
<hideElementsInCurrentOnly>false</hideElementsInCurrentOnly>
<bounds x="591" y="239" width="158" height="117"/>
</OView>
<OView class="oracle.dbtools.crest.swingui.logical.TVEntity" oid="A1B28845-64F4-B26A-A031-BDA59623EEA1" otype="Entity" vid="CAE72C06-8CDA-1E15-B4C6-1E6D7D896212">
<hideElementsInCurrentOnly>false</hideElementsInCurrentOnly>
<bounds x="347" y="278" width="113" height="76"/>
</OView>
<OView class="oracle.dbtools.crest.swingui.logical.TVEntity" oid="A2E77E7B-F2A1-9E9C-EFD5-8AA34F69344F" otype="Entity" vid="9675E8DF-2554-6610-2E56-6D2035189010">
<hideElementsInCurrentOnly>false</hideElementsInCurrentOnly>
<bounds x="797" y="482" width="134" height="57"/>
</OView>
<OView class="oracle.dbtools.crest.swingui.logical.TVEntity" oid="AD8F5CDE-F367-4E05-8DF0-380E5FC496CA" otype="Entity" vid="F03A6E13-C663-8F8F-EAE4-460DE40E144C">
<hideElementsInCurrentOnly>false</hideElementsInCurrentOnly>
<bounds x="2" y="586" width="129" height="46"/>
</OView>
<OView class="oracle.dbtools.crest.swingui.logical.TVEntity" oid="B46A4137-D7FA-11A1-0213-321C3B9AAE71" otype="Entity" vid="A075C57D-CB63-0567-0735-2A2BF83412E6">
<hideElementsInCurrentOnly>false</hideElementsInCurrentOnly>
<bounds x="145" y="372" width="115" height="114"/>
</OView>
<OView class="oracle.dbtools.crest.swingui.logical.TVEntity" oid="B7DAEE9D-402E-6085-FB7C-94AB82322CDB" otype="Entity" vid="5B9B1D63-5518-3B67-96FE-E0FB9E31AF51">
<hideElementsInCurrentOnly>false</hideElementsInCurrentOnly>
<bounds x="13" y="10" width="125" height="71"/>
</OView>
<OView class="oracle.dbtools.crest.swingui.logical.TVEntity" oid="BCF62260-65AE-1482-40D0-895D959353F4" otype="Entity" vid="2C1EA168-018B-741F-AE36-7D45F12F8F33">
<hideElementsInCurrentOnly>false</hideElementsInCurrentOnly>
<bounds x="85" y="508" width="142" height="66"/>
</OView>
<OView class="oracle.dbtools.crest.swingui.logical.TVEntity" oid="C8179D60-DF8B-12C7-4DC8-60CA0A0952C3" otype="Entity" vid="B838BE1B-8D74-EF17-FB08-C82ED6BC5E6C">
<hideElementsInCurrentOnly>false</hideElementsInCurrentOnly>
<bounds x="13" y="139" width="95" height="117"/>
</OView>
<OView class="oracle.dbtools.crest.swingui.logical.TVEntity" oid="D362ECA0-EF74-143D-E094-8B4C390BFEE0" otype="Entity" vid="319CA786-A245-BE10-C2E0-4B6F62854560">
<hideElementsInCurrentOnly>false</hideElementsInCurrentOnly>
<bounds x="296" y="427" width="105" height="78"/>
</OView>
<OView class="oracle.dbtools.crest.swingui.logical.TVEntity" oid="D6B16F70-D9DE-5C11-3245-CEA162B34BA4" otype="Entity" vid="2CA0AB88-ABE4-8651-3BB3-AFBEB502EA22">
<hideElementsInCurrentOnly>false</hideElementsInCurrentOnly>
<bounds x="564" y="6" width="119" height="50"/>
</OView>
<OView class="oracle.dbtools.crest.swingui.logical.TVEntity" oid="E1F23145-C10B-023C-205C-4782680B5959" otype="Entity" vid="20F990B8-9CE4-8ADE-AB03-697D291E4E33">
<hideElementsInCurrentOnly>false</hideElementsInCurrentOnly>
<bounds x="935" y="291" width="107" height="49"/>
</OView>
</objectViews>
<connectors>
<Connector class="oracle.dbtools.crest.swingui.logical.TVRelation" oid="031000FD-2E68-387A-45FA-A0F18884DA45" otype="Relation" vid_source="62183D14-D015-9C29-C2F0-995085355D16" vid_target="2C1EA168-018B-741F-AE36-7D45F12F8F33">
<hideElementsInCurrentOnly>false</hideElementsInCurrentOnly>
<lineWidth>1</lineWidth>
<points>
<point x="113" y="379"/>
<point x="113" y="508"/>
</points>
</Connector>
<Connector class="oracle.dbtools.crest.swingui.logical.TVRelation" oid="17C5ACCD-04B4-F549-10FF-E1AE0CA70BBE" otype="Relation" vid_source="B838BE1B-8D74-EF17-FB08-C82ED6BC5E6C" vid_target="92F5AC96-BBBC-03DB-511F-221EA6DD78E8">
<hideElementsInCurrentOnly>false</hideElementsInCurrentOnly>
<lineWidth>1</lineWidth>
<points>
<point x="108" y="168"/>
<point x="459" y="168"/>
</points>
</Connector>
<Connector class="oracle.dbtools.crest.swingui.logical.TVRelation" oid="24DD7E8D-2AD4-465B-6D4C-669F69225A12" otype="Relation" vid_source="92F5AC96-BBBC-03DB-511F-221EA6DD78E8" vid_target="0ED25FE3-EF00-39FB-7092-A869A4D6FD11">
<hideElementsInCurrentOnly>false</hideElementsInCurrentOnly>
<lineWidth>1</lineWidth>
<points>
<point x="496" y="111"/>
<point x="497" y="53"/>
</points>
</Connector>
<Connector class="oracle.dbtools.crest.swingui.logical.TVRelation" oid="28D51467-34CC-30D9-5FF0-1FDA8DB933D8" otype="Relation" vid_source="A6B076A2-BFB9-2FAA-74E6-8D7F5A8A33E7" vid_target="DF3BCC5B-EBDC-9CF0-0F1B-AAC12A02935E">
<hideElementsInCurrentOnly>false</hideElementsInCurrentOnly>
<lineWidth>1</lineWidth>
<points>
<point x="875" y="39"/>
<point x="823" y="39"/>
</points>
</Connector>
<Connector class="oracle.dbtools.crest.swingui.logical.TVRelation" oid="29A72459-50D9-3F1E-8E22-1C81EEFB3F40" otype="Relation" vid_source="ED2EE423-24F1-92E6-E338-1AB978C9ACD9" vid_target="0ED25FE3-EF00-39FB-7092-A869A4D6FD11">
<hideElementsInCurrentOnly>false</hideElementsInCurrentOnly>
<lineWidth>1</lineWidth>
<points>
<point x="410" y="51"/>
<point x="448" y="27"/>
</points>
</Connector>
<Connector class="oracle.dbtools.crest.swingui.logical.TVRelation" oid="3527152B-F5DE-819E-5DE3-03AA751BF6FF" otype="Relation" vid_source="92F5AC96-BBBC-03DB-511F-221EA6DD78E8" vid_target="D4D7567F-390F-21F9-10A0-4FAB83FACB83">
<hideElementsInCurrentOnly>false</hideElementsInCurrentOnly>
<lineWidth>1</lineWidth>
<points>
<point x="509" y="248"/>
<point x="509" y="565"/>
</points>
</Connector>
<Connector class="oracle.dbtools.crest.swingui.logical.TVRelation" oid="35AB86A8-6E25-6451-4A96-D30B9C95BBD8" otype="Relation" vid_source="30990A40-878F-5FB0-56C6-19F9BD3C8066" vid_target="2CA0AB88-ABE4-8651-3BB3-AFBEB502EA22">
<hideElementsInCurrentOnly>false</hideElementsInCurrentOnly>
<lineWidth>1</lineWidth>
<points>
<point x="637" y="239"/>
<point x="637" y="56"/>
</points>
</Connector>
<Connector class="oracle.dbtools.crest.swingui.logical.TVRelation" oid="3A009CF8-5641-AC29-3070-6926BB375D8C" otype="Relation" vid_source="30990A40-878F-5FB0-56C6-19F9BD3C8066" vid_target="35755A67-46AE-B53E-75EB-581B97596703">
<hideElementsInCurrentOnly>false</hideElementsInCurrentOnly>
<lineWidth>1</lineWidth>
<points>
<point x="649" y="356"/>
<point x="649" y="402"/>
</points>
</Connector>
<Connector class="oracle.dbtools.crest.swingui.logical.TVRelation" oid="45A0DCE0-8A6A-38B1-9A76-F410424B4431" otype="Relation" vid_source="92F5AC96-BBBC-03DB-511F-221EA6DD78E8" vid_target="DF3BCC5B-EBDC-9CF0-0F1B-AAC12A02935E">
<hideElementsInCurrentOnly>false</hideElementsInCurrentOnly>
<lineWidth>1</lineWidth>
<points>
<point x="587" y="126"/>
<point x="757" y="66"/>
</points>
</Connector>
<Connector class="oracle.dbtools.crest.swingui.logical.TVRelation" oid="4A07F31D-AA3A-8482-A79D-DF8449D8E2E5" otype="Relation" vid_source="30990A40-878F-5FB0-56C6-19F9BD3C8066" vid_target="A26C2848-2034-4C56-2398-97206B669FE0">
<hideElementsInCurrentOnly>false</hideElementsInCurrentOnly>
<lineWidth>1</lineWidth>
<points>
<point x="731" y="239"/>
<point x="731" y="164"/>
</points>
</Connector>
<Connector class="oracle.dbtools.crest.swingui.logical.TVRelation" oid="4B7F132B-17A3-36BF-0461-429490B8CC58" otype="Relation" vid_source="62183D14-D015-9C29-C2F0-995085355D16" vid_target="F03A6E13-C663-8F8F-EAE4-460DE40E144C">
<hideElementsInCurrentOnly>false</hideElementsInCurrentOnly>
<lineWidth>1</lineWidth>
<points>
<point x="67" y="379"/>
<point x="67" y="586"/>
</points>
</Connector>
<Connector class="oracle.dbtools.crest.swingui.logical.TVRelation" oid="4BED6462-BAB5-4087-9158-F94758DE8A1B" otype="Relation" vid_source="127F7B12-390B-E590-0764-AE80A8A2FAA0" vid_target="20F990B8-9CE4-8ADE-AB03-697D291E4E33">
<hideElementsInCurrentOnly>false</hideElementsInCurrentOnly>
<lineWidth>1</lineWidth>
<points>
<point x="887" y="315"/>
<point x="935" y="315"/>
</points>
</Connector>
<Connector class="oracle.dbtools.crest.swingui.logical.TVRelation" oid="4C146004-FFFC-F8C4-F704-EDDAFA93C6CB" otype="Relation" vid_source="D4D7567F-390F-21F9-10A0-4FAB83FACB83" vid_target="F03A6E13-C663-8F8F-EAE4-460DE40E144C">
<hideElementsInCurrentOnly>false</hideElementsInCurrentOnly>
<lineWidth>1</lineWidth>
<points>
<point x="374" y="607"/>
<point x="131" y="607"/>
</points>
</Connector>
<Connector class="oracle.dbtools.crest.swingui.logical.TVRelation" oid="4E9EA8FE-B353-85FB-B5E7-3BDA67372A6F" otype="Relation" vid_source="92F5AC96-BBBC-03DB-511F-221EA6DD78E8" vid_target="2CA0AB88-ABE4-8651-3BB3-AFBEB502EA22">
<hideElementsInCurrentOnly>false</hideElementsInCurrentOnly>
<lineWidth>1</lineWidth>
<points>
<point x="575" y="111"/>
<point x="575" y="56"/>
</points>
</Connector>
<Connector class="oracle.dbtools.crest.swingui.logical.TVRelation" oid="4F9F22EE-C1C9-2ED1-C501-5BB4F9BA955E" otype="Relation" vid_source="D4D7567F-390F-21F9-10A0-4FAB83FACB83" vid_target="2DB17247-E6B3-3850-4C5A-5FF6A7D533C4">
<hideElementsInCurrentOnly>false</hideElementsInCurrentOnly>
<lineWidth>1</lineWidth>
<points>
<point x="539" y="603"/>
<point x="725" y="603"/>
</points>
</Connector>
<Connector class="oracle.dbtools.crest.swingui.logical.TVRelation" oid="5ED3C2AB-9E15-0925-2C63-4ECC85CF2EC2" otype="Relation" vid_source="92F5AC96-BBBC-03DB-511F-221EA6DD78E8" vid_target="2E1B3860-65D7-FC23-61C5-49046F02F624">
<hideElementsInCurrentOnly>false</hideElementsInCurrentOnly>
<lineWidth>1</lineWidth>
<points>
<point x="459" y="213"/>
<point x="301" y="213"/>
</points>
</Connector>
<Connector class="oracle.dbtools.crest.swingui.logical.TVRelation" oid="5ED5C08D-5223-DC42-9201-689E04D37F45" otype="Relation" vid_source="92F5AC96-BBBC-03DB-511F-221EA6DD78E8" vid_target="25FAB6F2-D33C-238C-2A93-35972962CF8A">
<hideElementsInCurrentOnly>false</hideElementsInCurrentOnly>
<lineWidth>1</lineWidth>
<points>
<point x="563" y="248"/>
<point x="563" y="478"/>
</points>
</Connector>
<Connector class="oracle.dbtools.crest.swingui.logical.TVRelation" oid="6A583F60-374A-8B42-3FD9-D38875E4FB34" otype="Relation" vid_source="B838BE1B-8D74-EF17-FB08-C82ED6BC5E6C" vid_target="AE032431-34B9-A5CC-6DF6-3A182C0DCF47">
<hideElementsInCurrentOnly>false</hideElementsInCurrentOnly>
<lineWidth>1</lineWidth>
<points>
<point x="108" y="139"/>
<point x="192" y="84"/>
</points>
</Connector>
<Connector class="oracle.dbtools.crest.swingui.logical.TVRelation" oid="6A686C51-B1DC-7AA4-D7D3-4BE3F2BA3F71" otype="Relation" vid_source="CAE72C06-8CDA-1E15-B4C6-1E6D7D896212" vid_target="D4D7567F-390F-21F9-10A0-4FAB83FACB83">
<hideElementsInCurrentOnly>false</hideElementsInCurrentOnly>
<lineWidth>1</lineWidth>
<points>
<point x="417" y="354"/>
<point x="417" y="565"/>
</points>
</Connector>
<Connector class="oracle.dbtools.crest.swingui.logical.TVRelation" oid="72B0C29C-592D-1710-A592-31D6149A26A5" otype="Relation" vid_source="A6B076A2-BFB9-2FAA-74E6-8D7F5A8A33E7" vid_target="20F990B8-9CE4-8ADE-AB03-697D291E4E33">
<hideElementsInCurrentOnly>false</hideElementsInCurrentOnly>
<lineWidth>1</lineWidth>
<points>
<point x="993" y="97"/>
<point x="993" y="291"/>
</points>
</Connector>
<Connector class="oracle.dbtools.crest.swingui.logical.TVRelation" oid="73B89CC3-EEE5-DA4C-FC77-3FD8E4623B2D" otype="Relation" vid_source="30990A40-878F-5FB0-56C6-19F9BD3C8066" vid_target="9675E8DF-2554-6610-2E56-6D2035189010">
<hideElementsInCurrentOnly>false</hideElementsInCurrentOnly>
<lineWidth>1</lineWidth>
<points>
<point x="733" y="356"/>
<point x="829" y="482"/>
</points>
</Connector>
<Connector class="oracle.dbtools.crest.swingui.logical.TVRelation" oid="7ED6C746-5727-9C44-CBC9-031A88163386" otype="Relation" vid_source="A075C57D-CB63-0567-0735-2A2BF83412E6" vid_target="319CA786-A245-BE10-C2E0-4B6F62854560">
<hideElementsInCurrentOnly>false</hideElementsInCurrentOnly>
<lineWidth>1</lineWidth>
<points>
<point x="260" y="456"/>
<point x="296" y="456"/>
</points>
</Connector>
<Connector class="oracle.dbtools.crest.swingui.logical.TVRelation" oid="83FC4D13-492D-431C-FDB1-C96BF3BE477A" otype="Relation" vid_source="30990A40-878F-5FB0-56C6-19F9BD3C8066" vid_target="A26C2848-2034-4C56-2398-97206B669FE0">
<hideElementsInCurrentOnly>false</hideElementsInCurrentOnly>
<lineWidth>1</lineWidth>
<points>
<point x="741" y="239"/>
<point x="741" y="164"/>
</points>
</Connector>
<Connector class="oracle.dbtools.crest.swingui.logical.TVRelation" oid="84BADA27-5BD1-CBE5-681C-CD553836E537" otype="Relation" vid_source="25FAB6F2-D33C-238C-2A93-35972962CF8A" vid_target="9675E8DF-2554-6610-2E56-6D2035189010">
<hideElementsInCurrentOnly>false</hideElementsInCurrentOnly>
<lineWidth>1</lineWidth>
<points>
<point x="667" y="510"/>
<point x="797" y="510"/>
</points>
</Connector>
<Connector class="oracle.dbtools.crest.swingui.logical.TVRelation" oid="8656097F-5FF0-F820-3C88-CADA7ECF5EB3" otype="Relation" vid_source="CAE72C06-8CDA-1E15-B4C6-1E6D7D896212" vid_target="319CA786-A245-BE10-C2E0-4B6F62854560">
<hideElementsInCurrentOnly>false</hideElementsInCurrentOnly>
<lineWidth>1</lineWidth>
<points>
<point x="374" y="354"/>
<point x="374" y="427"/>
</points>
</Connector>
<Connector class="oracle.dbtools.crest.swingui.logical.TVRelation" oid="93C9E9D2-3F85-5512-1B80-4F2FD6249DF6" otype="Relation" vid_source="25FAB6F2-D33C-238C-2A93-35972962CF8A" vid_target="2C1EA168-018B-741F-AE36-7D45F12F8F33">
<hideElementsInCurrentOnly>false</hideElementsInCurrentOnly>
<lineWidth>1</lineWidth>
<points>
<point x="540" y="529"/>
<point x="227" y="529"/>
</points>
</Connector>
<Connector class="oracle.dbtools.crest.swingui.logical.TVRelation" oid="9CC88E57-F848-D735-0239-B84D16815CBE" otype="Relation" vid_source="25FAB6F2-D33C-238C-2A93-35972962CF8A" vid_target="35755A67-46AE-B53E-75EB-581B97596703">
<hideElementsInCurrentOnly>false</hideElementsInCurrentOnly>
<lineWidth>1</lineWidth>
<points>
<point x="622" y="478"/>
<point x="622" y="442"/>
</points>
</Connector>
<Connector class="oracle.dbtools.crest.swingui.logical.TVRelation" oid="A08003CF-1145-B1FE-33A0-69CA99C9D4A6" otype="Relation" vid_source="A6B076A2-BFB9-2FAA-74E6-8D7F5A8A33E7" vid_target="DF3BCC5B-EBDC-9CF0-0F1B-AAC12A02935E">
<hideElementsInCurrentOnly>false</hideElementsInCurrentOnly>
<lineWidth>1</lineWidth>
<points>
<point x="976" y="97"/>
<point x="823" y="40"/>
</points>
</Connector>
<Connector class="oracle.dbtools.crest.swingui.logical.TVRelation" oid="A74BA61B-0381-EC7C-058B-FC0A18363EB6" otype="Relation" vid_source="B838BE1B-8D74-EF17-FB08-C82ED6BC5E6C" vid_target="5B9B1D63-5518-3B67-96FE-E0FB9E31AF51">
<hideElementsInCurrentOnly>false</hideElementsInCurrentOnly>
<lineWidth>1</lineWidth>
<points>
<point x="86" y="139"/>
<point x="86" y="81"/>
</points>
</Connector>
<Connector class="oracle.dbtools.crest.swingui.logical.TVRelation" oid="B2FD1270-B8AB-BAB2-56DC-292000D5CBF3" otype="Relation" vid_source="92F5AC96-BBBC-03DB-511F-221EA6DD78E8" vid_target="E4F742AE-5EC5-D330-86A6-9DD1DDA4CA10">
<hideElementsInCurrentOnly>false</hideElementsInCurrentOnly>
<lineWidth>1</lineWidth>
<points>
<point x="587" y="193"/>
<point x="828" y="193"/>
</points>
</Connector>
<Connector class="oracle.dbtools.crest.swingui.logical.TVRelation" oid="D2FB2005-B74A-819A-E749-0C7B5AA9633B" otype="Relation" vid_source="CAE72C06-8CDA-1E15-B4C6-1E6D7D896212" vid_target="B86B7C88-9D3B-2A40-F639-BFF5F707C921">
<hideElementsInCurrentOnly>false</hideElementsInCurrentOnly>
<lineWidth>1</lineWidth>
<points>
<point x="347" y="315"/>
<point x="291" y="315"/>
</points>
</Connector>
<Connector class="oracle.dbtools.crest.swingui.logical.TVRelation" oid="E86549E0-E326-422E-1FF8-77FF83E0AF75" otype="Relation" vid_source="30990A40-878F-5FB0-56C6-19F9BD3C8066" vid_target="2DB17247-E6B3-3850-4C5A-5FF6A7D533C4">
<hideElementsInCurrentOnly>false</hideElementsInCurrentOnly>
<lineWidth>1</lineWidth>
<points>
<point x="710" y="356"/>
<point x="737" y="580"/>
</points>
</Connector>
<Connector class="oracle.dbtools.crest.swingui.logical.TVRelation" oid="EA10DA18-FD07-ACC0-0EA3-0C1F5BBE508F" otype="Relation" vid_source="92F5AC96-BBBC-03DB-511F-221EA6DD78E8" vid_target="B86B7C88-9D3B-2A40-F639-BFF5F707C921">
<hideElementsInCurrentOnly>false</hideElementsInCurrentOnly>
<lineWidth>1</lineWidth>
<points>
<point x="459" y="238"/>
<point x="291" y="297"/>
</points>
</Connector>
<Connector class="oracle.dbtools.crest.swingui.logical.TVRelation" oid="EA955EF5-4765-8683-A39B-55C949CCBEE7" otype="Relation" vid_source="127F7B12-390B-E590-0764-AE80A8A2FAA0" vid_target="E4F742AE-5EC5-D330-86A6-9DD1DDA4CA10">
<hideElementsInCurrentOnly>false</hideElementsInCurrentOnly>
<lineWidth>1</lineWidth>
<points>
<point x="857" y="270"/>
<point x="857" y="217"/>
</points>
</Connector>
<Connector class="oracle.dbtools.crest.swingui.logical.TVRelation" oid="F099ECFB-7BA1-4D4B-BE3F-21934CFE732F" otype="Relation" vid_source="319CA786-A245-BE10-C2E0-4B6F62854560" vid_target="25FAB6F2-D33C-238C-2A93-35972962CF8A">
<hideElementsInCurrentOnly>false</hideElementsInCurrentOnly>
<lineWidth>1</lineWidth>
<points>
<point x="401" y="491"/>
<point x="540" y="491"/>
</points>
</Connector>
<Connector class="oracle.dbtools.crest.swingui.logical.TVRelation" oid="F12632CF-81EB-B560-BCC4-1CF1316329F2" otype="Relation" vid_source="B838BE1B-8D74-EF17-FB08-C82ED6BC5E6C" vid_target="ED2EE423-24F1-92E6-E338-1AB978C9ACD9">
<hideElementsInCurrentOnly>false</hideElementsInCurrentOnly>
<lineWidth>1</lineWidth>
<points>
<point x="108" y="146"/>
<point x="272" y="113"/>
</points>
</Connector>
</connectors>
<arcs>
<Arc class="oracle.dbtools.crest.swingui.logical.TVArc" oid="77408848-2905-C4AC-F979-AFACECD0C312" otype="Arc" vid="BD72F689-D737-824A-FA5C-71897257DC71">
<hideElementsInCurrentOnly>false</hideElementsInCurrentOnly>
<bounds x="-7" y="119" width="135" height="157"/>
</Arc>
<Arc class="oracle.dbtools.crest.swingui.logical.TVArc" oid="8C767C7D-883A-9356-E4C7-EE7C023BEA4B" otype="Arc" vid="B43A4A41-74BA-1599-F75F-54E9DBBD3A25">
<hideElementsInCurrentOnly>false</hideElementsInCurrentOnly>
<bounds x="855" y="-15" width="197" height="132"/>
</Arc>
</arcs>
</Diagram>