<?xml version = '1.0' encoding = 'UTF-8'?>
<Table class="oracle.dbtools.crest.model.design.relational.Table" directorySegmentName="seg_0" id="1C96027F-DDFB-CE0A-6FC2-B32487B78B86" name="ordered_items">
<createdBy>marinfotache</createdBy>
<createdTime>2016-11-07 08:55:29 UTC</createdTime>
<generatorID>F83C1949-608D-81D4-5FB2-16FF9D499229</generatorID>
<ownerDesignName>01c_heterogeneous_items_v3</ownerDesignName>
<allowColumnReorder>false</allowColumnReorder>
<existDependencyGenerateInDDl>true</existDependencyGenerateInDDl>
<parsed>true</parsed>
<columns itemClass="oracle.dbtools.crest.model.design.relational.Column">
<Column name="quantity" id="6A929B49-EA12-57DA-DCDD-486BD69E6CEF">
<createdBy>marinfotache</createdBy>
<createdTime>2016-11-07 08:55:29 UTC</createdTime>
<generatorID>80DD8CB9-BEBD-FD64-FEB8-4134C1C271ED</generatorID>
<ownerDesignName>01c_heterogeneous_items_v3</ownerDesignName>
<useDomainConstraints>false</useDomainConstraints>
<use>1</use>
<logicalDatatype>LOGDT019</logicalDatatype>
<dataTypePrecision>9</dataTypePrecision>
<dataTypeScale>3</dataTypeScale>
<ownDataTypeParameters>,9,3</ownDataTypeParameters>
<autoIncrementCycle>false</autoIncrementCycle>
</Column>
<Column name="orders_order_id" id="F9279254-5410-3275-A35A-6161EF7B16AF">
<createdBy>marinfotache</createdBy>
<createdTime>2016-11-07 08:55:29 UTC</createdTime>
<generatorID>1DA98C8A-FC77-0A45-701B-036A0E5A01F1</generatorID>
<ownerDesignName>01c_heterogeneous_items_v3</ownerDesignName>
<useDomainConstraints>false</useDomainConstraints>
<use>1</use>
<logicalDatatype>LOGDT011</logicalDatatype>
<ownDataTypeParameters>,,</ownDataTypeParameters>
<previousColumn>false</previousColumn>
<autoIncrementCycle>false</autoIncrementCycle>
<associations>
<colAssociation fkAssociation="D3E148A0-1FD0-B5B0-5FD8-CFDE12B3193A" referredColumn="9DACA084-FC2F-F8D5-77B3-AEDA9A556867"/>
</associations>
</Column>
<Column name="products_prod_id" id="291F6B04-686C-EBEA-ED10-F27C634D1E2D">
<createdBy>marinfotache</createdBy>
<createdTime>2016-11-07 08:55:29 UTC</createdTime>
<generatorID>3C086D64-AD45-C80A-52EA-3D98DA3C9C32</generatorID>
<ownerDesignName>01c_heterogeneous_items_v3</ownerDesignName>
<nullsAllowed>true</nullsAllowed>
<useDomainConstraints>false</useDomainConstraints>
<use>1</use>
<logicalDatatype>LOGDT011</logicalDatatype>
<ownDataTypeParameters>,,</ownDataTypeParameters>
<previousColumn>false</previousColumn>
<autoIncrementCycle>false</autoIncrementCycle>
<associations>
<colAssociation fkAssociation="CD715E77-AE9A-B2E3-D3EE-427D49AC3E9A" referredColumn="E40871FB-823C-62BE-D12E-59BBB51A63EE"/>
</associations>
</Column>
<Column name="services_serv_id" id="AF9E0C71-48E2-CF08-B87C-D27FB39A8D69">
<createdBy>marinfotache</createdBy>
<createdTime>2016-11-07 08:55:29 UTC</createdTime>
<generatorID>09C5E238-5F3C-2870-E6CF-DEF7F778A844</generatorID>
<ownerDesignName>01c_heterogeneous_items_v3</ownerDesignName>
<nullsAllowed>true</nullsAllowed>
<useDomainConstraints>false</useDomainConstraints>
<use>1</use>
<logicalDatatype>LOGDT011</logicalDatatype>
<ownDataTypeParameters>,,</ownDataTypeParameters>
<previousColumn>false</previousColumn>
<autoIncrementCycle>false</autoIncrementCycle>
<associations>
<colAssociation fkAssociation="0B9CCA0D-E066-87CD-0824-439465388F96" referredColumn="97A732A5-DEB0-1A65-15C3-89F03A2A973F"/>
</associations>
</Column>
<Column name="id" id="FDB54EE7-83DC-37E8-5D7A-D5F975B77843">
<createdBy>marinfotache</createdBy>
<createdTime>2016-11-07 09:06:34 UTC</createdTime>
<generatorID>3B9AD924-2C61-6E37-1626-A1A401A45AF1</generatorID>
<ownerDesignName>01c_heterogeneous_items_v3</ownerDesignName>
<useDomainConstraints>false</useDomainConstraints>
<use>1</use>
<logicalDatatype>LOGDT011</logicalDatatype>
<ownDataTypeParameters>,,</ownDataTypeParameters>
<autoIncrementCycle>false</autoIncrementCycle>
</Column>
</columns>
<indexes itemClass="oracle.dbtools.crest.model.design.relational.Index">
<ind_PK_UK id="93859763-20E7-4FE2-3BF5-222DE52AF4A1" name="ordered_items_PK">
<createdBy>marinfotache</createdBy>
<createdTime>2016-11-07 08:55:29 UTC</createdTime>
<generatorID>E298E30E-FE1F-6742-A910-8A6D7786E0D1</generatorID>
<ownerDesignName>01c_heterogeneous_items_v3</ownerDesignName>
<pk>true</pk>
<indexState>Primary Constraint</indexState>
<isSurrogateKey>false</isSurrogateKey>
<indexColumnUsage>
<colUsage columnID="FDB54EE7-83DC-37E8-5D7A-D5F975B77843"/>
</indexColumnUsage>
</ind_PK_UK>
<ind_PK_UK id="2ECED759-CE81-DE55-843F-8D5A3215A381" name="ordered_items_services_FK">
<createdBy>marinfotache</createdBy>
<createdTime>2016-11-07 08:55:29 UTC</createdTime>
<generatorID>784501A0-8811-ADBA-ED35-DDA6257944CE</generatorID>
<ownerDesignName>01c_heterogeneous_items_v3</ownerDesignName>
<indexState>Foreign Key</indexState>
<isSurrogateKey>false</isSurrogateKey>
<indexColumnUsage>
<colUsage columnID="AF9E0C71-48E2-CF08-B87C-D27FB39A8D69"/>
</indexColumnUsage>
</ind_PK_UK>
<ind_PK_UK id="0BD5A54F-8091-207C-F735-AD3C93143DF1" name="ordered_items_orders_FK">
<createdBy>marinfotache</createdBy>
<createdTime>2016-11-07 08:55:29 UTC</createdTime>
<generatorID>2AFE7B4B-0337-CBB2-49DE-B73C185A50F3</generatorID>
<ownerDesignName>01c_heterogeneous_items_v3</ownerDesignName>
<indexState>Foreign Key</indexState>
<isSurrogateKey>false</isSurrogateKey>
<indexColumnUsage>
<colUsage columnID="F9279254-5410-3275-A35A-6161EF7B16AF"/>
</indexColumnUsage>
</ind_PK_UK>
<ind_PK_UK id="0C13FDF0-CFE8-B2A7-5888-AE7B5A2D4368" name="ordered_items_products_FK">
<createdBy>marinfotache</createdBy>
<createdTime>2016-11-07 08:55:29 UTC</createdTime>
<generatorID>23ADD691-E327-5C7B-1F5A-8C6F135F6A8A</generatorID>
<ownerDesignName>01c_heterogeneous_items_v3</ownerDesignName>
<indexState>Foreign Key</indexState>
<isSurrogateKey>false</isSurrogateKey>
<indexColumnUsage>
<colUsage columnID="291F6B04-686C-EBEA-ED10-F27C634D1E2D"/>
</indexColumnUsage>
</ind_PK_UK>
</indexes>
</Table>