<?xml version = '1.0' encoding = 'UTF-8'?>
<Relation class="oracle.dbtools.crest.model.design.logical.Relation" name="refers_to_address_of_v2" directorySegmentName="seg_0" id="041CAC65-CEE4-CBF4-1D2E-12DF8E5B7D4E">
<createdBy>Marin F</createdBy>
<createdTime>2011-07-11 06:51:52 UTC</createdTime>
<generatorID>37F76FFA-6620-990A-FC7B-1B194EFAB6E9</generatorID>
<ownerDesignName>07a_Discounts_on_range_of_values</ownerDesignName>
<sourcePk>35CD679C-AB1F-11CA-0A46-1BA47C75B313</sourcePk>
<identifying>false</identifying>
<optionalSource>true</optionalSource>
<optionalTarget>false</optionalTarget>
<sourceCardinality>1</sourceCardinality>
<sourceEntity>08E3BC06-4CF9-936A-D8B8-E4C6434B4779</sourceEntity>
<targetCardinalityString>*</targetCardinalityString>
<targetEntity>862CD71F-8ACA-33A5-6C24-FBA4AC6FAA7F</targetEntity>
<transferable>true</transferable>
</Relation>