<?xml version = '1.0' encoding = 'UTF-8'?>
<Relation class="oracle.dbtools.crest.model.design.logical.Relation" name="used_to_be_represented_by" directorySegmentName="seg_0" id="34A37B5B-544C-2D89-9AA4-162A2F3AA375">
<createdBy>admin</createdBy>
<createdTime>2015-10-29 10:41:39 UTC</createdTime>
<ownerDesignName>07a_Discounts_on_range_of_values</ownerDesignName>
<sourcePk>E60967B1-E1BA-9D43-DC8F-53D3CDBBEAC0</sourcePk>
<identifying>true</identifying>
<optionalSource>true</optionalSource>
<optionalTarget>false</optionalTarget>
<sourceCardinality>1</sourceCardinality>
<sourceEntity>862CD71F-8ACA-33A5-6C24-FBA4AC6FAA7F</sourceEntity>
<targetCardinalityString>*</targetCardinalityString>
<targetEntity>33FDE9F3-576F-7146-A3D1-ADA28F1E6B78</targetEntity>
<transferable>true</transferable>
</Relation>