<?xml version = '1.0' encoding = 'UTF-8'?>
<Relation class="oracle.dbtools.crest.model.design.logical.Relation" name="is_refused" directorySegmentName="seg_0" id="8C27B7DD-45FA-8245-524F-9A753EC7EF80">
<createdBy>admin</createdBy>
<createdTime>2015-10-29 12:39:13 UTC</createdTime>
<ownerDesignName>07a_Discounts_on_range_of_values</ownerDesignName>
<sourcePk>98B0CC1C-CABC-01BF-431C-FE0F561E7B33</sourcePk>
<identifying>true</identifying>
<optionalSource>true</optionalSource>
<optionalTarget>false</optionalTarget>
<sourceCardinality>1</sourceCardinality>
<sourceEntity>9B643DE7-AE99-9E3E-B7F8-CD5D91D01CAC</sourceEntity>
<targetCardinalityString>*</targetCardinalityString>
<targetEntity>70249285-81D3-E5EF-EA1B-3DA98C418470</targetEntity>
<transferable>true</transferable>
</Relation>