<?xml version = '1.0' encoding = 'UTF-8'?>
<Relation class="oracle.dbtools.crest.model.design.logical.Relation" name="contains_details_about" directorySegmentName="seg_0" id="AA5D1984-FB1D-A844-1D48-1557DD1B109A">
<createdBy>admin</createdBy>
<createdTime>2015-10-30 05:18:54 UTC</createdTime>
<ownerDesignName>07a_Discounts_on_range_of_values</ownerDesignName>
<sourcePk>5C3320B8-A87D-B131-BCA4-76F86D2AA135</sourcePk>
<identifying>true</identifying>
<optionalSource>true</optionalSource>
<optionalTarget>false</optionalTarget>
<sourceCardinality>1</sourceCardinality>
<sourceEntity>7EFEF29B-B100-28C0-B8BD-D10D9DD6F36B</sourceEntity>
<targetCardinalityString>*</targetCardinalityString>
<targetEntity>E86EF5B1-3F8F-5AEC-6943-16093FDE25CF</targetEntity>
<transferable>true</transferable>
</Relation>