<?xml version = '1.0' encoding = 'UTF-8'?>
<Relation class="oracle.dbtools.crest.model.design.logical.Relation" name="has_defined" directorySegmentName="seg_0" id="D42DE3C4-CE63-CA76-6A11-59ADAADC375E">
<createdBy>Marin F</createdBy>
<createdTime>2011-07-11 06:51:52 UTC</createdTime>
<generatorID>22401859-7016-F3D8-3C28-084788CEDE94</generatorID>
<ownerDesignName>07a_Discounts_on_range_of_values</ownerDesignName>
<sourcePk>CE9F75A4-299F-E491-BB16-E1865BBBC7B9</sourcePk>
<identifying>false</identifying>
<optionalSource>true</optionalSource>
<optionalTarget>false</optionalTarget>
<sourceCardinality>1</sourceCardinality>
<sourceEntity>98D735D6-4742-C82D-7BFB-79BBDC624A7D</sourceEntity>
<targetCardinalityString>*</targetCardinalityString>
<targetEntity>08E3BC06-4CF9-936A-D8B8-E4C6434B4779</targetEntity>
<transferable>true</transferable>
</Relation>