<?xml version = '1.0' encoding = 'UTF-8'?>
<relationalModel class="oracle.dbtools.crest.model.design.relational.RelationalDesign" name="Relational_1" id="E874FA34-F69C-1A94-790E-C646ACF7ED04" mainViewID="7BC2EDA3-6EE7-B81F-2330-7C82C39665A3">
<createdBy>marinfotache</createdBy>
<createdTime>2020-11-25 14:02:16 UTC</createdTime>
<ownerDesignName>biblioteca</ownerDesignName>
<shouldBeOpen>false</shouldBeOpen>
<selectedRDBMSSite>3FD120B5-9F4E-6278-D5E2-746D192C8319</selectedRDBMSSite>
</relationalModel>