<?xml version = '1.0' encoding = 'UTF-8'?>
<DomainFile class="oracle.dbtools.crest.model.design.DomainFileWrapper" fileName="create_table_CATERING_2010_Domains_Domains">
   <domains>
      <Domain class="oracle.dbtools.crest.model.design.Domain" name="NUMERIC_7_3_0" id="013F8D88-1657-11D8-83DF-7BF9077A8C32">
         <createdBy>Marin F</createdBy>
         <createdTime>2011-08-27 07:31:58 UTC</createdTime>
         <ownerDesignName>catering_1</ownerDesignName>
         <avTSortOrder>0</avTSortOrder>
         <dataTypePrecision>7</dataTypePrecision>
         <dataTypeScale>3</dataTypeScale>
         <dataTypeSize>0</dataTypeSize>
         <fileName>create_table_CATERING_2010_Domains_Domains</fileName>
         <logicalDatatype>LOGDT019</logicalDatatype>
      </Domain>
      <Domain class="oracle.dbtools.crest.model.design.Domain" name="VARCHAR_0_0_20" id="0A64E9B0-EBD3-D075-170C-C99EC398D4BC">
         <createdBy>Marin F</createdBy>
         <createdTime>2011-08-27 07:31:58 UTC</createdTime>
         <ownerDesignName>catering_1</ownerDesignName>
         <avTSortOrder>0</avTSortOrder>
         <dataTypePrecision>0</dataTypePrecision>
         <dataTypeScale>0</dataTypeScale>
         <dataTypeSize>20</dataTypeSize>
         <fileName>create_table_CATERING_2010_Domains_Domains</fileName>
         <logicalDatatype>LOGDT024</logicalDatatype>
      </Domain>
      <Domain class="oracle.dbtools.crest.model.design.Domain" name="VARCHAR_0_0_100" id="23F2C24F-5F3C-3BC8-9151-2B6C8954EF87">
         <createdBy>Marin F</createdBy>
         <createdTime>2011-08-27 07:31:58 UTC</createdTime>
         <ownerDesignName>catering_1</ownerDesignName>
         <avTSortOrder>0</avTSortOrder>
         <dataTypePrecision>0</dataTypePrecision>
         <dataTypeScale>0</dataTypeScale>
         <dataTypeSize>100</dataTypeSize>
         <fileName>create_table_CATERING_2010_Domains_Domains</fileName>
         <logicalDatatype>LOGDT024</logicalDatatype>
      </Domain>
      <Domain class="oracle.dbtools.crest.model.design.Domain" name="NUMERIC_13_0_0" id="2B985D50-5E3C-B66F-0A04-0072D2196276">
         <createdBy>Marin F</createdBy>
         <createdTime>2011-08-27 07:31:58 UTC</createdTime>
         <ownerDesignName>catering_1</ownerDesignName>
         <avTSortOrder>0</avTSortOrder>
         <dataTypePrecision>13</dataTypePrecision>
         <dataTypeScale>0</dataTypeScale>
         <dataTypeSize>0</dataTypeSize>
         <fileName>create_table_CATERING_2010_Domains_Domains</fileName>
         <logicalDatatype>LOGDT019</logicalDatatype>
      </Domain>
      <Domain class="oracle.dbtools.crest.model.design.Domain" name="Timestamp_6_0_0" id="306B5A69-787C-CB69-4B87-6B711AF09B37">
         <createdBy>Marin F</createdBy>
         <createdTime>2011-08-27 07:31:58 UTC</createdTime>
         <ownerDesignName>catering_1</ownerDesignName>
         <avTSortOrder>0</avTSortOrder>
         <dataTypePrecision>6</dataTypePrecision>
         <fileName>create_table_CATERING_2010_Domains_Domains</fileName>
         <logicalDatatype>LOGDT015</logicalDatatype>
      </Domain>
      <Domain class="oracle.dbtools.crest.model.design.Domain" name="NUMERIC_10_0_0" id="384970FF-147E-7781-BF3E-A35CFFB50EB1">
         <createdBy>Marin F</createdBy>
         <createdTime>2011-08-27 07:31:58 UTC</createdTime>
         <ownerDesignName>catering_1</ownerDesignName>
         <avTSortOrder>0</avTSortOrder>
         <dataTypePrecision>10</dataTypePrecision>
         <dataTypeScale>0</dataTypeScale>
         <dataTypeSize>0</dataTypeSize>
         <fileName>create_table_CATERING_2010_Domains_Domains</fileName>
         <logicalDatatype>LOGDT019</logicalDatatype>
      </Domain>
      <Domain class="oracle.dbtools.crest.model.design.Domain" name="NUMERIC_4_0_0" id="49E0793A-948F-10BD-1D3C-34B9B07F5D27">
         <createdBy>Marin F</createdBy>
         <createdTime>2011-08-27 07:31:58 UTC</createdTime>
         <ownerDesignName>catering_1</ownerDesignName>
         <avTSortOrder>0</avTSortOrder>
         <dataTypePrecision>4</dataTypePrecision>
         <dataTypeScale>0</dataTypeScale>
         <dataTypeSize>0</dataTypeSize>
         <fileName>create_table_CATERING_2010_Domains_Domains</fileName>
         <logicalDatatype>LOGDT019</logicalDatatype>
      </Domain>
      <Domain class="oracle.dbtools.crest.model.design.Domain" name="CHAR_0_0_1" id="54DA0552-3DFF-A286-742E-25095FBFE6AE">
         <createdBy>Marin F</createdBy>
         <createdTime>2011-08-27 07:31:59 UTC</createdTime>
         <ownerDesignName>catering_1</ownerDesignName>
         <avTSortOrder>0</avTSortOrder>
         <dataTypePrecision>0</dataTypePrecision>
         <dataTypeScale>0</dataTypeScale>
         <dataTypeSize>1</dataTypeSize>
         <fileName>create_table_CATERING_2010_Domains_Domains</fileName>
         <logicalDatatype>LOGDT025</logicalDatatype>
      </Domain>
      <Domain class="oracle.dbtools.crest.model.design.Domain" name="NUMERIC_8_0_0" id="563F86B2-32D7-89A7-70A3-BC4FF931E7F0">
         <createdBy>Marin F</createdBy>
         <createdTime>2011-08-27 07:31:58 UTC</createdTime>
         <ownerDesignName>catering_1</ownerDesignName>
         <avTSortOrder>0</avTSortOrder>
         <dataTypePrecision>8</dataTypePrecision>
         <dataTypeScale>0</dataTypeScale>
         <dataTypeSize>0</dataTypeSize>
         <fileName>create_table_CATERING_2010_Domains_Domains</fileName>
         <logicalDatatype>LOGDT019</logicalDatatype>
      </Domain>
      <Domain class="oracle.dbtools.crest.model.design.Domain" name="NUMERIC_6_0_0" id="689AC588-96E7-37A2-EC48-294BCE745EC1">
         <createdBy>Marin F</createdBy>
         <createdTime>2011-08-27 07:31:58 UTC</createdTime>
         <ownerDesignName>catering_1</ownerDesignName>
         <avTSortOrder>0</avTSortOrder>
         <dataTypePrecision>6</dataTypePrecision>
         <dataTypeScale>0</dataTypeScale>
         <dataTypeSize>0</dataTypeSize>
         <fileName>create_table_CATERING_2010_Domains_Domains</fileName>
         <logicalDatatype>LOGDT019</logicalDatatype>
      </Domain>
      <Domain class="oracle.dbtools.crest.model.design.Domain" name="VARCHAR_0_0_60" id="6BEE5B31-45E0-4CC1-1306-2E878D10C8C9">
         <createdBy>Marin F</createdBy>
         <createdTime>2011-08-27 07:31:58 UTC</createdTime>
         <ownerDesignName>catering_1</ownerDesignName>
         <avTSortOrder>0</avTSortOrder>
         <dataTypePrecision>0</dataTypePrecision>
         <dataTypeScale>0</dataTypeScale>
         <dataTypeSize>60</dataTypeSize>
         <fileName>create_table_CATERING_2010_Domains_Domains</fileName>
         <logicalDatatype>LOGDT024</logicalDatatype>
      </Domain>
      <Domain class="oracle.dbtools.crest.model.design.Domain" name="NUMERIC_6_3_0" id="79394F31-BE52-4B2C-BE42-A7D7D0EA8B2C">
         <createdBy>Marin F</createdBy>
         <createdTime>2011-08-27 07:31:59 UTC</createdTime>
         <ownerDesignName>catering_1</ownerDesignName>
         <avTSortOrder>0</avTSortOrder>
         <dataTypePrecision>6</dataTypePrecision>
         <dataTypeScale>3</dataTypeScale>
         <dataTypeSize>0</dataTypeSize>
         <fileName>create_table_CATERING_2010_Domains_Domains</fileName>
         <logicalDatatype>LOGDT019</logicalDatatype>
      </Domain>
      <Domain class="oracle.dbtools.crest.model.design.Domain" name="VARCHAR_0_0_15" id="8137A4DB-E505-60D2-4392-F43A1123FAF4">
         <createdBy>Marin F</createdBy>
         <createdTime>2011-08-27 07:31:58 UTC</createdTime>
         <ownerDesignName>catering_1</ownerDesignName>
         <avTSortOrder>0</avTSortOrder>
         <dataTypePrecision>0</dataTypePrecision>
         <dataTypeScale>0</dataTypeScale>
         <dataTypeSize>15</dataTypeSize>
         <fileName>create_table_CATERING_2010_Domains_Domains</fileName>
         <logicalDatatype>LOGDT024</logicalDatatype>
      </Domain>
      <Domain class="oracle.dbtools.crest.model.design.Domain" name="NUMERIC_5_0_0" id="9BD581CD-8F7F-E29A-F008-42C61632EB84">
         <createdBy>Marin F</createdBy>
         <createdTime>2011-08-27 07:31:58 UTC</createdTime>
         <ownerDesignName>catering_1</ownerDesignName>
         <avTSortOrder>0</avTSortOrder>
         <dataTypePrecision>5</dataTypePrecision>
         <dataTypeScale>0</dataTypeScale>
         <dataTypeSize>0</dataTypeSize>
         <fileName>create_table_CATERING_2010_Domains_Domains</fileName>
         <logicalDatatype>LOGDT019</logicalDatatype>
      </Domain>
      <Domain class="oracle.dbtools.crest.model.design.Domain" name="NUMERIC_11_2_0" id="9FF123CA-BB8C-2123-ACE1-8D76F6887FC3">
         <createdBy>Marin F</createdBy>
         <createdTime>2011-08-27 07:31:58 UTC</createdTime>
         <ownerDesignName>catering_1</ownerDesignName>
         <avTSortOrder>0</avTSortOrder>
         <dataTypePrecision>11</dataTypePrecision>
         <dataTypeScale>2</dataTypeScale>
         <dataTypeSize>0</dataTypeSize>
         <fileName>create_table_CATERING_2010_Domains_Domains</fileName>
         <logicalDatatype>LOGDT019</logicalDatatype>
      </Domain>
      <Domain class="oracle.dbtools.crest.model.design.Domain" name="CHAR_0_0_2" id="BDB24AE2-B237-FD89-291B-D79DB69887CF">
         <createdBy>Marin F</createdBy>
         <createdTime>2011-08-27 07:31:58 UTC</createdTime>
         <ownerDesignName>catering_1</ownerDesignName>
         <avTSortOrder>0</avTSortOrder>
         <dataTypePrecision>0</dataTypePrecision>
         <dataTypeScale>0</dataTypeScale>
         <dataTypeSize>2</dataTypeSize>
         <fileName>create_table_CATERING_2010_Domains_Domains</fileName>
         <logicalDatatype>LOGDT025</logicalDatatype>
      </Domain>
      <Domain class="oracle.dbtools.crest.model.design.Domain" name="VARCHAR_0_0_12" id="C0DDD9F1-2B6A-EC03-BD9F-A5A425FD92FA">
         <createdBy>Marin F</createdBy>
         <createdTime>2011-08-27 07:31:58 UTC</createdTime>
         <ownerDesignName>catering_1</ownerDesignName>
         <avTSortOrder>0</avTSortOrder>
         <dataTypePrecision>0</dataTypePrecision>
         <dataTypeScale>0</dataTypeScale>
         <dataTypeSize>12</dataTypeSize>
         <fileName>create_table_CATERING_2010_Domains_Domains</fileName>
         <logicalDatatype>LOGDT024</logicalDatatype>
      </Domain>
      <Domain class="oracle.dbtools.crest.model.design.Domain" name="VARCHAR_0_0_50" id="C0FA7077-2469-D688-D6EB-03928319A30D">
         <createdBy>Marin F</createdBy>
         <createdTime>2011-08-27 07:31:58 UTC</createdTime>
         <ownerDesignName>catering_1</ownerDesignName>
         <avTSortOrder>0</avTSortOrder>
         <dataTypePrecision>0</dataTypePrecision>
         <dataTypeScale>0</dataTypeScale>
         <dataTypeSize>50</dataTypeSize>
         <fileName>create_table_CATERING_2010_Domains_Domains</fileName>
         <logicalDatatype>LOGDT024</logicalDatatype>
      </Domain>
      <Domain class="oracle.dbtools.crest.model.design.Domain" name="VARCHAR_0_0_25" id="C316F2B3-602A-C292-0BE6-85157DF17DEF">
         <createdBy>Marin F</createdBy>
         <createdTime>2011-08-27 07:31:58 UTC</createdTime>
         <ownerDesignName>catering_1</ownerDesignName>
         <avTSortOrder>0</avTSortOrder>
         <dataTypePrecision>0</dataTypePrecision>
         <dataTypeScale>0</dataTypeScale>
         <dataTypeSize>25</dataTypeSize>
         <fileName>create_table_CATERING_2010_Domains_Domains</fileName>
         <logicalDatatype>LOGDT024</logicalDatatype>
      </Domain>
      <Domain class="oracle.dbtools.crest.model.design.Domain" name="NUMERIC_7_0_0" id="C5FAA857-5103-5D2E-E7F9-11EEE60A0978">
         <createdBy>Marin F</createdBy>
         <createdTime>2011-08-27 07:31:58 UTC</createdTime>
         <ownerDesignName>catering_1</ownerDesignName>
         <avTSortOrder>0</avTSortOrder>
         <dataTypePrecision>7</dataTypePrecision>
         <dataTypeScale>0</dataTypeScale>
         <dataTypeSize>0</dataTypeSize>
         <fileName>create_table_CATERING_2010_Domains_Domains</fileName>
         <logicalDatatype>LOGDT019</logicalDatatype>
      </Domain>
      <Domain class="oracle.dbtools.crest.model.design.Domain" name="VARCHAR_0_0_40" id="C6BF1C44-69A7-0358-A355-8A7C70F718EB">
         <createdBy>Marin F</createdBy>
         <createdTime>2011-08-27 07:31:58 UTC</createdTime>
         <ownerDesignName>catering_1</ownerDesignName>
         <avTSortOrder>0</avTSortOrder>
         <dataTypePrecision>0</dataTypePrecision>
         <dataTypeScale>0</dataTypeScale>
         <dataTypeSize>40</dataTypeSize>
         <fileName>create_table_CATERING_2010_Domains_Domains</fileName>
         <logicalDatatype>LOGDT024</logicalDatatype>
      </Domain>
      <Domain class="oracle.dbtools.crest.model.design.Domain" name="NUMERIC_12_0_0" id="C8E1C037-6F62-0E92-243C-9CF5A587BE19">
         <createdBy>Marin F</createdBy>
         <createdTime>2011-08-27 07:31:58 UTC</createdTime>
         <ownerDesignName>catering_1</ownerDesignName>
         <avTSortOrder>0</avTSortOrder>
         <dataTypePrecision>12</dataTypePrecision>
         <dataTypeScale>0</dataTypeScale>
         <dataTypeSize>0</dataTypeSize>
         <fileName>create_table_CATERING_2010_Domains_Domains</fileName>
         <logicalDatatype>LOGDT019</logicalDatatype>
      </Domain>
      <Domain class="oracle.dbtools.crest.model.design.Domain" name="VARCHAR_0_0_11" id="D12D30C4-8E37-F288-D7AD-39E709D24A72">
         <createdBy>Marin F</createdBy>
         <createdTime>2011-08-27 07:31:58 UTC</createdTime>
         <ownerDesignName>catering_1</ownerDesignName>
         <avTSortOrder>0</avTSortOrder>
         <dataTypePrecision>0</dataTypePrecision>
         <dataTypeScale>0</dataTypeScale>
         <dataTypeSize>11</dataTypeSize>
         <fileName>create_table_CATERING_2010_Domains_Domains</fileName>
         <logicalDatatype>LOGDT024</logicalDatatype>
      </Domain>
      <Domain class="oracle.dbtools.crest.model.design.Domain" name="NUMERIC_10_2_0" id="D54A8D29-2562-6DA3-914B-8C928E045794">
         <createdBy>Marin F</createdBy>
         <createdTime>2011-08-27 07:31:58 UTC</createdTime>
         <ownerDesignName>catering_1</ownerDesignName>
         <avTSortOrder>0</avTSortOrder>
         <dataTypePrecision>10</dataTypePrecision>
         <dataTypeScale>2</dataTypeScale>
         <dataTypeSize>0</dataTypeSize>
         <fileName>create_table_CATERING_2010_Domains_Domains</fileName>
         <logicalDatatype>LOGDT019</logicalDatatype>
      </Domain>
      <Domain class="oracle.dbtools.crest.model.design.Domain" name="NUMERIC_12_2_0" id="EC45703C-A934-AAE7-9149-6845FB5E2683">
         <createdBy>Marin F</createdBy>
         <createdTime>2011-08-27 07:31:58 UTC</createdTime>
         <ownerDesignName>catering_1</ownerDesignName>
         <avTSortOrder>0</avTSortOrder>
         <dataTypePrecision>12</dataTypePrecision>
         <dataTypeScale>2</dataTypeScale>
         <dataTypeSize>0</dataTypeSize>
         <fileName>create_table_CATERING_2010_Domains_Domains</fileName>
         <logicalDatatype>LOGDT019</logicalDatatype>
      </Domain>
      <Domain class="oracle.dbtools.crest.model.design.Domain" name="VARCHAR_0_0_30" id="EED7C84A-31B0-7147-793D-A195A5A6FED8">
         <createdBy>Marin F</createdBy>
         <createdTime>2011-08-27 07:31:58 UTC</createdTime>
         <ownerDesignName>catering_1</ownerDesignName>
         <avTSortOrder>0</avTSortOrder>
         <dataTypePrecision>0</dataTypePrecision>
         <dataTypeScale>0</dataTypeScale>
         <dataTypeSize>30</dataTypeSize>
         <fileName>create_table_CATERING_2010_Domains_Domains</fileName>
         <logicalDatatype>LOGDT024</logicalDatatype>
      </Domain>
      <Domain class="oracle.dbtools.crest.model.design.Domain" name="NUMERIC_9_2_0" id="F1C67A54-234E-EA92-A1E1-A7CB808A53E5">
         <createdBy>Marin F</createdBy>
         <createdTime>2011-08-27 07:31:58 UTC</createdTime>
         <ownerDesignName>catering_1</ownerDesignName>
         <avTSortOrder>0</avTSortOrder>
         <dataTypePrecision>9</dataTypePrecision>
         <dataTypeScale>2</dataTypeScale>
         <dataTypeSize>0</dataTypeSize>
         <fileName>create_table_CATERING_2010_Domains_Domains</fileName>
         <logicalDatatype>LOGDT019</logicalDatatype>
      </Domain>
      <Domain class="oracle.dbtools.crest.model.design.Domain" name="Date_0_0_0" id="FE5B83D5-B6DA-E065-3BAF-4C71E5FE8E8D">
         <createdBy>Marin F</createdBy>
         <createdTime>2011-08-27 07:31:58 UTC</createdTime>
         <ownerDesignName>catering_1</ownerDesignName>
         <avTSortOrder>0</avTSortOrder>
         <fileName>create_table_CATERING_2010_Domains_Domains</fileName>
         <logicalDatatype>LOGDT007</logicalDatatype>
      </Domain>
   </domains>
</DomainFile>
