<?xml version = '1.0' encoding = 'UTF-8'?>
<FKIndexAssociation class="oracle.dbtools.crest.model.design.relational.FKIndexAssociation" directorySegmentName="seg_0" id="0D162EBC-0340-FC23-253B-2004AFB5B233" containerWithKeyObject="56C9B787-69AC-D958-5E93-339123B75A08" localFKIndex="2F0E6B92-5EFE-DCC6-D59F-F2945B8E5011" name="refused_products_products_FK">
<createdBy>admin</createdBy>
<createdTime>2015-10-29 16:23:06 UTC</createdTime>
<generatorID>8C27B7DD-45FA-8245-524F-9A753EC7EF80</generatorID>
<ownerDesignName>sales_4</ownerDesignName>
<deleteRule>NO ACTION</deleteRule>
<referredTableID>EB6F9B7F-7137-2C8A-01F4-360071988036</referredTableID>
<keyObject>97A2D194-8C98-48BD-9C30-C729513E4C91</keyObject>
<referredKeyID>97A2D194-8C98-48BD-9C30-C729513E4C91</referredKeyID>
<mandatory>true</mandatory>
<transferable>true</transferable>
<rely>false</rely>
<columnDependencyConstraintGenerateInDDL>true</columnDependencyConstraintGenerateInDDL>
</FKIndexAssociation>