<?xml version = '1.0' encoding = 'UTF-8'?>
<FKIndexAssociation class="oracle.dbtools.crest.model.design.relational.FKIndexAssociation" directorySegmentName="seg_0" id="205D4CBF-259C-2785-24B1-AB80CB0B11D9" containerWithKeyObject="6674CC4D-0391-2325-B493-0D844331D6F3" localFKIndex="8BF4D18A-00C9-1DBE-21B4-311C66BA4C77" name="customers_postal_codes_FK">
<createdBy>admin</createdBy>
<createdTime>2015-10-29 16:23:06 UTC</createdTime>
<generatorID>041CAC65-CEE4-CBF4-1D2E-12DF8E5B7D4E</generatorID>
<ownerDesignName>sales_4</ownerDesignName>
<deleteRule>NO ACTION</deleteRule>
<referredTableID>B3BEF0EE-677E-9479-E4EA-8965FDA1031F</referredTableID>
<keyObject>E7F0A27B-64B0-F8CC-F37C-2CEA44A182A5</keyObject>
<referredKeyID>E7F0A27B-64B0-F8CC-F37C-2CEA44A182A5</referredKeyID>
<mandatory>true</mandatory>
<transferable>true</transferable>
<rely>false</rely>
<columnDependencyConstraintGenerateInDDL>true</columnDependencyConstraintGenerateInDDL>
</FKIndexAssociation>