<?xml version = '1.0' encoding = 'UTF-8'?>
<FKIndexAssociation class="oracle.dbtools.crest.model.design.relational.FKIndexAssociation" directorySegmentName="seg_0" id="266AA2B2-51C4-D9F8-4FDB-20A919875186" containerWithKeyObject="51A28A69-6299-ADB5-EC2D-0BA14715A93D" localFKIndex="EAE3C140-7222-11FA-165E-877A107326DD" name="invoices_customers_FK">
<createdBy>admin</createdBy>
<createdTime>2015-10-29 16:23:06 UTC</createdTime>
<generatorID>3887E4B0-99D7-4D22-8E5D-DB276E64F678</generatorID>
<ownerDesignName>sales_4</ownerDesignName>
<deleteRule>NO ACTION</deleteRule>
<referredTableID>6674CC4D-0391-2325-B493-0D844331D6F3</referredTableID>
<keyObject>DB0A13B1-52CE-0539-2760-9A738C1F4EF9</keyObject>
<referredKeyID>DB0A13B1-52CE-0539-2760-9A738C1F4EF9</referredKeyID>
<mandatory>true</mandatory>
<transferable>true</transferable>
<rely>false</rely>
<columnDependencyConstraintGenerateInDDL>true</columnDependencyConstraintGenerateInDDL>
</FKIndexAssociation>