<?xml version = '1.0' encoding = 'UTF-8'?>
<FKIndexAssociation class="oracle.dbtools.crest.model.design.relational.FKIndexAssociation" directorySegmentName="seg_0" id="42FCA4F5-D25A-E99C-BE9F-FEAD250ED185" containerWithKeyObject="06A6761A-7FA4-2DF5-BC17-5524AA2B03F6" localFKIndex="349515DB-DED8-4BBB-7995-649C99884889" name="people_postal_codes_FK">
<createdBy>admin</createdBy>
<createdTime>2015-10-29 16:23:06 UTC</createdTime>
<generatorID>8C1FC7B8-6660-31CC-55EE-8BE19F7D8F4F</generatorID>
<ownerDesignName>sales_4</ownerDesignName>
<deleteRule>NO ACTION</deleteRule>
<referredTableID>B3BEF0EE-677E-9479-E4EA-8965FDA1031F</referredTableID>
<keyObject>E7F0A27B-64B0-F8CC-F37C-2CEA44A182A5</keyObject>
<referredKeyID>E7F0A27B-64B0-F8CC-F37C-2CEA44A182A5</referredKeyID>
<mandatory>false</mandatory>
<transferable>true</transferable>
<rely>false</rely>
<columnDependencyConstraintGenerateInDDL>true</columnDependencyConstraintGenerateInDDL>
</FKIndexAssociation>