<?xml version = '1.0' encoding = 'UTF-8'?>
<FKIndexAssociation class="oracle.dbtools.crest.model.design.relational.FKIndexAssociation" directorySegmentName="seg_0" id="554C10E9-0AA9-F41D-F213-68A61DD04C1C" containerWithKeyObject="A086693A-FAFD-7CE4-9112-E34F161BF723" localFKIndex="09C82B12-4FDC-A934-EEBA-F196768BE71C" name="invoice_details_products_FK">
<createdBy>admin</createdBy>
<createdTime>2015-10-29 16:23:06 UTC</createdTime>
<generatorID>A29855C0-B8E0-9AB1-939F-006BD29DD707</generatorID>
<ownerDesignName>sales_4</ownerDesignName>
<deleteRule>NO ACTION</deleteRule>
<referredTableID>EB6F9B7F-7137-2C8A-01F4-360071988036</referredTableID>
<keyObject>97A2D194-8C98-48BD-9C30-C729513E4C91</keyObject>
<referredKeyID>97A2D194-8C98-48BD-9C30-C729513E4C91</referredKeyID>
<mandatory>true</mandatory>
<transferable>true</transferable>
<rely>false</rely>
<columnDependencyConstraintGenerateInDDL>true</columnDependencyConstraintGenerateInDDL>
</FKIndexAssociation>