<?xml version = '1.0' encoding = 'UTF-8'?>
<FKIndexAssociation class="oracle.dbtools.crest.model.design.relational.FKIndexAssociation" directorySegmentName="seg_0" id="674A6D79-8C0E-C350-CD7C-BF65DB7BF347" containerWithKeyObject="56C9B787-69AC-D958-5E93-339123B75A08" localFKIndex="B957483C-9392-B861-13D5-4AF48A4BFFB4" name="refused_products_refusals_FK">
<createdBy>admin</createdBy>
<createdTime>2015-10-29 16:23:06 UTC</createdTime>
<generatorID>8616D814-14C5-793F-6448-01B5887F92E3</generatorID>
<ownerDesignName>sales_4</ownerDesignName>
<deleteRule>NO ACTION</deleteRule>
<referredTableID>61408E0F-B20E-15BA-01CF-0E9232C395FF</referredTableID>
<keyObject>DD9889BA-F4D6-31F5-A51A-EDC35AD5A644</keyObject>
<referredKeyID>DD9889BA-F4D6-31F5-A51A-EDC35AD5A644</referredKeyID>
<mandatory>true</mandatory>
<transferable>true</transferable>
<rely>false</rely>
<columnDependencyConstraintGenerateInDDL>true</columnDependencyConstraintGenerateInDDL>
</FKIndexAssociation>