<?xml version = '1.0' encoding = 'UTF-8'?>
<FKIndexAssociation class="oracle.dbtools.crest.model.design.relational.FKIndexAssociation" directorySegmentName="seg_0" id="6B21941A-EDF2-C762-CDD4-F748A239F962" containerWithKeyObject="5B92AE21-EA2C-526E-92C0-F09CEADA01D8" localFKIndex="0DECA8FE-C6D1-2BCB-EF84-AE65ECD84880" name="current_contacts_customers_FK">
<createdBy>admin</createdBy>
<createdTime>2015-10-29 16:23:06 UTC</createdTime>
<generatorID>C8A70461-C856-4D8C-9F97-C9F252DDEE62</generatorID>
<ownerDesignName>sales_4</ownerDesignName>
<deleteRule>NO ACTION</deleteRule>
<referredTableID>6674CC4D-0391-2325-B493-0D844331D6F3</referredTableID>
<keyObject>DB0A13B1-52CE-0539-2760-9A738C1F4EF9</keyObject>
<referredKeyID>DB0A13B1-52CE-0539-2760-9A738C1F4EF9</referredKeyID>
<mandatory>true</mandatory>
<transferable>true</transferable>
<rely>false</rely>
<columnDependencyConstraintGenerateInDDL>true</columnDependencyConstraintGenerateInDDL>
</FKIndexAssociation>