<?xml version = '1.0' encoding = 'UTF-8'?>
<FKIndexAssociation class="oracle.dbtools.crest.model.design.relational.FKIndexAssociation" directorySegmentName="seg_0" id="71DB4D2B-0972-6AED-1C43-EEED3849D199" containerWithKeyObject="6BEEC0B9-B744-09A4-ACDC-3C36D045236F" localFKIndex="F4B3BFBA-65B2-69B1-6545-82D14154C16F" name="former_contacts_customers_FK">
<createdBy>admin</createdBy>
<createdTime>2015-10-29 16:23:06 UTC</createdTime>
<generatorID>34A37B5B-544C-2D89-9AA4-162A2F3AA375</generatorID>
<ownerDesignName>sales_4</ownerDesignName>
<deleteRule>NO ACTION</deleteRule>
<referredTableID>6674CC4D-0391-2325-B493-0D844331D6F3</referredTableID>
<keyObject>DB0A13B1-52CE-0539-2760-9A738C1F4EF9</keyObject>
<referredKeyID>DB0A13B1-52CE-0539-2760-9A738C1F4EF9</referredKeyID>
<mandatory>true</mandatory>
<transferable>true</transferable>
<rely>false</rely>
<columnDependencyConstraintGenerateInDDL>true</columnDependencyConstraintGenerateInDDL>
</FKIndexAssociation>