<?xml version = '1.0' encoding = 'UTF-8'?>
<FKIndexAssociation class="oracle.dbtools.crest.model.design.relational.FKIndexAssociation" directorySegmentName="seg_0" id="74D0703F-9C18-8C3F-E7F7-DA8E57E586EF" containerWithKeyObject="6BEEC0B9-B744-09A4-ACDC-3C36D045236F" localFKIndex="6E04CBEE-237E-5A72-44AF-309BA71AD301" name="former_contacts_people_FK">
<createdBy>admin</createdBy>
<createdTime>2015-10-29 16:23:06 UTC</createdTime>
<generatorID>B4FE6DAF-4B3F-DC93-501E-907D8D4A2E0D</generatorID>
<ownerDesignName>sales_4</ownerDesignName>
<deleteRule>NO ACTION</deleteRule>
<referredTableID>06A6761A-7FA4-2DF5-BC17-5524AA2B03F6</referredTableID>
<keyObject>3AFC4BC2-4F88-F48E-ED2A-30BC3B18F695</keyObject>
<referredKeyID>3AFC4BC2-4F88-F48E-ED2A-30BC3B18F695</referredKeyID>
<mandatory>true</mandatory>
<transferable>true</transferable>
<rely>false</rely>
<columnDependencyConstraintGenerateInDDL>true</columnDependencyConstraintGenerateInDDL>
</FKIndexAssociation>