<?xml version = '1.0' encoding = 'UTF-8'?>
<FKIndexAssociation class="oracle.dbtools.crest.model.design.relational.FKIndexAssociation" directorySegmentName="seg_0" id="87FD4E86-0EA7-F333-6912-F839EDC3EFE7" containerWithKeyObject="5B92AE21-EA2C-526E-92C0-F09CEADA01D8" localFKIndex="9B45802C-321B-EF15-568C-DECCB43ACB02" name="current_contacts_people_FK">
<createdBy>admin</createdBy>
<createdTime>2015-10-29 16:23:06 UTC</createdTime>
<generatorID>6F42A286-0894-7836-2315-203EE65990C9</generatorID>
<ownerDesignName>sales_4</ownerDesignName>
<deleteRule>NO ACTION</deleteRule>
<referredTableID>06A6761A-7FA4-2DF5-BC17-5524AA2B03F6</referredTableID>
<keyObject>3AFC4BC2-4F88-F48E-ED2A-30BC3B18F695</keyObject>
<referredKeyID>3AFC4BC2-4F88-F48E-ED2A-30BC3B18F695</referredKeyID>
<mandatory>true</mandatory>
<transferable>true</transferable>
<rely>false</rely>
<columnDependencyConstraintGenerateInDDL>true</columnDependencyConstraintGenerateInDDL>
</FKIndexAssociation>