<?xml version = '1.0' encoding = 'UTF-8'?>
<FKIndexAssociation class="oracle.dbtools.crest.model.design.relational.FKIndexAssociation" directorySegmentName="seg_0" id="8AFB9178-D6A7-0A02-DBC1-AA908404B922" containerWithKeyObject="61408E0F-B20E-15BA-01CF-0E9232C395FF" localFKIndex="AFD045AA-5F80-06CE-5638-EFB390A02311" name="refusals_invoices_FK">
<createdBy>admin</createdBy>
<createdTime>2015-10-29 16:23:06 UTC</createdTime>
<generatorID>E7FFA077-44AC-87FA-065E-BFAA11FE6881</generatorID>
<ownerDesignName>sales_4</ownerDesignName>
<deleteRule>NO ACTION</deleteRule>
<referredTableID>51A28A69-6299-ADB5-EC2D-0BA14715A93D</referredTableID>
<keyObject>1C5D3845-5D56-2B8E-886B-3710F73BC89D</keyObject>
<referredKeyID>1C5D3845-5D56-2B8E-886B-3710F73BC89D</referredKeyID>
<mandatory>true</mandatory>
<transferable>true</transferable>
<rely>false</rely>
<columnDependencyConstraintGenerateInDDL>true</columnDependencyConstraintGenerateInDDL>
</FKIndexAssociation>