<?xml version = '1.0' encoding = 'UTF-8'?>
<FKIndexAssociation class="oracle.dbtools.crest.model.design.relational.FKIndexAssociation" directorySegmentName="seg_0" id="96D64DD7-42A6-25AB-C763-4F06E411C6A5" containerWithKeyObject="71DA3775-EE6B-140F-7DE9-F95A2EA1C2A5" localFKIndex="0A251C7F-2E04-C556-AB66-53740892BA03" name="former_vat_percents_products_FK">
<createdBy>admin</createdBy>
<createdTime>2015-10-29 16:23:06 UTC</createdTime>
<generatorID>B20EC83E-C530-0234-2A11-A79159E7DE1C</generatorID>
<ownerDesignName>sales_4</ownerDesignName>
<deleteRule>NO ACTION</deleteRule>
<referredTableID>EB6F9B7F-7137-2C8A-01F4-360071988036</referredTableID>
<keyObject>97A2D194-8C98-48BD-9C30-C729513E4C91</keyObject>
<referredKeyID>97A2D194-8C98-48BD-9C30-C729513E4C91</referredKeyID>
<mandatory>true</mandatory>
<transferable>true</transferable>
<rely>false</rely>
<columnDependencyConstraintGenerateInDDL>true</columnDependencyConstraintGenerateInDDL>
</FKIndexAssociation>