<?xml version = '1.0' encoding = 'UTF-8'?>
<FKIndexAssociation class="oracle.dbtools.crest.model.design.relational.FKIndexAssociation" directorySegmentName="seg_0" id="C5DFFF89-22C1-25EF-9D40-BB39D7F875DC" containerWithKeyObject="AE349F79-D0AB-128D-C4B7-7DB99A7C641B" localFKIndex="0DF48555-BD7E-B116-69A5-643F855D59AD" name="receipt_details_invoices_FK">
<createdBy>admin</createdBy>
<createdTime>2015-10-29 16:23:06 UTC</createdTime>
<generatorID>BFF71C8D-60AE-DDB3-E312-B35FE343EFE9</generatorID>
<ownerDesignName>sales_4</ownerDesignName>
<deleteRule>NO ACTION</deleteRule>
<referredTableID>51A28A69-6299-ADB5-EC2D-0BA14715A93D</referredTableID>
<keyObject>1C5D3845-5D56-2B8E-886B-3710F73BC89D</keyObject>
<referredKeyID>1C5D3845-5D56-2B8E-886B-3710F73BC89D</referredKeyID>
<mandatory>true</mandatory>
<transferable>true</transferable>
<rely>false</rely>
<columnDependencyConstraintGenerateInDDL>true</columnDependencyConstraintGenerateInDDL>
</FKIndexAssociation>