<?xml version = '1.0' encoding = 'UTF-8'?>
<FKIndexAssociation class="oracle.dbtools.crest.model.design.relational.FKIndexAssociation" directorySegmentName="seg_0" id="C6DF6768-43E2-C85D-5E7D-AA8189CFF92C" containerWithKeyObject="A086693A-FAFD-7CE4-9112-E34F161BF723" localFKIndex="C7BA4C82-3D11-94A2-1026-D836856D780E" name="invoice_details_invoices_FK">
<createdBy>admin</createdBy>
<createdTime>2015-10-29 16:23:06 UTC</createdTime>
<generatorID>FDA6341C-BE50-5CE3-3821-644B4FD1FDCC</generatorID>
<ownerDesignName>sales_4</ownerDesignName>
<deleteRule>NO ACTION</deleteRule>
<referredTableID>51A28A69-6299-ADB5-EC2D-0BA14715A93D</referredTableID>
<keyObject>1C5D3845-5D56-2B8E-886B-3710F73BC89D</keyObject>
<referredKeyID>1C5D3845-5D56-2B8E-886B-3710F73BC89D</referredKeyID>
<mandatory>true</mandatory>
<transferable>true</transferable>
<rely>false</rely>
<columnDependencyConstraintGenerateInDDL>true</columnDependencyConstraintGenerateInDDL>
</FKIndexAssociation>