<?xml version = '1.0' encoding = 'UTF-8'?>
<FKIndexAssociation class="oracle.dbtools.crest.model.design.relational.FKIndexAssociation" directorySegmentName="seg_0" id="CBCE785D-B48D-FFAC-A6F0-59D99EFEB7D6" containerWithKeyObject="E33F51DD-B74C-5302-115E-251D2B9F9654" localFKIndex="C7405611-2114-A55A-4A61-C53EE6482C9D" name="cancelled_invoices_invoices_FK">
<createdBy>admin</createdBy>
<createdTime>2015-10-29 16:23:06 UTC</createdTime>
<generatorID>7D2AD5BB-9026-8B35-F7CF-C8103C4BC4B7</generatorID>
<ownerDesignName>sales_4</ownerDesignName>
<deleteRule>NO ACTION</deleteRule>
<referredTableID>51A28A69-6299-ADB5-EC2D-0BA14715A93D</referredTableID>
<keyObject>1C5D3845-5D56-2B8E-886B-3710F73BC89D</keyObject>
<referredKeyID>1C5D3845-5D56-2B8E-886B-3710F73BC89D</referredKeyID>
<mandatory>true</mandatory>
<transferable>true</transferable>
<rely>false</rely>
<columnDependencyConstraintGenerateInDDL>true</columnDependencyConstraintGenerateInDDL>
</FKIndexAssociation>