<?xml version = '1.0' encoding = 'UTF-8'?>
<FKIndexAssociation class="oracle.dbtools.crest.model.design.relational.FKIndexAssociation" directorySegmentName="seg_0" id="D43EA52E-8193-45A3-ABDE-AB61F02DB110" containerWithKeyObject="B3BEF0EE-677E-9479-E4EA-8965FDA1031F" localFKIndex="57189D06-26F9-BA72-4F60-18E292744FE5" name="postal_codes_counties_FK">
<createdBy>admin</createdBy>
<createdTime>2015-10-29 16:23:06 UTC</createdTime>
<generatorID>D42DE3C4-CE63-CA76-6A11-59ADAADC375E</generatorID>
<ownerDesignName>sales_4</ownerDesignName>
<deleteRule>NO ACTION</deleteRule>
<referredTableID>52947607-705C-4654-5EC1-BEE725785944</referredTableID>
<keyObject>F004D769-E847-960D-9006-EC9AE83744A3</keyObject>
<referredKeyID>F004D769-E847-960D-9006-EC9AE83744A3</referredKeyID>
<mandatory>true</mandatory>
<transferable>true</transferable>
<rely>false</rely>
<columnDependencyConstraintGenerateInDDL>true</columnDependencyConstraintGenerateInDDL>
</FKIndexAssociation>