<?xml version = '1.0' encoding = 'UTF-8'?>
<FKIndexAssociation class="oracle.dbtools.crest.model.design.relational.FKIndexAssociation" directorySegmentName="seg_0" id="EB6570EC-4849-DFAE-8C58-1B15AC17F0BA" containerWithKeyObject="AE349F79-D0AB-128D-C4B7-7DB99A7C641B" localFKIndex="E77B120A-347B-DCF2-DD63-00B8100B9B6B" name="receipt_details_receipts_FK">
<createdBy>admin</createdBy>
<createdTime>2015-10-29 16:23:06 UTC</createdTime>
<generatorID>3DC8AEB8-57D3-AFB7-FCE8-7F08DCC93164</generatorID>
<ownerDesignName>sales_4</ownerDesignName>
<deleteRule>NO ACTION</deleteRule>
<referredTableID>D730B3F9-63FC-F2D4-4AAD-A0F05713669F</referredTableID>
<keyObject>19E42B06-98FA-EAB2-382F-76D0CF5BCACE</keyObject>
<referredKeyID>19E42B06-98FA-EAB2-382F-76D0CF5BCACE</referredKeyID>
<mandatory>true</mandatory>
<transferable>true</transferable>
<rely>false</rely>
<columnDependencyConstraintGenerateInDDL>true</columnDependencyConstraintGenerateInDDL>
</FKIndexAssociation>