<?xml version = '1.0' encoding = 'UTF-8'?>
<FKIndexAssociation class="oracle.dbtools.crest.model.design.relational.FKIndexAssociation" directorySegmentName="seg_0" id="188690C7-6EA4-C9DC-1B67-88F64669BBA8" containerWithKeyObject="004774D9-5156-38C9-9AED-D71C8958C8F7" localFKIndex="7FCFF3D3-2CC5-0666-777F-6440B875368C" name="products_item_groups_FK">
<createdBy>admin</createdBy>
<createdTime>2015-10-30 16:34:33 UTC</createdTime>
<generatorID>6D6F96D6-A718-831D-B4E4-9D22F4FC9760</generatorID>
<ownerDesignName>03_metadata</ownerDesignName>
<deleteRule>NO ACTION</deleteRule>
<referredTableID>B7964F8C-BA65-E9E7-3C5D-9BAC5AE90CFF</referredTableID>
<keyObject>10837286-3378-A1C3-F96F-134D58DF27E0</keyObject>
<referredKeyID>10837286-3378-A1C3-F96F-134D58DF27E0</referredKeyID>
<mandatory>true</mandatory>
<transferable>true</transferable>
<rely>false</rely>
<columnDependencyConstraintGenerateInDDL>true</columnDependencyConstraintGenerateInDDL>
</FKIndexAssociation>