<?xml version = '1.0' encoding = 'UTF-8'?>
<FKIndexAssociation class="oracle.dbtools.crest.model.design.relational.FKIndexAssociation" directorySegmentName="seg_0" id="200B1D0A-7317-33C4-E7B6-C293D28DF2D8" containerWithKeyObject="3C2728EF-5FAC-EA30-273F-513F1F084CB5" localFKIndex="9D139C8E-1F42-DDB6-6E4F-01BF120235D5" name="properties_measure_units_FK">
<createdBy>admin</createdBy>
<createdTime>2015-10-30 16:34:33 UTC</createdTime>
<generatorID>9F20F320-98E2-ABB8-C8CC-877482DC77DB</generatorID>
<ownerDesignName>03_metadata</ownerDesignName>
<deleteRule>NO ACTION</deleteRule>
<referredTableID>B55D4964-D629-E796-7A19-9F6EE3D8CD26</referredTableID>
<keyObject>CD7E0EEF-2F96-CB9F-A881-8172A5309196</keyObject>
<referredKeyID>CD7E0EEF-2F96-CB9F-A881-8172A5309196</referredKeyID>
<mandatory>true</mandatory>
<transferable>true</transferable>
<rely>false</rely>
<columnDependencyConstraintGenerateInDDL>true</columnDependencyConstraintGenerateInDDL>
</FKIndexAssociation>