<?xml version = '1.0' encoding = 'UTF-8'?>
<FKIndexAssociation class="oracle.dbtools.crest.model.design.relational.FKIndexAssociation" directorySegmentName="seg_0" id="4485D1B0-5A1B-07DC-56F3-A2FF5A1DB74E" containerWithKeyObject="6D8EBAF1-508F-B269-19EE-B7645252F2B0" localFKIndex="BDC92044-BE14-443D-A718-747B50558119" name="groups_description_properties_FK">
<createdBy>admin</createdBy>
<createdTime>2015-10-30 16:34:33 UTC</createdTime>
<generatorID>36C9882B-E622-3248-848F-63569AD8D246</generatorID>
<ownerDesignName>03_metadata</ownerDesignName>
<deleteRule>NO ACTION</deleteRule>
<referredTableID>3C2728EF-5FAC-EA30-273F-513F1F084CB5</referredTableID>
<keyObject>85501363-1F40-4F12-9B6F-356B88DF00E4</keyObject>
<referredKeyID>85501363-1F40-4F12-9B6F-356B88DF00E4</referredKeyID>
<mandatory>true</mandatory>
<transferable>true</transferable>
<rely>false</rely>
<columnDependencyConstraintGenerateInDDL>true</columnDependencyConstraintGenerateInDDL>
</FKIndexAssociation>