<?xml version = '1.0' encoding = 'UTF-8'?>
<FKIndexAssociation class="oracle.dbtools.crest.model.design.relational.FKIndexAssociation" directorySegmentName="seg_0" id="53EE6E19-46E0-4F73-9837-76ED13A9201B" containerWithKeyObject="23C8A48A-9D5B-C85F-0B4C-5A2A7B54A131" localFKIndex="F744C938-4E25-A8E5-1FE0-2DE279179A6F" name="product_description_properties_FK">
<createdBy>admin</createdBy>
<createdTime>2015-10-30 16:34:33 UTC</createdTime>
<generatorID>548DAA53-54D6-500D-4ED2-A9AA554BC099</generatorID>
<ownerDesignName>03_metadata</ownerDesignName>
<deleteRule>NO ACTION</deleteRule>
<referredTableID>3C2728EF-5FAC-EA30-273F-513F1F084CB5</referredTableID>
<keyObject>85501363-1F40-4F12-9B6F-356B88DF00E4</keyObject>
<referredKeyID>85501363-1F40-4F12-9B6F-356B88DF00E4</referredKeyID>
<mandatory>true</mandatory>
<transferable>true</transferable>
<rely>false</rely>
<columnDependencyConstraintGenerateInDDL>true</columnDependencyConstraintGenerateInDDL>
</FKIndexAssociation>