<?xml version = '1.0' encoding = 'UTF-8'?>
<FKIndexAssociation class="oracle.dbtools.crest.model.design.relational.FKIndexAssociation" directorySegmentName="seg_0" id="5805FB3A-CCA2-C951-9964-699223D5EF4E" containerWithKeyObject="78FF5195-6424-2844-6AA5-1D09048A9638" localFKIndex="881312A3-D9C9-6862-A879-28E2EE1DADEF" name="equiv_measure_units_measure_units_FK">
<createdBy>admin</createdBy>
<createdTime>2015-10-30 16:34:33 UTC</createdTime>
<generatorID>7F4845F5-1050-9CAA-3BFB-F838E84D69E5</generatorID>
<ownerDesignName>03_metadata</ownerDesignName>
<deleteRule>NO ACTION</deleteRule>
<referredTableID>B55D4964-D629-E796-7A19-9F6EE3D8CD26</referredTableID>
<keyObject>CD7E0EEF-2F96-CB9F-A881-8172A5309196</keyObject>
<referredKeyID>CD7E0EEF-2F96-CB9F-A881-8172A5309196</referredKeyID>
<mandatory>true</mandatory>
<transferable>true</transferable>
<rely>false</rely>
<columnDependencyConstraintGenerateInDDL>true</columnDependencyConstraintGenerateInDDL>
</FKIndexAssociation>