<?xml version = '1.0' encoding = 'UTF-8'?>
<FKIndexAssociation class="oracle.dbtools.crest.model.design.relational.FKIndexAssociation" directorySegmentName="seg_0" id="8FFF3ADC-84C4-73BA-C894-9504216582C7" containerWithKeyObject="004774D9-5156-38C9-9AED-D71C8958C8F7" localFKIndex="9AFB9CDB-B5F2-6810-BB94-58A4B0E46182" name="products_measure_units_FKv1">
<createdBy>admin</createdBy>
<createdTime>2015-10-30 16:34:33 UTC</createdTime>
<generatorID>173357BD-B4E5-5AC4-DDA6-93926AB312C5</generatorID>
<ownerDesignName>03_metadata</ownerDesignName>
<deleteRule>NO ACTION</deleteRule>
<referredTableID>B55D4964-D629-E796-7A19-9F6EE3D8CD26</referredTableID>
<keyObject>CD7E0EEF-2F96-CB9F-A881-8172A5309196</keyObject>
<referredKeyID>CD7E0EEF-2F96-CB9F-A881-8172A5309196</referredKeyID>
<mandatory>true</mandatory>
<transferable>true</transferable>
<rely>false</rely>
<columnDependencyConstraintGenerateInDDL>true</columnDependencyConstraintGenerateInDDL>
</FKIndexAssociation>