<?xml version = '1.0' encoding = 'UTF-8'?>
<FKIndexAssociation class="oracle.dbtools.crest.model.design.relational.FKIndexAssociation" directorySegmentName="seg_0" id="97961BF5-19FC-A5CF-6031-9D9AC3369311" containerWithKeyObject="23C8A48A-9D5B-C85F-0B4C-5A2A7B54A131" localFKIndex="7A820233-15EE-61CB-CB2F-B1B16E8C0287" name="product_description_products_FK">
<createdBy>admin</createdBy>
<createdTime>2015-10-30 16:34:33 UTC</createdTime>
<generatorID>9862C52A-BE18-1555-57BB-2FADE2E36092</generatorID>
<ownerDesignName>03_metadata</ownerDesignName>
<deleteRule>NO ACTION</deleteRule>
<referredTableID>004774D9-5156-38C9-9AED-D71C8958C8F7</referredTableID>
<keyObject>82BE6DEE-2DBB-E703-BE37-CADB5A1B690B</keyObject>
<referredKeyID>82BE6DEE-2DBB-E703-BE37-CADB5A1B690B</referredKeyID>
<mandatory>true</mandatory>
<transferable>true</transferable>
<rely>false</rely>
<columnDependencyConstraintGenerateInDDL>true</columnDependencyConstraintGenerateInDDL>
</FKIndexAssociation>