<?xml version = '1.0' encoding = 'UTF-8'?>
<FKIndexAssociation class="oracle.dbtools.crest.model.design.relational.FKIndexAssociation" directorySegmentName="seg_0" id="A1725B79-09AA-1A0F-369B-585B26945A06" containerWithKeyObject="004774D9-5156-38C9-9AED-D71C8958C8F7" localFKIndex="347D829A-6A24-FFA3-E52B-B6775C7BD1D2" name="products_measure_units_FK">
<createdBy>admin</createdBy>
<createdTime>2015-10-30 16:34:33 UTC</createdTime>
<generatorID>26DC25EA-33BA-D687-BA64-7E32F8A5CA2A</generatorID>
<ownerDesignName>03_metadata</ownerDesignName>
<deleteRule>NO ACTION</deleteRule>
<referredTableID>B55D4964-D629-E796-7A19-9F6EE3D8CD26</referredTableID>
<keyObject>CD7E0EEF-2F96-CB9F-A881-8172A5309196</keyObject>
<referredKeyID>CD7E0EEF-2F96-CB9F-A881-8172A5309196</referredKeyID>
<mandatory>true</mandatory>
<transferable>true</transferable>
<rely>false</rely>
<columnDependencyConstraintGenerateInDDL>true</columnDependencyConstraintGenerateInDDL>
</FKIndexAssociation>