<?xml version = '1.0' encoding = 'UTF-8'?>
<FKIndexAssociation class="oracle.dbtools.crest.model.design.relational.FKIndexAssociation" directorySegmentName="seg_0" id="B71E1C25-B4DA-BD60-5286-D319BE641610" containerWithKeyObject="6D8EBAF1-508F-B269-19EE-B7645252F2B0" localFKIndex="979983C2-2ACD-5F0D-29A2-599CA906988A" name="groups_description_item_groups_FK">
<createdBy>admin</createdBy>
<createdTime>2015-10-30 16:34:33 UTC</createdTime>
<generatorID>FADAB7FD-5DF3-394E-58EA-3ED875877EB7</generatorID>
<ownerDesignName>03_metadata</ownerDesignName>
<deleteRule>NO ACTION</deleteRule>
<referredTableID>B7964F8C-BA65-E9E7-3C5D-9BAC5AE90CFF</referredTableID>
<keyObject>10837286-3378-A1C3-F96F-134D58DF27E0</keyObject>
<referredKeyID>10837286-3378-A1C3-F96F-134D58DF27E0</referredKeyID>
<mandatory>true</mandatory>
<transferable>true</transferable>
<rely>false</rely>
<columnDependencyConstraintGenerateInDDL>true</columnDependencyConstraintGenerateInDDL>
</FKIndexAssociation>