<?xml version = '1.0' encoding = 'UTF-8'?>
<FKIndexAssociation class="oracle.dbtools.crest.model.design.relational.FKIndexAssociation" directorySegmentName="seg_0" id="EEC5CE1A-05BD-72F0-4425-96FCFAF68025" containerWithKeyObject="78FF5195-6424-2844-6AA5-1D09048A9638" localFKIndex="949F064A-1E09-0532-0ECA-D9BFF32108B0" name="equiv_measure_units_measure_units_FKv1">
<createdBy>admin</createdBy>
<createdTime>2015-10-30 16:34:33 UTC</createdTime>
<generatorID>1862BC83-BCCB-ED4B-994C-F36D823BA101</generatorID>
<ownerDesignName>03_metadata</ownerDesignName>
<deleteRule>NO ACTION</deleteRule>
<referredTableID>B55D4964-D629-E796-7A19-9F6EE3D8CD26</referredTableID>
<keyObject>CD7E0EEF-2F96-CB9F-A881-8172A5309196</keyObject>
<referredKeyID>CD7E0EEF-2F96-CB9F-A881-8172A5309196</referredKeyID>
<mandatory>true</mandatory>
<transferable>true</transferable>
<rely>false</rely>
<columnDependencyConstraintGenerateInDDL>true</columnDependencyConstraintGenerateInDDL>
</FKIndexAssociation>