<?xml version = '1.0' encoding = 'UTF-8'?>
<relationalModel class="oracle.dbtools.crest.model.design.relational.RelationalDesign" name="Relational_1" id="2C5E84CB-0FD6-FB15-1982-89650C3ECADC" mainViewID="0DCDA40B-E671-9AE1-66C8-6C60A2A1503A">
<createdBy>admin</createdBy>
<createdTime>2015-10-30 09:21:48 UTC</createdTime>
<ownerDesignName>02a_package_of_items_v1</ownerDesignName>
<shouldBeOpen>false</shouldBeOpen>
<selectedRDBMSSite>3FD120B5-9F4E-6278-D5E2-746D192C8319</selectedRDBMSSite>
</relationalModel>