<?xml version = '1.0' encoding = 'UTF-8'?>
<Table class="oracle.dbtools.crest.model.design.relational.Table" directorySegmentName="seg_0" id="2E9B0935-CD5F-CD77-8F99-1B8F741E26F9" name="product_montly_stats">
<createdBy>marinfotache</createdBy>
<createdTime>2018-10-26 05:11:19 UTC</createdTime>
<generatorID>E86EF5B1-3F8F-5AEC-6943-16093FDE25CF</generatorID>
<ownerDesignName>07a_Discounts_on_range_of_values</ownerDesignName>
<allowColumnReorder>false</allowColumnReorder>
<existDependencyGenerateInDDl>true</existDependencyGenerateInDDl>
<parsed>true</parsed>
<columns itemClass="oracle.dbtools.crest.model.design.relational.Column">
<Column name="sales" id="8D70F99F-A0FF-91B3-D6D7-256FDC604A44">
<createdBy>marinfotache</createdBy>
<createdTime>2018-10-26 05:11:19 UTC</createdTime>
<generatorID>AAC582BE-DF3A-BCB3-B7C7-088DFF163081</generatorID>
<ownerDesignName>07a_Discounts_on_range_of_values</ownerDesignName>
<useDomainConstraints>false</useDomainConstraints>
<use>1</use>
<logicalDatatype>LOGDT019</logicalDatatype>
<dataTypePrecision>12</dataTypePrecision>
<dataTypeScale>2</dataTypeScale>
<ownDataTypeParameters>,12,2</ownDataTypeParameters>
<autoIncrementCycle>false</autoIncrementCycle>
</Column>
<Column name="refusals" id="9CB9CEEF-AF12-B36E-0AFB-3AEA3B7C518C">
<createdBy>marinfotache</createdBy>
<createdTime>2018-10-26 05:11:19 UTC</createdTime>
<generatorID>BDAC4A73-B0DF-2614-AFE2-3B64CA6B8D87</generatorID>
<ownerDesignName>07a_Discounts_on_range_of_values</ownerDesignName>
<useDomainConstraints>false</useDomainConstraints>
<use>1</use>
<logicalDatatype>LOGDT019</logicalDatatype>
<dataTypePrecision>12</dataTypePrecision>
<dataTypeScale>2</dataTypeScale>
<ownDataTypeParameters>,12,2</ownDataTypeParameters>
<autoIncrementCycle>false</autoIncrementCycle>
</Column>
<Column name="cancellations" id="FC1927FA-ABBD-FFE4-5677-82D6A93CE006">
<createdBy>marinfotache</createdBy>
<createdTime>2018-10-26 05:11:19 UTC</createdTime>
<generatorID>73A65DD7-4181-00C8-7815-31A4D4404CB5</generatorID>
<ownerDesignName>07a_Discounts_on_range_of_values</ownerDesignName>
<useDomainConstraints>false</useDomainConstraints>
<use>1</use>
<logicalDatatype>LOGDT019</logicalDatatype>
<dataTypePrecision>12</dataTypePrecision>
<dataTypeScale>2</dataTypeScale>
<ownDataTypeParameters>,12,2</ownDataTypeParameters>
<autoIncrementCycle>false</autoIncrementCycle>
</Column>
<Column name="received" id="86D79642-8C20-BDED-5A7A-9278793CE5C8">
<createdBy>marinfotache</createdBy>
<createdTime>2018-10-26 05:11:19 UTC</createdTime>
<generatorID>46888713-A2DD-3F83-9B14-833DDB8CF257</generatorID>
<ownerDesignName>07a_Discounts_on_range_of_values</ownerDesignName>
<useDomainConstraints>false</useDomainConstraints>
<use>1</use>
<logicalDatatype>LOGDT019</logicalDatatype>
<dataTypePrecision>12</dataTypePrecision>
<dataTypeScale>2</dataTypeScale>
<ownDataTypeParameters>,12,2</ownDataTypeParameters>
<autoIncrementCycle>false</autoIncrementCycle>
</Column>
<Column name="products_product_id" id="ADEC1874-92F3-DDEE-5403-41A3082B5A17">
<createdBy>marinfotache</createdBy>
<createdTime>2018-10-26 05:11:19 UTC</createdTime>
<generatorID>475D7A5C-BF2B-7A6A-A2AB-79B8D925E86E</generatorID>
<ownerDesignName>07a_Discounts_on_range_of_values</ownerDesignName>
<useDomainConstraints>false</useDomainConstraints>
<use>1</use>
<logicalDatatype>LOGDT011</logicalDatatype>
<ownDataTypeParameters>,,</ownDataTypeParameters>
<previousColumn>false</previousColumn>
<autoIncrementCycle>false</autoIncrementCycle>
<associations>
<colAssociation fkAssociation="E886EF15-1793-E4E5-05BE-58FE35B675EF" referredColumn="1751FAE0-7A71-A915-0B12-64F6BBEC86AF"/>
</associations>
</Column>
<Column name="months_year" id="F595BC58-AD3A-64E4-46A0-7A9B1D5A9B75">
<createdBy>marinfotache</createdBy>
<createdTime>2018-10-26 05:11:19 UTC</createdTime>
<generatorID>B67B74F8-4DD9-5D5D-DACF-97D41CC55B17</generatorID>
<ownerDesignName>07a_Discounts_on_range_of_values</ownerDesignName>
<useDomainConstraints>false</useDomainConstraints>
<use>1</use>
<logicalDatatype>LOGDT019</logicalDatatype>
<dataTypePrecision>4</dataTypePrecision>
<ownDataTypeParameters>,,</ownDataTypeParameters>
<previousColumn>false</previousColumn>
<autoIncrementCycle>false</autoIncrementCycle>
<associations>
<colAssociation fkAssociation="AE8AE804-8ABA-5F9F-5B4F-D176A3C08F04" referredColumn="354AF1B2-75EF-97FB-3CA0-A4706F3D9B80"/>
</associations>
</Column>
<Column name="months_month" id="5AD5DCD3-559F-EE04-88F3-E8FB2C7A7D01">
<createdBy>marinfotache</createdBy>
<createdTime>2018-10-26 05:11:19 UTC</createdTime>
<generatorID>C24D6B32-8AB0-036C-B41D-C40350B61FB1</generatorID>
<ownerDesignName>07a_Discounts_on_range_of_values</ownerDesignName>
<useDomainConstraints>false</useDomainConstraints>
<use>1</use>
<logicalDatatype>LOGDT019</logicalDatatype>
<dataTypePrecision>2</dataTypePrecision>
<ownDataTypeParameters>,,</ownDataTypeParameters>
<previousColumn>false</previousColumn>
<autoIncrementCycle>false</autoIncrementCycle>
<associations>
<colAssociation fkAssociation="AE8AE804-8ABA-5F9F-5B4F-D176A3C08F04" referredColumn="91AE3A25-F6B3-74A9-F1CE-CCE643DFCDDD"/>
</associations>
</Column>
</columns>
<indexes itemClass="oracle.dbtools.crest.model.design.relational.Index">
<ind_PK_UK id="0271138E-C13D-CB11-55B5-28B57AEF81D3" name="product_montly_stats_PK">
<createdBy>marinfotache</createdBy>
<createdTime>2018-10-26 05:11:19 UTC</createdTime>
<generatorID>477542DB-EBDA-9444-0DC9-4EAC23156F38</generatorID>
<ownerDesignName>07a_Discounts_on_range_of_values</ownerDesignName>
<pk>true</pk>
<indexState>Primary Constraint</indexState>
<isSurrogateKey>false</isSurrogateKey>
<indexColumnUsage>
<colUsage columnID="ADEC1874-92F3-DDEE-5403-41A3082B5A17"/>
<colUsage columnID="F595BC58-AD3A-64E4-46A0-7A9B1D5A9B75"/>
<colUsage columnID="5AD5DCD3-559F-EE04-88F3-E8FB2C7A7D01"/>
</indexColumnUsage>
</ind_PK_UK>
<ind_PK_UK id="D665A793-F5F2-CB9A-8FFE-6DACD3EE4FC2" name="product_montly_stats_months_FK">
<createdBy>marinfotache</createdBy>
<createdTime>2018-10-26 05:11:19 UTC</createdTime>
<generatorID>AA5D1984-FB1D-A844-1D48-1557DD1B109A</generatorID>
<ownerDesignName>07a_Discounts_on_range_of_values</ownerDesignName>
<indexState>Foreign Key</indexState>
<isSurrogateKey>false</isSurrogateKey>
<indexColumnUsage>
<colUsage columnID="F595BC58-AD3A-64E4-46A0-7A9B1D5A9B75"/>
<colUsage columnID="5AD5DCD3-559F-EE04-88F3-E8FB2C7A7D01"/>
</indexColumnUsage>
</ind_PK_UK>
<ind_PK_UK id="47A752E1-2188-8AA8-F1B0-BF48B2BBC8E7" name="product_montly_stats_products_FK">
<createdBy>marinfotache</createdBy>
<createdTime>2018-10-26 05:11:19 UTC</createdTime>
<generatorID>08EB082B-1F6E-B511-CB1F-66F5D235BF07</generatorID>
<ownerDesignName>07a_Discounts_on_range_of_values</ownerDesignName>
<indexState>Foreign Key</indexState>
<isSurrogateKey>false</isSurrogateKey>
<indexColumnUsage>
<colUsage columnID="ADEC1874-92F3-DDEE-5403-41A3082B5A17"/>
</indexColumnUsage>
</ind_PK_UK>
</indexes>
</Table>