<?xml version = '1.0' encoding = 'UTF-8'?>
<Table class="oracle.dbtools.crest.model.design.relational.Table" directorySegmentName="seg_0" id="7F82FDBE-56D2-AA2F-B5DA-F122B9C78CA6" name="cancelled_invoices">
<createdBy>marinfotache</createdBy>
<createdTime>2018-10-26 05:11:19 UTC</createdTime>
<generatorID>52BD976E-8A14-57A3-2AF6-630E2EFDA1E7</generatorID>
<ownerDesignName>07a_Discounts_on_range_of_values</ownerDesignName>
<allowColumnReorder>false</allowColumnReorder>
<existDependencyGenerateInDDl>true</existDependencyGenerateInDDl>
<parsed>true</parsed>
<columns itemClass="oracle.dbtools.crest.model.design.relational.Column">
<Column name="cancellation_dt" id="2A1E63D0-0B5A-E176-9621-A36BF296C57A">
<createdBy>marinfotache</createdBy>
<createdTime>2018-10-26 05:11:19 UTC</createdTime>
<generatorID>5C321BB5-9B05-701A-C317-246D32D62CF4</generatorID>
<ownerDesignName>07a_Discounts_on_range_of_values</ownerDesignName>
<useDomainConstraints>false</useDomainConstraints>
<use>1</use>
<logicalDatatype>LOGDT047</logicalDatatype>
<ownDataTypeParameters>,,</ownDataTypeParameters>
<autoIncrementCycle>false</autoIncrementCycle>
</Column>
<Column name="comments" id="A4DA72E7-5C8C-1A73-001E-FA811DC3CBF4">
<createdBy>marinfotache</createdBy>
<createdTime>2018-10-26 05:11:19 UTC</createdTime>
<generatorID>077EA897-9B50-E7D4-69C3-5B70DDC29737</generatorID>
<ownerDesignName>07a_Discounts_on_range_of_values</ownerDesignName>
<nullsAllowed>true</nullsAllowed>
<useDomainConstraints>false</useDomainConstraints>
<use>1</use>
<logicalDatatype>LOGDT037</logicalDatatype>
<dataTypeSize>100</dataTypeSize>
<ownDataTypeParameters>100,,</ownDataTypeParameters>
<autoIncrementCycle>false</autoIncrementCycle>
</Column>
<Column name="invoices_invoice_id" id="31857E63-1C95-7A41-E656-114C4AE983AD">
<createdBy>marinfotache</createdBy>
<createdTime>2018-10-26 05:11:19 UTC</createdTime>
<generatorID>2DBC507C-31B4-83B1-23E6-F2169C675DC9</generatorID>
<ownerDesignName>07a_Discounts_on_range_of_values</ownerDesignName>
<useDomainConstraints>false</useDomainConstraints>
<use>1</use>
<logicalDatatype>LOGDT011</logicalDatatype>
<ownDataTypeParameters>,,</ownDataTypeParameters>
<previousColumn>false</previousColumn>
<autoIncrementCycle>false</autoIncrementCycle>
<associations>
<colAssociation fkAssociation="5F66DABF-337B-59D8-ACA1-606DADBBC90A" referredColumn="C000E906-EC16-0401-75FB-F6183C63079E"/>
</associations>
</Column>
</columns>
<indexes itemClass="oracle.dbtools.crest.model.design.relational.Index">
<ind_PK_UK id="E1D97EF9-35E7-358E-BF45-E40700484681" name="cancelled_invoices_PK">
<createdBy>marinfotache</createdBy>
<createdTime>2018-10-26 05:11:19 UTC</createdTime>
<generatorID>F9D0699B-31BD-3924-074E-49BC442F5833</generatorID>
<ownerDesignName>07a_Discounts_on_range_of_values</ownerDesignName>
<pk>true</pk>
<indexState>Primary Constraint</indexState>
<isSurrogateKey>false</isSurrogateKey>
<indexColumnUsage>
<colUsage columnID="31857E63-1C95-7A41-E656-114C4AE983AD"/>
</indexColumnUsage>
</ind_PK_UK>
<ind_PK_UK id="37DB77A2-E631-48C8-0531-670F3BFA7EE5" name="cancelled_invoices_invoices_FK">
<createdBy>marinfotache</createdBy>
<createdTime>2018-10-26 05:11:19 UTC</createdTime>
<generatorID>7D2AD5BB-9026-8B35-F7CF-C8103C4BC4B7</generatorID>
<ownerDesignName>07a_Discounts_on_range_of_values</ownerDesignName>
<indexState>Foreign Key</indexState>
<isSurrogateKey>false</isSurrogateKey>
<indexColumnUsage>
<colUsage columnID="31857E63-1C95-7A41-E656-114C4AE983AD"/>
</indexColumnUsage>
</ind_PK_UK>
</indexes>
</Table>