<?xml version = '1.0' encoding = 'UTF-8'?>
<Table class="oracle.dbtools.crest.model.design.relational.Table" directorySegmentName="seg_0" id="DF9DDECF-A032-DE7A-CCC6-A2B2688918FC" name="refused_products">
<createdBy>marinfotache</createdBy>
<createdTime>2018-10-26 05:11:19 UTC</createdTime>
<generatorID>70249285-81D3-E5EF-EA1B-3DA98C418470</generatorID>
<ownerDesignName>07a_Discounts_on_range_of_values</ownerDesignName>
<allowColumnReorder>false</allowColumnReorder>
<existDependencyGenerateInDDl>true</existDependencyGenerateInDDl>
<parsed>true</parsed>
<columns itemClass="oracle.dbtools.crest.model.design.relational.Column">
<Column name="refused_quantity" id="BEBC212B-9F84-794E-D830-10CB16FD8081">
<createdBy>marinfotache</createdBy>
<createdTime>2018-10-26 05:11:19 UTC</createdTime>
<generatorID>2C2CBBCC-45A8-0AC3-52B7-1269552E29F8</generatorID>
<ownerDesignName>07a_Discounts_on_range_of_values</ownerDesignName>
<useDomainConstraints>false</useDomainConstraints>
<use>1</use>
<logicalDatatype>LOGDT019</logicalDatatype>
<dataTypePrecision>10</dataTypePrecision>
<dataTypeScale>3</dataTypeScale>
<ownDataTypeParameters>,10,3</ownDataTypeParameters>
<autoIncrementCycle>false</autoIncrementCycle>
</Column>
<Column name="refusal_reason" id="356A320A-F041-FAF5-22FF-36A8F6E67F4C">
<createdBy>marinfotache</createdBy>
<createdTime>2018-10-26 05:11:19 UTC</createdTime>
<generatorID>B9D26D07-BA9D-143D-8442-CB0672D8DC91</generatorID>
<ownerDesignName>07a_Discounts_on_range_of_values</ownerDesignName>
<nullsAllowed>true</nullsAllowed>
<useDomainConstraints>false</useDomainConstraints>
<use>1</use>
<logicalDatatype>LOGDT037</logicalDatatype>
<dataTypeSize>100</dataTypeSize>
<ownDataTypeParameters>100,,</ownDataTypeParameters>
<autoIncrementCycle>false</autoIncrementCycle>
</Column>
<Column name="refused_unit_price" id="773646E2-D2E9-993B-C500-A4469418B347">
<createdBy>marinfotache</createdBy>
<createdTime>2018-10-26 05:11:19 UTC</createdTime>
<generatorID>0902E5D0-FA24-759D-BB47-CA949AFD2A18</generatorID>
<ownerDesignName>07a_Discounts_on_range_of_values</ownerDesignName>
<nullsAllowed>true</nullsAllowed>
<useDomainConstraints>false</useDomainConstraints>
<use>1</use>
<logicalDatatype>LOGDT019</logicalDatatype>
<dataTypePrecision>9</dataTypePrecision>
<dataTypeScale>2</dataTypeScale>
<ownDataTypeParameters>,9,2</ownDataTypeParameters>
<autoIncrementCycle>false</autoIncrementCycle>
</Column>
<Column name="products_product_id" id="943030EE-DF1A-F438-8388-C353AB4162E2">
<createdBy>marinfotache</createdBy>
<createdTime>2018-10-26 05:11:19 UTC</createdTime>
<generatorID>AB8A3077-16F3-93A0-A316-23057C0AA826</generatorID>
<ownerDesignName>07a_Discounts_on_range_of_values</ownerDesignName>
<useDomainConstraints>false</useDomainConstraints>
<use>1</use>
<logicalDatatype>LOGDT011</logicalDatatype>
<ownDataTypeParameters>,,</ownDataTypeParameters>
<previousColumn>false</previousColumn>
<autoIncrementCycle>false</autoIncrementCycle>
<associations>
<colAssociation fkAssociation="79607E41-6EA6-0D7F-DC85-CB76DF9C7B1A" referredColumn="1751FAE0-7A71-A915-0B12-64F6BBEC86AF"/>
</associations>
</Column>
<Column name="refusals_refusal_id" id="D95FB489-0566-009F-CBF2-553490F4BD34">
<createdBy>marinfotache</createdBy>
<createdTime>2018-10-26 05:11:19 UTC</createdTime>
<generatorID>8FC38CCA-80A4-A3D3-FFD7-23A6E5FFAE7E</generatorID>
<ownerDesignName>07a_Discounts_on_range_of_values</ownerDesignName>
<useDomainConstraints>false</useDomainConstraints>
<use>1</use>
<logicalDatatype>LOGDT011</logicalDatatype>
<ownDataTypeParameters>,,</ownDataTypeParameters>
<previousColumn>false</previousColumn>
<autoIncrementCycle>false</autoIncrementCycle>
<associations>
<colAssociation fkAssociation="2763FC55-93BD-3C2E-0A3E-E3177660287B" referredColumn="F04ACEE6-0674-4EB4-3D57-0D197C57B594"/>
</associations>
</Column>
</columns>
<indexes itemClass="oracle.dbtools.crest.model.design.relational.Index">
<ind_PK_UK id="6B3F43C5-BAAD-81A2-7B08-760C467BD81D" name="refused_products_PK">
<createdBy>marinfotache</createdBy>
<createdTime>2018-10-26 05:11:19 UTC</createdTime>
<generatorID>DA28FB5A-263A-207F-A2BC-05F618826B9F</generatorID>
<ownerDesignName>07a_Discounts_on_range_of_values</ownerDesignName>
<pk>true</pk>
<indexState>Primary Constraint</indexState>
<isSurrogateKey>false</isSurrogateKey>
<indexColumnUsage>
<colUsage columnID="943030EE-DF1A-F438-8388-C353AB4162E2"/>
<colUsage columnID="D95FB489-0566-009F-CBF2-553490F4BD34"/>
</indexColumnUsage>
</ind_PK_UK>
<ind_PK_UK id="682A9CDD-98C9-88C0-24BE-E79DF9CA6535" name="refused_products_refusals_FK">
<createdBy>marinfotache</createdBy>
<createdTime>2018-10-26 05:11:19 UTC</createdTime>
<generatorID>8616D814-14C5-793F-6448-01B5887F92E3</generatorID>
<ownerDesignName>07a_Discounts_on_range_of_values</ownerDesignName>
<indexState>Foreign Key</indexState>
<isSurrogateKey>false</isSurrogateKey>
<indexColumnUsage>
<colUsage columnID="D95FB489-0566-009F-CBF2-553490F4BD34"/>
</indexColumnUsage>
</ind_PK_UK>
<ind_PK_UK id="C819E5BB-967E-16AB-3924-6BA04C60454F" name="refused_products_products_FK">
<createdBy>marinfotache</createdBy>
<createdTime>2018-10-26 05:11:19 UTC</createdTime>
<generatorID>8C27B7DD-45FA-8245-524F-9A753EC7EF80</generatorID>
<ownerDesignName>07a_Discounts_on_range_of_values</ownerDesignName>
<indexState>Foreign Key</indexState>
<isSurrogateKey>false</isSurrogateKey>
<indexColumnUsage>
<colUsage columnID="943030EE-DF1A-F438-8388-C353AB4162E2"/>
</indexColumnUsage>
</ind_PK_UK>
</indexes>
</Table>