<?xml version = '1.0' encoding = 'UTF-8'?>
<Table class="oracle.dbtools.crest.model.design.relational.Table" directorySegmentName="seg_0" id="E1992C64-17BC-7270-E43A-CFB8B944B721" name="customer_montly_stats">
<createdBy>marinfotache</createdBy>
<createdTime>2018-10-26 05:11:19 UTC</createdTime>
<generatorID>98FAA55C-153A-349F-307F-0311159CE1E1</generatorID>
<ownerDesignName>07a_Discounts_on_range_of_values</ownerDesignName>
<allowColumnReorder>false</allowColumnReorder>
<existDependencyGenerateInDDl>true</existDependencyGenerateInDDl>
<parsed>true</parsed>
<columns itemClass="oracle.dbtools.crest.model.design.relational.Column">
<Column name="customers_cust_id" id="F3355EDE-33C8-458D-C870-E4569773BBBE">
<createdBy>marinfotache</createdBy>
<createdTime>2018-10-26 05:11:19 UTC</createdTime>
<generatorID>BFBECC06-FBFD-12DC-E85A-C00425BA2A81</generatorID>
<ownerDesignName>07a_Discounts_on_range_of_values</ownerDesignName>
<useDomainConstraints>false</useDomainConstraints>
<use>1</use>
<logicalDatatype>LOGDT011</logicalDatatype>
<ownDataTypeParameters>,,</ownDataTypeParameters>
<previousColumn>false</previousColumn>
<autoIncrementCycle>false</autoIncrementCycle>
<associations>
<colAssociation fkAssociation="72367368-E0DA-F526-12E0-AF05410B0346" referredColumn="D97C84DB-BFD0-C58D-A29A-F6F6094D57C5"/>
</associations>
</Column>
<Column name="months_year" id="1C32FEEF-C7B1-92D9-0DCF-F11269B75B6C">
<createdBy>marinfotache</createdBy>
<createdTime>2018-10-26 05:11:19 UTC</createdTime>
<generatorID>E855D6BF-224E-DB8F-D8D8-FCC6B1140384</generatorID>
<ownerDesignName>07a_Discounts_on_range_of_values</ownerDesignName>
<useDomainConstraints>false</useDomainConstraints>
<use>1</use>
<logicalDatatype>LOGDT019</logicalDatatype>
<dataTypePrecision>4</dataTypePrecision>
<ownDataTypeParameters>,,</ownDataTypeParameters>
<previousColumn>false</previousColumn>
<autoIncrementCycle>false</autoIncrementCycle>
<associations>
<colAssociation fkAssociation="05A2C60C-351E-C7A3-5AAB-D7F4413FD171" referredColumn="354AF1B2-75EF-97FB-3CA0-A4706F3D9B80"/>
</associations>
</Column>
<Column name="months_month" id="3AA10E6D-B45F-A502-4B74-F4CDA488C68F">
<createdBy>marinfotache</createdBy>
<createdTime>2018-10-26 05:11:19 UTC</createdTime>
<generatorID>64A85DCF-1EE3-786B-2760-A97A56E347B6</generatorID>
<ownerDesignName>07a_Discounts_on_range_of_values</ownerDesignName>
<useDomainConstraints>false</useDomainConstraints>
<use>1</use>
<logicalDatatype>LOGDT019</logicalDatatype>
<dataTypePrecision>2</dataTypePrecision>
<ownDataTypeParameters>,,</ownDataTypeParameters>
<previousColumn>false</previousColumn>
<autoIncrementCycle>false</autoIncrementCycle>
<associations>
<colAssociation fkAssociation="05A2C60C-351E-C7A3-5AAB-D7F4413FD171" referredColumn="91AE3A25-F6B3-74A9-F1CE-CCE643DFCDDD"/>
</associations>
</Column>
<Column name="sales" id="30B5F3DF-A4D7-B27F-1351-7D69C6A5E978">
<createdBy>marinfotache</createdBy>
<createdTime>2018-10-26 05:11:19 UTC</createdTime>
<generatorID>3408869F-6CAD-B615-CBA4-DB15B2D4B1FD</generatorID>
<ownerDesignName>07a_Discounts_on_range_of_values</ownerDesignName>
<useDomainConstraints>false</useDomainConstraints>
<use>1</use>
<logicalDatatype>LOGDT019</logicalDatatype>
<dataTypePrecision>14</dataTypePrecision>
<dataTypeScale>2</dataTypeScale>
<ownDataTypeParameters>,14,2</ownDataTypeParameters>
<autoIncrementCycle>false</autoIncrementCycle>
</Column>
<Column name="refusals" id="9E1A9D0C-B83B-BBC6-1AFA-C1BF9B2B097C">
<createdBy>marinfotache</createdBy>
<createdTime>2018-10-26 05:11:19 UTC</createdTime>
<generatorID>505C3ED3-7FF9-E804-2C35-92586DDDB096</generatorID>
<ownerDesignName>07a_Discounts_on_range_of_values</ownerDesignName>
<useDomainConstraints>false</useDomainConstraints>
<use>1</use>
<logicalDatatype>LOGDT019</logicalDatatype>
<dataTypePrecision>14</dataTypePrecision>
<dataTypeScale>2</dataTypeScale>
<ownDataTypeParameters>,14,2</ownDataTypeParameters>
<autoIncrementCycle>false</autoIncrementCycle>
</Column>
<Column name="cancellations" id="84E62477-2128-7E79-D7EC-5466B05CA55A">
<createdBy>marinfotache</createdBy>
<createdTime>2018-10-26 05:11:19 UTC</createdTime>
<generatorID>9D3476A9-F8F1-A522-80C3-ECFC6A4B974E</generatorID>
<ownerDesignName>07a_Discounts_on_range_of_values</ownerDesignName>
<useDomainConstraints>false</useDomainConstraints>
<use>1</use>
<logicalDatatype>LOGDT019</logicalDatatype>
<dataTypePrecision>14</dataTypePrecision>
<dataTypeScale>2</dataTypeScale>
<ownDataTypeParameters>,14,2</ownDataTypeParameters>
<autoIncrementCycle>false</autoIncrementCycle>
</Column>
<Column name="received" id="7817F09E-9B8B-8151-206B-EFE699B455C2">
<createdBy>marinfotache</createdBy>
<createdTime>2018-10-26 05:11:19 UTC</createdTime>
<generatorID>A52C90CA-671E-DEA2-3353-02A91EAB4F8F</generatorID>
<ownerDesignName>07a_Discounts_on_range_of_values</ownerDesignName>
<useDomainConstraints>false</useDomainConstraints>
<use>1</use>
<logicalDatatype>LOGDT019</logicalDatatype>
<dataTypePrecision>14</dataTypePrecision>
<dataTypeScale>2</dataTypeScale>
<ownDataTypeParameters>,14,2</ownDataTypeParameters>
<autoIncrementCycle>false</autoIncrementCycle>
</Column>
</columns>
<indexes itemClass="oracle.dbtools.crest.model.design.relational.Index">
<ind_PK_UK id="64CEA2D7-C60F-9BB6-F738-EE61B0ECF944" name="customer_montly_stats_PK">
<createdBy>marinfotache</createdBy>
<createdTime>2018-10-26 05:11:19 UTC</createdTime>
<generatorID>8108EFB3-9798-9CEA-A058-004756AE649D</generatorID>
<ownerDesignName>07a_Discounts_on_range_of_values</ownerDesignName>
<pk>true</pk>
<indexState>Primary Constraint</indexState>
<isSurrogateKey>false</isSurrogateKey>
<indexColumnUsage>
<colUsage columnID="F3355EDE-33C8-458D-C870-E4569773BBBE"/>
<colUsage columnID="1C32FEEF-C7B1-92D9-0DCF-F11269B75B6C"/>
<colUsage columnID="3AA10E6D-B45F-A502-4B74-F4CDA488C68F"/>
</indexColumnUsage>
</ind_PK_UK>
<ind_PK_UK id="56DFF22E-A1BA-134B-DCDC-8F1F2BC73473" name="customer_montly_stats_months_FK">
<createdBy>marinfotache</createdBy>
<createdTime>2018-10-26 05:11:19 UTC</createdTime>
<generatorID>2DC15E09-67BA-D635-873E-EF619E27F9D3</generatorID>
<ownerDesignName>07a_Discounts_on_range_of_values</ownerDesignName>
<indexState>Foreign Key</indexState>
<isSurrogateKey>false</isSurrogateKey>
<indexColumnUsage>
<colUsage columnID="1C32FEEF-C7B1-92D9-0DCF-F11269B75B6C"/>
<colUsage columnID="3AA10E6D-B45F-A502-4B74-F4CDA488C68F"/>
</indexColumnUsage>
</ind_PK_UK>
<ind_PK_UK id="AEB75EC4-FD9D-2DD0-BF92-07D59889BFFF" name="customer_montly_stats_customers_FK">
<createdBy>marinfotache</createdBy>
<createdTime>2018-10-26 05:11:19 UTC</createdTime>
<generatorID>58D22822-17DE-E93C-8D0C-0080DAFE466C</generatorID>
<ownerDesignName>07a_Discounts_on_range_of_values</ownerDesignName>
<indexState>Foreign Key</indexState>
<isSurrogateKey>false</isSurrogateKey>
<indexColumnUsage>
<colUsage columnID="F3355EDE-33C8-458D-C870-E4569773BBBE"/>
</indexColumnUsage>
</ind_PK_UK>
</indexes>
</Table>