<?xml version = '1.0' encoding = 'UTF-8'?>
<Table class="oracle.dbtools.crest.model.design.relational.Table" directorySegmentName="seg_0" id="F7C97FA8-9E8C-E66C-6040-C7896218DA41" name="refusals">
<createdBy>marinfotache</createdBy>
<createdTime>2018-10-26 05:11:19 UTC</createdTime>
<generatorID>159E3FB7-784F-F485-ADB8-DF20348E0DB5</generatorID>
<ownerDesignName>07a_Discounts_on_range_of_values</ownerDesignName>
<allowColumnReorder>false</allowColumnReorder>
<existDependencyGenerateInDDl>true</existDependencyGenerateInDDl>
<parsed>true</parsed>
<columns itemClass="oracle.dbtools.crest.model.design.relational.Column">
<Column name="refusal_id" id="F04ACEE6-0674-4EB4-3D57-0D197C57B594">
<createdBy>marinfotache</createdBy>
<createdTime>2018-10-26 05:11:19 UTC</createdTime>
<generatorID>122DE09A-859B-AD9F-AFF1-8C90BDB8D23A</generatorID>
<ownerDesignName>07a_Discounts_on_range_of_values</ownerDesignName>
<useDomainConstraints>false</useDomainConstraints>
<use>1</use>
<logicalDatatype>LOGDT011</logicalDatatype>
<ownDataTypeParameters>,,</ownDataTypeParameters>
<autoIncrementCycle>false</autoIncrementCycle>
</Column>
<Column name="refusal_dt" id="B659A06F-6E8D-FA2A-4D25-ED82B53B4E21">
<createdBy>marinfotache</createdBy>
<createdTime>2018-10-26 05:11:19 UTC</createdTime>
<generatorID>5014AAB3-8222-B1E9-1AEB-4171E353B6BF</generatorID>
<ownerDesignName>07a_Discounts_on_range_of_values</ownerDesignName>
<nullsAllowed>true</nullsAllowed>
<useDomainConstraints>false</useDomainConstraints>
<use>1</use>
<logicalDatatype>LOGDT047</logicalDatatype>
<ownDataTypeParameters>,,</ownDataTypeParameters>
<autoIncrementCycle>false</autoIncrementCycle>
</Column>
<Column name="refusal_amount" id="A22D3F9D-D6F3-6981-E035-E0C1F9D84C99">
<createdBy>marinfotache</createdBy>
<createdTime>2018-10-26 05:11:19 UTC</createdTime>
<generatorID>933B019D-88E9-377A-D713-E661D8EE1D5C</generatorID>
<ownerDesignName>07a_Discounts_on_range_of_values</ownerDesignName>
<useDomainConstraints>false</useDomainConstraints>
<use>1</use>
<logicalDatatype>LOGDT019</logicalDatatype>
<dataTypePrecision>12</dataTypePrecision>
<dataTypeScale>2</dataTypeScale>
<ownDataTypeParameters>,12,2</ownDataTypeParameters>
<autoIncrementCycle>false</autoIncrementCycle>
</Column>
<Column name="invoices_invoice_id" id="725F9760-20C1-00C4-4C6B-1E92B69E2351">
<createdBy>marinfotache</createdBy>
<createdTime>2018-10-26 05:11:19 UTC</createdTime>
<generatorID>27FA4400-B494-1AFF-3C04-56BBDB22A597</generatorID>
<ownerDesignName>07a_Discounts_on_range_of_values</ownerDesignName>
<useDomainConstraints>false</useDomainConstraints>
<use>1</use>
<logicalDatatype>LOGDT011</logicalDatatype>
<ownDataTypeParameters>,,</ownDataTypeParameters>
<previousColumn>false</previousColumn>
<autoIncrementCycle>false</autoIncrementCycle>
<associations>
<colAssociation fkAssociation="97FE87EE-415B-538E-433C-9A9CBAB71E20" referredColumn="C000E906-EC16-0401-75FB-F6183C63079E"/>
</associations>
</Column>
</columns>
<indexes itemClass="oracle.dbtools.crest.model.design.relational.Index">
<ind_PK_UK id="16D31102-A114-AE97-6CB7-17AEAAF27F2D" name="refusals_PK">
<createdBy>marinfotache</createdBy>
<createdTime>2018-10-26 05:11:19 UTC</createdTime>
<generatorID>31454341-9A3F-122F-DF1B-F70D08C1230C</generatorID>
<ownerDesignName>07a_Discounts_on_range_of_values</ownerDesignName>
<pk>true</pk>
<indexState>Primary Constraint</indexState>
<isSurrogateKey>false</isSurrogateKey>
<indexColumnUsage>
<colUsage columnID="F04ACEE6-0674-4EB4-3D57-0D197C57B594"/>
</indexColumnUsage>
</ind_PK_UK>
<ind_PK_UK id="25C9A61C-C686-6394-C4C4-E6EF9726C9ED" name="refusals__IDX">
<createdBy>marinfotache</createdBy>
<createdTime>2018-10-26 05:11:19 UTC</createdTime>
<ownerDesignName>07a_Discounts_on_range_of_values</ownerDesignName>
<indexState>Unique Plain Index</indexState>
<isSurrogateKey>false</isSurrogateKey>
<relationGeneratorID>E7FFA077-44AC-87FA-065E-BFAA11FE6881</relationGeneratorID>
<indexColumnUsage>
<colUsage columnID="725F9760-20C1-00C4-4C6B-1E92B69E2351"/>
</indexColumnUsage>
</ind_PK_UK>
<ind_PK_UK id="D3A94C74-F008-16B9-5928-4597A98D13FE" name="refusals_invoices_FK">
<createdBy>marinfotache</createdBy>
<createdTime>2018-10-26 05:11:19 UTC</createdTime>
<generatorID>E7FFA077-44AC-87FA-065E-BFAA11FE6881</generatorID>
<ownerDesignName>07a_Discounts_on_range_of_values</ownerDesignName>
<indexState>Foreign Key</indexState>
<isSurrogateKey>false</isSurrogateKey>
<indexColumnUsage>
<colUsage columnID="725F9760-20C1-00C4-4C6B-1E92B69E2351"/>
</indexColumnUsage>
</ind_PK_UK>
</indexes>
</Table>