<?xml version = '1.0' encoding = 'UTF-8'?>
<Table class="oracle.dbtools.crest.model.design.relational.Table" directorySegmentName="seg_0" id="465D9EAC-00E8-B1D0-CB06-BD562E693F0D" name="contacts">
<createdBy>admin</createdBy>
<createdTime>2015-10-27 07:37:09 UTC</createdTime>
<generatorID>B5901E4F-FE16-8497-C6FA-77254367AE09</generatorID>
<ownerDesignName>sales_1_solution_2</ownerDesignName>
<existDependencyGenerateInDDl>true</existDependencyGenerateInDDl>
<parsed>true</parsed>
<columns itemClass="oracle.dbtools.crest.model.design.relational.Column">
<Column name="cust_id" id="44AD36A3-BE4F-ABB7-ECF0-22F580375722">
<createdBy>admin</createdBy>
<createdTime>2015-10-27 07:37:09 UTC</createdTime>
<generatorID>73794A30-CD37-0D4D-533E-6B427D4EA48B</generatorID>
<ownerDesignName>sales_1_solution_2</ownerDesignName>
<useDomainConstraints>false</useDomainConstraints>
<use>1</use>
<logicalDatatype>LOGDT011</logicalDatatype>
<ownDataTypeParameters>,,</ownDataTypeParameters>
<previousColumn>false</previousColumn>
<autoIncrementCycle>false</autoIncrementCycle>
<associations>
<colAssociation fkAssociation="CA5A530F-D48A-85FA-B5CD-946386F04126" referredColumn="AD31B01D-AC5D-496F-383F-7DAE5CAF08FF"/>
</associations>
</Column>
<Column name="position" id="0A7DE2CC-B0A3-4861-035F-637FE2A94DF4">
<createdBy>admin</createdBy>
<createdTime>2015-10-27 07:37:09 UTC</createdTime>
<generatorID>4B37ADE0-FD0E-03AF-E06D-95652CCDFBC7</generatorID>
<ownerDesignName>sales_1_solution_2</ownerDesignName>
<constraintName>ck_functie</constraintName>
<useDomainConstraints>false</useDomainConstraints>
<use>1</use>
<logicalDatatype>LOGDT037</logicalDatatype>
<dataTypeSize>50</dataTypeSize>
<checkConstraint>
<implementationDef dbType="Oracle Database 10g" definition="SUBSTR(functie,1,1) = UPPER(SUBSTR(functie,1,1))"/>
</checkConstraint>
<ownDataTypeParameters>50,,</ownDataTypeParameters>
<autoIncrementCycle>false</autoIncrementCycle>
</Column>
<Column name="pers_id" id="6B34AF39-E07E-C5C0-4F5F-14892818D874">
<createdBy>admin</createdBy>
<createdTime>2015-10-27 07:37:09 UTC</createdTime>
<generatorID>B5C8C18F-DC22-9889-3967-C807BEEED585</generatorID>
<ownerDesignName>sales_1_solution_2</ownerDesignName>
<useDomainConstraints>false</useDomainConstraints>
<use>1</use>
<logicalDatatype>LOGDT011</logicalDatatype>
<ownDataTypeParameters>,,</ownDataTypeParameters>
<previousColumn>false</previousColumn>
<autoIncrementCycle>false</autoIncrementCycle>
<associations>
<colAssociation fkAssociation="E65D4ED0-CD73-EE1A-7EF2-DD3EDF37A4D8" referredColumn="CEC2032C-C222-79B8-01D0-19A936929DE9"/>
</associations>
</Column>
</columns>
<indexes itemClass="oracle.dbtools.crest.model.design.relational.Index">
<ind_PK_UK id="263C6CD0-D65A-BF88-13C6-DE01B5527331" name="contacts_PK">
<createdBy>admin</createdBy>
<createdTime>2015-10-27 07:37:09 UTC</createdTime>
<generatorID>BF91D145-C35E-82EA-E981-BA2DF0FBC233</generatorID>
<ownerDesignName>sales_1_solution_2</ownerDesignName>
<pk>true</pk>
<indexState>Primary Constraint</indexState>
<isSurrogateKey>false</isSurrogateKey>
<indexColumnUsage>
<colUsage columnID="44AD36A3-BE4F-ABB7-ECF0-22F580375722"/>
<colUsage columnID="0A7DE2CC-B0A3-4861-035F-637FE2A94DF4"/>
<colUsage columnID="6B34AF39-E07E-C5C0-4F5F-14892818D874"/>
</indexColumnUsage>
</ind_PK_UK>
<ind_PK_UK id="ACE6FE66-1B2E-4D3E-1CBA-7EEF7563D9D3" name="contacts_people_FK">
<createdBy>admin</createdBy>
<createdTime>2015-10-27 07:37:09 UTC</createdTime>
<generatorID>6F42A286-0894-7836-2315-203EE65990C9</generatorID>
<ownerDesignName>sales_1_solution_2</ownerDesignName>
<indexState>Foreign Key</indexState>
<isSurrogateKey>false</isSurrogateKey>
<indexColumnUsage>
<colUsage columnID="6B34AF39-E07E-C5C0-4F5F-14892818D874"/>
</indexColumnUsage>
</ind_PK_UK>
<ind_PK_UK id="7ADC6A37-BFBD-69C0-40EC-8CA16CBDEB35" name="contacts_customers_FK">
<createdBy>admin</createdBy>
<createdTime>2015-10-27 07:37:09 UTC</createdTime>
<generatorID>C8A70461-C856-4D8C-9F97-C9F252DDEE62</generatorID>
<ownerDesignName>sales_1_solution_2</ownerDesignName>
<indexState>Foreign Key</indexState>
<isSurrogateKey>false</isSurrogateKey>
<indexColumnUsage>
<colUsage columnID="44AD36A3-BE4F-ABB7-ECF0-22F580375722"/>
</indexColumnUsage>
</ind_PK_UK>
</indexes>
</Table>