<?xml version = '1.0' encoding = 'UTF-8'?>
<Table class="oracle.dbtools.crest.model.design.relational.Table" directorySegmentName="seg_0" id="567DB2D9-833D-A3AA-895D-51D8A8994AAC" name="people">
<createdBy>admin</createdBy>
<createdTime>2015-10-27 07:37:09 UTC</createdTime>
<generatorID>42A4EF6E-85D7-F909-8C66-C3CB408774D5</generatorID>
<ownerDesignName>sales_1_solution_2</ownerDesignName>
<existDependencyGenerateInDDl>true</existDependencyGenerateInDDl>
<parsed>true</parsed>
<columns itemClass="oracle.dbtools.crest.model.design.relational.Column">
<Column name="pers_id" id="CEC2032C-C222-79B8-01D0-19A936929DE9">
<createdBy>admin</createdBy>
<createdTime>2015-10-27 07:37:09 UTC</createdTime>
<generatorID>42B177E8-B3B3-4EF4-28FD-46D0AD056E15</generatorID>
<ownerDesignName>sales_1_solution_2</ownerDesignName>
<useDomainConstraints>false</useDomainConstraints>
<use>1</use>
<logicalDatatype>LOGDT011</logicalDatatype>
<ownDataTypeParameters>,,</ownDataTypeParameters>
<autoIncrementCycle>false</autoIncrementCycle>
</Column>
<Column name="pers_national_code" id="EBFF3BE8-27B5-C604-A4C0-7899F4A7DB67">
<createdBy>admin</createdBy>
<createdTime>2015-10-27 07:37:09 UTC</createdTime>
<generatorID>95D8A25D-B5F8-B40B-CB8F-1342EAD2D5EB</generatorID>
<ownerDesignName>sales_1_solution_2</ownerDesignName>
<constraintName>ck_pers_national_code</constraintName>
<useDomainConstraints>false</useDomainConstraints>
<use>1</use>
<logicalDatatype>LOGDT025</logicalDatatype>
<dataTypeSize>13</dataTypeSize>
<checkConstraint>
<implementationDef dbType="Oracle Database 10g" definition="cnp=LTRIM(UPPER(cnp))"/>
</checkConstraint>
<ownDataTypeParameters>13,,</ownDataTypeParameters>
<autoIncrementCycle>false</autoIncrementCycle>
</Column>
<Column name="pers_family_name" id="E51E2AF3-3CE5-868C-93FC-35187E33CB08">
<createdBy>admin</createdBy>
<createdTime>2015-10-27 07:37:09 UTC</createdTime>
<generatorID>E04B4E4C-06FE-F8C8-A0C4-D64DDBB90505</generatorID>
<ownerDesignName>sales_1_solution_2</ownerDesignName>
<constraintName>ck_nume</constraintName>
<useDomainConstraints>false</useDomainConstraints>
<use>1</use>
<logicalDatatype>LOGDT037</logicalDatatype>
<dataTypeSize>75 CHAR</dataTypeSize>
<checkConstraint>
<implementationDef dbType="Oracle Database 10g" definition="nume=LTRIM(INITCAP(nume))"/>
</checkConstraint>
<ownDataTypeParameters>75 CHAR,,</ownDataTypeParameters>
<autoIncrementCycle>false</autoIncrementCycle>
</Column>
<Column name="pers_first_name" id="B9597B27-5C3F-EF9C-38EC-E028549458DD">
<createdBy>admin</createdBy>
<createdTime>2015-10-27 07:37:09 UTC</createdTime>
<generatorID>03ABD381-0B66-A00F-21BF-710D28A384AB</generatorID>
<ownerDesignName>sales_1_solution_2</ownerDesignName>
<constraintName>ck_prenume</constraintName>
<useDomainConstraints>false</useDomainConstraints>
<use>1</use>
<logicalDatatype>LOGDT037</logicalDatatype>
<dataTypeSize>50</dataTypeSize>
<checkConstraint>
<implementationDef dbType="Oracle Database 10g" definition="prenume=LTRIM(INITCAP(prenume))"/>
</checkConstraint>
<ownDataTypeParameters>50,,</ownDataTypeParameters>
<autoIncrementCycle>false</autoIncrementCycle>
</Column>
<Column name="pers_address" id="844CDE3E-826A-45A1-6867-EA543885EFB4">
<createdBy>admin</createdBy>
<createdTime>2015-10-27 07:37:09 UTC</createdTime>
<generatorID>50FFDECF-BE6E-0D58-B7F2-14A02659DCBC</generatorID>
<ownerDesignName>sales_1_solution_2</ownerDesignName>
<constraintName>ck_adresa_persoane</constraintName>
<nullsAllowed>true</nullsAllowed>
<useDomainConstraints>false</useDomainConstraints>
<use>1</use>
<logicalDatatype>LOGDT037</logicalDatatype>
<dataTypeSize>100 CHAR</dataTypeSize>
<checkConstraint>
<implementationDef dbType="Oracle Database 10g" definition="SUBSTR(adresa,1,1) = UPPER(SUBSTR(adresa,1,1))"/>
</checkConstraint>
<ownDataTypeParameters>100 CHAR,,</ownDataTypeParameters>
<autoIncrementCycle>false</autoIncrementCycle>
</Column>
<Column name="pers_genre" id="D6D58F5E-4719-AEF3-6622-F807F5F58267">
<createdBy>admin</createdBy>
<createdTime>2015-10-27 07:37:09 UTC</createdTime>
<generatorID>296CEA97-88BB-F4A8-4E44-FDD98FDCC806</generatorID>
<ownerDesignName>sales_1_solution_2</ownerDesignName>
<constraintName>CK_SEX</constraintName>
<useDomainConstraints>false</useDomainConstraints>
<use>1</use>
<logicalDatatype>LOGDT025</logicalDatatype>
<dataTypeSize>1</dataTypeSize>
<checkConstraint>
<implementationDef dbType="Oracle Database 10g" definition="SEX IN (&apos;F&apos;,&apos;B&apos;)"/>
</checkConstraint>
<defaultValue>&apos;B&apos;</defaultValue>
<ownDataTypeParameters>1,,</ownDataTypeParameters>
<autoIncrementCycle>false</autoIncrementCycle>
</Column>
<Column name="post_code" id="4A37A5DC-F0E3-2443-92F6-F1BC9DA81086">
<createdBy>admin</createdBy>
<createdTime>2015-10-27 07:37:09 UTC</createdTime>
<generatorID>A734DE4C-0A66-A877-1A84-FB910E38014A</generatorID>
<ownerDesignName>sales_1_solution_2</ownerDesignName>
<nullsAllowed>true</nullsAllowed>
<useDomainConstraints>false</useDomainConstraints>
<use>1</use>
<logicalDatatype>LOGDT025</logicalDatatype>
<ownDataTypeParameters>,,</ownDataTypeParameters>
<previousColumn>false</previousColumn>
<autoIncrementCycle>false</autoIncrementCycle>
<associations>
<colAssociation fkAssociation="DD30B01F-CF65-E448-701E-CF8F7C02567E" referredColumn="29376058-6406-A55D-C7B1-C450D45A03B0"/>
</associations>
</Column>
<Column name="home_phone" id="3374AA2F-F277-E2A4-3601-6E5717705536">
<createdBy>admin</createdBy>
<createdTime>2015-10-27 07:37:09 UTC</createdTime>
<generatorID>1951253C-A7FE-A00D-DD3D-DCCF6AC482F5</generatorID>
<ownerDesignName>sales_1_solution_2</ownerDesignName>
<nullsAllowed>true</nullsAllowed>
<useDomainConstraints>false</useDomainConstraints>
<use>1</use>
<logicalDatatype>LOGDT025</logicalDatatype>
<dataTypeSize>10</dataTypeSize>
<ownDataTypeParameters>10,,</ownDataTypeParameters>
<autoIncrementCycle>false</autoIncrementCycle>
</Column>
<Column name="office_phine" id="DC6D635C-EA35-1A95-2229-D0AA897B10EC">
<createdBy>admin</createdBy>
<createdTime>2015-10-27 07:37:09 UTC</createdTime>
<generatorID>CD4A64AB-132C-B2C5-01AA-E2F05A8BEDDB</generatorID>
<ownerDesignName>sales_1_solution_2</ownerDesignName>
<nullsAllowed>true</nullsAllowed>
<useDomainConstraints>false</useDomainConstraints>
<use>1</use>
<logicalDatatype>LOGDT025</logicalDatatype>
<dataTypeSize>10</dataTypeSize>
<ownDataTypeParameters>10,,</ownDataTypeParameters>
<autoIncrementCycle>false</autoIncrementCycle>
</Column>
<Column name="mobile_phone" id="AEBE4572-E662-B3B3-1332-744C9573D9FA">
<createdBy>admin</createdBy>
<createdTime>2015-10-27 07:37:09 UTC</createdTime>
<generatorID>81114D74-ACE3-CF24-8CDA-17C8445025AC</generatorID>
<ownerDesignName>sales_1_solution_2</ownerDesignName>
<nullsAllowed>true</nullsAllowed>
<useDomainConstraints>false</useDomainConstraints>
<use>1</use>
<logicalDatatype>LOGDT025</logicalDatatype>
<dataTypeSize>10</dataTypeSize>
<ownDataTypeParameters>10,,</ownDataTypeParameters>
<autoIncrementCycle>false</autoIncrementCycle>
</Column>
<Column name="pers_email" id="9206D3F9-4A9D-CF75-337C-8D923B24C7E2">
<createdBy>admin</createdBy>
<createdTime>2015-10-27 07:37:09 UTC</createdTime>
<generatorID>60A79B74-9D30-DE8A-5265-1241113732F1</generatorID>
<ownerDesignName>sales_1_solution_2</ownerDesignName>
<nullsAllowed>true</nullsAllowed>
<useDomainConstraints>false</useDomainConstraints>
<use>1</use>
<logicalDatatype>LOGDT024</logicalDatatype>
<dataTypeSize>50</dataTypeSize>
<ownDataTypeParameters>50,,</ownDataTypeParameters>
<autoIncrementCycle>false</autoIncrementCycle>
</Column>
<Column name="office_email" id="2663DEDA-F1F4-3C6F-ECC3-6CD94E954295">
<createdBy>admin</createdBy>
<createdTime>2015-10-27 07:37:09 UTC</createdTime>
<generatorID>6D139426-E347-1C77-9A8F-2033A12C0566</generatorID>
<ownerDesignName>sales_1_solution_2</ownerDesignName>
<nullsAllowed>true</nullsAllowed>
<useDomainConstraints>false</useDomainConstraints>
<use>1</use>
<logicalDatatype>LOGDT024</logicalDatatype>
<dataTypeSize>75</dataTypeSize>
<ownDataTypeParameters>75,,</ownDataTypeParameters>
<autoIncrementCycle>false</autoIncrementCycle>
</Column>
</columns>
<indexes itemClass="oracle.dbtools.crest.model.design.relational.Index">
<ind_PK_UK id="E2940747-E313-F293-4066-2943767FDC11" name="people_PK">
<createdBy>admin</createdBy>
<createdTime>2015-10-27 07:37:09 UTC</createdTime>
<generatorID>B66462AC-8968-44C6-1CDF-D5FEDBCB8AAB</generatorID>
<ownerDesignName>sales_1_solution_2</ownerDesignName>
<pk>true</pk>
<indexState>Primary Constraint</indexState>
<isSurrogateKey>false</isSurrogateKey>
<indexColumnUsage>
<colUsage columnID="CEC2032C-C222-79B8-01D0-19A936929DE9"/>
</indexColumnUsage>
</ind_PK_UK>
<ind_PK_UK id="6D20FD55-FCBF-AF2C-ACE9-708B6788F28B" name="people_pers_national_code_UN">
<createdBy>admin</createdBy>
<createdTime>2015-10-27 07:37:09 UTC</createdTime>
<generatorID>63710710-FB9C-666B-BDB9-5E52EE13CE46</generatorID>
<ownerDesignName>sales_1_solution_2</ownerDesignName>
<indexState>Unique Constraint</indexState>
<isSurrogateKey>false</isSurrogateKey>
<indexColumnUsage>
<colUsage columnID="EBFF3BE8-27B5-C604-A4C0-7899F4A7DB67"/>
</indexColumnUsage>
</ind_PK_UK>
<ind_PK_UK id="9A3E8794-1BFF-E8C9-0A66-90ED654AB91A" name="people_postal_codes_FK">
<createdBy>admin</createdBy>
<createdTime>2015-10-27 07:37:09 UTC</createdTime>
<generatorID>8C1FC7B8-6660-31CC-55EE-8BE19F7D8F4F</generatorID>
<ownerDesignName>sales_1_solution_2</ownerDesignName>
<indexState>Foreign Key</indexState>
<isSurrogateKey>false</isSurrogateKey>
<indexColumnUsage>
<colUsage columnID="4A37A5DC-F0E3-2443-92F6-F1BC9DA81086"/>
</indexColumnUsage>
</ind_PK_UK>
</indexes>
</Table>