<?xml version = '1.0' encoding = 'UTF-8'?>
<Table class="oracle.dbtools.crest.model.design.relational.Table" directorySegmentName="seg_0" id="5A5DE3F8-122E-B7EA-8097-640FE0668542" name="products">
<createdBy>admin</createdBy>
<createdTime>2015-10-27 07:37:09 UTC</createdTime>
<generatorID>9B643DE7-AE99-9E3E-B7F8-CD5D91D01CAC</generatorID>
<ownerDesignName>sales_1_solution_2</ownerDesignName>
<existDependencyGenerateInDDl>true</existDependencyGenerateInDDl>
<parsed>true</parsed>
<columns itemClass="oracle.dbtools.crest.model.design.relational.Column">
<Column name="product_id" id="26206BC9-5B80-CBF2-3A17-1CE979BF1C3E">
<createdBy>admin</createdBy>
<createdTime>2015-10-27 07:37:09 UTC</createdTime>
<generatorID>30D52D27-3E5E-7BBD-B6FB-DD2DAFF8E9FA</generatorID>
<ownerDesignName>sales_1_solution_2</ownerDesignName>
<constraintName>ck_codpr</constraintName>
<useDomainConstraints>false</useDomainConstraints>
<use>1</use>
<logicalDatatype>LOGDT011</logicalDatatype>
<checkConstraint>
<implementationDef dbType="Oracle Database 10g" definition="codpr &gt; 0"/>
</checkConstraint>
<ownDataTypeParameters>,,</ownDataTypeParameters>
<autoIncrementCycle>false</autoIncrementCycle>
</Column>
<Column name="product_name" id="6F7BE1AD-CEB9-8784-7142-BB294F8D6AF0">
<createdBy>admin</createdBy>
<createdTime>2015-10-27 07:37:09 UTC</createdTime>
<generatorID>BF07136C-F4B3-2866-9ACD-A5233E827AAF</generatorID>
<ownerDesignName>sales_1_solution_2</ownerDesignName>
<constraintName>ck_denpr</constraintName>
<useDomainConstraints>false</useDomainConstraints>
<use>1</use>
<logicalDatatype>LOGDT037</logicalDatatype>
<dataTypeSize>75 CHAR</dataTypeSize>
<checkConstraint>
<implementationDef dbType="Oracle Database 10g" definition="SUBSTR(denpr,1,1) = UPPER(SUBSTR(denpr,1,1))"/>
</checkConstraint>
<ownDataTypeParameters>75 CHAR,,</ownDataTypeParameters>
<autoIncrementCycle>false</autoIncrementCycle>
</Column>
<Column name="measure_unit" id="09972CAA-60C5-2FA3-DF8D-91A7E654ECC7">
<createdBy>admin</createdBy>
<createdTime>2015-10-27 07:37:09 UTC</createdTime>
<generatorID>9F60978C-C598-1995-FF22-8B04317ADD7A</generatorID>
<ownerDesignName>sales_1_solution_2</ownerDesignName>
<nullsAllowed>true</nullsAllowed>
<useDomainConstraints>false</useDomainConstraints>
<use>1</use>
<logicalDatatype>LOGDT024</logicalDatatype>
<dataTypeSize>25 CHAR</dataTypeSize>
<ownDataTypeParameters>25 CHAR,,</ownDataTypeParameters>
<autoIncrementCycle>false</autoIncrementCycle>
</Column>
<Column name="group" id="450CAB5F-55D2-F9AA-A953-E640A55F604D">
<createdBy>admin</createdBy>
<createdTime>2015-10-27 07:37:09 UTC</createdTime>
<generatorID>9202BBCC-E71F-FAB9-9BF6-5A46416EBF0E</generatorID>
<ownerDesignName>sales_1_solution_2</ownerDesignName>
<constraintName>ck_produse_grupa</constraintName>
<nullsAllowed>true</nullsAllowed>
<useDomainConstraints>false</useDomainConstraints>
<use>1</use>
<logicalDatatype>LOGDT037</logicalDatatype>
<dataTypeSize>50 CHAR</dataTypeSize>
<checkConstraint>
<implementationDef dbType="Oracle Database 10g" definition="SUBSTR(grupa,1,1) = UPPER(SUBSTR(grupa,1,1))"/>
</checkConstraint>
<ownDataTypeParameters>50 CHAR,,</ownDataTypeParameters>
<autoIncrementCycle>false</autoIncrementCycle>
</Column>
</columns>
<indexes itemClass="oracle.dbtools.crest.model.design.relational.Index">
<ind_PK_UK id="0DB2B3BC-23AD-B1CF-009A-615C8625E697" name="products_PK">
<createdBy>admin</createdBy>
<createdTime>2015-10-27 07:37:09 UTC</createdTime>
<generatorID>98B0CC1C-CABC-01BF-431C-FE0F561E7B33</generatorID>
<ownerDesignName>sales_1_solution_2</ownerDesignName>
<pk>true</pk>
<indexState>Primary Constraint</indexState>
<isSurrogateKey>false</isSurrogateKey>
<indexColumnUsage>
<colUsage columnID="26206BC9-5B80-CBF2-3A17-1CE979BF1C3E"/>
</indexColumnUsage>
</ind_PK_UK>
</indexes>
</Table>