<?xml version = '1.0' encoding = 'UTF-8'?>
<Table class="oracle.dbtools.crest.model.design.relational.Table" directorySegmentName="seg_0" id="837A178F-9C98-82F0-1C6C-77002F3E7FA3" name="counties">
<createdBy>admin</createdBy>
<createdTime>2015-10-27 07:37:09 UTC</createdTime>
<generatorID>98D735D6-4742-C82D-7BFB-79BBDC624A7D</generatorID>
<ownerDesignName>sales_1_solution_2</ownerDesignName>
<existDependencyGenerateInDDl>true</existDependencyGenerateInDDl>
<parsed>true</parsed>
<columns itemClass="oracle.dbtools.crest.model.design.relational.Column">
<Column name="county_code" id="AB162D51-472C-D2C4-C7DE-09F5F1A867F3">
<createdBy>admin</createdBy>
<createdTime>2015-10-27 07:37:09 UTC</createdTime>
<generatorID>0CB7057B-D3A1-DB4A-2F02-428FAAC82EA3</generatorID>
<ownerDesignName>sales_1_solution_2</ownerDesignName>
<constraintName>ck_jud</constraintName>
<useDomainConstraints>false</useDomainConstraints>
<use>1</use>
<logicalDatatype>LOGDT025</logicalDatatype>
<dataTypeSize>2</dataTypeSize>
<checkConstraint>
<implementationDef dbType="Oracle Database 10g" definition="jud=LTRIM(UPPER(jud))"/>
</checkConstraint>
<ownDataTypeParameters>2,,</ownDataTypeParameters>
<autoIncrementCycle>false</autoIncrementCycle>
</Column>
<Column name="county_name" id="C1A99A9D-94DC-58EC-6249-927EEBE5AEAC">
<createdBy>admin</createdBy>
<createdTime>2015-10-27 07:37:09 UTC</createdTime>
<generatorID>F1CE3CE1-6676-66CE-DBCC-2513A9A4EAED</generatorID>
<ownerDesignName>sales_1_solution_2</ownerDesignName>
<constraintName>un_judet</constraintName>
<useDomainConstraints>false</useDomainConstraints>
<use>1</use>
<logicalDatatype>LOGDT037</logicalDatatype>
<dataTypeSize>50 CHAR</dataTypeSize>
<checkConstraint>
<implementationDef dbType="Oracle Database 10g" definition="judet=LTRIM(INITCAP(judet))"/>
</checkConstraint>
<ownDataTypeParameters>50 CHAR,,</ownDataTypeParameters>
<autoIncrementCycle>false</autoIncrementCycle>
</Column>
<Column name="county_region" id="55DF1CCE-C02C-81F6-AE33-D9D70543E4C4">
<createdBy>admin</createdBy>
<createdTime>2015-10-27 07:37:09 UTC</createdTime>
<generatorID>2D63572C-2ABB-5CD6-CAA5-FAAB18EAE7C0</generatorID>
<ownerDesignName>sales_1_solution_2</ownerDesignName>
<constraintName>CK_REGIUNE</constraintName>
<useDomainConstraints>false</useDomainConstraints>
<use>1</use>
<logicalDatatype>LOGDT037</logicalDatatype>
<dataTypeSize>30</dataTypeSize>
<checkConstraint>
<implementationDef dbType="Oracle Database 10g" definition="REGIUNE IN (&apos;BANAT&apos;, &apos;TRANSILVANIA&apos;, &apos;DOBROGEA&apos;,&apos;OLTENIA&apos;, &apos;MUNTENIA&apos;, &apos;MOLDOVA&apos;)"/>
</checkConstraint>
<defaultValue>&apos;Moldova&apos;</defaultValue>
<ownDataTypeParameters>30,,</ownDataTypeParameters>
<autoIncrementCycle>false</autoIncrementCycle>
</Column>
</columns>
<indexes itemClass="oracle.dbtools.crest.model.design.relational.Index">
<ind_PK_UK id="CF9609B3-0BAD-9D73-81F3-D8B080171880" name="counties_PK">
<createdBy>admin</createdBy>
<createdTime>2015-10-27 07:37:09 UTC</createdTime>
<generatorID>CE9F75A4-299F-E491-BB16-E1865BBBC7B9</generatorID>
<ownerDesignName>sales_1_solution_2</ownerDesignName>
<pk>true</pk>
<indexState>Primary Constraint</indexState>
<isSurrogateKey>false</isSurrogateKey>
<indexColumnUsage>
<colUsage columnID="AB162D51-472C-D2C4-C7DE-09F5F1A867F3"/>
</indexColumnUsage>
</ind_PK_UK>
<ind_PK_UK id="AA5B4A3B-AD26-54FF-630C-6EC2FEBE799A" name="counties_county_name_UN">
<createdBy>admin</createdBy>
<createdTime>2015-10-27 07:37:09 UTC</createdTime>
<generatorID>E76E6EE9-EDB8-2AB8-45D9-6E65FAFEA116</generatorID>
<ownerDesignName>sales_1_solution_2</ownerDesignName>
<indexState>Unique Constraint</indexState>
<isSurrogateKey>false</isSurrogateKey>
<indexColumnUsage>
<colUsage columnID="C1A99A9D-94DC-58EC-6249-927EEBE5AEAC"/>
</indexColumnUsage>
</ind_PK_UK>
</indexes>
</Table>