<?xml version = '1.0' encoding = 'UTF-8'?>
<Table class="oracle.dbtools.crest.model.design.relational.Table" directorySegmentName="seg_0" id="88ACA00B-7548-A72C-C3A6-E1F268D9BF6D" name="customers">
<createdBy>admin</createdBy>
<createdTime>2015-10-27 07:37:09 UTC</createdTime>
<generatorID>862CD71F-8ACA-33A5-6C24-FBA4AC6FAA7F</generatorID>
<ownerDesignName>sales_1_solution_2</ownerDesignName>
<existDependencyGenerateInDDl>true</existDependencyGenerateInDDl>
<parsed>true</parsed>
<columns itemClass="oracle.dbtools.crest.model.design.relational.Column">
<Column name="cust_id" id="AD31B01D-AC5D-496F-383F-7DAE5CAF08FF">
<createdBy>admin</createdBy>
<createdTime>2015-10-27 07:37:09 UTC</createdTime>
<generatorID>2AFA42D8-7657-95E2-24C9-EAD0A6A58C85</generatorID>
<ownerDesignName>sales_1_solution_2</ownerDesignName>
<constraintName>ck_codcl</constraintName>
<useDomainConstraints>false</useDomainConstraints>
<use>1</use>
<logicalDatatype>LOGDT011</logicalDatatype>
<checkConstraint>
<implementationDef dbType="Oracle Database 10g" definition="codcl &gt; 1000"/>
</checkConstraint>
<ownDataTypeParameters>,,</ownDataTypeParameters>
<autoIncrementCycle>false</autoIncrementCycle>
</Column>
<Column name="cust_name" id="E821D5C9-8D42-43C1-6DA0-81173880DF2B">
<createdBy>admin</createdBy>
<createdTime>2015-10-27 07:37:09 UTC</createdTime>
<generatorID>8FE652B1-0E25-82BC-E1C8-8F89790E4727</generatorID>
<ownerDesignName>sales_1_solution_2</ownerDesignName>
<constraintName>ck_dencl</constraintName>
<useDomainConstraints>false</useDomainConstraints>
<use>1</use>
<logicalDatatype>LOGDT037</logicalDatatype>
<dataTypeSize>50 CHAR</dataTypeSize>
<checkConstraint>
<implementationDef dbType="Oracle Database 10g" definition="SUBSTR(dencl,1,1) = UPPER(SUBSTR(dencl,1,1))"/>
</checkConstraint>
<ownDataTypeParameters>50 CHAR,,</ownDataTypeParameters>
<autoIncrementCycle>false</autoIncrementCycle>
</Column>
<Column name="fiscal_code" id="53AAF64E-8574-5567-A599-71BE64EDF5BE">
<createdBy>admin</createdBy>
<createdTime>2015-10-27 07:37:09 UTC</createdTime>
<generatorID>C174B5ED-CF9B-2370-E4DF-056866113481</generatorID>
<ownerDesignName>sales_1_solution_2</ownerDesignName>
<constraintName>ck_codfiscal</constraintName>
<useDomainConstraints>false</useDomainConstraints>
<use>1</use>
<logicalDatatype>LOGDT024</logicalDatatype>
<dataTypeSize>20</dataTypeSize>
<checkConstraint>
<implementationDef dbType="Oracle Database 10g" definition="SUBSTR(codfiscal,1,1) = UPPER(SUBSTR(codfiscal,1,1))"/>
</checkConstraint>
<ownDataTypeParameters>20,,</ownDataTypeParameters>
<autoIncrementCycle>false</autoIncrementCycle>
</Column>
<Column name="cust_address" id="D1B78B17-4C26-B378-716D-1FFE8FA298F2">
<createdBy>admin</createdBy>
<createdTime>2015-10-27 07:37:09 UTC</createdTime>
<generatorID>6E8B9ECB-D5BD-9A84-B2EB-507CDA7CC90D</generatorID>
<ownerDesignName>sales_1_solution_2</ownerDesignName>
<constraintName>ck_adresa_clienti</constraintName>
<nullsAllowed>true</nullsAllowed>
<useDomainConstraints>false</useDomainConstraints>
<use>1</use>
<logicalDatatype>LOGDT037</logicalDatatype>
<dataTypeSize>100 CHAR</dataTypeSize>
<checkConstraint>
<implementationDef dbType="Oracle Database 10g" definition="SUBSTR(adresa,1,1) = UPPER(SUBSTR(adresa,1,1))"/>
</checkConstraint>
<ownDataTypeParameters>100 CHAR,,</ownDataTypeParameters>
<autoIncrementCycle>false</autoIncrementCycle>
</Column>
<Column name="post_code" id="6857BF62-5574-0FFB-31A9-B9404E10730E">
<createdBy>admin</createdBy>
<createdTime>2015-10-27 07:37:09 UTC</createdTime>
<generatorID>41EC7E6E-A994-FD29-FDFC-D469072332D8</generatorID>
<ownerDesignName>sales_1_solution_2</ownerDesignName>
<useDomainConstraints>false</useDomainConstraints>
<use>1</use>
<logicalDatatype>LOGDT025</logicalDatatype>
<ownDataTypeParameters>,,</ownDataTypeParameters>
<previousColumn>false</previousColumn>
<autoIncrementCycle>false</autoIncrementCycle>
<associations>
<colAssociation fkAssociation="2A258592-BC06-FF39-2E72-C5B52CF24AB6" referredColumn="29376058-6406-A55D-C7B1-C450D45A03B0"/>
</associations>
</Column>
<Column name="cust_phone" id="77723F0F-356F-B006-51D8-71FB9B20D34B">
<createdBy>admin</createdBy>
<createdTime>2015-10-27 07:37:09 UTC</createdTime>
<generatorID>222D5DE6-BE26-EF66-3ABF-9B17844D3792</generatorID>
<ownerDesignName>sales_1_solution_2</ownerDesignName>
<nullsAllowed>true</nullsAllowed>
<useDomainConstraints>false</useDomainConstraints>
<use>1</use>
<logicalDatatype>LOGDT025</logicalDatatype>
<dataTypeSize>10</dataTypeSize>
<ownDataTypeParameters>10,,</ownDataTypeParameters>
<autoIncrementCycle>false</autoIncrementCycle>
</Column>
<Column name="cust_email" id="32A4685B-7929-B903-77DA-050198729B7B">
<createdBy>admin</createdBy>
<createdTime>2015-10-27 07:37:09 UTC</createdTime>
<generatorID>3627791F-18A4-3815-4AD5-CB1526DEE7B1</generatorID>
<ownerDesignName>sales_1_solution_2</ownerDesignName>
<nullsAllowed>true</nullsAllowed>
<useDomainConstraints>false</useDomainConstraints>
<use>1</use>
<logicalDatatype>LOGDT024</logicalDatatype>
<dataTypeSize>70</dataTypeSize>
<ownDataTypeParameters>70,,</ownDataTypeParameters>
<autoIncrementCycle>false</autoIncrementCycle>
</Column>
</columns>
<indexes itemClass="oracle.dbtools.crest.model.design.relational.Index">
<ind_PK_UK id="D7AAAB70-0440-8D6C-6CAC-7B4A8DB31627" name="customers_PK">
<createdBy>admin</createdBy>
<createdTime>2015-10-27 07:37:09 UTC</createdTime>
<generatorID>E60967B1-E1BA-9D43-DC8F-53D3CDBBEAC0</generatorID>
<ownerDesignName>sales_1_solution_2</ownerDesignName>
<pk>true</pk>
<indexState>Primary Constraint</indexState>
<isSurrogateKey>false</isSurrogateKey>
<indexColumnUsage>
<colUsage columnID="AD31B01D-AC5D-496F-383F-7DAE5CAF08FF"/>
</indexColumnUsage>
</ind_PK_UK>
<ind_PK_UK id="43E92442-10B4-27E2-3EA6-0CF41893A944" name="customers_postal_codes_FK">
<createdBy>admin</createdBy>
<createdTime>2015-10-27 07:37:09 UTC</createdTime>
<generatorID>041CAC65-CEE4-CBF4-1D2E-12DF8E5B7D4E</generatorID>
<ownerDesignName>sales_1_solution_2</ownerDesignName>
<indexState>Foreign Key</indexState>
<isSurrogateKey>false</isSurrogateKey>
<indexColumnUsage>
<colUsage columnID="6857BF62-5574-0FFB-31A9-B9404E10730E"/>
</indexColumnUsage>
</ind_PK_UK>
</indexes>
</Table>