<?xml version = '1.0' encoding = 'UTF-8'?>
<Table class="oracle.dbtools.crest.model.design.relational.Table" directorySegmentName="seg_0" id="DA492E18-B80D-F5FF-A515-D296503F98AB" name="postal_codes">
<createdBy>admin</createdBy>
<createdTime>2015-10-27 07:37:09 UTC</createdTime>
<generatorID>08E3BC06-4CF9-936A-D8B8-E4C6434B4779</generatorID>
<ownerDesignName>sales_1_solution_2</ownerDesignName>
<existDependencyGenerateInDDl>true</existDependencyGenerateInDDl>
<parsed>true</parsed>
<columns itemClass="oracle.dbtools.crest.model.design.relational.Column">
<Column name="post_code" id="29376058-6406-A55D-C7B1-C450D45A03B0">
<createdBy>admin</createdBy>
<createdTime>2015-10-27 07:37:09 UTC</createdTime>
<generatorID>4CBD0F28-4E0B-A80F-044C-813457777C50</generatorID>
<ownerDesignName>sales_1_solution_2</ownerDesignName>
<constraintName>ck_codpost</constraintName>
<useDomainConstraints>false</useDomainConstraints>
<use>1</use>
<logicalDatatype>LOGDT025</logicalDatatype>
<dataTypeSize>6</dataTypeSize>
<checkConstraint>
<implementationDef dbType="Oracle Database 10g" definition="codpost=LTRIM(codpost)"/>
</checkConstraint>
<ownDataTypeParameters>6,,</ownDataTypeParameters>
<autoIncrementCycle>false</autoIncrementCycle>
</Column>
<Column name="town" id="0944B491-A488-38A4-6810-CF3CED900152">
<createdBy>admin</createdBy>
<createdTime>2015-10-27 07:37:09 UTC</createdTime>
<generatorID>85B145CA-7A6F-F849-F42A-544F24755CE7</generatorID>
<ownerDesignName>sales_1_solution_2</ownerDesignName>
<constraintName>nn_loc</constraintName>
<useDomainConstraints>false</useDomainConstraints>
<use>1</use>
<logicalDatatype>LOGDT037</logicalDatatype>
<dataTypeSize>75</dataTypeSize>
<checkConstraint>
<implementationDef dbType="Oracle Database 10g" definition="loc=LTRIM(INITCAP(loc))"/>
</checkConstraint>
<ownDataTypeParameters>75,,</ownDataTypeParameters>
<autoIncrementCycle>false</autoIncrementCycle>
</Column>
<Column name="county_code" id="F331468B-4DE6-405D-0435-4A4FCD26C6FD">
<createdBy>admin</createdBy>
<createdTime>2015-10-27 07:37:09 UTC</createdTime>
<generatorID>E467490A-45E9-A67D-FF34-0EE1D55B76F6</generatorID>
<ownerDesignName>sales_1_solution_2</ownerDesignName>
<useDomainConstraints>false</useDomainConstraints>
<use>1</use>
<logicalDatatype>LOGDT025</logicalDatatype>
<ownDataTypeParameters>,,</ownDataTypeParameters>
<previousColumn>false</previousColumn>
<autoIncrementCycle>false</autoIncrementCycle>
<associations>
<colAssociation fkAssociation="FA4B38D1-7C00-210A-8BF9-A61ECB13D494" referredColumn="AB162D51-472C-D2C4-C7DE-09F5F1A867F3"/>
</associations>
</Column>
</columns>
<indexes itemClass="oracle.dbtools.crest.model.design.relational.Index">
<ind_PK_UK id="A80E629F-1A04-80A6-CFF0-7E70D5E2D590" name="postal_codes_PK">
<createdBy>admin</createdBy>
<createdTime>2015-10-27 07:37:09 UTC</createdTime>
<generatorID>35CD679C-AB1F-11CA-0A46-1BA47C75B313</generatorID>
<ownerDesignName>sales_1_solution_2</ownerDesignName>
<pk>true</pk>
<indexState>Primary Constraint</indexState>
<isSurrogateKey>false</isSurrogateKey>
<indexColumnUsage>
<colUsage columnID="29376058-6406-A55D-C7B1-C450D45A03B0"/>
</indexColumnUsage>
</ind_PK_UK>
<ind_PK_UK id="11F63EC1-33C0-F644-D187-0E13DCE3D0A0" name="postal_codes_counties_FK">
<createdBy>admin</createdBy>
<createdTime>2015-10-27 07:37:09 UTC</createdTime>
<generatorID>D42DE3C4-CE63-CA76-6A11-59ADAADC375E</generatorID>
<ownerDesignName>sales_1_solution_2</ownerDesignName>
<indexState>Foreign Key</indexState>
<isSurrogateKey>false</isSurrogateKey>
<indexColumnUsage>
<colUsage columnID="F331468B-4DE6-405D-0435-4A4FCD26C6FD"/>
</indexColumnUsage>
</ind_PK_UK>
</indexes>
</Table>