<?xml version = '1.0' encoding = 'UTF-8'?>
<Table class="oracle.dbtools.crest.model.design.relational.Table" directorySegmentName="seg_0" id="E0D72560-E0FE-6EF7-DAFD-7DB9FF9B3917" name="receipt_details">
<createdBy>admin</createdBy>
<createdTime>2015-10-27 07:37:09 UTC</createdTime>
<generatorID>B70CD4E1-34A8-9F6C-A3CF-403C1A0B635E</generatorID>
<ownerDesignName>sales_1_solution_2</ownerDesignName>
<existDependencyGenerateInDDl>true</existDependencyGenerateInDDl>
<parsed>true</parsed>
<columns itemClass="oracle.dbtools.crest.model.design.relational.Column">
<Column name="receipt_id" id="2028526B-443D-9346-8EFA-5A853E47320C">
<createdBy>admin</createdBy>
<createdTime>2015-10-27 07:37:09 UTC</createdTime>
<generatorID>F1DA05D9-C570-6F7E-733E-923398ED6586</generatorID>
<ownerDesignName>sales_1_solution_2</ownerDesignName>
<useDomainConstraints>false</useDomainConstraints>
<use>1</use>
<logicalDatatype>LOGDT011</logicalDatatype>
<ownDataTypeParameters>,,</ownDataTypeParameters>
<previousColumn>false</previousColumn>
<autoIncrementCycle>false</autoIncrementCycle>
<associations>
<colAssociation fkAssociation="8232514B-BD9C-D5B0-CE7C-88111DC45C48" referredColumn="AEEF2A3F-952C-6E09-7D93-57256EF70341"/>
</associations>
</Column>
<Column name="invoice_id" id="4792FC2A-DE22-032A-E390-00A81685FB02">
<createdBy>admin</createdBy>
<createdTime>2015-10-27 07:37:09 UTC</createdTime>
<generatorID>0C14151E-D4EE-ADA2-1872-555172A66F23</generatorID>
<ownerDesignName>sales_1_solution_2</ownerDesignName>
<useDomainConstraints>false</useDomainConstraints>
<use>1</use>
<logicalDatatype>LOGDT011</logicalDatatype>
<ownDataTypeParameters>,,</ownDataTypeParameters>
<previousColumn>false</previousColumn>
<autoIncrementCycle>false</autoIncrementCycle>
<associations>
<colAssociation fkAssociation="2AF2BC28-4930-694E-971C-CC24EA3557A4" referredColumn="78DD1FC4-A85F-A106-2CDA-275F26E879F1"/>
</associations>
</Column>
<Column name="amount" id="EDE622EB-CE16-437C-76F1-334066E66079">
<createdBy>admin</createdBy>
<createdTime>2015-10-27 07:37:09 UTC</createdTime>
<generatorID>7B263314-88C8-4CD6-147B-D25C8B94984A</generatorID>
<ownerDesignName>sales_1_solution_2</ownerDesignName>
<useDomainConstraints>false</useDomainConstraints>
<use>1</use>
<logicalDatatype>LOGDT019</logicalDatatype>
<dataTypePrecision>10</dataTypePrecision>
<dataTypeScale>2</dataTypeScale>
<ownDataTypeParameters>,10,2</ownDataTypeParameters>
<autoIncrementCycle>false</autoIncrementCycle>
</Column>
</columns>
<indexes itemClass="oracle.dbtools.crest.model.design.relational.Index">
<ind_PK_UK id="2DA6F78D-7DEB-4BF8-4703-DD4CD7B74504" name="receipt_details_PK">
<createdBy>admin</createdBy>
<createdTime>2015-10-27 07:37:09 UTC</createdTime>
<generatorID>833AF945-D4D6-7A94-3F15-626CF5B39775</generatorID>
<ownerDesignName>sales_1_solution_2</ownerDesignName>
<pk>true</pk>
<indexState>Primary Constraint</indexState>
<isSurrogateKey>false</isSurrogateKey>
<indexColumnUsage>
<colUsage columnID="4792FC2A-DE22-032A-E390-00A81685FB02"/>
<colUsage columnID="2028526B-443D-9346-8EFA-5A853E47320C"/>
</indexColumnUsage>
</ind_PK_UK>
<ind_PK_UK id="1EF58991-0CFF-E456-95F6-13F28F460E6E" name="receipt_details_receipts_FK">
<createdBy>admin</createdBy>
<createdTime>2015-10-27 07:37:09 UTC</createdTime>
<generatorID>3DC8AEB8-57D3-AFB7-FCE8-7F08DCC93164</generatorID>
<ownerDesignName>sales_1_solution_2</ownerDesignName>
<indexState>Foreign Key</indexState>
<isSurrogateKey>false</isSurrogateKey>
<indexColumnUsage>
<colUsage columnID="2028526B-443D-9346-8EFA-5A853E47320C"/>
</indexColumnUsage>
</ind_PK_UK>
<ind_PK_UK id="7FC5ACA0-7D9F-2914-BA45-1E5969D20F5C" name="receipt_details_invoices_FK">
<createdBy>admin</createdBy>
<createdTime>2015-10-27 07:37:09 UTC</createdTime>
<generatorID>BFF71C8D-60AE-DDB3-E312-B35FE343EFE9</generatorID>
<ownerDesignName>sales_1_solution_2</ownerDesignName>
<indexState>Foreign Key</indexState>
<isSurrogateKey>false</isSurrogateKey>
<indexColumnUsage>
<colUsage columnID="4792FC2A-DE22-032A-E390-00A81685FB02"/>
</indexColumnUsage>
</ind_PK_UK>
</indexes>
</Table>