<?xml version = '1.0' encoding = 'UTF-8'?>
<Diagram class="oracle.dbtools.crest.swingui.relational.DPVRelational" name="Relational_1" id="3EB9D48E-F06C-2A2A-5672-BA37CE408F58">
<createdBy>admin</createdBy>
<modifiedBy>admin</modifiedBy>
<createdTime>2015-10-27 06:27:53 UTC</createdTime>
<autoRoute>false</autoRoute>
<boxInbox>true</boxInbox>
<showLegend>false</showLegend>
<showLabels>false</showLabels>
<showRelAttributes>false</showRelAttributes>
<gridEnabled>false</gridEnabled>
<showGrid>false</showGrid>
<diagramColor>-1</diagramColor>
<display>false</display>
<notation>1</notation>
<objectViews>
<OView class="oracle.dbtools.crest.swingui.relational.TVTable" oid="2101C2F4-429B-AD77-D4E1-D7CE9CD0DC81" otype="Table" vid="5383C675-6882-F890-C191-DC600DB12230">
<hideElementsInCurrentOnly>false</hideElementsInCurrentOnly>
<bounds x="541" y="295" width="290" height="135"/>
</OView>
<OView class="oracle.dbtools.crest.swingui.relational.TVTable" oid="28C85DA8-AE7B-DBF7-41CB-81CED50A346D" otype="Table" vid="BB42C7BF-2710-8633-B9F3-6D2FCD9D8B02">
<hideElementsInCurrentOnly>false</hideElementsInCurrentOnly>
<bounds x="18" y="486" width="216" height="76"/>
</OView>
<OView class="oracle.dbtools.crest.swingui.relational.TVTable" oid="BC2E7896-9238-AF7F-F403-E8C51729412D" otype="Table" vid="C2261E01-B436-EBE3-C38F-CE06B13145B9">
<hideElementsInCurrentOnly>false</hideElementsInCurrentOnly>
<bounds x="303" y="25" width="541" height="176"/>
</OView>
<OView class="oracle.dbtools.crest.swingui.relational.TVTable" oid="D088537C-BF4C-D5A7-AA51-269C426BE449" otype="Table" vid="E3C3FE2A-66BB-0212-5F33-4CAF92368811">
<hideElementsInCurrentOnly>false</hideElementsInCurrentOnly>
<bounds x="35" y="94" width="241" height="268"/>
</OView>
<OView class="oracle.dbtools.crest.swingui.relational.TVTable" oid="E5A34940-E43C-B1C7-04A8-9D59306EBCA1" otype="Table" vid="40F7B95D-67CC-707F-A3CB-8070B3F5A814">
<hideElementsInCurrentOnly>false</hideElementsInCurrentOnly>
<bounds x="252" y="441" width="279" height="137"/>
</OView>
<OView class="oracle.dbtools.crest.swingui.relational.TVTable" oid="F0155245-04D6-087C-7F95-A4A2E90FE6F7" otype="Table" vid="7F9A6355-23AD-0C77-BDBE-5855BE1E6AB7">
<hideElementsInCurrentOnly>false</hideElementsInCurrentOnly>
<bounds x="298" y="247" width="203" height="80"/>
</OView>
</objectViews>
<connectors>
<Connector class="oracle.dbtools.crest.swingui.relational.TVFKRelation" oid="07C8E58F-8045-4126-042C-D166F25A4756" otype="FKIndexAssociation" vid_source="DAFB113D-9E32-3C4F-B53F-77BF5104945D" vid_target="B3AD39F9-C198-2D89-0C9F-434C495434DF">
<hideElementsInCurrentOnly>false</hideElementsInCurrentOnly>
<backgroundColor>-16777216</backgroundColor>
<lineWidth>1</lineWidth>
</Connector>
<Connector class="oracle.dbtools.crest.swingui.relational.TVFKRelation" oid="1AC0B921-348D-80E4-0795-A2FC4044A045" otype="FKIndexAssociation" vid_source="12294E1A-15E3-B777-EE0D-9B30D91FFBE5" vid_target="46CEE19C-649B-DAED-0935-2D59DFD5404B">
<hideElementsInCurrentOnly>false</hideElementsInCurrentOnly>
<backgroundColor>-16777216</backgroundColor>
<lineWidth>1</lineWidth>
</Connector>
<Connector class="oracle.dbtools.crest.swingui.relational.TVFKRelation" oid="1F863A36-A801-51BE-FACA-CC54AEB8B4C6" otype="FKIndexAssociation" vid_source="7F9A6355-23AD-0C77-BDBE-5855BE1E6AB7" vid_target="C2261E01-B436-EBE3-C38F-CE06B13145B9">
<hideElementsInCurrentOnly>false</hideElementsInCurrentOnly>
<backgroundColor>-16777216</backgroundColor>
<lineWidth>1</lineWidth>
<points>
<point x="402" y="247"/>
<point x="402" y="201"/>
</points>
</Connector>
<Connector class="oracle.dbtools.crest.swingui.relational.TVFKRelation" oid="28EB9D2B-EF0E-05E8-94F7-F24B1F09CBBA" otype="FKIndexAssociation" vid_source="5383C675-6882-F890-C191-DC600DB12230" vid_target="C2261E01-B436-EBE3-C38F-CE06B13145B9">
<hideElementsInCurrentOnly>false</hideElementsInCurrentOnly>
<backgroundColor>-16777216</backgroundColor>
<lineWidth>1</lineWidth>
<points>
<point x="686" y="295"/>
<point x="686" y="201"/>
</points>
</Connector>
<Connector class="oracle.dbtools.crest.swingui.relational.TVFKRelation" oid="4737BD32-0505-6572-F106-AA451D75D9E4" otype="FKIndexAssociation" vid_source="E3C3FE2A-66BB-0212-5F33-4CAF92368811" vid_target="40F7B95D-67CC-707F-A3CB-8070B3F5A814">
<hideElementsInCurrentOnly>false</hideElementsInCurrentOnly>
<backgroundColor>-16777216</backgroundColor>
<lineWidth>1</lineWidth>
<points>
<point x="264" y="362"/>
<point x="264" y="441"/>
</points>
</Connector>
<Connector class="oracle.dbtools.crest.swingui.relational.TVFKRelation" oid="4D3F6E81-C8D8-A739-0670-149D41A4A455" otype="FKIndexAssociation" vid_source="BB42C7BF-2710-8633-B9F3-6D2FCD9D8B02" vid_target="E3C3FE2A-66BB-0212-5F33-4CAF92368811">
<hideElementsInCurrentOnly>false</hideElementsInCurrentOnly>
<backgroundColor>-16777216</backgroundColor>
<lineWidth>1</lineWidth>
<points>
<point x="134" y="486"/>
<point x="134" y="362"/>
</points>
</Connector>
<Connector class="oracle.dbtools.crest.swingui.relational.TVFKRelation" oid="7017CFE0-D6F1-C4F0-0C91-6179F7AFCC9D" otype="FKIndexAssociation" vid_source="7F9A6355-23AD-0C77-BDBE-5855BE1E6AB7" vid_target="40F7B95D-67CC-707F-A3CB-8070B3F5A814">
<hideElementsInCurrentOnly>false</hideElementsInCurrentOnly>
<backgroundColor>-16777216</backgroundColor>
<lineWidth>1</lineWidth>
<points>
<point x="399" y="327"/>
<point x="399" y="441"/>
</points>
</Connector>
<Connector class="oracle.dbtools.crest.swingui.relational.TVFKRelation" oid="A37F5654-8B86-78BE-7F3E-3D1A0D28E607" otype="FKIndexAssociation" vid_source="6BC68CB5-1C5A-21A3-FF7C-3F5B3E623114" vid_target="9C5B9176-BE48-9972-0E3E-C1952E851718">
<hideElementsInCurrentOnly>false</hideElementsInCurrentOnly>
<backgroundColor>-16777216</backgroundColor>
<lineWidth>1</lineWidth>
</Connector>
<Connector class="oracle.dbtools.crest.swingui.relational.TVFKRelation" oid="DDCD13CB-A94D-E7AA-CC22-80278692AA4C" otype="FKIndexAssociation" vid_source="46CEE19C-649B-DAED-0935-2D59DFD5404B" vid_target="B3AD39F9-C198-2D89-0C9F-434C495434DF">
<hideElementsInCurrentOnly>false</hideElementsInCurrentOnly>
<backgroundColor>-16777216</backgroundColor>
<lineWidth>1</lineWidth>
</Connector>
<Connector class="oracle.dbtools.crest.swingui.relational.TVFKRelation" oid="E17B772C-9A38-3945-ECEE-D23CD501607E" otype="FKIndexAssociation" vid_source="DAFB113D-9E32-3C4F-B53F-77BF5104945D" vid_target="9C5B9176-BE48-9972-0E3E-C1952E851718">
<hideElementsInCurrentOnly>false</hideElementsInCurrentOnly>
<backgroundColor>-16777216</backgroundColor>
<lineWidth>1</lineWidth>
</Connector>
</connectors>
</Diagram>