<?xml version = '1.0' encoding = 'UTF-8'?>
<Relation class="oracle.dbtools.crest.model.design.logical.Relation" name="containsv2" directorySegmentName="seg_0" id="2AFE7B4B-0337-CBB2-49DE-B73C185A50F3">
<createdBy>admin</createdBy>
<createdTime>2015-10-30 08:13:36 UTC</createdTime>
<ownerDesignName>02a_package_of_items_v1</ownerDesignName>
<engineerTo>
<item key="2C5E84CB-0FD6-FB15-1982-89650C3ECADC" value="true"/>
</engineerTo>
<sourcePk>7E373EBA-A364-1C8D-BF81-378045AF96A7</sourcePk>
<identifying>false</identifying>
<optionalSource>true</optionalSource>
<optionalTarget>false</optionalTarget>
<sourceCardinality>1</sourceCardinality>
<sourceEntity>1F4DA5A9-5128-2BE7-4AEC-FE0D0E0CCDDF</sourceEntity>
<targetCardinalityString>*</targetCardinalityString>
<targetEntity>F83C1949-608D-81D4-5FB2-16FF9D499229</targetEntity>
<transferable>true</transferable>
</Relation>