<?xml version = '1.0' encoding = 'UTF-8'?>
<Relation class="oracle.dbtools.crest.model.design.logical.Relation" name="is_ordered" directorySegmentName="seg_0" id="30B0283E-4B3A-6B3D-161F-44294A3D63C0">
<createdBy>admin</createdBy>
<createdTime>2015-10-30 08:42:12 UTC</createdTime>
<ownerDesignName>02a_package_of_items_v1</ownerDesignName>
<engineerTo>
<item key="2C5E84CB-0FD6-FB15-1982-89650C3ECADC" value="true"/>
</engineerTo>
<sourcePk>AEE44A97-209D-12FA-AEC6-0DD8128DBA6F</sourcePk>
<arc>BBC2DD63-7B7F-EC69-E65A-29DCB560139E</arc>
<identifying>false</identifying>
<optionalSource>true</optionalSource>
<optionalTarget>false</optionalTarget>
<sourceCardinality>1</sourceCardinality>
<sourceEntity>31D7E745-BF20-2475-44D8-43FE2613DC9A</sourceEntity>
<targetCardinalityString>*</targetCardinalityString>
<targetEntity>F83C1949-608D-81D4-5FB2-16FF9D499229</targetEntity>
<transferable>true</transferable>
</Relation>