<?xml version = '1.0' encoding = 'UTF-8'?>
<Relation class="oracle.dbtools.crest.model.design.logical.Relation" name="is_composed_of_2" directorySegmentName="seg_0" id="4C48235E-BC28-B9B9-8F37-185083ACBAF7">
<createdBy>admin</createdBy>
<createdTime>2015-10-30 08:44:12 UTC</createdTime>
<ownerDesignName>02a_package_of_items_v1</ownerDesignName>
<engineerTo>
<item key="E772B046-A9A1-7A90-F248-DE668A03198A" value="true"/>
</engineerTo>
<sourcePk>B32EEBF9-827C-88E4-08CF-6D3E068056D7</sourcePk>
<identifying>false</identifying>
<optionalSource>true</optionalSource>
<optionalTarget>false</optionalTarget>
<sourceCardinality>1</sourceCardinality>
<sourceEntity>3A018823-5E70-45BB-B5A4-EDA7E36B82F4</sourceEntity>
<targetCardinalityString>*</targetCardinalityString>
<targetEntity>CE438035-A1E7-668F-8CE2-5917FDEDD9D3</targetEntity>
<transferable>true</transferable>
</Relation>