<?xml version = '1.0' encoding = 'UTF-8'?>
<Relation class="oracle.dbtools.crest.model.design.logical.Relation" name="corresponds_to" directorySegmentName="seg_0" id="7F4845F5-1050-9CAA-3BFB-F838E84D69E5">
<createdBy>admin</createdBy>
<createdTime>2015-10-30 09:04:57 UTC</createdTime>
<ownerDesignName>02a_package_of_items_v1</ownerDesignName>
<engineerTo>
<item key="E772B046-A9A1-7A90-F248-DE668A03198A" value="true"/>
</engineerTo>
<sourcePk>601F2803-D91C-5692-E764-85329B4EE1D7</sourcePk>
<targetPk>84546245-1D56-13BC-CA88-44AEF4573E0C</targetPk>
<identifying>true</identifying>
<optionalSource>true</optionalSource>
<optionalTarget>false</optionalTarget>
<sourceCardinality>1</sourceCardinality>
<sourceEntity>793CB266-841C-E697-0EA5-7E1769DD141F</sourceEntity>
<targetCardinalityString>*</targetCardinalityString>
<targetEntity>7E75DEE9-D0BA-6329-13ED-64D64B66A936</targetEntity>
<transferable>true</transferable>
</Relation>