<?xml version = '1.0' encoding = 'UTF-8'?>
<Relation class="oracle.dbtools.crest.model.design.logical.Relation" name="occurs_in" directorySegmentName="seg_0" id="8583661B-49B5-9C48-8C5B-7920C35F4216">
<createdBy>admin</createdBy>
<createdTime>2015-10-30 08:42:34 UTC</createdTime>
<ownerDesignName>02a_package_of_items_v1</ownerDesignName>
<engineerTo>
<item key="E772B046-A9A1-7A90-F248-DE668A03198A" value="true"/>
</engineerTo>
<sourcePk>E55947F8-3963-CDF5-AA8F-8C4E30F129D4</sourcePk>
<arc>BBC2DD63-7B7F-EC69-E65A-29DCB560139E</arc>
<identifying>true</identifying>
<optionalSource>true</optionalSource>
<optionalTarget>false</optionalTarget>
<sourceCardinality>1</sourceCardinality>
<sourceEntity>CE438035-A1E7-668F-8CE2-5917FDEDD9D3</sourceEntity>
<targetCardinalityString>*</targetCardinalityString>
<targetEntity>F83C1949-608D-81D4-5FB2-16FF9D499229</targetEntity>
<transferable>true</transferable>
</Relation>