<?xml version = '1.0' encoding = 'UTF-8'?>
<relationalModel class="oracle.dbtools.crest.model.design.relational.RelationalDesign" name="Relational_1" id="7DC5ACBD-6F41-89E8-51E1-ACF29009D487" mainViewID="3EB9D48E-F06C-2A2A-5672-BA37CE408F58">
<createdBy>admin</createdBy>
<createdTime>2015-10-27 06:27:53 UTC</createdTime>
<ownerDesignName>univ_info_sys_1</ownerDesignName>
<shouldBeOpen>false</shouldBeOpen>
<selectedRDBMSSite>3FD120B5-9F4E-6278-D5E2-746D192C8319</selectedRDBMSSite>
</relationalModel>