<?xml version = '1.0' encoding = 'UTF-8'?>
<Relation class="oracle.dbtools.crest.model.design.logical.Relation" name="owns" directorySegmentName="seg_0" id="5F102A59-5413-3BFD-E396-50C34664DDBD">
<createdBy>admin</createdBy>
<createdTime>2015-10-28 10:24:20 UTC</createdTime>
<ownerDesignName>bank_cards_1</ownerDesignName>
<engineerTo>
<item key="6D398BFB-6C36-1521-5DB5-8689CAE45AB2" value="true"/>
</engineerTo>
<sourcePk>D1386227-A31A-983C-F322-589666E1CC70</sourcePk>
<identifying>false</identifying>
<optionalSource>true</optionalSource>
<optionalTarget>false</optionalTarget>
<sourceCardinality>1</sourceCardinality>
<sourceEntity>29D5425A-8DDE-AE83-A3C3-420DDDBAF7D2</sourceEntity>
<targetCardinalityString>*</targetCardinalityString>
<targetEntity>C2C60A32-F9B2-4F22-75F4-03C24DD081C3</targetEntity>
<transferable>true</transferable>
</Relation>