<?xml version = '1.0' encoding = 'UTF-8'?>
<Relation class="oracle.dbtools.crest.model.design.logical.Relation" name="increases_with" directorySegmentName="seg_0" id="D9417189-580B-D94A-DB9E-A9FADCE6F787">
<createdBy>admin</createdBy>
<createdTime>2015-10-28 10:35:57 UTC</createdTime>
<ownerDesignName>bank_cards_1</ownerDesignName>
<engineerTo>
<item key="6D398BFB-6C36-1521-5DB5-8689CAE45AB2" value="true"/>
</engineerTo>
<sourcePk>20BCF68C-394B-67FC-74EA-81AF456640A8</sourcePk>
<identifying>false</identifying>
<optionalSource>true</optionalSource>
<optionalTarget>false</optionalTarget>
<sourceCardinality>1</sourceCardinality>
<sourceEntity>C2C60A32-F9B2-4F22-75F4-03C24DD081C3</sourceEntity>
<targetCardinalityString>*</targetCardinalityString>
<targetEntity>F5ED67E0-3C0B-BBF2-B992-B12A56A5B610</targetEntity>
<transferable>true</transferable>
</Relation>