<?xml version = '1.0' encoding = 'UTF-8'?>
<FKIndexAssociation class="oracle.dbtools.crest.model.design.relational.FKIndexAssociation" directorySegmentName="seg_0" id="0153EF04-0850-22D6-2B38-013AE44B77A3" containerWithKeyObject="3AE06AE6-D8A9-E8FC-284B-A7865A762C0A" localFKIndex="56DF48DC-E1CF-5097-5577-5CADC5DA9594" name="package_composition_products_FK">
<createdBy>admin</createdBy>
<createdTime>2015-10-30 09:21:53 UTC</createdTime>
<generatorID>FEFA018E-7051-E63B-863B-0FA7335F6A45</generatorID>
<ownerDesignName>02a_package_of_items_v1</ownerDesignName>
<deleteRule>NO ACTION</deleteRule>
<referredTableID>06FBD710-1E29-7E8D-0509-64BFC567C0D2</referredTableID>
<keyObject>5E99A988-1EEC-E396-1B0E-6DABF567CECD</keyObject>
<referredKeyID>5E99A988-1EEC-E396-1B0E-6DABF567CECD</referredKeyID>
<mandatory>true</mandatory>
<transferable>true</transferable>
<rely>false</rely>
<columnDependencyConstraintGenerateInDDL>true</columnDependencyConstraintGenerateInDDL>
</FKIndexAssociation>