<?xml version = '1.0' encoding = 'UTF-8'?>
<FKIndexAssociation class="oracle.dbtools.crest.model.design.relational.FKIndexAssociation" directorySegmentName="seg_0" id="0A698F2D-8D0C-2E85-BFCF-2DCBA8AFFD51" containerWithKeyObject="1E62BDCF-4B37-0FCE-AA70-D2D94FE3B6E8" localFKIndex="82AB5099-2BE9-3BA9-FB46-C4170C73B1AE" name="products_item_groups_FK">
<createdBy>marinfotache</createdBy>
<createdTime>2020-12-02 06:44:15 UTC</createdTime>
<generatorID>6D6F96D6-A718-831D-B4E4-9D22F4FC9760</generatorID>
<ownerDesignName>02a_package_of_items_v1</ownerDesignName>
<referredTableLongName>item_groups</referredTableLongName>
<deleteRule>NO ACTION</deleteRule>
<referredTableID>89F1AAAD-6120-11AC-7738-9D490CE86C75</referredTableID>
<keyObject>4020F370-04B1-AAF8-5627-4ACA4A7C3B53</keyObject>
<referredKeyID>4020F370-04B1-AAF8-5627-4ACA4A7C3B53</referredKeyID>
<mandatory>true</mandatory>
<refColNames>group_name</refColNames>
<transferable>true</transferable>
<rely>false</rely>
<columnDependencyConstraintGenerateInDDL>true</columnDependencyConstraintGenerateInDDL>
</FKIndexAssociation>