<?xml version = '1.0' encoding = 'UTF-8'?>
<FKIndexAssociation class="oracle.dbtools.crest.model.design.relational.FKIndexAssociation" directorySegmentName="seg_0" id="12D44980-2440-DEF3-AC80-4ABEE99FA161" containerWithKeyObject="F4377B52-7899-00EC-40F9-8A8EC325B90A" localFKIndex="AC72160A-4AC9-D96F-2078-4312652DDDD7" name="serv_unique_price_services_FK">
<createdBy>marinfotache</createdBy>
<createdTime>2020-12-02 06:44:15 UTC</createdTime>
<generatorID>9BFF8122-CB69-FA40-B338-4F41DE6F89C0</generatorID>
<ownerDesignName>02a_package_of_items_v1</ownerDesignName>
<referredTableLongName>services</referredTableLongName>
<arc>BA13174F-E424-BE4A-281F-002BE3EC622C</arc>
<deleteRule>RESTRICT</deleteRule>
<referredTableID>D58708DB-0DEA-0C31-F5D0-FAECFB103D7D</referredTableID>
<keyObject>D96CF253-E1B2-3AF0-C575-8574AFC3BD90</keyObject>
<referredKeyID>D96CF253-E1B2-3AF0-C575-8574AFC3BD90</referredKeyID>
<mandatory>true</mandatory>
<refColNames>serv_id</refColNames>
<transferable>true</transferable>
<rely>false</rely>
<columnDependencyConstraintGenerateInDDL>true</columnDependencyConstraintGenerateInDDL>
</FKIndexAssociation>