<?xml version = '1.0' encoding = 'UTF-8'?>
<FKIndexAssociation class="oracle.dbtools.crest.model.design.relational.FKIndexAssociation" directorySegmentName="seg_0" id="17D6716E-F64D-EEC3-1047-5E1D23A2230B" containerWithKeyObject="A5CA3461-558F-9EF9-20D9-4AC1AE3CE4DB" localFKIndex="4FE24766-446A-9C23-AA75-DA603674ADA7" name="ordered_items_orders_FK">
<createdBy>marinfotache</createdBy>
<createdTime>2020-12-02 06:44:15 UTC</createdTime>
<generatorID>2AFE7B4B-0337-CBB2-49DE-B73C185A50F3</generatorID>
<ownerDesignName>02a_package_of_items_v1</ownerDesignName>
<referredTableLongName>orders</referredTableLongName>
<deleteRule>NO ACTION</deleteRule>
<referredTableID>3508D598-4E8A-6921-6F15-3B134B325417</referredTableID>
<keyObject>6CD26823-0814-744A-6411-978D9F44F589</keyObject>
<referredKeyID>6CD26823-0814-744A-6411-978D9F44F589</referredKeyID>
<mandatory>true</mandatory>
<refColNames>order_id</refColNames>
<transferable>true</transferable>
<rely>false</rely>
<columnDependencyConstraintGenerateInDDL>true</columnDependencyConstraintGenerateInDDL>
</FKIndexAssociation>