<?xml version = '1.0' encoding = 'UTF-8'?>
<FKIndexAssociation class="oracle.dbtools.crest.model.design.relational.FKIndexAssociation" directorySegmentName="seg_0" id="24F82B99-05CE-EA21-6D22-78F20495EE7C" containerWithKeyObject="06FBD710-1E29-7E8D-0509-64BFC567C0D2" localFKIndex="76FFCDC4-5B01-AE6A-672B-98F286FC4A39" name="products_measure_units_FKv1">
<createdBy>admin</createdBy>
<createdTime>2015-10-30 09:21:53 UTC</createdTime>
<generatorID>173357BD-B4E5-5AC4-DDA6-93926AB312C5</generatorID>
<ownerDesignName>02a_package_of_items_v1</ownerDesignName>
<deleteRule>NO ACTION</deleteRule>
<referredTableID>B8189681-0F7B-FAC3-2D8B-C582FD44DD5F</referredTableID>
<keyObject>E6458E1A-9CA1-523F-E94B-9B2CE47A6281</keyObject>
<referredKeyID>E6458E1A-9CA1-523F-E94B-9B2CE47A6281</referredKeyID>
<mandatory>true</mandatory>
<transferable>true</transferable>
<rely>false</rely>
<columnDependencyConstraintGenerateInDDL>true</columnDependencyConstraintGenerateInDDL>
</FKIndexAssociation>