<?xml version = '1.0' encoding = 'UTF-8'?>
<FKIndexAssociation class="oracle.dbtools.crest.model.design.relational.FKIndexAssociation" directorySegmentName="seg_0" id="30A00555-CBB9-A38E-B507-E5447528F90B" containerWithKeyObject="06FBD710-1E29-7E8D-0509-64BFC567C0D2" localFKIndex="F4DD8689-025B-E4EB-F452-C5A3802F2C0A" name="products_measure_units_FK">
<createdBy>admin</createdBy>
<createdTime>2015-10-30 09:21:53 UTC</createdTime>
<generatorID>26DC25EA-33BA-D687-BA64-7E32F8A5CA2A</generatorID>
<ownerDesignName>02a_package_of_items_v1</ownerDesignName>
<deleteRule>NO ACTION</deleteRule>
<referredTableID>B8189681-0F7B-FAC3-2D8B-C582FD44DD5F</referredTableID>
<keyObject>E6458E1A-9CA1-523F-E94B-9B2CE47A6281</keyObject>
<referredKeyID>E6458E1A-9CA1-523F-E94B-9B2CE47A6281</referredKeyID>
<mandatory>true</mandatory>
<transferable>true</transferable>
<rely>false</rely>
<columnDependencyConstraintGenerateInDDL>true</columnDependencyConstraintGenerateInDDL>
</FKIndexAssociation>