<?xml version = '1.0' encoding = 'UTF-8'?>
<FKIndexAssociation class="oracle.dbtools.crest.model.design.relational.FKIndexAssociation" directorySegmentName="seg_0" id="5156F8FB-8747-E692-5732-AE8880F7C2D8" containerWithKeyObject="8ED195DD-61E5-78E9-DD8D-74E696F84514" localFKIndex="44381621-9ABE-FCDD-7F39-F96685058035" name="services_item_groups_FK">
<createdBy>admin</createdBy>
<createdTime>2015-10-30 09:21:53 UTC</createdTime>
<generatorID>4C48235E-BC28-B9B9-8F37-185083ACBAF7</generatorID>
<ownerDesignName>02a_package_of_items_v1</ownerDesignName>
<deleteRule>NO ACTION</deleteRule>
<referredTableID>70A3E1F5-CBB7-F680-76B0-8D0224BDADEA</referredTableID>
<keyObject>8B4466CC-BF1C-8254-364B-35EF7A78AF0B</keyObject>
<referredKeyID>8B4466CC-BF1C-8254-364B-35EF7A78AF0B</referredKeyID>
<mandatory>true</mandatory>
<transferable>true</transferable>
<rely>false</rely>
<columnDependencyConstraintGenerateInDDL>true</columnDependencyConstraintGenerateInDDL>
</FKIndexAssociation>