<?xml version = '1.0' encoding = 'UTF-8'?>
<FKIndexAssociation class="oracle.dbtools.crest.model.design.relational.FKIndexAssociation" directorySegmentName="seg_0" id="56595C20-1139-D456-7F31-1668EDE38464" containerWithKeyObject="346461F5-0C67-65EA-DF62-6A61B12264E3" localFKIndex="7969B832-1188-7D13-81E7-A7C3345C1863" name="package_composition_products_FK">
<createdBy>marinfotache</createdBy>
<createdTime>2020-12-02 06:44:15 UTC</createdTime>
<generatorID>FEFA018E-7051-E63B-863B-0FA7335F6A45</generatorID>
<ownerDesignName>02a_package_of_items_v1</ownerDesignName>
<referredTableLongName>products</referredTableLongName>
<deleteRule>NO ACTION</deleteRule>
<referredTableID>1E62BDCF-4B37-0FCE-AA70-D2D94FE3B6E8</referredTableID>
<keyObject>CB179DC9-966B-1D6B-0F2C-234FC43347BE</keyObject>
<referredKeyID>CB179DC9-966B-1D6B-0F2C-234FC43347BE</referredKeyID>
<mandatory>true</mandatory>
<refColNames>prod_id</refColNames>
<transferable>true</transferable>
<rely>false</rely>
<columnDependencyConstraintGenerateInDDL>true</columnDependencyConstraintGenerateInDDL>
</FKIndexAssociation>