<?xml version = '1.0' encoding = 'UTF-8'?>
<FKIndexAssociation class="oracle.dbtools.crest.model.design.relational.FKIndexAssociation" directorySegmentName="seg_0" id="5933475C-0CC6-949D-1010-58CEFB89DDA7" containerWithKeyObject="0FAE4188-A3B9-476C-FE64-C3A67A64F0B6" localFKIndex="04421D13-DABC-73EC-01E2-BDD0D053D73E" name="serv_unique_price_services_FK">
<createdBy>admin</createdBy>
<createdTime>2015-10-30 09:21:53 UTC</createdTime>
<generatorID>9BFF8122-CB69-FA40-B338-4F41DE6F89C0</generatorID>
<ownerDesignName>02a_package_of_items_v1</ownerDesignName>
<arc>A43BE121-17FE-1109-9893-A165F8A92776</arc>
<deleteRule>RESTRICT</deleteRule>
<referredTableID>8ED195DD-61E5-78E9-DD8D-74E696F84514</referredTableID>
<keyObject>9983E9F1-62D6-ECAD-1DEA-6071C5A81459</keyObject>
<referredKeyID>9983E9F1-62D6-ECAD-1DEA-6071C5A81459</referredKeyID>
<mandatory>true</mandatory>
<transferable>true</transferable>
<rely>false</rely>
<columnDependencyConstraintGenerateInDDL>true</columnDependencyConstraintGenerateInDDL>
</FKIndexAssociation>