<?xml version = '1.0' encoding = 'UTF-8'?>
<FKIndexAssociation class="oracle.dbtools.crest.model.design.relational.FKIndexAssociation" directorySegmentName="seg_0" id="5BF3652F-8BEE-402A-DE93-464657B5D661" containerWithKeyObject="346461F5-0C67-65EA-DF62-6A61B12264E3" localFKIndex="B9C7F50E-A4D0-3AA9-558E-8D5645D82B6B" name="package_composition_packages_FK">
<createdBy>marinfotache</createdBy>
<createdTime>2020-12-02 06:44:15 UTC</createdTime>
<generatorID>D5B6866F-980B-5E62-67FC-D495FB512EAD</generatorID>
<ownerDesignName>02a_package_of_items_v1</ownerDesignName>
<referredTableLongName>packages</referredTableLongName>
<deleteRule>NO ACTION</deleteRule>
<referredTableID>7E348040-F8EF-3D60-0CCE-D83E9A06F0EB</referredTableID>
<keyObject>FCA0C7EF-8300-FC0D-E76D-B5D39CBD689E</keyObject>
<referredKeyID>FCA0C7EF-8300-FC0D-E76D-B5D39CBD689E</referredKeyID>
<mandatory>true</mandatory>
<refColNames>package_id</refColNames>
<transferable>true</transferable>
<rely>false</rely>
<columnDependencyConstraintGenerateInDDL>true</columnDependencyConstraintGenerateInDDL>
</FKIndexAssociation>