<?xml version = '1.0' encoding = 'UTF-8'?>
<FKIndexAssociation class="oracle.dbtools.crest.model.design.relational.FKIndexAssociation" directorySegmentName="seg_0" id="6A3E8E0C-9316-3193-E173-68FC44F734F5" containerWithKeyObject="A5CA3461-558F-9EF9-20D9-4AC1AE3CE4DB" localFKIndex="170E1435-F11B-97AD-3B35-974B2C034EA7" name="ordered_items_products_FK">
<createdBy>marinfotache</createdBy>
<createdTime>2020-12-02 06:44:15 UTC</createdTime>
<generatorID>30B0283E-4B3A-6B3D-161F-44294A3D63C0</generatorID>
<ownerDesignName>02a_package_of_items_v1</ownerDesignName>
<referredTableLongName>products</referredTableLongName>
<arc>6A62795A-1F9A-60CA-AAD3-A2B697260604</arc>
<deleteRule>NO ACTION</deleteRule>
<referredTableID>1E62BDCF-4B37-0FCE-AA70-D2D94FE3B6E8</referredTableID>
<keyObject>CB179DC9-966B-1D6B-0F2C-234FC43347BE</keyObject>
<referredKeyID>CB179DC9-966B-1D6B-0F2C-234FC43347BE</referredKeyID>
<mandatory>false</mandatory>
<refColNames>prod_id</refColNames>
<transferable>true</transferable>
<rely>false</rely>
<columnDependencyConstraintGenerateInDDL>true</columnDependencyConstraintGenerateInDDL>
</FKIndexAssociation>