<?xml version = '1.0' encoding = 'UTF-8'?>
<FKIndexAssociation class="oracle.dbtools.crest.model.design.relational.FKIndexAssociation" directorySegmentName="seg_0" id="6D7B8221-3F18-38A4-5AFD-299205B92B6C" containerWithKeyObject="35504855-694A-8EC2-DF9C-2629EC187937" localFKIndex="4432D64F-936E-43B3-B572-D516136E84B6" name="equiv_measure_units_measure_units_FK">
<createdBy>marinfotache</createdBy>
<createdTime>2020-12-02 06:44:15 UTC</createdTime>
<generatorID>7F4845F5-1050-9CAA-3BFB-F838E84D69E5</generatorID>
<ownerDesignName>02a_package_of_items_v1</ownerDesignName>
<referredTableLongName>measure_units</referredTableLongName>
<deleteRule>NO ACTION</deleteRule>
<referredTableID>AEBA3279-B297-DDA4-DF4B-FEA98B7EB228</referredTableID>
<keyObject>3EAA9060-1D34-416C-5509-EF40CDFAEBF7</keyObject>
<referredKeyID>3EAA9060-1D34-416C-5509-EF40CDFAEBF7</referredKeyID>
<mandatory>true</mandatory>
<refColNames>abbreviation</refColNames>
<transferable>true</transferable>
<rely>false</rely>
<columnDependencyConstraintGenerateInDDL>true</columnDependencyConstraintGenerateInDDL>
</FKIndexAssociation>