<?xml version = '1.0' encoding = 'UTF-8'?>
<FKIndexAssociation class="oracle.dbtools.crest.model.design.relational.FKIndexAssociation" directorySegmentName="seg_0" id="734B1B78-7D57-40F7-83B3-09CBC7639AAB" containerWithKeyObject="35504855-694A-8EC2-DF9C-2629EC187937" localFKIndex="F5C31B5A-DE60-25C4-2748-EBF1A61DACF1" name="equiv_measure_units_measure_units_FKv2">
<createdBy>marinfotache</createdBy>
<createdTime>2020-12-02 06:44:15 UTC</createdTime>
<generatorID>1862BC83-BCCB-ED4B-994C-F36D823BA101</generatorID>
<ownerDesignName>02a_package_of_items_v1</ownerDesignName>
<referredTableLongName>measure_units</referredTableLongName>
<deleteRule>NO ACTION</deleteRule>
<referredTableID>AEBA3279-B297-DDA4-DF4B-FEA98B7EB228</referredTableID>
<keyObject>3EAA9060-1D34-416C-5509-EF40CDFAEBF7</keyObject>
<referredKeyID>3EAA9060-1D34-416C-5509-EF40CDFAEBF7</referredKeyID>
<mandatory>true</mandatory>
<refColNames>abbreviation</refColNames>
<transferable>true</transferable>
<rely>false</rely>
<columnDependencyConstraintGenerateInDDL>true</columnDependencyConstraintGenerateInDDL>
</FKIndexAssociation>