<?xml version = '1.0' encoding = 'UTF-8'?>
<FKIndexAssociation class="oracle.dbtools.crest.model.design.relational.FKIndexAssociation" directorySegmentName="seg_0" id="73810B83-DE76-DFE2-AA2E-4EFD5954DF67" containerWithKeyObject="8138FC80-7995-5D5E-AEA3-E10F95003B6A" localFKIndex="92E71814-ED20-AE90-1DC4-BEE46664D315" name="serv_var_price_services_FK">
<createdBy>admin</createdBy>
<createdTime>2015-10-30 09:21:53 UTC</createdTime>
<generatorID>81C48145-1421-FB94-577D-742EE129B2B4</generatorID>
<ownerDesignName>02a_package_of_items_v1</ownerDesignName>
<arc>A43BE121-17FE-1109-9893-A165F8A92776</arc>
<deleteRule>RESTRICT</deleteRule>
<referredTableID>8ED195DD-61E5-78E9-DD8D-74E696F84514</referredTableID>
<keyObject>9983E9F1-62D6-ECAD-1DEA-6071C5A81459</keyObject>
<referredKeyID>9983E9F1-62D6-ECAD-1DEA-6071C5A81459</referredKeyID>
<mandatory>true</mandatory>
<transferable>true</transferable>
<rely>false</rely>
<columnDependencyConstraintGenerateInDDL>true</columnDependencyConstraintGenerateInDDL>
</FKIndexAssociation>