<?xml version = '1.0' encoding = 'UTF-8'?>
<FKIndexAssociation class="oracle.dbtools.crest.model.design.relational.FKIndexAssociation" directorySegmentName="seg_0" id="78966098-DBAD-BE31-FBAE-B93328D23C93" containerWithKeyObject="7AB4BB66-15A6-9072-698D-3F2C6D4B6EE8" localFKIndex="ABC2E2FD-8D0C-C4DB-5C5C-69AEAF382C6D" name="ordered_items_services_FK">
<createdBy>admin</createdBy>
<createdTime>2015-10-30 09:21:53 UTC</createdTime>
<generatorID>8583661B-49B5-9C48-8C5B-7920C35F4216</generatorID>
<ownerDesignName>02a_package_of_items_v1</ownerDesignName>
<deleteRule>NO ACTION</deleteRule>
<referredTableID>8ED195DD-61E5-78E9-DD8D-74E696F84514</referredTableID>
<keyObject>9983E9F1-62D6-ECAD-1DEA-6071C5A81459</keyObject>
<referredKeyID>9983E9F1-62D6-ECAD-1DEA-6071C5A81459</referredKeyID>
<mandatory>true</mandatory>
<transferable>true</transferable>
<rely>false</rely>
<columnDependencyConstraintGenerateInDDL>true</columnDependencyConstraintGenerateInDDL>
</FKIndexAssociation>