<?xml version = '1.0' encoding = 'UTF-8'?>
<FKIndexAssociation class="oracle.dbtools.crest.model.design.relational.FKIndexAssociation" directorySegmentName="seg_0" id="8C9166A5-DBB9-E471-BB45-1A467BC58FE0" containerWithKeyObject="06FBD710-1E29-7E8D-0509-64BFC567C0D2" localFKIndex="7B850EC5-D272-7DC3-3138-B5EB729DB76B" name="products_item_groups_FK">
<createdBy>admin</createdBy>
<createdTime>2015-10-30 09:21:53 UTC</createdTime>
<generatorID>6D6F96D6-A718-831D-B4E4-9D22F4FC9760</generatorID>
<ownerDesignName>02a_package_of_items_v1</ownerDesignName>
<deleteRule>NO ACTION</deleteRule>
<referredTableID>70A3E1F5-CBB7-F680-76B0-8D0224BDADEA</referredTableID>
<keyObject>8B4466CC-BF1C-8254-364B-35EF7A78AF0B</keyObject>
<referredKeyID>8B4466CC-BF1C-8254-364B-35EF7A78AF0B</referredKeyID>
<mandatory>true</mandatory>
<transferable>true</transferable>
<rely>false</rely>
<columnDependencyConstraintGenerateInDDL>true</columnDependencyConstraintGenerateInDDL>
</FKIndexAssociation>