<?xml version = '1.0' encoding = 'UTF-8'?>
<FKIndexAssociation class="oracle.dbtools.crest.model.design.relational.FKIndexAssociation" directorySegmentName="seg_0" id="9945F8C6-00C5-F7FA-961F-BE347CA49EE6" containerWithKeyObject="A5CA3461-558F-9EF9-20D9-4AC1AE3CE4DB" localFKIndex="ED180183-9233-D517-55D8-F8B98102403F" name="ordered_items_services_FK">
<createdBy>marinfotache</createdBy>
<createdTime>2020-12-02 06:44:15 UTC</createdTime>
<generatorID>8583661B-49B5-9C48-8C5B-7920C35F4216</generatorID>
<ownerDesignName>02a_package_of_items_v1</ownerDesignName>
<referredTableLongName>services</referredTableLongName>
<arc>6A62795A-1F9A-60CA-AAD3-A2B697260604</arc>
<deleteRule>NO ACTION</deleteRule>
<referredTableID>D58708DB-0DEA-0C31-F5D0-FAECFB103D7D</referredTableID>
<keyObject>D96CF253-E1B2-3AF0-C575-8574AFC3BD90</keyObject>
<referredKeyID>D96CF253-E1B2-3AF0-C575-8574AFC3BD90</referredKeyID>
<mandatory>false</mandatory>
<refColNames>serv_id</refColNames>
<transferable>true</transferable>
<rely>false</rely>
<columnDependencyConstraintGenerateInDDL>true</columnDependencyConstraintGenerateInDDL>
</FKIndexAssociation>