<?xml version = '1.0' encoding = 'UTF-8'?>
<FKIndexAssociation class="oracle.dbtools.crest.model.design.relational.FKIndexAssociation" directorySegmentName="seg_0" id="9D901952-8FE1-BC26-E411-3104AB11FB32" containerWithKeyObject="3AE06AE6-D8A9-E8FC-284B-A7865A762C0A" localFKIndex="1F02D871-E21A-AB29-97D5-663F1F07256A" name="package_composition_packages_FK">
<createdBy>admin</createdBy>
<createdTime>2015-10-30 09:21:53 UTC</createdTime>
<generatorID>D5B6866F-980B-5E62-67FC-D495FB512EAD</generatorID>
<ownerDesignName>02a_package_of_items_v1</ownerDesignName>
<deleteRule>NO ACTION</deleteRule>
<referredTableID>101C8779-1890-B1C5-D85E-4B611D2B4233</referredTableID>
<keyObject>11412ABC-4486-100B-42D9-F48D7E0E91E4</keyObject>
<referredKeyID>11412ABC-4486-100B-42D9-F48D7E0E91E4</referredKeyID>
<mandatory>true</mandatory>
<transferable>true</transferable>
<rely>false</rely>
<columnDependencyConstraintGenerateInDDL>true</columnDependencyConstraintGenerateInDDL>
</FKIndexAssociation>