<?xml version = '1.0' encoding = 'UTF-8'?>
<FKIndexAssociation class="oracle.dbtools.crest.model.design.relational.FKIndexAssociation" directorySegmentName="seg_0" id="A3B2207C-6A5D-981C-72F7-1B0E03F60190" containerWithKeyObject="7AB4BB66-15A6-9072-698D-3F2C6D4B6EE8" localFKIndex="C6EBAEBB-B793-BA9E-1C1C-7274BDE8E607" name="ordered_items_orders_FK">
<createdBy>admin</createdBy>
<createdTime>2015-10-30 09:21:53 UTC</createdTime>
<generatorID>2AFE7B4B-0337-CBB2-49DE-B73C185A50F3</generatorID>
<ownerDesignName>02a_package_of_items_v1</ownerDesignName>
<deleteRule>NO ACTION</deleteRule>
<referredTableID>E8111B6D-1BE7-6934-F5F0-940317F2249E</referredTableID>
<keyObject>E3BF5813-D574-9198-28D4-CE144416A616</keyObject>
<referredKeyID>E3BF5813-D574-9198-28D4-CE144416A616</referredKeyID>
<mandatory>true</mandatory>
<transferable>true</transferable>
<rely>false</rely>
<columnDependencyConstraintGenerateInDDL>true</columnDependencyConstraintGenerateInDDL>
</FKIndexAssociation>