<?xml version = '1.0' encoding = 'UTF-8'?>
<FKIndexAssociation class="oracle.dbtools.crest.model.design.relational.FKIndexAssociation" directorySegmentName="seg_0" id="B082762E-8308-7537-4FCE-29507AD0EA59" containerWithKeyObject="F9C21273-F49E-C3CC-EEA0-226DB841ADFB" localFKIndex="EA729096-1B6C-0BB0-EA6F-7757E4CC8947" name="equiv_measure_units_measure_units_FK">
<createdBy>admin</createdBy>
<createdTime>2015-10-30 09:21:53 UTC</createdTime>
<generatorID>7F4845F5-1050-9CAA-3BFB-F838E84D69E5</generatorID>
<ownerDesignName>02a_package_of_items_v1</ownerDesignName>
<deleteRule>NO ACTION</deleteRule>
<referredTableID>B8189681-0F7B-FAC3-2D8B-C582FD44DD5F</referredTableID>
<keyObject>E6458E1A-9CA1-523F-E94B-9B2CE47A6281</keyObject>
<referredKeyID>E6458E1A-9CA1-523F-E94B-9B2CE47A6281</referredKeyID>
<mandatory>true</mandatory>
<transferable>true</transferable>
<rely>false</rely>
<columnDependencyConstraintGenerateInDDL>true</columnDependencyConstraintGenerateInDDL>
</FKIndexAssociation>