<?xml version = '1.0' encoding = 'UTF-8'?>
<FKIndexAssociation class="oracle.dbtools.crest.model.design.relational.FKIndexAssociation" directorySegmentName="seg_0" id="B55DCCB3-8F9E-D221-0DB5-8E2AD5BD91B1" containerWithKeyObject="D58708DB-0DEA-0C31-F5D0-FAECFB103D7D" localFKIndex="A34BAD26-BE18-18D9-DF2A-2195D5A7F074" name="services_item_groups_FK">
<createdBy>marinfotache</createdBy>
<createdTime>2020-12-02 06:44:15 UTC</createdTime>
<generatorID>4C48235E-BC28-B9B9-8F37-185083ACBAF7</generatorID>
<ownerDesignName>02a_package_of_items_v1</ownerDesignName>
<referredTableLongName>item_groups</referredTableLongName>
<deleteRule>NO ACTION</deleteRule>
<referredTableID>89F1AAAD-6120-11AC-7738-9D490CE86C75</referredTableID>
<keyObject>4020F370-04B1-AAF8-5627-4ACA4A7C3B53</keyObject>
<referredKeyID>4020F370-04B1-AAF8-5627-4ACA4A7C3B53</referredKeyID>
<mandatory>true</mandatory>
<refColNames>group_name</refColNames>
<transferable>true</transferable>
<rely>false</rely>
<columnDependencyConstraintGenerateInDDL>true</columnDependencyConstraintGenerateInDDL>
</FKIndexAssociation>