<?xml version = '1.0' encoding = 'UTF-8'?>
<FKIndexAssociation class="oracle.dbtools.crest.model.design.relational.FKIndexAssociation" directorySegmentName="seg_0" id="B7A44B8B-8B31-70E7-3536-523DB79FE3D6" containerWithKeyObject="BDEC25E7-C53F-6EE2-833E-2044CB60E765" localFKIndex="F55C921B-8F39-F2B0-3339-33F98719550A" name="serv_var_price_services_FK">
<createdBy>marinfotache</createdBy>
<createdTime>2020-12-02 06:44:15 UTC</createdTime>
<generatorID>81C48145-1421-FB94-577D-742EE129B2B4</generatorID>
<ownerDesignName>02a_package_of_items_v1</ownerDesignName>
<referredTableLongName>services</referredTableLongName>
<arc>BA13174F-E424-BE4A-281F-002BE3EC622C</arc>
<deleteRule>RESTRICT</deleteRule>
<referredTableID>D58708DB-0DEA-0C31-F5D0-FAECFB103D7D</referredTableID>
<keyObject>D96CF253-E1B2-3AF0-C575-8574AFC3BD90</keyObject>
<referredKeyID>D96CF253-E1B2-3AF0-C575-8574AFC3BD90</referredKeyID>
<mandatory>true</mandatory>
<refColNames>serv_id</refColNames>
<transferable>true</transferable>
<rely>false</rely>
<columnDependencyConstraintGenerateInDDL>true</columnDependencyConstraintGenerateInDDL>
</FKIndexAssociation>