<?xml version = '1.0' encoding = 'UTF-8'?>
<FKIndexAssociation class="oracle.dbtools.crest.model.design.relational.FKIndexAssociation" directorySegmentName="seg_0" id="C0A3E7F4-ED6F-5453-E394-7AEC0739567D" containerWithKeyObject="F9C21273-F49E-C3CC-EEA0-226DB841ADFB" localFKIndex="E1594730-E41A-F00C-14F1-3FB36815646D" name="equiv_measure_units_measure_units_FKv1">
<createdBy>admin</createdBy>
<createdTime>2015-10-30 09:21:53 UTC</createdTime>
<generatorID>1862BC83-BCCB-ED4B-994C-F36D823BA101</generatorID>
<ownerDesignName>02a_package_of_items_v1</ownerDesignName>
<deleteRule>NO ACTION</deleteRule>
<referredTableID>B8189681-0F7B-FAC3-2D8B-C582FD44DD5F</referredTableID>
<keyObject>E6458E1A-9CA1-523F-E94B-9B2CE47A6281</keyObject>
<referredKeyID>E6458E1A-9CA1-523F-E94B-9B2CE47A6281</referredKeyID>
<mandatory>true</mandatory>
<transferable>true</transferable>
<rely>false</rely>
<columnDependencyConstraintGenerateInDDL>true</columnDependencyConstraintGenerateInDDL>
</FKIndexAssociation>