<?xml version = '1.0' encoding = 'UTF-8'?>
<FKIndexAssociation class="oracle.dbtools.crest.model.design.relational.FKIndexAssociation" directorySegmentName="seg_0" id="C45FBE1C-EB62-B394-90F0-FF06E1BB4714" containerWithKeyObject="1E62BDCF-4B37-0FCE-AA70-D2D94FE3B6E8" localFKIndex="D6059AF6-3483-1B67-93E8-9B8A4B9E5B94" name="products_measure_units_FKv2">
<createdBy>marinfotache</createdBy>
<createdTime>2020-12-02 06:44:15 UTC</createdTime>
<generatorID>173357BD-B4E5-5AC4-DDA6-93926AB312C5</generatorID>
<ownerDesignName>02a_package_of_items_v1</ownerDesignName>
<referredTableLongName>measure_units</referredTableLongName>
<deleteRule>NO ACTION</deleteRule>
<referredTableID>AEBA3279-B297-DDA4-DF4B-FEA98B7EB228</referredTableID>
<keyObject>3EAA9060-1D34-416C-5509-EF40CDFAEBF7</keyObject>
<referredKeyID>3EAA9060-1D34-416C-5509-EF40CDFAEBF7</referredKeyID>
<mandatory>true</mandatory>
<refColNames>abbreviation</refColNames>
<transferable>true</transferable>
<rely>false</rely>
<columnDependencyConstraintGenerateInDDL>true</columnDependencyConstraintGenerateInDDL>
</FKIndexAssociation>