<?xml version = '1.0' encoding = 'UTF-8'?>
<FKIndexAssociation class="oracle.dbtools.crest.model.design.relational.FKIndexAssociation" directorySegmentName="seg_0" id="D89BBF3B-AF07-FB61-53EE-FDAB9A2E0E1A" containerWithKeyObject="1E62BDCF-4B37-0FCE-AA70-D2D94FE3B6E8" localFKIndex="C29C8293-3589-1256-9ADB-4FA2E4BD9CFC" name="products_measure_units_FK">
<createdBy>marinfotache</createdBy>
<createdTime>2020-12-02 06:44:15 UTC</createdTime>
<generatorID>26DC25EA-33BA-D687-BA64-7E32F8A5CA2A</generatorID>
<ownerDesignName>02a_package_of_items_v1</ownerDesignName>
<referredTableLongName>measure_units</referredTableLongName>
<deleteRule>NO ACTION</deleteRule>
<referredTableID>AEBA3279-B297-DDA4-DF4B-FEA98B7EB228</referredTableID>
<keyObject>3EAA9060-1D34-416C-5509-EF40CDFAEBF7</keyObject>
<referredKeyID>3EAA9060-1D34-416C-5509-EF40CDFAEBF7</referredKeyID>
<mandatory>true</mandatory>
<refColNames>abbreviation</refColNames>
<transferable>true</transferable>
<rely>false</rely>
<columnDependencyConstraintGenerateInDDL>true</columnDependencyConstraintGenerateInDDL>
</FKIndexAssociation>