<?xml version = '1.0' encoding = 'UTF-8'?>
<FKIndexAssociation class="oracle.dbtools.crest.model.design.relational.FKIndexAssociation" directorySegmentName="seg_0" id="ED8CB87A-C898-4234-458A-2E94D24A2BAD" containerWithKeyObject="A5CA3461-558F-9EF9-20D9-4AC1AE3CE4DB" localFKIndex="627D5E14-D873-11B4-2C6B-AEB8D6887FC5" name="ordered_items_packages_FK">
<createdBy>marinfotache</createdBy>
<createdTime>2020-12-02 06:44:15 UTC</createdTime>
<generatorID>5691A718-A83F-9A5B-BD32-403CBD9A10D6</generatorID>
<ownerDesignName>02a_package_of_items_v1</ownerDesignName>
<referredTableLongName>packages</referredTableLongName>
<arc>876F476F-CC2C-FBD0-31DA-57474B6FDE23</arc>
<deleteRule>NO ACTION</deleteRule>
<referredTableID>7E348040-F8EF-3D60-0CCE-D83E9A06F0EB</referredTableID>
<keyObject>FCA0C7EF-8300-FC0D-E76D-B5D39CBD689E</keyObject>
<referredKeyID>FCA0C7EF-8300-FC0D-E76D-B5D39CBD689E</referredKeyID>
<mandatory>false</mandatory>
<refColNames>package_id</refColNames>
<transferable>true</transferable>
<rely>false</rely>
<columnDependencyConstraintGenerateInDDL>true</columnDependencyConstraintGenerateInDDL>
</FKIndexAssociation>