<?xml version = '1.0' encoding = 'UTF-8'?>
<FKIndexAssociation class="oracle.dbtools.crest.model.design.relational.FKIndexAssociation" directorySegmentName="seg_0" id="F06D6A2D-71C8-EDAD-6630-15488070AB50" containerWithKeyObject="7AB4BB66-15A6-9072-698D-3F2C6D4B6EE8" localFKIndex="20E15B91-E96E-5A7C-2F27-A37ACA504433" name="ordered_items_packages_FK">
<createdBy>admin</createdBy>
<createdTime>2015-10-30 09:21:53 UTC</createdTime>
<generatorID>5691A718-A83F-9A5B-BD32-403CBD9A10D6</generatorID>
<ownerDesignName>02a_package_of_items_v1</ownerDesignName>
<deleteRule>NO ACTION</deleteRule>
<referredTableID>101C8779-1890-B1C5-D85E-4B611D2B4233</referredTableID>
<keyObject>11412ABC-4486-100B-42D9-F48D7E0E91E4</keyObject>
<referredKeyID>11412ABC-4486-100B-42D9-F48D7E0E91E4</referredKeyID>
<mandatory>true</mandatory>
<transferable>true</transferable>
<rely>false</rely>
<columnDependencyConstraintGenerateInDDL>true</columnDependencyConstraintGenerateInDDL>
</FKIndexAssociation>