<?xml version = '1.0' encoding = 'UTF-8'?>
<FKIndexAssociation class="oracle.dbtools.crest.model.design.relational.FKIndexAssociation" directorySegmentName="seg_0" id="FDA3BA21-CE0E-3128-7F81-371F75250393" containerWithKeyObject="7AB4BB66-15A6-9072-698D-3F2C6D4B6EE8" localFKIndex="373EEA1B-FE56-CFBE-7B87-72CC8CB112A3" name="ordered_items_products_FK">
<createdBy>admin</createdBy>
<createdTime>2015-10-30 09:21:53 UTC</createdTime>
<generatorID>30B0283E-4B3A-6B3D-161F-44294A3D63C0</generatorID>
<ownerDesignName>02a_package_of_items_v1</ownerDesignName>
<deleteRule>NO ACTION</deleteRule>
<referredTableID>06FBD710-1E29-7E8D-0509-64BFC567C0D2</referredTableID>
<keyObject>5E99A988-1EEC-E396-1B0E-6DABF567CECD</keyObject>
<referredKeyID>5E99A988-1EEC-E396-1B0E-6DABF567CECD</referredKeyID>
<mandatory>true</mandatory>
<transferable>true</transferable>
<rely>false</rely>
<columnDependencyConstraintGenerateInDDL>true</columnDependencyConstraintGenerateInDDL>
</FKIndexAssociation>