<?xml version = '1.0' encoding = 'UTF-8'?>
<Diagram class="oracle.dbtools.crest.swingui.relational.DPVRelational" name="Relational_1" id="D241E245-46BC-A737-C0FB-E0A09C011610">
<createdBy>admin</createdBy>
<modifiedBy>admin</modifiedBy>
<createdTime>2015-10-29 16:09:56 UTC</createdTime>
<autoRoute>false</autoRoute>
<boxInbox>true</boxInbox>
<showLegend>false</showLegend>
<showLabels>false</showLabels>
<showRelAttributes>false</showRelAttributes>
<gridEnabled>false</gridEnabled>
<showGrid>false</showGrid>
<diagramColor>-1</diagramColor>
<display>false</display>
<notation>1</notation>
<objectViews>
<OView class="oracle.dbtools.crest.swingui.relational.TVTable" oid="06A6761A-7FA4-2DF5-BC17-5524AA2B03F6" otype="Table" vid="F66885CB-764D-C420-8F66-DD0721B35A53">
<hideElementsInCurrentOnly>false</hideElementsInCurrentOnly>
<bounds x="27" y="13" width="134" height="222"/>
</OView>
<OView class="oracle.dbtools.crest.swingui.relational.TVTable" oid="51A28A69-6299-ADB5-EC2D-0BA14715A93D" otype="Table" vid="C4731022-A123-2F68-D718-141107038CAD">
<hideElementsInCurrentOnly>false</hideElementsInCurrentOnly>
<bounds x="394" y="248" width="150" height="170"/>
</OView>
<OView class="oracle.dbtools.crest.swingui.relational.TVTable" oid="52947607-705C-4654-5EC1-BEE725785944" otype="Table" vid="713417D4-55DE-0578-C4AB-738B0F4A5FB8">
<hideElementsInCurrentOnly>false</hideElementsInCurrentOnly>
<bounds x="577" y="9" width="132" height="78"/>
</OView>
<OView class="oracle.dbtools.crest.swingui.relational.TVTable" oid="56C9B787-69AC-D958-5E93-339123B75A08" otype="Table" vid="0C693058-30A0-C2CB-96E3-2E7AD18EA544">
<hideElementsInCurrentOnly>false</hideElementsInCurrentOnly>
<bounds x="222" y="324" width="141" height="95"/>
</OView>
<OView class="oracle.dbtools.crest.swingui.relational.TVTable" oid="5B92AE21-EA2C-526E-92C0-F09CEADA01D8" otype="Table" vid="FF52317B-5BA8-65E6-1693-E7076EF812FD">
<hideElementsInCurrentOnly>false</hideElementsInCurrentOnly>
<bounds x="233" y="147" width="155" height="62"/>
</OView>
<OView class="oracle.dbtools.crest.swingui.relational.TVTable" oid="61408E0F-B20E-15BA-01CF-0E9232C395FF" otype="Table" vid="1545A097-063C-F9F3-8578-AFD3460E79AB">
<hideElementsInCurrentOnly>false</hideElementsInCurrentOnly>
<bounds x="347" y="442" width="123" height="75"/>
</OView>
<OView class="oracle.dbtools.crest.swingui.relational.TVTable" oid="6674CC4D-0391-2325-B493-0D844331D6F3" otype="Table" vid="303E728A-8EBC-23EF-8CFA-C9EABBA3C610">
<hideElementsInCurrentOnly>false</hideElementsInCurrentOnly>
<bounds x="438" y="108" width="119" height="114"/>
</OView>
<OView class="oracle.dbtools.crest.swingui.relational.TVTable" oid="6BEEC0B9-B744-09A4-ACDC-3C36D045236F" otype="Table" vid="F88BCED6-BD77-B2AD-3620-A924F3C086D4">
<hideElementsInCurrentOnly>false</hideElementsInCurrentOnly>
<bounds x="196" y="30" width="161" height="109"/>
</OView>
<OView class="oracle.dbtools.crest.swingui.relational.TVTable" oid="71DA3775-EE6B-140F-7DE9-F95A2EA1C2A5" otype="Table" vid="3728971C-9C2A-44C5-011D-BC7045CA2321">
<hideElementsInCurrentOnly>false</hideElementsInCurrentOnly>
<bounds x="22" y="388" width="134" height="78"/>
</OView>
<OView class="oracle.dbtools.crest.swingui.relational.TVTable" oid="A086693A-FAFD-7CE4-9112-E34F161BF723" otype="Table" vid="8D135613-026C-3BAA-80E0-253CEC587BC3">
<hideElementsInCurrentOnly>false</hideElementsInCurrentOnly>
<bounds x="212" y="217" width="143" height="102"/>
</OView>
<OView class="oracle.dbtools.crest.swingui.relational.TVTable" oid="AE349F79-D0AB-128D-C4B7-7DB99A7C641B" otype="Table" vid="4A835A52-E882-7C95-B985-BBD844020A22">
<hideElementsInCurrentOnly>false</hideElementsInCurrentOnly>
<bounds x="602" y="247" width="127" height="115"/>
</OView>
<OView class="oracle.dbtools.crest.swingui.relational.TVTable" oid="B3BEF0EE-677E-9479-E4EA-8965FDA1031F" otype="Table" vid="3EBD6957-9EF1-673A-F72F-5D4A1C61743B">
<hideElementsInCurrentOnly>false</hideElementsInCurrentOnly>
<bounds x="387" y="6" width="135" height="74"/>
</OView>
<OView class="oracle.dbtools.crest.swingui.relational.TVTable" oid="D730B3F9-63FC-F2D4-4AAD-A0F05713669F" otype="Table" vid="F3F76B9C-822C-6399-FE6B-90D1B3D7CCB9">
<hideElementsInCurrentOnly>false</hideElementsInCurrentOnly>
<bounds x="570" y="95" width="150" height="123"/>
</OView>
<OView class="oracle.dbtools.crest.swingui.relational.TVTable" oid="E33F51DD-B74C-5302-115E-251D2B9F9654" otype="Table" vid="A6794E28-4F90-2D78-5F8C-D0FECFE396F3">
<hideElementsInCurrentOnly>false</hideElementsInCurrentOnly>
<bounds x="583" y="369" width="121" height="112"/>
</OView>
<OView class="oracle.dbtools.crest.swingui.relational.TVTable" oid="EB6F9B7F-7137-2C8A-01F4-360071988036" otype="Table" vid="26D73561-22A2-CC8F-3951-F77B9A360374">
<hideElementsInCurrentOnly>false</hideElementsInCurrentOnly>
<bounds x="19" y="266" width="142" height="94"/>
</OView>
</objectViews>
<connectors>
<Connector class="oracle.dbtools.crest.swingui.relational.TVFKRelation" oid="0D162EBC-0340-FC23-253B-2004AFB5B233" otype="FKIndexAssociation" vid_source="26D73561-22A2-CC8F-3951-F77B9A360374" vid_target="0C693058-30A0-C2CB-96E3-2E7AD18EA544">
<hideElementsInCurrentOnly>false</hideElementsInCurrentOnly>
<lineWidth>1</lineWidth>
<points>
<point x="161" y="342"/>
<point x="222" y="342"/>
</points>
</Connector>
<Connector class="oracle.dbtools.crest.swingui.relational.TVFKRelation" oid="205D4CBF-259C-2785-24B1-AB80CB0B11D9" otype="FKIndexAssociation" vid_source="3EBD6957-9EF1-673A-F72F-5D4A1C61743B" vid_target="303E728A-8EBC-23EF-8CFA-C9EABBA3C610">
<hideElementsInCurrentOnly>false</hideElementsInCurrentOnly>
<lineWidth>1</lineWidth>
<points>
<point x="480" y="80"/>
<point x="480" y="108"/>
</points>
</Connector>
<Connector class="oracle.dbtools.crest.swingui.relational.TVFKRelation" oid="266AA2B2-51C4-D9F8-4FDB-20A919875186" otype="FKIndexAssociation" vid_source="303E728A-8EBC-23EF-8CFA-C9EABBA3C610" vid_target="C4731022-A123-2F68-D718-141107038CAD">
<hideElementsInCurrentOnly>false</hideElementsInCurrentOnly>
<lineWidth>1</lineWidth>
<points>
<point x="491" y="222"/>
<point x="491" y="248"/>
</points>
</Connector>
<Connector class="oracle.dbtools.crest.swingui.relational.TVFKRelation" oid="42FCA4F5-D25A-E99C-BE9F-FEAD250ED185" otype="FKIndexAssociation" vid_source="3EBD6957-9EF1-673A-F72F-5D4A1C61743B" vid_target="F66885CB-764D-C420-8F66-DD0721B35A53">
<hideElementsInCurrentOnly>false</hideElementsInCurrentOnly>
<lineWidth>1</lineWidth>
<points>
<point x="387" y="19"/>
<point x="161" y="22"/>
</points>
</Connector>
<Connector class="oracle.dbtools.crest.swingui.relational.TVFKRelation" oid="554C10E9-0AA9-F41D-F213-68A61DD04C1C" otype="FKIndexAssociation" vid_source="26D73561-22A2-CC8F-3951-F77B9A360374" vid_target="8D135613-026C-3BAA-80E0-253CEC587BC3">
<hideElementsInCurrentOnly>false</hideElementsInCurrentOnly>
<lineWidth>1</lineWidth>
<points>
<point x="161" y="292"/>
<point x="212" y="292"/>
</points>
</Connector>
<Connector class="oracle.dbtools.crest.swingui.relational.TVFKRelation" oid="674A6D79-8C0E-C350-CD7C-BF65DB7BF347" otype="FKIndexAssociation" vid_source="1545A097-063C-F9F3-8578-AFD3460E79AB" vid_target="0C693058-30A0-C2CB-96E3-2E7AD18EA544">
<hideElementsInCurrentOnly>false</hideElementsInCurrentOnly>
<lineWidth>1</lineWidth>
<points>
<point x="355" y="442"/>
<point x="355" y="419"/>
</points>
</Connector>
<Connector class="oracle.dbtools.crest.swingui.relational.TVFKRelation" oid="6B21941A-EDF2-C762-CDD4-F748A239F962" otype="FKIndexAssociation" vid_source="303E728A-8EBC-23EF-8CFA-C9EABBA3C610" vid_target="FF52317B-5BA8-65E6-1693-E7076EF812FD">
<hideElementsInCurrentOnly>false</hideElementsInCurrentOnly>
<lineWidth>1</lineWidth>
<points>
<point x="438" y="168"/>
<point x="388" y="168"/>
</points>
</Connector>
<Connector class="oracle.dbtools.crest.swingui.relational.TVFKRelation" oid="71DB4D2B-0972-6AED-1C43-EEED3849D199" otype="FKIndexAssociation" vid_source="303E728A-8EBC-23EF-8CFA-C9EABBA3C610" vid_target="F88BCED6-BD77-B2AD-3620-A924F3C086D4">
<hideElementsInCurrentOnly>false</hideElementsInCurrentOnly>
<lineWidth>1</lineWidth>
<points>
<point x="438" y="113"/>
<point x="357" y="113"/>
</points>
</Connector>
<Connector class="oracle.dbtools.crest.swingui.relational.TVFKRelation" oid="74D0703F-9C18-8C3F-E7F7-DA8E57E586EF" otype="FKIndexAssociation" vid_source="F66885CB-764D-C420-8F66-DD0721B35A53" vid_target="F88BCED6-BD77-B2AD-3620-A924F3C086D4">
<hideElementsInCurrentOnly>false</hideElementsInCurrentOnly>
<lineWidth>1</lineWidth>
<points>
<point x="161" y="84"/>
<point x="196" y="84"/>
</points>
</Connector>
<Connector class="oracle.dbtools.crest.swingui.relational.TVFKRelation" oid="87FD4E86-0EA7-F333-6912-F839EDC3EFE7" otype="FKIndexAssociation" vid_source="F66885CB-764D-C420-8F66-DD0721B35A53" vid_target="FF52317B-5BA8-65E6-1693-E7076EF812FD">
<hideElementsInCurrentOnly>false</hideElementsInCurrentOnly>
<lineWidth>1</lineWidth>
<points>
<point x="161" y="188"/>
<point x="233" y="188"/>
</points>
</Connector>
<Connector class="oracle.dbtools.crest.swingui.relational.TVFKRelation" oid="8AFB9178-D6A7-0A02-DBC1-AA908404B922" otype="FKIndexAssociation" vid_source="C4731022-A123-2F68-D718-141107038CAD" vid_target="1545A097-063C-F9F3-8578-AFD3460E79AB">
<hideElementsInCurrentOnly>false</hideElementsInCurrentOnly>
<lineWidth>1</lineWidth>
<points>
<point x="432" y="418"/>
<point x="432" y="442"/>
</points>
</Connector>
<Connector class="oracle.dbtools.crest.swingui.relational.TVFKRelation" oid="96D64DD7-42A6-25AB-C763-4F06E411C6A5" otype="FKIndexAssociation" vid_source="26D73561-22A2-CC8F-3951-F77B9A360374" vid_target="3728971C-9C2A-44C5-011D-BC7045CA2321">
<hideElementsInCurrentOnly>false</hideElementsInCurrentOnly>
<lineWidth>1</lineWidth>
<points>
<point x="89" y="360"/>
<point x="89" y="388"/>
</points>
</Connector>
<Connector class="oracle.dbtools.crest.swingui.relational.TVFKRelation" oid="C5DFFF89-22C1-25EF-9D40-BB39D7F875DC" otype="FKIndexAssociation" vid_source="C4731022-A123-2F68-D718-141107038CAD" vid_target="4A835A52-E882-7C95-B985-BBD844020A22">
<hideElementsInCurrentOnly>false</hideElementsInCurrentOnly>
<lineWidth>1</lineWidth>
<points>
<point x="544" y="305"/>
<point x="602" y="305"/>
</points>
</Connector>
<Connector class="oracle.dbtools.crest.swingui.relational.TVFKRelation" oid="C6DF6768-43E2-C85D-5E7D-AA8189CFF92C" otype="FKIndexAssociation" vid_source="C4731022-A123-2F68-D718-141107038CAD" vid_target="8D135613-026C-3BAA-80E0-253CEC587BC3">
<hideElementsInCurrentOnly>false</hideElementsInCurrentOnly>
<lineWidth>1</lineWidth>
<points>
<point x="394" y="293"/>
<point x="355" y="293"/>
</points>
</Connector>
<Connector class="oracle.dbtools.crest.swingui.relational.TVFKRelation" oid="CBCE785D-B48D-FFAC-A6F0-59D99EFEB7D6" otype="FKIndexAssociation" vid_source="C4731022-A123-2F68-D718-141107038CAD" vid_target="A6794E28-4F90-2D78-5F8C-D0FECFE396F3">
<hideElementsInCurrentOnly>false</hideElementsInCurrentOnly>
<lineWidth>1</lineWidth>
<points>
<point x="544" y="393"/>
<point x="583" y="393"/>
</points>
</Connector>
<Connector class="oracle.dbtools.crest.swingui.relational.TVFKRelation" oid="D43EA52E-8193-45A3-ABDE-AB61F02DB110" otype="FKIndexAssociation" vid_source="713417D4-55DE-0578-C4AB-738B0F4A5FB8" vid_target="3EBD6957-9EF1-673A-F72F-5D4A1C61743B">
<hideElementsInCurrentOnly>false</hideElementsInCurrentOnly>
<lineWidth>1</lineWidth>
<points>
<point x="577" y="34"/>
<point x="522" y="34"/>
</points>
</Connector>
<Connector class="oracle.dbtools.crest.swingui.relational.TVFKRelation" oid="EB6570EC-4849-DFAE-8C58-1B15AC17F0BA" otype="FKIndexAssociation" vid_source="F3F76B9C-822C-6399-FE6B-90D1B3D7CCB9" vid_target="4A835A52-E882-7C95-B985-BBD844020A22">
<hideElementsInCurrentOnly>false</hideElementsInCurrentOnly>
<lineWidth>1</lineWidth>
<points>
<point x="661" y="218"/>
<point x="661" y="247"/>
</points>
</Connector>
</connectors>
</Diagram>