<?xml version = '1.0' encoding = 'UTF-8'?>
<FKIndexAssociation class="oracle.dbtools.crest.model.design.relational.FKIndexAssociation" directorySegmentName="seg_0" id="38E0BCDB-57DB-48F4-0B7C-91ECFDD1216F" containerWithKeyObject="3283714A-F612-C1D4-D96A-FBDB528D94D8" localFKIndex="14F3A10E-5A13-9718-CD1B-639497C312EA" name="prod_offers_discounts_FK">
<createdBy>marinfotache</createdBy>
<createdTime>2018-10-26 05:14:48 UTC</createdTime>
<generatorID>2E93AE36-DAEA-444A-3562-80B7E4E067EB</generatorID>
<ownerDesignName>07b_product_bought_product_offered</ownerDesignName>
<referredTableLongName>discounts</referredTableLongName>
<deleteRule>NO ACTION</deleteRule>
<referredTableID>84BBA1DC-F4B2-9537-6E04-C5708CB45204</referredTableID>
<keyObject>EC4851DD-4A81-42A1-20E8-AC55FB1E8B3D</keyObject>
<referredKeyID>EC4851DD-4A81-42A1-20E8-AC55FB1E8B3D</referredKeyID>
<mandatory>true</mandatory>
<refColNames>discount_id</refColNames>
<transferable>true</transferable>
<rely>false</rely>
<columnDependencyConstraintGenerateInDDL>true</columnDependencyConstraintGenerateInDDL>
</FKIndexAssociation>