<?xml version = '1.0' encoding = 'UTF-8'?>
<FKIndexAssociation class="oracle.dbtools.crest.model.design.relational.FKIndexAssociation" directorySegmentName="seg_0" id="3C6EB78A-7444-7F8D-1A02-6E52284EBD40" containerWithKeyObject="7482650B-4911-EAD0-DD0B-5ED1A6746E24" localFKIndex="6FCA2A02-1A62-74CC-0A22-7BD38BC2927C" name="refused_products_refusals_FK">
<createdBy>marinfotache</createdBy>
<createdTime>2018-10-26 05:14:48 UTC</createdTime>
<generatorID>8616D814-14C5-793F-6448-01B5887F92E3</generatorID>
<ownerDesignName>07b_product_bought_product_offered</ownerDesignName>
<referredTableLongName>refusals</referredTableLongName>
<deleteRule>NO ACTION</deleteRule>
<referredTableID>D380AB1F-6501-9082-C000-84F71F28EE79</referredTableID>
<keyObject>4352B96B-53E4-233C-7A0E-1BDE6F758A77</keyObject>
<referredKeyID>4352B96B-53E4-233C-7A0E-1BDE6F758A77</referredKeyID>
<mandatory>true</mandatory>
<refColNames>refusal_id</refColNames>
<transferable>true</transferable>
<rely>false</rely>
<columnDependencyConstraintGenerateInDDL>true</columnDependencyConstraintGenerateInDDL>
</FKIndexAssociation>