<?xml version = '1.0' encoding = 'UTF-8'?>
<FKIndexAssociation class="oracle.dbtools.crest.model.design.relational.FKIndexAssociation" directorySegmentName="seg_0" id="3F05DCEB-C308-3BEE-9B63-02520CF43173" containerWithKeyObject="890B537C-E42C-EA3A-4520-1F61C7D6DAA8" localFKIndex="149E0001-89F8-425B-EBA8-C814AF0ACF11" name="invoice_details_prod_offers_FK">
<createdBy>marinfotache</createdBy>
<createdTime>2018-10-26 05:14:48 UTC</createdTime>
<generatorID>D6C4E417-1A40-1732-05FF-E8BF674B815E</generatorID>
<ownerDesignName>07b_product_bought_product_offered</ownerDesignName>
<referredTableLongName>prod_offers</referredTableLongName>
<deleteRule>NO ACTION</deleteRule>
<referredTableID>3283714A-F612-C1D4-D96A-FBDB528D94D8</referredTableID>
<keyObject>344EA0F4-5FB8-BBA2-2160-EB870C8AB2B4</keyObject>
<referredKeyID>344EA0F4-5FB8-BBA2-2160-EB870C8AB2B4</referredKeyID>
<mandatory>false</mandatory>
<refColNames>discounts_discount_id,products_product_id,products_product_id1</refColNames>
<transferable>true</transferable>
<rely>false</rely>
<columnDependencyConstraintGenerateInDDL>true</columnDependencyConstraintGenerateInDDL>
</FKIndexAssociation>