<?xml version = '1.0' encoding = 'UTF-8'?>
<FKIndexAssociation class="oracle.dbtools.crest.model.design.relational.FKIndexAssociation" directorySegmentName="seg_0" id="4ADD7AF8-06B5-CAEA-FAA8-C797A7AE9E26" containerWithKeyObject="7482650B-4911-EAD0-DD0B-5ED1A6746E24" localFKIndex="B65671FF-C8E5-81DF-06A2-A2EABA00356F" name="refused_products_products_FK">
<createdBy>marinfotache</createdBy>
<createdTime>2018-10-26 05:14:48 UTC</createdTime>
<generatorID>8C27B7DD-45FA-8245-524F-9A753EC7EF80</generatorID>
<ownerDesignName>07b_product_bought_product_offered</ownerDesignName>
<referredTableLongName>products</referredTableLongName>
<deleteRule>NO ACTION</deleteRule>
<referredTableID>62AE277B-052F-E1A6-6F86-7F13A5387206</referredTableID>
<keyObject>FBFB3E7C-CCDD-105D-2FDB-483B4973EC4D</keyObject>
<referredKeyID>FBFB3E7C-CCDD-105D-2FDB-483B4973EC4D</referredKeyID>
<mandatory>true</mandatory>
<refColNames>product_id</refColNames>
<transferable>true</transferable>
<rely>false</rely>
<columnDependencyConstraintGenerateInDDL>true</columnDependencyConstraintGenerateInDDL>
</FKIndexAssociation>