<?xml version = '1.0' encoding = 'UTF-8'?>
<FKIndexAssociation class="oracle.dbtools.crest.model.design.relational.FKIndexAssociation" directorySegmentName="seg_0" id="4C0D4329-DE09-BB6D-89E9-CCE8B962B62A" containerWithKeyObject="009D7D6F-6131-45F0-F986-F5087AA6CFBA" localFKIndex="F24B4835-B927-FDE7-27A7-D075DD9382CF" name="range_of_value_discounts_FK">
<createdBy>marinfotache</createdBy>
<createdTime>2018-10-26 05:14:48 UTC</createdTime>
<generatorID>F7F57D20-49DE-D040-9052-2C303185665D</generatorID>
<ownerDesignName>07b_product_bought_product_offered</ownerDesignName>
<referredTableLongName>discounts</referredTableLongName>
<deleteRule>NO ACTION</deleteRule>
<referredTableID>84BBA1DC-F4B2-9537-6E04-C5708CB45204</referredTableID>
<keyObject>EC4851DD-4A81-42A1-20E8-AC55FB1E8B3D</keyObject>
<referredKeyID>EC4851DD-4A81-42A1-20E8-AC55FB1E8B3D</referredKeyID>
<mandatory>true</mandatory>
<refColNames>discount_id</refColNames>
<transferable>true</transferable>
<rely>false</rely>
<columnDependencyConstraintGenerateInDDL>true</columnDependencyConstraintGenerateInDDL>
</FKIndexAssociation>