<?xml version = '1.0' encoding = 'UTF-8'?>
<FKIndexAssociation class="oracle.dbtools.crest.model.design.relational.FKIndexAssociation" directorySegmentName="seg_0" id="4CFC51F8-0A33-9673-2941-E5AD604F2AD1" containerWithKeyObject="3824A08F-FCC1-BED9-6619-77072DA4B2EF" localFKIndex="5954C7E3-8921-E4E7-0653-4BBB241BBCF8" name="current_contacts_people_FK">
<createdBy>marinfotache</createdBy>
<createdTime>2018-10-26 05:14:48 UTC</createdTime>
<generatorID>6F42A286-0894-7836-2315-203EE65990C9</generatorID>
<ownerDesignName>07b_product_bought_product_offered</ownerDesignName>
<referredTableLongName>people</referredTableLongName>
<deleteRule>NO ACTION</deleteRule>
<referredTableID>7288364C-924F-983B-5CC8-1E9C5E16BF59</referredTableID>
<keyObject>CAE2A725-F658-2A7C-95F1-4CA693F73C61</keyObject>
<referredKeyID>CAE2A725-F658-2A7C-95F1-4CA693F73C61</referredKeyID>
<mandatory>true</mandatory>
<refColNames>pers_id</refColNames>
<transferable>true</transferable>
<rely>false</rely>
<columnDependencyConstraintGenerateInDDL>true</columnDependencyConstraintGenerateInDDL>
</FKIndexAssociation>