<?xml version = '1.0' encoding = 'UTF-8'?>
<FKIndexAssociation class="oracle.dbtools.crest.model.design.relational.FKIndexAssociation" directorySegmentName="seg_0" id="4D6E586C-A1F4-5A9A-F1CE-13396705734D" containerWithKeyObject="964A262A-6CBC-0644-6C5C-8163261BE6C3" localFKIndex="67AA67F0-6872-34C2-2B6E-3FC22D30561D" name="product_montly_stats_products_FK">
<createdBy>marinfotache</createdBy>
<createdTime>2018-10-26 05:14:48 UTC</createdTime>
<generatorID>08EB082B-1F6E-B511-CB1F-66F5D235BF07</generatorID>
<ownerDesignName>07b_product_bought_product_offered</ownerDesignName>
<referredTableLongName>products</referredTableLongName>
<deleteRule>NO ACTION</deleteRule>
<referredTableID>62AE277B-052F-E1A6-6F86-7F13A5387206</referredTableID>
<keyObject>FBFB3E7C-CCDD-105D-2FDB-483B4973EC4D</keyObject>
<referredKeyID>FBFB3E7C-CCDD-105D-2FDB-483B4973EC4D</referredKeyID>
<mandatory>true</mandatory>
<refColNames>product_id</refColNames>
<transferable>true</transferable>
<rely>false</rely>
<columnDependencyConstraintGenerateInDDL>true</columnDependencyConstraintGenerateInDDL>
</FKIndexAssociation>