<?xml version = '1.0' encoding = 'UTF-8'?>
<FKIndexAssociation class="oracle.dbtools.crest.model.design.relational.FKIndexAssociation" directorySegmentName="seg_0" id="4EABCFDD-A0BE-B083-6903-AD00F795A8EE" containerWithKeyObject="964A262A-6CBC-0644-6C5C-8163261BE6C3" localFKIndex="8E1042EA-5F97-AEF8-A51A-4AED289AB1FF" name="product_montly_stats_months_FK">
<createdBy>marinfotache</createdBy>
<createdTime>2018-10-26 05:14:48 UTC</createdTime>
<generatorID>AA5D1984-FB1D-A844-1D48-1557DD1B109A</generatorID>
<ownerDesignName>07b_product_bought_product_offered</ownerDesignName>
<referredTableLongName>months</referredTableLongName>
<deleteRule>NO ACTION</deleteRule>
<referredTableID>37B76D0C-C705-351C-5719-5DF0FDBCE41E</referredTableID>
<keyObject>9CA51E55-0156-F2AB-D594-5F8161305FA6</keyObject>
<referredKeyID>9CA51E55-0156-F2AB-D594-5F8161305FA6</referredKeyID>
<mandatory>true</mandatory>
<refColNames>year,month</refColNames>
<transferable>true</transferable>
<rely>false</rely>
<columnDependencyConstraintGenerateInDDL>true</columnDependencyConstraintGenerateInDDL>
</FKIndexAssociation>