<?xml version = '1.0' encoding = 'UTF-8'?>
<FKIndexAssociation class="oracle.dbtools.crest.model.design.relational.FKIndexAssociation" directorySegmentName="seg_0" id="58E2B3DF-1639-C444-6C1A-ED0937E9EE5B" containerWithKeyObject="27D4D0C0-CBF7-7958-B78D-9741B1B6D5D6" localFKIndex="A949B661-A456-DF1E-D1E6-858CDE226B87" name="invoices_discounts_FK">
<createdBy>marinfotache</createdBy>
<createdTime>2018-10-26 05:14:48 UTC</createdTime>
<generatorID>8D0FBF94-2DE7-519F-98AE-5140D0EC8001</generatorID>
<ownerDesignName>07b_product_bought_product_offered</ownerDesignName>
<referredTableLongName>discounts</referredTableLongName>
<deleteRule>NO ACTION</deleteRule>
<referredTableID>84BBA1DC-F4B2-9537-6E04-C5708CB45204</referredTableID>
<keyObject>EC4851DD-4A81-42A1-20E8-AC55FB1E8B3D</keyObject>
<referredKeyID>EC4851DD-4A81-42A1-20E8-AC55FB1E8B3D</referredKeyID>
<mandatory>true</mandatory>
<refColNames>discount_id</refColNames>
<transferable>true</transferable>
<rely>false</rely>
<columnDependencyConstraintGenerateInDDL>true</columnDependencyConstraintGenerateInDDL>
</FKIndexAssociation>