<?xml version = '1.0' encoding = 'UTF-8'?>
<FKIndexAssociation class="oracle.dbtools.crest.model.design.relational.FKIndexAssociation" directorySegmentName="seg_0" id="62553491-8089-C780-7B7C-E8AD18C54068" containerWithKeyObject="7288364C-924F-983B-5CC8-1E9C5E16BF59" localFKIndex="9757E39C-23C8-F21E-FC37-F65F802411F5" name="people_postal_codes_FK">
<createdBy>marinfotache</createdBy>
<createdTime>2018-10-26 05:14:48 UTC</createdTime>
<generatorID>8C1FC7B8-6660-31CC-55EE-8BE19F7D8F4F</generatorID>
<ownerDesignName>07b_product_bought_product_offered</ownerDesignName>
<referredTableLongName>postal_codes</referredTableLongName>
<deleteRule>NO ACTION</deleteRule>
<referredTableID>88BB1177-5EC0-5145-F11A-EF7EDF06FC63</referredTableID>
<keyObject>D3808948-69BB-8C51-4310-1F9CA551D5E6</keyObject>
<referredKeyID>D3808948-69BB-8C51-4310-1F9CA551D5E6</referredKeyID>
<mandatory>false</mandatory>
<refColNames>post_code</refColNames>
<transferable>true</transferable>
<rely>false</rely>
<columnDependencyConstraintGenerateInDDL>true</columnDependencyConstraintGenerateInDDL>
</FKIndexAssociation>