<?xml version = '1.0' encoding = 'UTF-8'?>
<FKIndexAssociation class="oracle.dbtools.crest.model.design.relational.FKIndexAssociation" directorySegmentName="seg_0" id="71EDC668-18EA-9134-2C30-F06A416358F9" containerWithKeyObject="890B537C-E42C-EA3A-4520-1F61C7D6DAA8" localFKIndex="F896B6BC-FB6C-0077-D661-26C62530ED41" name="invoice_details_invoices_FK">
<createdBy>marinfotache</createdBy>
<createdTime>2018-10-26 05:14:48 UTC</createdTime>
<generatorID>FDA6341C-BE50-5CE3-3821-644B4FD1FDCC</generatorID>
<ownerDesignName>07b_product_bought_product_offered</ownerDesignName>
<referredTableLongName>invoices</referredTableLongName>
<deleteRule>NO ACTION</deleteRule>
<referredTableID>27D4D0C0-CBF7-7958-B78D-9741B1B6D5D6</referredTableID>
<keyObject>17562899-F264-1BE4-0E4C-E0F816869E86</keyObject>
<referredKeyID>17562899-F264-1BE4-0E4C-E0F816869E86</referredKeyID>
<mandatory>true</mandatory>
<refColNames>invoice_id</refColNames>
<transferable>true</transferable>
<rely>false</rely>
<columnDependencyConstraintGenerateInDDL>true</columnDependencyConstraintGenerateInDDL>
</FKIndexAssociation>