<?xml version = '1.0' encoding = 'UTF-8'?>
<FKIndexAssociation class="oracle.dbtools.crest.model.design.relational.FKIndexAssociation" directorySegmentName="seg_0" id="749A6443-7507-59F0-2190-8D27AFCDB561" containerWithKeyObject="09ADC6C0-32CC-FD61-E546-E71A8429AC66" localFKIndex="14F716D0-AF23-2568-91E6-E5767C5C15EE" name="customers_postal_codes_FK">
<createdBy>marinfotache</createdBy>
<createdTime>2018-10-26 05:14:48 UTC</createdTime>
<generatorID>041CAC65-CEE4-CBF4-1D2E-12DF8E5B7D4E</generatorID>
<ownerDesignName>07b_product_bought_product_offered</ownerDesignName>
<referredTableLongName>postal_codes</referredTableLongName>
<deleteRule>NO ACTION</deleteRule>
<referredTableID>88BB1177-5EC0-5145-F11A-EF7EDF06FC63</referredTableID>
<keyObject>D3808948-69BB-8C51-4310-1F9CA551D5E6</keyObject>
<referredKeyID>D3808948-69BB-8C51-4310-1F9CA551D5E6</referredKeyID>
<mandatory>true</mandatory>
<refColNames>post_code</refColNames>
<transferable>true</transferable>
<rely>false</rely>
<columnDependencyConstraintGenerateInDDL>true</columnDependencyConstraintGenerateInDDL>
</FKIndexAssociation>