<?xml version = '1.0' encoding = 'UTF-8'?>
<FKIndexAssociation class="oracle.dbtools.crest.model.design.relational.FKIndexAssociation" directorySegmentName="seg_0" id="81A1C23F-02F4-0127-66F2-361F15C52433" containerWithKeyObject="27D4D0C0-CBF7-7958-B78D-9741B1B6D5D6" localFKIndex="16C97763-36AD-0E45-32FF-636B6876A4E1" name="invoices_customers_FK">
<createdBy>marinfotache</createdBy>
<createdTime>2018-10-26 05:14:48 UTC</createdTime>
<generatorID>3887E4B0-99D7-4D22-8E5D-DB276E64F678</generatorID>
<ownerDesignName>07b_product_bought_product_offered</ownerDesignName>
<referredTableLongName>customers</referredTableLongName>
<deleteRule>NO ACTION</deleteRule>
<referredTableID>09ADC6C0-32CC-FD61-E546-E71A8429AC66</referredTableID>
<keyObject>73F93702-A7BE-A667-466E-BD0BF3BF3FC6</keyObject>
<referredKeyID>73F93702-A7BE-A667-466E-BD0BF3BF3FC6</referredKeyID>
<mandatory>true</mandatory>
<refColNames>cust_id</refColNames>
<transferable>true</transferable>
<rely>false</rely>
<columnDependencyConstraintGenerateInDDL>true</columnDependencyConstraintGenerateInDDL>
</FKIndexAssociation>