<?xml version = '1.0' encoding = 'UTF-8'?>
<FKIndexAssociation class="oracle.dbtools.crest.model.design.relational.FKIndexAssociation" directorySegmentName="seg_0" id="87FDB1DB-12C7-9629-6148-07166BFFBF89" containerWithKeyObject="88BB1177-5EC0-5145-F11A-EF7EDF06FC63" localFKIndex="4D577884-6883-9340-F19E-80BA9F2FE1F1" name="postal_codes_counties_FK">
<createdBy>marinfotache</createdBy>
<createdTime>2018-10-26 05:14:48 UTC</createdTime>
<generatorID>D42DE3C4-CE63-CA76-6A11-59ADAADC375E</generatorID>
<ownerDesignName>07b_product_bought_product_offered</ownerDesignName>
<referredTableLongName>counties</referredTableLongName>
<deleteRule>NO ACTION</deleteRule>
<referredTableID>FE266567-D822-61FD-4694-29F2A744915D</referredTableID>
<keyObject>347C4F14-B81E-4F56-7500-13A798C81B6C</keyObject>
<referredKeyID>347C4F14-B81E-4F56-7500-13A798C81B6C</referredKeyID>
<mandatory>true</mandatory>
<refColNames>county_code</refColNames>
<transferable>true</transferable>
<rely>false</rely>
<columnDependencyConstraintGenerateInDDL>true</columnDependencyConstraintGenerateInDDL>
</FKIndexAssociation>