<?xml version = '1.0' encoding = 'UTF-8'?>
<FKIndexAssociation class="oracle.dbtools.crest.model.design.relational.FKIndexAssociation" directorySegmentName="seg_0" id="A380D0B9-7A52-E1A1-AECD-F2B6AA1BB148" containerWithKeyObject="F9BBFED6-D2EC-AAFC-5000-9FAFD641EA89" localFKIndex="913B1791-CF08-0560-A513-4EC8978F1B0E" name="receipt_details_invoices_FK">
<createdBy>marinfotache</createdBy>
<createdTime>2018-10-26 05:14:48 UTC</createdTime>
<generatorID>BFF71C8D-60AE-DDB3-E312-B35FE343EFE9</generatorID>
<ownerDesignName>07b_product_bought_product_offered</ownerDesignName>
<referredTableLongName>invoices</referredTableLongName>
<deleteRule>NO ACTION</deleteRule>
<referredTableID>27D4D0C0-CBF7-7958-B78D-9741B1B6D5D6</referredTableID>
<keyObject>17562899-F264-1BE4-0E4C-E0F816869E86</keyObject>
<referredKeyID>17562899-F264-1BE4-0E4C-E0F816869E86</referredKeyID>
<mandatory>true</mandatory>
<refColNames>invoice_id</refColNames>
<transferable>true</transferable>
<rely>false</rely>
<columnDependencyConstraintGenerateInDDL>true</columnDependencyConstraintGenerateInDDL>
</FKIndexAssociation>