<?xml version = '1.0' encoding = 'UTF-8'?>
<FKIndexAssociation class="oracle.dbtools.crest.model.design.relational.FKIndexAssociation" directorySegmentName="seg_0" id="AECE145C-72D5-28D1-9988-2117E17D5A1C" containerWithKeyObject="3824A08F-FCC1-BED9-6619-77072DA4B2EF" localFKIndex="A91CF00E-19BA-4B9A-CFFC-3FD148965BEB" name="current_contacts_customers_FK">
<createdBy>marinfotache</createdBy>
<createdTime>2018-10-26 05:14:48 UTC</createdTime>
<generatorID>C8A70461-C856-4D8C-9F97-C9F252DDEE62</generatorID>
<ownerDesignName>07b_product_bought_product_offered</ownerDesignName>
<referredTableLongName>customers</referredTableLongName>
<deleteRule>NO ACTION</deleteRule>
<referredTableID>09ADC6C0-32CC-FD61-E546-E71A8429AC66</referredTableID>
<keyObject>73F93702-A7BE-A667-466E-BD0BF3BF3FC6</keyObject>
<referredKeyID>73F93702-A7BE-A667-466E-BD0BF3BF3FC6</referredKeyID>
<mandatory>true</mandatory>
<refColNames>cust_id</refColNames>
<transferable>true</transferable>
<rely>false</rely>
<columnDependencyConstraintGenerateInDDL>true</columnDependencyConstraintGenerateInDDL>
</FKIndexAssociation>