<?xml version = '1.0' encoding = 'UTF-8'?>
<FKIndexAssociation class="oracle.dbtools.crest.model.design.relational.FKIndexAssociation" directorySegmentName="seg_0" id="B2D54391-E6ED-C9DE-C4F7-2B0F11252A99" containerWithKeyObject="3283714A-F612-C1D4-D96A-FBDB528D94D8" localFKIndex="43167658-6A18-50BA-B62A-0A8FFF2DB0B1" name="prod_offers_products_FKv2">
<createdBy>marinfotache</createdBy>
<createdTime>2018-10-26 05:14:48 UTC</createdTime>
<generatorID>8EA6E4FF-1A89-1011-48AA-DEA3B1D97871</generatorID>
<ownerDesignName>07b_product_bought_product_offered</ownerDesignName>
<referredTableLongName>products</referredTableLongName>
<deleteRule>NO ACTION</deleteRule>
<referredTableID>62AE277B-052F-E1A6-6F86-7F13A5387206</referredTableID>
<keyObject>FBFB3E7C-CCDD-105D-2FDB-483B4973EC4D</keyObject>
<referredKeyID>FBFB3E7C-CCDD-105D-2FDB-483B4973EC4D</referredKeyID>
<mandatory>true</mandatory>
<refColNames>product_id</refColNames>
<transferable>true</transferable>
<rely>false</rely>
<columnDependencyConstraintGenerateInDDL>true</columnDependencyConstraintGenerateInDDL>
</FKIndexAssociation>