<?xml version = '1.0' encoding = 'UTF-8'?>
<FKIndexAssociation class="oracle.dbtools.crest.model.design.relational.FKIndexAssociation" directorySegmentName="seg_0" id="B65A4A3A-C094-3CB1-9E94-DDB90525BC03" containerWithKeyObject="D380AB1F-6501-9082-C000-84F71F28EE79" localFKIndex="1ADABFFB-016A-E079-76B7-ADC2F2FD14D4" name="refusals_invoices_FK">
<createdBy>marinfotache</createdBy>
<createdTime>2018-10-26 05:14:47 UTC</createdTime>
<generatorID>E7FFA077-44AC-87FA-065E-BFAA11FE6881</generatorID>
<ownerDesignName>07b_product_bought_product_offered</ownerDesignName>
<referredTableLongName>invoices</referredTableLongName>
<deleteRule>NO ACTION</deleteRule>
<referredTableID>27D4D0C0-CBF7-7958-B78D-9741B1B6D5D6</referredTableID>
<keyObject>17562899-F264-1BE4-0E4C-E0F816869E86</keyObject>
<referredKeyID>17562899-F264-1BE4-0E4C-E0F816869E86</referredKeyID>
<mandatory>true</mandatory>
<refColNames>invoice_id</refColNames>
<transferable>true</transferable>
<rely>false</rely>
<columnDependencyConstraintGenerateInDDL>true</columnDependencyConstraintGenerateInDDL>
</FKIndexAssociation>