<?xml version = '1.0' encoding = 'UTF-8'?>
<FKIndexAssociation class="oracle.dbtools.crest.model.design.relational.FKIndexAssociation" directorySegmentName="seg_0" id="B7BB2F5E-857F-C288-8D01-2BD1F640795F" containerWithKeyObject="A53D8904-1885-2F8D-FCA4-F9641205C661" localFKIndex="1E8BA020-45D8-DD34-E333-79459A816FC7" name="former_contacts_customers_FK">
<createdBy>marinfotache</createdBy>
<createdTime>2018-10-26 05:14:48 UTC</createdTime>
<generatorID>34A37B5B-544C-2D89-9AA4-162A2F3AA375</generatorID>
<ownerDesignName>07b_product_bought_product_offered</ownerDesignName>
<referredTableLongName>customers</referredTableLongName>
<deleteRule>NO ACTION</deleteRule>
<referredTableID>09ADC6C0-32CC-FD61-E546-E71A8429AC66</referredTableID>
<keyObject>73F93702-A7BE-A667-466E-BD0BF3BF3FC6</keyObject>
<referredKeyID>73F93702-A7BE-A667-466E-BD0BF3BF3FC6</referredKeyID>
<mandatory>true</mandatory>
<refColNames>cust_id</refColNames>
<transferable>true</transferable>
<rely>false</rely>
<columnDependencyConstraintGenerateInDDL>true</columnDependencyConstraintGenerateInDDL>
</FKIndexAssociation>