<?xml version = '1.0' encoding = 'UTF-8'?>
<FKIndexAssociation class="oracle.dbtools.crest.model.design.relational.FKIndexAssociation" directorySegmentName="seg_0" id="CE2B7349-7276-304E-F688-41A3BE3B2288" containerWithKeyObject="F9BBFED6-D2EC-AAFC-5000-9FAFD641EA89" localFKIndex="5BBA37C8-B4CC-A4C1-B6DB-971A7CBDAE47" name="receipt_details_receipts_FK">
<createdBy>marinfotache</createdBy>
<createdTime>2018-10-26 05:14:48 UTC</createdTime>
<generatorID>3DC8AEB8-57D3-AFB7-FCE8-7F08DCC93164</generatorID>
<ownerDesignName>07b_product_bought_product_offered</ownerDesignName>
<referredTableLongName>receipts</referredTableLongName>
<deleteRule>NO ACTION</deleteRule>
<referredTableID>1B176229-33E8-EEF2-6A7F-5F694814EB96</referredTableID>
<keyObject>81CA49C2-B335-D56F-EB24-00E816705574</keyObject>
<referredKeyID>81CA49C2-B335-D56F-EB24-00E816705574</referredKeyID>
<mandatory>true</mandatory>
<refColNames>receipt_id</refColNames>
<transferable>true</transferable>
<rely>false</rely>
<columnDependencyConstraintGenerateInDDL>true</columnDependencyConstraintGenerateInDDL>
</FKIndexAssociation>