<?xml version = '1.0' encoding = 'UTF-8'?>
<FKIndexAssociation class="oracle.dbtools.crest.model.design.relational.FKIndexAssociation" directorySegmentName="seg_0" id="CF4FA0A1-DF84-8634-2368-26EFC36A1108" containerWithKeyObject="890B537C-E42C-EA3A-4520-1F61C7D6DAA8" localFKIndex="9C3B8581-96A2-3CB2-C431-C0AE39597418" name="invoice_details_products_FK">
<createdBy>marinfotache</createdBy>
<createdTime>2018-10-26 05:14:48 UTC</createdTime>
<generatorID>A29855C0-B8E0-9AB1-939F-006BD29DD707</generatorID>
<ownerDesignName>07b_product_bought_product_offered</ownerDesignName>
<referredTableLongName>products</referredTableLongName>
<deleteRule>NO ACTION</deleteRule>
<referredTableID>62AE277B-052F-E1A6-6F86-7F13A5387206</referredTableID>
<keyObject>FBFB3E7C-CCDD-105D-2FDB-483B4973EC4D</keyObject>
<referredKeyID>FBFB3E7C-CCDD-105D-2FDB-483B4973EC4D</referredKeyID>
<mandatory>true</mandatory>
<refColNames>product_id</refColNames>
<transferable>true</transferable>
<rely>false</rely>
<columnDependencyConstraintGenerateInDDL>true</columnDependencyConstraintGenerateInDDL>
</FKIndexAssociation>