<?xml version = '1.0' encoding = 'UTF-8'?>
<FKIndexAssociation class="oracle.dbtools.crest.model.design.relational.FKIndexAssociation" directorySegmentName="seg_0" id="DBB82863-ED23-5616-39D8-B9F627D28D2D" containerWithKeyObject="A53D8904-1885-2F8D-FCA4-F9641205C661" localFKIndex="469383ED-90C2-CAF0-47FE-D68A48845CA1" name="former_contacts_people_FK">
<createdBy>marinfotache</createdBy>
<createdTime>2018-10-26 05:14:48 UTC</createdTime>
<generatorID>B4FE6DAF-4B3F-DC93-501E-907D8D4A2E0D</generatorID>
<ownerDesignName>07b_product_bought_product_offered</ownerDesignName>
<referredTableLongName>people</referredTableLongName>
<deleteRule>NO ACTION</deleteRule>
<referredTableID>7288364C-924F-983B-5CC8-1E9C5E16BF59</referredTableID>
<keyObject>CAE2A725-F658-2A7C-95F1-4CA693F73C61</keyObject>
<referredKeyID>CAE2A725-F658-2A7C-95F1-4CA693F73C61</referredKeyID>
<mandatory>true</mandatory>
<refColNames>pers_id</refColNames>
<transferable>true</transferable>
<rely>false</rely>
<columnDependencyConstraintGenerateInDDL>true</columnDependencyConstraintGenerateInDDL>
</FKIndexAssociation>