<?xml version = '1.0' encoding = 'UTF-8'?>
<FKIndexAssociation class="oracle.dbtools.crest.model.design.relational.FKIndexAssociation" directorySegmentName="seg_0" id="F0D02C1D-254F-9589-D7DF-EEE88AA7652D" containerWithKeyObject="F99840DB-C15E-CB67-8DFA-B0B04CA24291" localFKIndex="A04D1B1E-FB17-DB88-CCA7-10AFAC515F41" name="customer_montly_stats_customers_FK">
<createdBy>marinfotache</createdBy>
<createdTime>2018-10-26 05:14:48 UTC</createdTime>
<generatorID>58D22822-17DE-E93C-8D0C-0080DAFE466C</generatorID>
<ownerDesignName>07b_product_bought_product_offered</ownerDesignName>
<referredTableLongName>customers</referredTableLongName>
<deleteRule>NO ACTION</deleteRule>
<referredTableID>09ADC6C0-32CC-FD61-E546-E71A8429AC66</referredTableID>
<keyObject>73F93702-A7BE-A667-466E-BD0BF3BF3FC6</keyObject>
<referredKeyID>73F93702-A7BE-A667-466E-BD0BF3BF3FC6</referredKeyID>
<mandatory>true</mandatory>
<refColNames>cust_id</refColNames>
<transferable>true</transferable>
<rely>false</rely>
<columnDependencyConstraintGenerateInDDL>true</columnDependencyConstraintGenerateInDDL>
</FKIndexAssociation>