<?xml version = '1.0' encoding = 'UTF-8'?>
<FKIndexAssociation class="oracle.dbtools.crest.model.design.relational.FKIndexAssociation" directorySegmentName="seg_0" id="F5B83E2C-FB4B-11CB-85D8-0B037EF4E0DB" containerWithKeyObject="F99840DB-C15E-CB67-8DFA-B0B04CA24291" localFKIndex="C2560510-C4A9-1CD6-1247-83A5A1572F8A" name="customer_montly_stats_months_FK">
<createdBy>marinfotache</createdBy>
<createdTime>2018-10-26 05:14:48 UTC</createdTime>
<generatorID>2DC15E09-67BA-D635-873E-EF619E27F9D3</generatorID>
<ownerDesignName>07b_product_bought_product_offered</ownerDesignName>
<referredTableLongName>months</referredTableLongName>
<deleteRule>NO ACTION</deleteRule>
<referredTableID>37B76D0C-C705-351C-5719-5DF0FDBCE41E</referredTableID>
<keyObject>9CA51E55-0156-F2AB-D594-5F8161305FA6</keyObject>
<referredKeyID>9CA51E55-0156-F2AB-D594-5F8161305FA6</referredKeyID>
<mandatory>true</mandatory>
<refColNames>year,month</refColNames>
<transferable>true</transferable>
<rely>false</rely>
<columnDependencyConstraintGenerateInDDL>true</columnDependencyConstraintGenerateInDDL>
</FKIndexAssociation>