<?xml version = '1.0' encoding = 'UTF-8'?>
<FKIndexAssociation class="oracle.dbtools.crest.model.design.relational.FKIndexAssociation" directorySegmentName="seg_0" id="F86A4CDD-8A54-B639-65E9-D7E7C14E2E1C" containerWithKeyObject="D4BD278B-84D7-FB48-6A26-1A1BAF0ED64C" localFKIndex="56665244-555A-C60B-6A2B-FC893E6745EC" name="cancelled_invoices_invoices_FK">
<createdBy>marinfotache</createdBy>
<createdTime>2018-10-26 05:14:48 UTC</createdTime>
<generatorID>7D2AD5BB-9026-8B35-F7CF-C8103C4BC4B7</generatorID>
<ownerDesignName>07b_product_bought_product_offered</ownerDesignName>
<referredTableLongName>invoices</referredTableLongName>
<deleteRule>NO ACTION</deleteRule>
<referredTableID>27D4D0C0-CBF7-7958-B78D-9741B1B6D5D6</referredTableID>
<keyObject>17562899-F264-1BE4-0E4C-E0F816869E86</keyObject>
<referredKeyID>17562899-F264-1BE4-0E4C-E0F816869E86</referredKeyID>
<mandatory>true</mandatory>
<refColNames>invoice_id</refColNames>
<transferable>true</transferable>
<rely>false</rely>
<columnDependencyConstraintGenerateInDDL>true</columnDependencyConstraintGenerateInDDL>
</FKIndexAssociation>