<?xml version = '1.0' encoding = 'UTF-8'?>
<FKIndexAssociation class="oracle.dbtools.crest.model.design.relational.FKIndexAssociation" directorySegmentName="seg_0" id="FE62CF9C-F9B2-8EBC-3308-7B04178F553B" containerWithKeyObject="C4D9726D-85FF-446F-26D5-E734C33A2587" localFKIndex="80980B1C-1F99-23E0-7FD5-9C9EB0B947F9" name="former_vat_percents_products_FK">
<createdBy>marinfotache</createdBy>
<createdTime>2018-10-26 05:14:48 UTC</createdTime>
<generatorID>B20EC83E-C530-0234-2A11-A79159E7DE1C</generatorID>
<ownerDesignName>07b_product_bought_product_offered</ownerDesignName>
<referredTableLongName>products</referredTableLongName>
<deleteRule>NO ACTION</deleteRule>
<referredTableID>62AE277B-052F-E1A6-6F86-7F13A5387206</referredTableID>
<keyObject>FBFB3E7C-CCDD-105D-2FDB-483B4973EC4D</keyObject>
<referredKeyID>FBFB3E7C-CCDD-105D-2FDB-483B4973EC4D</referredKeyID>
<mandatory>true</mandatory>
<refColNames>product_id</refColNames>
<transferable>true</transferable>
<rely>false</rely>
<columnDependencyConstraintGenerateInDDL>true</columnDependencyConstraintGenerateInDDL>
</FKIndexAssociation>