<?xml version = '1.0' encoding = 'UTF-8'?>
<relationalModel class="oracle.dbtools.crest.model.design.relational.RelationalDesign" name="Relational_1" id="B2066FEA-2EB7-E6B1-13B1-47381F99176D" mainViewID="6848B321-10D8-F119-8E20-62C139B387B5">
<createdBy>admin</createdBy>
<createdTime>2015-11-10 15:44:28 UTC</createdTime>
<ownerDesignName>08a_basic_tree</ownerDesignName>
<shouldBeOpen>true</shouldBeOpen>
<selectedRDBMSSite>3FD120B5-9F4E-6278-D5E2-746D192C8319</selectedRDBMSSite>
</relationalModel>