<?xml version = '1.0' encoding = 'UTF-8'?>
<Table class="oracle.dbtools.crest.model.design.relational.Table" directorySegmentName="seg_0" id="346E6EFA-909A-BB95-E0B3-4FAEF773BB61" name="postal_codes">
<createdBy>admin</createdBy>
<createdTime>2015-10-30 03:49:45 UTC</createdTime>
<generatorID>08E3BC06-4CF9-936A-D8B8-E4C6434B4779</generatorID>
<ownerDesignName>sales_4</ownerDesignName>
<existDependencyGenerateInDDl>true</existDependencyGenerateInDDl>
<parsed>true</parsed>
<columns itemClass="oracle.dbtools.crest.model.design.relational.Column">
<Column name="post_code" id="D8D3DA28-6DF5-5C3F-7FA0-A9C3B90CF277">
<createdBy>admin</createdBy>
<createdTime>2015-10-30 03:49:45 UTC</createdTime>
<generatorID>4CBD0F28-4E0B-A80F-044C-813457777C50</generatorID>
<ownerDesignName>sales_4</ownerDesignName>
<constraintName>ck_codpost</constraintName>
<useDomainConstraints>false</useDomainConstraints>
<use>1</use>
<logicalDatatype>LOGDT025</logicalDatatype>
<dataTypeSize>6</dataTypeSize>
<checkConstraint>
<implementationDef dbType="Oracle Database 10g" definition="codpost=LTRIM(codpost)"/>
</checkConstraint>
<ownDataTypeParameters>6,,</ownDataTypeParameters>
<autoIncrementCycle>false</autoIncrementCycle>
</Column>
<Column name="town" id="939E16DB-8BDF-72A0-3A95-ED22A04EC8C6">
<createdBy>admin</createdBy>
<createdTime>2015-10-30 03:49:45 UTC</createdTime>
<generatorID>85B145CA-7A6F-F849-F42A-544F24755CE7</generatorID>
<ownerDesignName>sales_4</ownerDesignName>
<constraintName>nn_loc</constraintName>
<useDomainConstraints>false</useDomainConstraints>
<use>1</use>
<logicalDatatype>LOGDT037</logicalDatatype>
<dataTypeSize>75</dataTypeSize>
<checkConstraint>
<implementationDef dbType="Oracle Database 10g" definition="loc=LTRIM(INITCAP(loc))"/>
</checkConstraint>
<ownDataTypeParameters>75,,</ownDataTypeParameters>
<autoIncrementCycle>false</autoIncrementCycle>
</Column>
<Column name="county_code" id="0CED84B2-8E1C-D523-9B30-5985822EB992">
<createdBy>admin</createdBy>
<createdTime>2015-10-30 03:49:45 UTC</createdTime>
<generatorID>E467490A-45E9-A67D-FF34-0EE1D55B76F6</generatorID>
<ownerDesignName>sales_4</ownerDesignName>
<useDomainConstraints>false</useDomainConstraints>
<use>1</use>
<logicalDatatype>LOGDT025</logicalDatatype>
<ownDataTypeParameters>,,</ownDataTypeParameters>
<previousColumn>false</previousColumn>
<autoIncrementCycle>false</autoIncrementCycle>
<associations>
<colAssociation fkAssociation="BE3D0275-9616-5E5C-0D3F-300C213C7AA4" referredColumn="7EF6643A-C20F-E511-B40A-B851873C6B94"/>
</associations>
</Column>
</columns>
<indexes itemClass="oracle.dbtools.crest.model.design.relational.Index">
<ind_PK_UK id="2EE454B0-78CD-0AFC-1029-491B431EFE75" name="postal_codes_PK">
<createdBy>admin</createdBy>
<createdTime>2015-10-30 03:49:45 UTC</createdTime>
<generatorID>35CD679C-AB1F-11CA-0A46-1BA47C75B313</generatorID>
<ownerDesignName>sales_4</ownerDesignName>
<pk>true</pk>
<indexState>Primary Constraint</indexState>
<isSurrogateKey>false</isSurrogateKey>
<indexColumnUsage>
<colUsage columnID="D8D3DA28-6DF5-5C3F-7FA0-A9C3B90CF277"/>
</indexColumnUsage>
</ind_PK_UK>
<ind_PK_UK id="55BF0285-6C80-8F3F-2EEA-38899975001D" name="postal_codes_counties_FK">
<createdBy>admin</createdBy>
<createdTime>2015-10-30 03:49:46 UTC</createdTime>
<generatorID>D42DE3C4-CE63-CA76-6A11-59ADAADC375E</generatorID>
<ownerDesignName>sales_4</ownerDesignName>
<indexState>Foreign Key</indexState>
<isSurrogateKey>false</isSurrogateKey>
<indexColumnUsage>
<colUsage columnID="0CED84B2-8E1C-D523-9B30-5985822EB992"/>
</indexColumnUsage>
</ind_PK_UK>
</indexes>
</Table>