<?xml version = '1.0' encoding = 'UTF-8'?>
<Table class="oracle.dbtools.crest.model.design.relational.Table" directorySegmentName="seg_0" id="3B9585C6-64CA-1400-BEC0-B0BF31B98777" name="former_vat_percents">
<createdBy>admin</createdBy>
<createdTime>2015-10-30 03:49:45 UTC</createdTime>
<generatorID>0AB40356-D92A-8831-5428-F06514DD049D</generatorID>
<ownerDesignName>sales_4</ownerDesignName>
<existDependencyGenerateInDDl>true</existDependencyGenerateInDDl>
<parsed>true</parsed>
<columns itemClass="oracle.dbtools.crest.model.design.relational.Column">
<Column name="date_start" id="7F1AA333-8DE2-3DB3-6BE5-A3F7C418CC7A">
<createdBy>admin</createdBy>
<createdTime>2015-10-30 03:49:45 UTC</createdTime>
<generatorID>11447150-0688-64A3-F82A-99D6C0B42263</generatorID>
<ownerDesignName>sales_4</ownerDesignName>
<useDomainConstraints>false</useDomainConstraints>
<use>1</use>
<logicalDatatype>LOGDT007</logicalDatatype>
<ownDataTypeParameters>,,</ownDataTypeParameters>
<autoIncrementCycle>false</autoIncrementCycle>
</Column>
<Column name="date_until" id="3B49AB1C-8114-B4AD-78DD-770B3C79E68D">
<createdBy>admin</createdBy>
<createdTime>2015-10-30 03:49:45 UTC</createdTime>
<generatorID>9E5A5034-2C93-2C21-F3EA-01827B0402FC</generatorID>
<ownerDesignName>sales_4</ownerDesignName>
<nullsAllowed>true</nullsAllowed>
<useDomainConstraints>false</useDomainConstraints>
<use>1</use>
<logicalDatatype>LOGDT007</logicalDatatype>
<ownDataTypeParameters>,,</ownDataTypeParameters>
<autoIncrementCycle>false</autoIncrementCycle>
</Column>
<Column name="VAT_percent" id="31FA6589-2EE2-54D5-D36C-EEAF226EA43B">
<createdBy>admin</createdBy>
<createdTime>2015-10-30 03:49:45 UTC</createdTime>
<generatorID>DC7A7091-114B-1753-16CB-594DF662B800</generatorID>
<ownerDesignName>sales_4</ownerDesignName>
<useDomainConstraints>false</useDomainConstraints>
<use>1</use>
<logicalDatatype>LOGDT019</logicalDatatype>
<dataTypePrecision>4</dataTypePrecision>
<dataTypeScale>2</dataTypeScale>
<ownDataTypeParameters>,4,2</ownDataTypeParameters>
<autoIncrementCycle>false</autoIncrementCycle>
</Column>
<Column name="product_id" id="9EF082B5-2E5B-09BF-2121-64893774999D">
<createdBy>admin</createdBy>
<createdTime>2015-10-30 03:49:45 UTC</createdTime>
<generatorID>8C959E8D-D0AB-703B-2D72-7F1E21452378</generatorID>
<ownerDesignName>sales_4</ownerDesignName>
<useDomainConstraints>false</useDomainConstraints>
<use>1</use>
<logicalDatatype>LOGDT011</logicalDatatype>
<ownDataTypeParameters>,,</ownDataTypeParameters>
<previousColumn>false</previousColumn>
<autoIncrementCycle>false</autoIncrementCycle>
<associations>
<colAssociation fkAssociation="0B814EFA-98E3-98C8-E59F-2E8452E72847" referredColumn="6057FAE7-7267-568F-0218-F16179574D1D"/>
</associations>
</Column>
</columns>
<indexes itemClass="oracle.dbtools.crest.model.design.relational.Index">
<ind_PK_UK id="0CC6FF19-0AD9-1ECC-80EA-78FA5B7F5249" name="former_vat_percents_PK">
<createdBy>admin</createdBy>
<createdTime>2015-10-30 03:49:45 UTC</createdTime>
<generatorID>B57DEACB-B934-3134-BE5D-839F400C59FF</generatorID>
<ownerDesignName>sales_4</ownerDesignName>
<pk>true</pk>
<indexState>Primary Constraint</indexState>
<isSurrogateKey>false</isSurrogateKey>
<indexColumnUsage>
<colUsage columnID="9EF082B5-2E5B-09BF-2121-64893774999D"/>
<colUsage columnID="7F1AA333-8DE2-3DB3-6BE5-A3F7C418CC7A"/>
</indexColumnUsage>
</ind_PK_UK>
<ind_PK_UK id="84E0B666-10E2-877D-57A2-4367DF2BAB00" name="former_vat_percents_products_FK">
<createdBy>admin</createdBy>
<createdTime>2015-10-30 03:49:46 UTC</createdTime>
<generatorID>B20EC83E-C530-0234-2A11-A79159E7DE1C</generatorID>
<ownerDesignName>sales_4</ownerDesignName>
<indexState>Foreign Key</indexState>
<isSurrogateKey>false</isSurrogateKey>
<indexColumnUsage>
<colUsage columnID="9EF082B5-2E5B-09BF-2121-64893774999D"/>
</indexColumnUsage>
</ind_PK_UK>
</indexes>
</Table>