<?xml version = '1.0' encoding = 'UTF-8'?>
<Table class="oracle.dbtools.crest.model.design.relational.Table" directorySegmentName="seg_0" id="63E76FD8-D056-EE4E-8D37-1D2FDAB3289F" name="refusals">
<createdBy>admin</createdBy>
<createdTime>2015-10-30 03:49:45 UTC</createdTime>
<generatorID>159E3FB7-784F-F485-ADB8-DF20348E0DB5</generatorID>
<ownerDesignName>sales_4</ownerDesignName>
<existDependencyGenerateInDDl>true</existDependencyGenerateInDDl>
<parsed>true</parsed>
<columns itemClass="oracle.dbtools.crest.model.design.relational.Column">
<Column name="refusal_id" id="DA9EA6B4-CBB5-9D0E-839B-114BD1F7250D">
<createdBy>admin</createdBy>
<createdTime>2015-10-30 03:49:45 UTC</createdTime>
<generatorID>122DE09A-859B-AD9F-AFF1-8C90BDB8D23A</generatorID>
<ownerDesignName>sales_4</ownerDesignName>
<useDomainConstraints>false</useDomainConstraints>
<use>1</use>
<logicalDatatype>LOGDT011</logicalDatatype>
<ownDataTypeParameters>,,</ownDataTypeParameters>
<autoIncrementCycle>false</autoIncrementCycle>
</Column>
<Column name="refusal_dt" id="5305A287-6F60-8CE6-0EB5-F1F7F6CDB4FD">
<createdBy>admin</createdBy>
<createdTime>2015-10-30 03:49:45 UTC</createdTime>
<generatorID>5014AAB3-8222-B1E9-1AEB-4171E353B6BF</generatorID>
<ownerDesignName>sales_4</ownerDesignName>
<nullsAllowed>true</nullsAllowed>
<useDomainConstraints>false</useDomainConstraints>
<use>1</use>
<logicalDatatype>LOGDT047</logicalDatatype>
<ownDataTypeParameters>,,</ownDataTypeParameters>
<autoIncrementCycle>false</autoIncrementCycle>
</Column>
<Column name="refusal_amount" id="6BB870A4-860D-4A24-E4D9-6E1BCACE990D">
<createdBy>admin</createdBy>
<createdTime>2015-10-30 03:49:45 UTC</createdTime>
<generatorID>933B019D-88E9-377A-D713-E661D8EE1D5C</generatorID>
<ownerDesignName>sales_4</ownerDesignName>
<useDomainConstraints>false</useDomainConstraints>
<use>1</use>
<logicalDatatype>LOGDT019</logicalDatatype>
<dataTypePrecision>12</dataTypePrecision>
<dataTypeScale>2</dataTypeScale>
<ownDataTypeParameters>,12,2</ownDataTypeParameters>
<autoIncrementCycle>false</autoIncrementCycle>
</Column>
<Column name="invoice_id" id="A56EEC50-E165-3097-B9BB-58AE3E3598AC">
<createdBy>admin</createdBy>
<createdTime>2015-10-30 03:49:45 UTC</createdTime>
<generatorID>27FA4400-B494-1AFF-3C04-56BBDB22A597</generatorID>
<ownerDesignName>sales_4</ownerDesignName>
<useDomainConstraints>false</useDomainConstraints>
<use>1</use>
<logicalDatatype>LOGDT011</logicalDatatype>
<ownDataTypeParameters>,,</ownDataTypeParameters>
<previousColumn>false</previousColumn>
<autoIncrementCycle>false</autoIncrementCycle>
<associations>
<colAssociation fkAssociation="32324665-6666-5221-131F-12199E27316E" referredColumn="5880C6F7-8A3F-F0D3-2C41-D9C3492B9C61"/>
</associations>
</Column>
</columns>
<indexes itemClass="oracle.dbtools.crest.model.design.relational.Index">
<ind_PK_UK id="F9CDB1D0-A36E-893B-1B65-87A933F60DA1" name="refusals_PK">
<createdBy>admin</createdBy>
<createdTime>2015-10-30 03:49:45 UTC</createdTime>
<generatorID>31454341-9A3F-122F-DF1B-F70D08C1230C</generatorID>
<ownerDesignName>sales_4</ownerDesignName>
<pk>true</pk>
<indexState>Primary Constraint</indexState>
<isSurrogateKey>false</isSurrogateKey>
<indexColumnUsage>
<colUsage columnID="DA9EA6B4-CBB5-9D0E-839B-114BD1F7250D"/>
</indexColumnUsage>
</ind_PK_UK>
<ind_PK_UK id="A6EE9159-BEF3-A1B7-837F-3FFF083F5EFC" name="refusals__IDX">
<createdBy>admin</createdBy>
<createdTime>2015-10-30 03:49:46 UTC</createdTime>
<ownerDesignName>sales_4</ownerDesignName>
<indexState>Unique Plain Index</indexState>
<isSurrogateKey>false</isSurrogateKey>
<relationGeneratorID>E7FFA077-44AC-87FA-065E-BFAA11FE6881</relationGeneratorID>
<indexColumnUsage>
<colUsage columnID="A56EEC50-E165-3097-B9BB-58AE3E3598AC"/>
</indexColumnUsage>
</ind_PK_UK>
<ind_PK_UK id="33761861-F8B6-5DCC-C2AB-5B10A27AE0F6" name="refusals_invoices_FK">
<createdBy>admin</createdBy>
<createdTime>2015-10-30 03:49:46 UTC</createdTime>
<generatorID>E7FFA077-44AC-87FA-065E-BFAA11FE6881</generatorID>
<ownerDesignName>sales_4</ownerDesignName>
<indexState>Foreign Key</indexState>
<isSurrogateKey>false</isSurrogateKey>
<indexColumnUsage>
<colUsage columnID="A56EEC50-E165-3097-B9BB-58AE3E3598AC"/>
</indexColumnUsage>
</ind_PK_UK>
</indexes>
</Table>