<?xml version = '1.0' encoding = 'UTF-8'?>
<Table class="oracle.dbtools.crest.model.design.relational.Table" directorySegmentName="seg_0" id="A1C560BC-5237-87AB-0A98-275735951CDB" name="people">
<createdBy>admin</createdBy>
<createdTime>2015-10-30 03:49:45 UTC</createdTime>
<generatorID>42A4EF6E-85D7-F909-8C66-C3CB408774D5</generatorID>
<ownerDesignName>sales_4</ownerDesignName>
<existDependencyGenerateInDDl>true</existDependencyGenerateInDDl>
<parsed>true</parsed>
<columns itemClass="oracle.dbtools.crest.model.design.relational.Column">
<Column name="pers_id" id="55C75FE6-FD0F-201E-60E5-357B29597BEF">
<createdBy>admin</createdBy>
<createdTime>2015-10-30 03:49:45 UTC</createdTime>
<generatorID>42B177E8-B3B3-4EF4-28FD-46D0AD056E15</generatorID>
<ownerDesignName>sales_4</ownerDesignName>
<useDomainConstraints>false</useDomainConstraints>
<use>1</use>
<logicalDatatype>LOGDT011</logicalDatatype>
<ownDataTypeParameters>,,</ownDataTypeParameters>
<autoIncrementCycle>false</autoIncrementCycle>
</Column>
<Column name="pers_national_code" id="D5246409-6720-62D1-36B5-4AB77495250E">
<createdBy>admin</createdBy>
<createdTime>2015-10-30 03:49:45 UTC</createdTime>
<generatorID>95D8A25D-B5F8-B40B-CB8F-1342EAD2D5EB</generatorID>
<ownerDesignName>sales_4</ownerDesignName>
<constraintName>ck_pers_national_code</constraintName>
<useDomainConstraints>false</useDomainConstraints>
<use>1</use>
<logicalDatatype>LOGDT025</logicalDatatype>
<dataTypeSize>13</dataTypeSize>
<checkConstraint>
<implementationDef dbType="Oracle Database 10g" definition="cnp=LTRIM(UPPER(cnp))"/>
</checkConstraint>
<ownDataTypeParameters>13,,</ownDataTypeParameters>
<autoIncrementCycle>false</autoIncrementCycle>
</Column>
<Column name="pers_family_name" id="AF12DEEA-C943-4EBF-67E2-3735AFCAF553">
<createdBy>admin</createdBy>
<createdTime>2015-10-30 03:49:45 UTC</createdTime>
<generatorID>E04B4E4C-06FE-F8C8-A0C4-D64DDBB90505</generatorID>
<ownerDesignName>sales_4</ownerDesignName>
<constraintName>ck_nume</constraintName>
<useDomainConstraints>false</useDomainConstraints>
<use>1</use>
<logicalDatatype>LOGDT037</logicalDatatype>
<dataTypeSize>75 CHAR</dataTypeSize>
<checkConstraint>
<implementationDef dbType="Oracle Database 10g" definition="nume=LTRIM(INITCAP(nume))"/>
</checkConstraint>
<ownDataTypeParameters>75 CHAR,,</ownDataTypeParameters>
<autoIncrementCycle>false</autoIncrementCycle>
</Column>
<Column name="pers_first_name" id="537FCF56-36BC-A927-01F8-E7221D30A0C4">
<createdBy>admin</createdBy>
<createdTime>2015-10-30 03:49:45 UTC</createdTime>
<generatorID>03ABD381-0B66-A00F-21BF-710D28A384AB</generatorID>
<ownerDesignName>sales_4</ownerDesignName>
<constraintName>ck_prenume</constraintName>
<useDomainConstraints>false</useDomainConstraints>
<use>1</use>
<logicalDatatype>LOGDT037</logicalDatatype>
<dataTypeSize>50</dataTypeSize>
<checkConstraint>
<implementationDef dbType="Oracle Database 10g" definition="prenume=LTRIM(INITCAP(prenume))"/>
</checkConstraint>
<ownDataTypeParameters>50,,</ownDataTypeParameters>
<autoIncrementCycle>false</autoIncrementCycle>
</Column>
<Column name="pers_address" id="307FB252-9F70-C439-4A6E-D925A62260B7">
<createdBy>admin</createdBy>
<createdTime>2015-10-30 03:49:45 UTC</createdTime>
<generatorID>50FFDECF-BE6E-0D58-B7F2-14A02659DCBC</generatorID>
<ownerDesignName>sales_4</ownerDesignName>
<constraintName>ck_adresa_persoane</constraintName>
<nullsAllowed>true</nullsAllowed>
<useDomainConstraints>false</useDomainConstraints>
<use>1</use>
<logicalDatatype>LOGDT037</logicalDatatype>
<dataTypeSize>100 CHAR</dataTypeSize>
<checkConstraint>
<implementationDef dbType="Oracle Database 10g" definition="SUBSTR(adresa,1,1) = UPPER(SUBSTR(adresa,1,1))"/>
</checkConstraint>
<ownDataTypeParameters>100 CHAR,,</ownDataTypeParameters>
<autoIncrementCycle>false</autoIncrementCycle>
</Column>
<Column name="pers_genre" id="D30DA4B2-D87D-4DD0-0AAC-2948AB63DEEC">
<createdBy>admin</createdBy>
<createdTime>2015-10-30 03:49:45 UTC</createdTime>
<generatorID>296CEA97-88BB-F4A8-4E44-FDD98FDCC806</generatorID>
<ownerDesignName>sales_4</ownerDesignName>
<constraintName>CK_SEX</constraintName>
<useDomainConstraints>false</useDomainConstraints>
<use>1</use>
<logicalDatatype>LOGDT025</logicalDatatype>
<dataTypeSize>1</dataTypeSize>
<checkConstraint>
<implementationDef dbType="Oracle Database 10g" definition="SEX IN (&apos;F&apos;,&apos;B&apos;)"/>
</checkConstraint>
<defaultValue>&apos;B&apos;</defaultValue>
<ownDataTypeParameters>1,,</ownDataTypeParameters>
<autoIncrementCycle>false</autoIncrementCycle>
</Column>
<Column name="post_code" id="F83312DF-1D70-988B-41A6-35803F3AC7EC">
<createdBy>admin</createdBy>
<createdTime>2015-10-30 03:49:45 UTC</createdTime>
<generatorID>A734DE4C-0A66-A877-1A84-FB910E38014A</generatorID>
<ownerDesignName>sales_4</ownerDesignName>
<nullsAllowed>true</nullsAllowed>
<useDomainConstraints>false</useDomainConstraints>
<use>1</use>
<logicalDatatype>LOGDT025</logicalDatatype>
<ownDataTypeParameters>,,</ownDataTypeParameters>
<previousColumn>false</previousColumn>
<autoIncrementCycle>false</autoIncrementCycle>
<associations>
<colAssociation fkAssociation="070C5EEE-A325-429F-4C72-3368667F4D1D" referredColumn="D8D3DA28-6DF5-5C3F-7FA0-A9C3B90CF277"/>
</associations>
</Column>
<Column name="home_phone" id="070DEF4D-B500-1C10-FD80-064BEFBE791E">
<createdBy>admin</createdBy>
<createdTime>2015-10-30 03:49:45 UTC</createdTime>
<generatorID>1951253C-A7FE-A00D-DD3D-DCCF6AC482F5</generatorID>
<ownerDesignName>sales_4</ownerDesignName>
<nullsAllowed>true</nullsAllowed>
<useDomainConstraints>false</useDomainConstraints>
<use>1</use>
<logicalDatatype>LOGDT025</logicalDatatype>
<dataTypeSize>10</dataTypeSize>
<ownDataTypeParameters>10,,</ownDataTypeParameters>
<autoIncrementCycle>false</autoIncrementCycle>
</Column>
<Column name="office_phine" id="D0D2D851-1E9E-6EE8-3A12-4F7115C4FFD1">
<createdBy>admin</createdBy>
<createdTime>2015-10-30 03:49:45 UTC</createdTime>
<generatorID>CD4A64AB-132C-B2C5-01AA-E2F05A8BEDDB</generatorID>
<ownerDesignName>sales_4</ownerDesignName>
<nullsAllowed>true</nullsAllowed>
<useDomainConstraints>false</useDomainConstraints>
<use>1</use>
<logicalDatatype>LOGDT025</logicalDatatype>
<dataTypeSize>10</dataTypeSize>
<ownDataTypeParameters>10,,</ownDataTypeParameters>
<autoIncrementCycle>false</autoIncrementCycle>
</Column>
<Column name="mobile_phone" id="8113AFFA-CBB7-29BC-13CB-F5AABE77AA9C">
<createdBy>admin</createdBy>
<createdTime>2015-10-30 03:49:45 UTC</createdTime>
<generatorID>81114D74-ACE3-CF24-8CDA-17C8445025AC</generatorID>
<ownerDesignName>sales_4</ownerDesignName>
<nullsAllowed>true</nullsAllowed>
<useDomainConstraints>false</useDomainConstraints>
<use>1</use>
<logicalDatatype>LOGDT025</logicalDatatype>
<dataTypeSize>10</dataTypeSize>
<ownDataTypeParameters>10,,</ownDataTypeParameters>
<autoIncrementCycle>false</autoIncrementCycle>
</Column>
<Column name="pers_email" id="5ACA4963-4EC8-7DD4-9D86-0D576A2CABF7">
<createdBy>admin</createdBy>
<createdTime>2015-10-30 03:49:45 UTC</createdTime>
<generatorID>60A79B74-9D30-DE8A-5265-1241113732F1</generatorID>
<ownerDesignName>sales_4</ownerDesignName>
<nullsAllowed>true</nullsAllowed>
<useDomainConstraints>false</useDomainConstraints>
<use>1</use>
<logicalDatatype>LOGDT024</logicalDatatype>
<dataTypeSize>50</dataTypeSize>
<ownDataTypeParameters>50,,</ownDataTypeParameters>
<autoIncrementCycle>false</autoIncrementCycle>
</Column>
<Column name="office_email" id="AFA0FA88-816D-2B44-DEED-4DEF03FC4913">
<createdBy>admin</createdBy>
<createdTime>2015-10-30 03:49:45 UTC</createdTime>
<generatorID>6D139426-E347-1C77-9A8F-2033A12C0566</generatorID>
<ownerDesignName>sales_4</ownerDesignName>
<nullsAllowed>true</nullsAllowed>
<useDomainConstraints>false</useDomainConstraints>
<use>1</use>
<logicalDatatype>LOGDT024</logicalDatatype>
<dataTypeSize>75</dataTypeSize>
<ownDataTypeParameters>75,,</ownDataTypeParameters>
<autoIncrementCycle>false</autoIncrementCycle>
</Column>
</columns>
<indexes itemClass="oracle.dbtools.crest.model.design.relational.Index">
<ind_PK_UK id="BB1C764F-BC88-09C7-E87A-50271576E551" name="people_PK">
<createdBy>admin</createdBy>
<createdTime>2015-10-30 03:49:45 UTC</createdTime>
<generatorID>B66462AC-8968-44C6-1CDF-D5FEDBCB8AAB</generatorID>
<ownerDesignName>sales_4</ownerDesignName>
<pk>true</pk>
<indexState>Primary Constraint</indexState>
<isSurrogateKey>false</isSurrogateKey>
<indexColumnUsage>
<colUsage columnID="55C75FE6-FD0F-201E-60E5-357B29597BEF"/>
</indexColumnUsage>
</ind_PK_UK>
<ind_PK_UK id="CD9D5C19-69B7-1BD6-CD4F-328E9848759A" name="people_pers_national_code_UN">
<createdBy>admin</createdBy>
<createdTime>2015-10-30 03:49:45 UTC</createdTime>
<generatorID>63710710-FB9C-666B-BDB9-5E52EE13CE46</generatorID>
<ownerDesignName>sales_4</ownerDesignName>
<indexState>Unique Constraint</indexState>
<isSurrogateKey>false</isSurrogateKey>
<indexColumnUsage>
<colUsage columnID="D5246409-6720-62D1-36B5-4AB77495250E"/>
</indexColumnUsage>
</ind_PK_UK>
<ind_PK_UK id="C37BB107-96F3-8EBA-6EF9-928BCFC464C8" name="people_postal_codes_FK">
<createdBy>admin</createdBy>
<createdTime>2015-10-30 03:49:46 UTC</createdTime>
<generatorID>8C1FC7B8-6660-31CC-55EE-8BE19F7D8F4F</generatorID>
<ownerDesignName>sales_4</ownerDesignName>
<indexState>Foreign Key</indexState>
<isSurrogateKey>false</isSurrogateKey>
<indexColumnUsage>
<colUsage columnID="F83312DF-1D70-988B-41A6-35803F3AC7EC"/>
</indexColumnUsage>
</ind_PK_UK>
</indexes>
</Table>