<?xml version = '1.0' encoding = 'UTF-8'?>
<Table class="oracle.dbtools.crest.model.design.relational.Table" directorySegmentName="seg_0" id="CDBCBC3B-FD0D-34B7-A395-AC1FF31E5AF0" name="customers">
<createdBy>admin</createdBy>
<createdTime>2015-10-30 03:49:45 UTC</createdTime>
<generatorID>862CD71F-8ACA-33A5-6C24-FBA4AC6FAA7F</generatorID>
<ownerDesignName>sales_4</ownerDesignName>
<existDependencyGenerateInDDl>true</existDependencyGenerateInDDl>
<parsed>true</parsed>
<columns itemClass="oracle.dbtools.crest.model.design.relational.Column">
<Column name="cust_id" id="5D84E183-59BC-982A-81A5-A44BA01AFB58">
<createdBy>admin</createdBy>
<createdTime>2015-10-30 03:49:45 UTC</createdTime>
<generatorID>2AFA42D8-7657-95E2-24C9-EAD0A6A58C85</generatorID>
<ownerDesignName>sales_4</ownerDesignName>
<constraintName>ck_codcl</constraintName>
<useDomainConstraints>false</useDomainConstraints>
<use>1</use>
<logicalDatatype>LOGDT011</logicalDatatype>
<checkConstraint>
<implementationDef dbType="Oracle Database 10g" definition="codcl &gt; 1000"/>
</checkConstraint>
<ownDataTypeParameters>,,</ownDataTypeParameters>
<autoIncrementCycle>false</autoIncrementCycle>
</Column>
<Column name="cust_name" id="F4A1B118-3D82-AB3C-891D-671213BE4325">
<createdBy>admin</createdBy>
<createdTime>2015-10-30 03:49:45 UTC</createdTime>
<generatorID>8FE652B1-0E25-82BC-E1C8-8F89790E4727</generatorID>
<ownerDesignName>sales_4</ownerDesignName>
<constraintName>ck_dencl</constraintName>
<useDomainConstraints>false</useDomainConstraints>
<use>1</use>
<logicalDatatype>LOGDT037</logicalDatatype>
<dataTypeSize>50 CHAR</dataTypeSize>
<checkConstraint>
<implementationDef dbType="Oracle Database 10g" definition="SUBSTR(dencl,1,1) = UPPER(SUBSTR(dencl,1,1))"/>
</checkConstraint>
<ownDataTypeParameters>50 CHAR,,</ownDataTypeParameters>
<autoIncrementCycle>false</autoIncrementCycle>
</Column>
<Column name="fiscal_code" id="4D5BB1B2-0CD4-2076-C9EA-7F43EAF7B7E0">
<createdBy>admin</createdBy>
<createdTime>2015-10-30 03:49:45 UTC</createdTime>
<generatorID>C174B5ED-CF9B-2370-E4DF-056866113481</generatorID>
<ownerDesignName>sales_4</ownerDesignName>
<constraintName>ck_codfiscal</constraintName>
<useDomainConstraints>false</useDomainConstraints>
<use>1</use>
<logicalDatatype>LOGDT024</logicalDatatype>
<dataTypeSize>20</dataTypeSize>
<checkConstraint>
<implementationDef dbType="Oracle Database 10g" definition="SUBSTR(codfiscal,1,1) = UPPER(SUBSTR(codfiscal,1,1))"/>
</checkConstraint>
<ownDataTypeParameters>20,,</ownDataTypeParameters>
<autoIncrementCycle>false</autoIncrementCycle>
</Column>
<Column name="cust_address" id="1C42D32E-F767-FE95-FFF4-26D1AC0716C7">
<createdBy>admin</createdBy>
<createdTime>2015-10-30 03:49:45 UTC</createdTime>
<generatorID>6E8B9ECB-D5BD-9A84-B2EB-507CDA7CC90D</generatorID>
<ownerDesignName>sales_4</ownerDesignName>
<constraintName>ck_adresa_clienti</constraintName>
<nullsAllowed>true</nullsAllowed>
<useDomainConstraints>false</useDomainConstraints>
<use>1</use>
<logicalDatatype>LOGDT037</logicalDatatype>
<dataTypeSize>100 CHAR</dataTypeSize>
<checkConstraint>
<implementationDef dbType="Oracle Database 10g" definition="SUBSTR(adresa,1,1) = UPPER(SUBSTR(adresa,1,1))"/>
</checkConstraint>
<ownDataTypeParameters>100 CHAR,,</ownDataTypeParameters>
<autoIncrementCycle>false</autoIncrementCycle>
</Column>
<Column name="post_code" id="693ADF0D-4E3B-C990-2395-3C9D9F406FC6">
<createdBy>admin</createdBy>
<createdTime>2015-10-30 03:49:45 UTC</createdTime>
<generatorID>41EC7E6E-A994-FD29-FDFC-D469072332D8</generatorID>
<ownerDesignName>sales_4</ownerDesignName>
<useDomainConstraints>false</useDomainConstraints>
<use>1</use>
<logicalDatatype>LOGDT025</logicalDatatype>
<ownDataTypeParameters>,,</ownDataTypeParameters>
<previousColumn>false</previousColumn>
<autoIncrementCycle>false</autoIncrementCycle>
<associations>
<colAssociation fkAssociation="7178DFDE-8633-3FB0-C5A9-48C1006FB994" referredColumn="D8D3DA28-6DF5-5C3F-7FA0-A9C3B90CF277"/>
</associations>
</Column>
<Column name="cust_phone" id="7FF03833-B6DF-E245-D924-A0407F2A2FBE">
<createdBy>admin</createdBy>
<createdTime>2015-10-30 03:49:45 UTC</createdTime>
<generatorID>222D5DE6-BE26-EF66-3ABF-9B17844D3792</generatorID>
<ownerDesignName>sales_4</ownerDesignName>
<nullsAllowed>true</nullsAllowed>
<useDomainConstraints>false</useDomainConstraints>
<use>1</use>
<logicalDatatype>LOGDT025</logicalDatatype>
<dataTypeSize>10</dataTypeSize>
<ownDataTypeParameters>10,,</ownDataTypeParameters>
<autoIncrementCycle>false</autoIncrementCycle>
</Column>
<Column name="cust_email" id="F399CBE0-FE7E-8447-7337-79869BB50AB1">
<createdBy>admin</createdBy>
<createdTime>2015-10-30 03:49:45 UTC</createdTime>
<generatorID>3627791F-18A4-3815-4AD5-CB1526DEE7B1</generatorID>
<ownerDesignName>sales_4</ownerDesignName>
<nullsAllowed>true</nullsAllowed>
<useDomainConstraints>false</useDomainConstraints>
<use>1</use>
<logicalDatatype>LOGDT024</logicalDatatype>
<dataTypeSize>70</dataTypeSize>
<ownDataTypeParameters>70,,</ownDataTypeParameters>
<autoIncrementCycle>false</autoIncrementCycle>
</Column>
<Column name="current_balance" id="5B65A0B1-8EDF-3394-643E-E2233EA0842B">
<createdBy>admin</createdBy>
<createdTime>2015-10-30 03:49:45 UTC</createdTime>
<generatorID>89385036-F51B-ADBA-63D6-9CE594DB6D5E</generatorID>
<ownerDesignName>sales_4</ownerDesignName>
<useDomainConstraints>false</useDomainConstraints>
<use>1</use>
<logicalDatatype>LOGDT019</logicalDatatype>
<dataTypePrecision>12</dataTypePrecision>
<dataTypeScale>2</dataTypeScale>
<ownDataTypeParameters>,12,2</ownDataTypeParameters>
<autoIncrementCycle>false</autoIncrementCycle>
</Column>
</columns>
<indexes itemClass="oracle.dbtools.crest.model.design.relational.Index">
<ind_PK_UK id="7E8F4106-C26F-B9B3-4F4F-90DB7CCFC70B" name="customers_PK">
<createdBy>admin</createdBy>
<createdTime>2015-10-30 03:49:45 UTC</createdTime>
<generatorID>E60967B1-E1BA-9D43-DC8F-53D3CDBBEAC0</generatorID>
<ownerDesignName>sales_4</ownerDesignName>
<pk>true</pk>
<indexState>Primary Constraint</indexState>
<isSurrogateKey>false</isSurrogateKey>
<indexColumnUsage>
<colUsage columnID="5D84E183-59BC-982A-81A5-A44BA01AFB58"/>
</indexColumnUsage>
</ind_PK_UK>
<ind_PK_UK id="6F36F2F8-C1E4-E378-1AC3-0E38E213BDE2" name="customers_postal_codes_FK">
<createdBy>admin</createdBy>
<createdTime>2015-10-30 03:49:46 UTC</createdTime>
<generatorID>041CAC65-CEE4-CBF4-1D2E-12DF8E5B7D4E</generatorID>
<ownerDesignName>sales_4</ownerDesignName>
<indexState>Foreign Key</indexState>
<isSurrogateKey>false</isSurrogateKey>
<indexColumnUsage>
<colUsage columnID="693ADF0D-4E3B-C990-2395-3C9D9F406FC6"/>
</indexColumnUsage>
</ind_PK_UK>
</indexes>
</Table>