<?xml version = '1.0' encoding = 'UTF-8'?>
<Diagram class="oracle.dbtools.crest.swingui.relational.DPVRelational" name="Relational_1" id="255C5528-80B9-6CF1-FF3C-5BF8E5B0D483">
<createdBy>admin</createdBy>
<modifiedBy>admin</modifiedBy>
<createdTime>2015-10-27 07:37:09 UTC</createdTime>
<autoRoute>false</autoRoute>
<boxInbox>true</boxInbox>
<showLegend>false</showLegend>
<showLabels>false</showLabels>
<showRelAttributes>false</showRelAttributes>
<gridEnabled>false</gridEnabled>
<showGrid>false</showGrid>
<diagramColor>-1</diagramColor>
<display>false</display>
<notation>1</notation>
<objectViews>
<OView class="oracle.dbtools.crest.swingui.relational.TVTable" oid="465D9EAC-00E8-B1D0-CB06-BD562E693F0D" otype="Table" vid="355A0C7E-0802-7657-1DBC-302724EA7E5C">
<hideElementsInCurrentOnly>false</hideElementsInCurrentOnly>
<bounds x="326" y="159" width="223" height="115"/>
</OView>
<OView class="oracle.dbtools.crest.swingui.relational.TVTable" oid="567DB2D9-833D-A3AA-895D-51D8A8994AAC" otype="Table" vid="7C48AB00-2D5B-5C01-9EC8-03151179C8B9">
<hideElementsInCurrentOnly>false</hideElementsInCurrentOnly>
<bounds x="8" y="15" width="289" height="232"/>
</OView>
<OView class="oracle.dbtools.crest.swingui.relational.TVTable" oid="5A5DE3F8-122E-B7EA-8097-640FE0668542" otype="Table" vid="90E567E0-D2CB-DCE8-1615-079000BF1750">
<hideElementsInCurrentOnly>false</hideElementsInCurrentOnly>
<bounds x="22" y="264" width="232" height="96"/>
</OView>
<OView class="oracle.dbtools.crest.swingui.relational.TVTable" oid="837A178F-9C98-82F0-1C6C-77002F3E7FA3" otype="Table" vid="88925A91-BBFC-E5F3-D023-38FC11D5445B">
<hideElementsInCurrentOnly>false</hideElementsInCurrentOnly>
<bounds x="684" y="10" width="237" height="96"/>
</OView>
<OView class="oracle.dbtools.crest.swingui.relational.TVTable" oid="88ACA00B-7548-A72C-C3A6-E1F268D9BF6D" otype="Table" vid="9498B037-25D9-BFCB-80A9-3B98FB080A42">
<hideElementsInCurrentOnly>false</hideElementsInCurrentOnly>
<bounds x="594" y="147" width="200" height="164"/>
</OView>
<OView class="oracle.dbtools.crest.swingui.relational.TVTable" oid="9A3B2A5F-7DDC-BA2F-D975-B382D80A1D85" otype="Table" vid="B2F82EB0-6264-6BDF-4A6B-0AC08B9DAA77">
<hideElementsInCurrentOnly>false</hideElementsInCurrentOnly>
<bounds x="396" y="357" width="222" height="128"/>
</OView>
<OView class="oracle.dbtools.crest.swingui.relational.TVTable" oid="CBC0B5C9-1472-335B-2500-B85579C60AFA" otype="Table" vid="25CB5331-C152-BBCD-DBCE-F7B866397688">
<hideElementsInCurrentOnly>false</hideElementsInCurrentOnly>
<bounds x="818" y="212" width="136" height="107"/>
</OView>
<OView class="oracle.dbtools.crest.swingui.relational.TVTable" oid="DA492E18-B80D-F5FF-A515-D296503F98AB" otype="Table" vid="54FD8D19-15BD-DABB-185F-8566E13C2DFA">
<hideElementsInCurrentOnly>false</hideElementsInCurrentOnly>
<bounds x="367" y="12" width="258" height="102"/>
</OView>
<OView class="oracle.dbtools.crest.swingui.relational.TVTable" oid="DBEAED67-7D9D-BF26-50F4-A95B6FD54127" otype="Table" vid="A1A6D31A-1B69-26BA-54A7-4A9D0231945A">
<hideElementsInCurrentOnly>false</hideElementsInCurrentOnly>
<bounds x="49" y="408" width="248" height="154"/>
</OView>
<OView class="oracle.dbtools.crest.swingui.relational.TVTable" oid="E0D72560-E0FE-6EF7-DAFD-7DB9FF9B3917" otype="Table" vid="FF6C0D0D-AAD5-356A-1664-6A24D8A81D6F">
<hideElementsInCurrentOnly>false</hideElementsInCurrentOnly>
<bounds x="672" y="384" width="236" height="115"/>
</OView>
</objectViews>
<connectors>
<Connector class="oracle.dbtools.crest.swingui.relational.TVFKRelation" oid="2A2191FD-430F-441F-581C-FE02B9B58090" otype="FKIndexAssociation" vid_source="90E567E0-D2CB-DCE8-1615-079000BF1750" vid_target="A1A6D31A-1B69-26BA-54A7-4A9D0231945A">
<hideElementsInCurrentOnly>false</hideElementsInCurrentOnly>
<lineWidth>1</lineWidth>
<points>
<point x="151" y="360"/>
<point x="151" y="408"/>
</points>
</Connector>
<Connector class="oracle.dbtools.crest.swingui.relational.TVFKRelation" oid="2A258592-BC06-FF39-2E72-C5B52CF24AB6" otype="FKIndexAssociation" vid_source="54FD8D19-15BD-DABB-185F-8566E13C2DFA" vid_target="9498B037-25D9-BFCB-80A9-3B98FB080A42">
<hideElementsInCurrentOnly>false</hideElementsInCurrentOnly>
<lineWidth>1</lineWidth>
<points>
<point x="609" y="114"/>
<point x="609" y="147"/>
</points>
</Connector>
<Connector class="oracle.dbtools.crest.swingui.relational.TVFKRelation" oid="2AF2BC28-4930-694E-971C-CC24EA3557A4" otype="FKIndexAssociation" vid_source="B2F82EB0-6264-6BDF-4A6B-0AC08B9DAA77" vid_target="FF6C0D0D-AAD5-356A-1664-6A24D8A81D6F">
<hideElementsInCurrentOnly>false</hideElementsInCurrentOnly>
<lineWidth>1</lineWidth>
<points>
<point x="618" y="434"/>
<point x="672" y="434"/>
</points>
</Connector>
<Connector class="oracle.dbtools.crest.swingui.relational.TVFKRelation" oid="8232514B-BD9C-D5B0-CE7C-88111DC45C48" otype="FKIndexAssociation" vid_source="25CB5331-C152-BBCD-DBCE-F7B866397688" vid_target="FF6C0D0D-AAD5-356A-1664-6A24D8A81D6F">
<hideElementsInCurrentOnly>false</hideElementsInCurrentOnly>
<lineWidth>1</lineWidth>
<points>
<point x="863" y="319"/>
<point x="863" y="384"/>
</points>
</Connector>
<Connector class="oracle.dbtools.crest.swingui.relational.TVFKRelation" oid="9C1B5749-3EE7-A0EE-EDE6-CF85DB6679C8" otype="FKIndexAssociation" vid_source="B2F82EB0-6264-6BDF-4A6B-0AC08B9DAA77" vid_target="A1A6D31A-1B69-26BA-54A7-4A9D0231945A">
<hideElementsInCurrentOnly>false</hideElementsInCurrentOnly>
<lineWidth>1</lineWidth>
<points>
<point x="396" y="446"/>
<point x="297" y="446"/>
</points>
</Connector>
<Connector class="oracle.dbtools.crest.swingui.relational.TVFKRelation" oid="CA5A530F-D48A-85FA-B5CD-946386F04126" otype="FKIndexAssociation" vid_source="9498B037-25D9-BFCB-80A9-3B98FB080A42" vid_target="355A0C7E-0802-7657-1DBC-302724EA7E5C">
<hideElementsInCurrentOnly>false</hideElementsInCurrentOnly>
<lineWidth>1</lineWidth>
<points>
<point x="594" y="216"/>
<point x="549" y="216"/>
</points>
</Connector>
<Connector class="oracle.dbtools.crest.swingui.relational.TVFKRelation" oid="DB9857C6-1B6B-823D-82AA-1082A4BC5F29" otype="FKIndexAssociation" vid_source="9498B037-25D9-BFCB-80A9-3B98FB080A42" vid_target="B2F82EB0-6264-6BDF-4A6B-0AC08B9DAA77">
<hideElementsInCurrentOnly>false</hideElementsInCurrentOnly>
<lineWidth>1</lineWidth>
<points>
<point x="606" y="311"/>
<point x="606" y="357"/>
</points>
</Connector>
<Connector class="oracle.dbtools.crest.swingui.relational.TVFKRelation" oid="DD30B01F-CF65-E448-701E-CF8F7C02567E" otype="FKIndexAssociation" vid_source="54FD8D19-15BD-DABB-185F-8566E13C2DFA" vid_target="7C48AB00-2D5B-5C01-9EC8-03151179C8B9">
<hideElementsInCurrentOnly>false</hideElementsInCurrentOnly>
<lineWidth>1</lineWidth>
<points>
<point x="367" y="64"/>
<point x="297" y="64"/>
</points>
</Connector>
<Connector class="oracle.dbtools.crest.swingui.relational.TVFKRelation" oid="E65D4ED0-CD73-EE1A-7EF2-DD3EDF37A4D8" otype="FKIndexAssociation" vid_source="7C48AB00-2D5B-5C01-9EC8-03151179C8B9" vid_target="355A0C7E-0802-7657-1DBC-302724EA7E5C">
<hideElementsInCurrentOnly>false</hideElementsInCurrentOnly>
<lineWidth>1</lineWidth>
<points>
<point x="297" y="203"/>
<point x="326" y="203"/>
</points>
</Connector>
<Connector class="oracle.dbtools.crest.swingui.relational.TVFKRelation" oid="FA4B38D1-7C00-210A-8BF9-A61ECB13D494" otype="FKIndexAssociation" vid_source="88925A91-BBFC-E5F3-D023-38FC11D5445B" vid_target="54FD8D19-15BD-DABB-185F-8566E13C2DFA">
<hideElementsInCurrentOnly>false</hideElementsInCurrentOnly>
<lineWidth>1</lineWidth>
<points>
<point x="684" y="59"/>
<point x="625" y="59"/>
</points>
</Connector>
</connectors>
</Diagram>