<?xml version = '1.0' encoding = 'UTF-8'?>
<Relation class="oracle.dbtools.crest.model.design.logical.Relation" name="fills" directorySegmentName="seg_0" id="6F42A286-0894-7836-2315-203EE65990C9">
<createdBy>Marin F</createdBy>
<createdTime>2011-07-11 06:51:52 UTC</createdTime>
<generatorID>E834DB6A-5673-27AA-8D7C-B3F15CEFCE47</generatorID>
<ownerDesignName>sales_4</ownerDesignName>
<engineerTo>
<item key="E509B008-F0FB-19A3-CCAF-E1677B6C7C61" value="true"/>
</engineerTo>
<sourcePk>B66462AC-8968-44C6-1CDF-D5FEDBCB8AAB</sourcePk>
<identifying>true</identifying>
<optionalSource>true</optionalSource>
<optionalTarget>false</optionalTarget>
<sourceCardinality>1</sourceCardinality>
<sourceEntity>42A4EF6E-85D7-F909-8C66-C3CB408774D5</sourceEntity>
<targetCardinalityString>*</targetCardinalityString>
<targetEntity>B5901E4F-FE16-8497-C6FA-77254367AE09</targetEntity>
<transferable>true</transferable>
</Relation>