<?xml version = '1.0' encoding = 'UTF-8'?>
<Relation class="oracle.dbtools.crest.model.design.logical.Relation" name="was_cancelled_with" directorySegmentName="seg_0" id="7D2AD5BB-9026-8B35-F7CF-C8103C4BC4B7">
<createdBy>admin</createdBy>
<createdTime>2015-10-29 12:34:58 UTC</createdTime>
<ownerDesignName>sales_4</ownerDesignName>
<engineerTo>
<item key="E509B008-F0FB-19A3-CCAF-E1677B6C7C61" value="true"/>
</engineerTo>
<sourcePk>D0B2DB68-6D9E-659C-A596-16AA379526BF</sourcePk>
<identifying>true</identifying>
<optionalSource>true</optionalSource>
<optionalTarget>false</optionalTarget>
<sourceCardinality>1</sourceCardinality>
<sourceEntity>9B6DCC06-4F09-1244-27C0-C0BE0CEF865A</sourceEntity>
<targetCardinalityString>1</targetCardinalityString>
<targetEntity>52BD976E-8A14-57A3-2AF6-630E2EFDA1E7</targetEntity>
<transferable>true</transferable>
</Relation>