<?xml version = '1.0' encoding = 'UTF-8'?>
<Relation class="oracle.dbtools.crest.model.design.logical.Relation" name="contains" directorySegmentName="seg_0" id="8616D814-14C5-793F-6448-01B5887F92E3">
<createdBy>admin</createdBy>
<createdTime>2015-10-29 12:42:47 UTC</createdTime>
<ownerDesignName>sales_4</ownerDesignName>
<engineerTo>
<item key="E509B008-F0FB-19A3-CCAF-E1677B6C7C61" value="true"/>
</engineerTo>
<sourcePk>31454341-9A3F-122F-DF1B-F70D08C1230C</sourcePk>
<identifying>true</identifying>
<optionalSource>true</optionalSource>
<optionalTarget>false</optionalTarget>
<sourceCardinality>1</sourceCardinality>
<sourceEntity>159E3FB7-784F-F485-ADB8-DF20348E0DB5</sourceEntity>
<targetCardinalityString>*</targetCardinalityString>
<targetEntity>70249285-81D3-E5EF-EA1B-3DA98C418470</targetEntity>
<transferable>true</transferable>
</Relation>