<?xml version = '1.0' encoding = 'UTF-8'?>
<Diagram class="oracle.dbtools.crest.swingui.logical.DPVLogical" name="Logical" id="E654EE8F-44B5-8719-05CF-77133F9FF3B6">
<createdBy>Marin F</createdBy>
<modifiedBy>admin</modifiedBy>
<createdTime>2011-10-05 05:39:27 UTC</createdTime>
<autoRoute>false</autoRoute>
<boxInbox>true</boxInbox>
<showLegend>false</showLegend>
<showLabels>false</showLabels>
<showRelAttributes>false</showRelAttributes>
<gridEnabled>false</gridEnabled>
<showGrid>false</showGrid>
<diagramColor>-1</diagramColor>
<display>false</display>
<notation>1</notation>
<objectViews>
<OView class="oracle.dbtools.crest.swingui.TVNote" oid="01A6900C-D2B7-CA9E-E1F9-4769B5D7E80E" otype="Note" vid="F64BEDF0-8ACD-DC2A-9670-187EDD186683">
<hideElementsInCurrentOnly>false</hideElementsInCurrentOnly>
<bounds x="20" y="14" width="551" height="67"/>
<comment>* the company has salesmen who go to customers&apos; headquarters and persuade them to buy our products&lt;br/&gt;* after salesman-customer negociation, the customer orders one or more products (by filling up an order)&lt;br/&gt;* an order has one or more rows&lt;br/&gt;* each order row refers to a required quantity of a product </comment>
</OView>
<OView class="oracle.dbtools.crest.swingui.logical.TVEntity" oid="217D6F5D-0068-A74E-B424-92EC699927B0" otype="Entity" vid="6846FBDC-00ED-2AF1-827F-56FBB2DFFED7">
<hideElementsInCurrentOnly>false</hideElementsInCurrentOnly>
<bounds x="216" y="86" width="130" height="90"/>
</OView>
<OView class="oracle.dbtools.crest.swingui.logical.TVEntity" oid="387BB63B-7FE6-24A5-A804-D06EE6F6F9C6" otype="Entity" vid="962F9E2D-841B-737D-6ED2-888817963415">
<hideElementsInCurrentOnly>false</hideElementsInCurrentOnly>
<bounds x="34" y="210" width="125" height="101"/>
</OView>
<OView class="oracle.dbtools.crest.swingui.logical.TVEntity" oid="66CBB4C3-EE3E-0F71-2E37-8EC95DAE7343" otype="Entity" vid="2DFF9FB8-BFF2-209F-DD33-D3178238C7E0">
<hideElementsInCurrentOnly>false</hideElementsInCurrentOnly>
<bounds x="233" y="235" width="129" height="80"/>
</OView>
<OView class="oracle.dbtools.crest.swingui.logical.TVEntity" oid="CC614045-B4F5-D3C1-CA5B-B241DDE313D6" otype="Entity" vid="C826D595-7EC4-264D-E55D-8FC8FB09E445">
<hideElementsInCurrentOnly>false</hideElementsInCurrentOnly>
<bounds x="424" y="90" width="123" height="101"/>
</OView>
<OView class="oracle.dbtools.crest.swingui.logical.TVEntity" oid="DE6C7DFB-24B3-0FA4-1874-8AE5FE957848" otype="Entity" vid="C8C21E45-2FD1-366F-48D0-DED8798B891F">
<hideElementsInCurrentOnly>false</hideElementsInCurrentOnly>
<bounds x="443" y="241" width="124" height="70"/>
</OView>
</objectViews>
<connectors>
<Connector class="oracle.dbtools.crest.swingui.logical.TVRelation" oid="2D911A6D-E630-2A45-7B63-AAB13E0A8800" otype="Relation" vid_source="2DFF9FB8-BFF2-209F-DD33-D3178238C7E0" vid_target="C8C21E45-2FD1-366F-48D0-DED8798B891F">
<hideElementsInCurrentOnly>false</hideElementsInCurrentOnly>
<lineWidth>1</lineWidth>
<points>
<point x="362" y="276"/>
<point x="443" y="276"/>
</points>
</Connector>
<Connector class="oracle.dbtools.crest.swingui.logical.TVRelation" oid="2E8201ED-752B-8E4B-D49E-B23AE01E455A" otype="Relation" vid_source="C826D595-7EC4-264D-E55D-8FC8FB09E445" vid_target="C8C21E45-2FD1-366F-48D0-DED8798B891F">
<hideElementsInCurrentOnly>false</hideElementsInCurrentOnly>
<lineWidth>1</lineWidth>
<points>
<point x="495" y="191"/>
<point x="495" y="241"/>
</points>
</Connector>
<Connector class="oracle.dbtools.crest.swingui.logical.TVRelation" oid="49B4835E-6073-D100-4DDA-8405C00B3F70" otype="Relation" vid_source="962F9E2D-841B-737D-6ED2-888817963415" vid_target="2DFF9FB8-BFF2-209F-DD33-D3178238C7E0">
<hideElementsInCurrentOnly>false</hideElementsInCurrentOnly>
<lineWidth>1</lineWidth>
<points>
<point x="159" y="273"/>
<point x="233" y="273"/>
</points>
</Connector>
<Connector class="oracle.dbtools.crest.swingui.logical.TVRelation" oid="E678E312-43FF-0A28-A9C5-366D21E19C38" otype="Relation" vid_source="6846FBDC-00ED-2AF1-827F-56FBB2DFFED7" vid_target="2DFF9FB8-BFF2-209F-DD33-D3178238C7E0">
<hideElementsInCurrentOnly>false</hideElementsInCurrentOnly>
<lineWidth>1</lineWidth>
<points>
<point x="289" y="176"/>
<point x="289" y="235"/>
</points>
</Connector>
</connectors>
</Diagram>