<?xml version = '1.0' encoding = 'UTF-8'?>
<Diagram class="oracle.dbtools.crest.swingui.relational.DPVRelational" name="Relational_1" id="1DA83EFA-8ACE-2AF9-B59C-3A59BBCA7C96">
<createdBy>Marin F</createdBy>
<modifiedBy>admin</modifiedBy>
<createdTime>2011-10-05 05:53:45 UTC</createdTime>
<autoRoute>false</autoRoute>
<boxInbox>true</boxInbox>
<showLegend>false</showLegend>
<showLabels>false</showLabels>
<showRelAttributes>false</showRelAttributes>
<gridEnabled>false</gridEnabled>
<showGrid>false</showGrid>
<diagramColor>-1</diagramColor>
<display>false</display>
<notation>1</notation>
<objectViews>
<OView class="oracle.dbtools.crest.swingui.relational.TVTable" oid="661663AC-068A-FE70-BA3A-F734896E9F49" otype="Table" vid="2B6892E0-A0FE-C18F-3FE2-64662EF5D5A2">
<hideElementsInCurrentOnly>false</hideElementsInCurrentOnly>
<bounds x="26" y="131" width="269" height="120"/>
</OView>
<OView class="oracle.dbtools.crest.swingui.relational.TVTable" oid="EEE707C9-FE36-191E-2212-E659248163F5" otype="Table" vid="EA9487AB-C49F-9A02-B961-FA31AEBCFA3A">
<hideElementsInCurrentOnly>false</hideElementsInCurrentOnly>
<bounds x="374" y="130" width="359" height="128"/>
</OView>
</objectViews>
<connectors>
<Connector class="oracle.dbtools.crest.swingui.relational.TVFKRelation" oid="B37D5DED-C691-BBE9-14E4-2B0A310DE4D3" otype="FKIndexAssociation" vid_source="2B6892E0-A0FE-C18F-3FE2-64662EF5D5A2" vid_target="EA9487AB-C49F-9A02-B961-FA31AEBCFA3A">
<hideElementsInCurrentOnly>false</hideElementsInCurrentOnly>
<backgroundColor>-16777216</backgroundColor>
<lineWidth>1</lineWidth>
<points>
<point x="295" y="191"/>
<point x="374" y="191"/>
</points>
</Connector>
</connectors>
</Diagram>