<?xml version = '1.0' encoding = 'UTF-8'?>
<Relation class="oracle.dbtools.crest.model.design.logical.Relation" name="is_destination_of" directorySegmentName="seg_0" id="3887E4B0-99D7-4D22-8E5D-DB276E64F678">
<createdBy>Marin F</createdBy>
<createdTime>2011-07-11 06:51:52 UTC</createdTime>
<generatorID>45C98E28-6D58-24F6-B14A-C1D452424360</generatorID>
<ownerDesignName>sales_1_solution_2</ownerDesignName>
<engineerTo>
<item key="F7D7D517-DFEF-8F1D-B9CE-B73E302080E4" value="true"/>
</engineerTo>
<sourcePk>E60967B1-E1BA-9D43-DC8F-53D3CDBBEAC0</sourcePk>
<identifying>false</identifying>
<optionalSource>true</optionalSource>
<optionalTarget>false</optionalTarget>
<sourceCardinality>1</sourceCardinality>
<sourceEntity>862CD71F-8ACA-33A5-6C24-FBA4AC6FAA7F</sourceEntity>
<targetCardinalityString>*</targetCardinalityString>
<targetEntity>9B6DCC06-4F09-1244-27C0-C0BE0CEF865A</targetEntity>
<transferable>true</transferable>
</Relation>