<?xml version = '1.0' encoding = 'UTF-8'?>
<Relation class="oracle.dbtools.crest.model.design.logical.Relation" name="is_sold_within" directorySegmentName="seg_0" id="A29855C0-B8E0-9AB1-939F-006BD29DD707">
<createdBy>Marin F</createdBy>
<createdTime>2011-07-11 06:51:52 UTC</createdTime>
<generatorID>8AB4179B-4708-B8B2-CF4A-4369291FAF92</generatorID>
<ownerDesignName>sales_1_solution_2</ownerDesignName>
<engineerTo>
<item key="F7D7D517-DFEF-8F1D-B9CE-B73E302080E4" value="true"/>
</engineerTo>
<sourcePk>98B0CC1C-CABC-01BF-431C-FE0F561E7B33</sourcePk>
<identifying>false</identifying>
<optionalSource>true</optionalSource>
<optionalTarget>false</optionalTarget>
<sourceCardinality>1</sourceCardinality>
<sourceEntity>9B643DE7-AE99-9E3E-B7F8-CD5D91D01CAC</sourceEntity>
<targetCardinalityString>*</targetCardinalityString>
<targetEntity>AE183615-38B5-05D7-B4D4-C0A36668DC81</targetEntity>
<transferable>true</transferable>
</Relation>