<?xml version = '1.0' encoding = 'UTF-8'?>
<DataTypesDesign class="oracle.dbtools.crest.model.design.datatypes.DataTypesDesign" name="DataTypes" id="DD17821A-A21B-CC84-E0B4-B916D7979A55" mainViewID="20619ADA-B8CF-A20E-1354-FD4FA3171C1C">
<createdBy>Marin F</createdBy>
<createdTime>2011-08-27 04:59:07 UTC</createdTime>
<ownerDesignName>scolaritate1</ownerDesignName>
<shouldBeOpen>false</shouldBeOpen>
<defaultArrayLimit>0</defaultArrayLimit>
<useRoleInAssociationEndAsName>false</useRoleInAssociationEndAsName>
</DataTypesDesign>