<?xml version = '1.0' encoding = 'UTF-8'?>
<FKIndexAssociation class="oracle.dbtools.crest.model.design.relational.FKIndexAssociation" directorySegmentName="seg_0" id="040FFAC3-BBA5-571E-93F7-385FC74620DC" containerWithKeyObject="13488242-AF58-3C12-5BF9-E97C5C839092" localFKIndex="5BD664BC-5218-E12D-DEF1-59A4C6FF2FD8" name="people_postal_codes_FK">
<createdBy>admin</createdBy>
<createdTime>2015-10-29 09:33:05 UTC</createdTime>
<generatorID>8C1FC7B8-6660-31CC-55EE-8BE19F7D8F4F</generatorID>
<ownerDesignName>sales_2</ownerDesignName>
<deleteRule>NO ACTION</deleteRule>
<referredTableID>16D5D7FD-EC9B-7F7B-DC24-07DE9A1FF5A0</referredTableID>
<keyObject>A7B3C225-A1EA-1678-189E-A13F19E44508</keyObject>
<referredKeyID>A7B3C225-A1EA-1678-189E-A13F19E44508</referredKeyID>
<mandatory>false</mandatory>
<transferable>true</transferable>
<rely>false</rely>
<columnDependencyConstraintGenerateInDDL>true</columnDependencyConstraintGenerateInDDL>
</FKIndexAssociation>