<?xml version = '1.0' encoding = 'UTF-8'?>
<FKIndexAssociation class="oracle.dbtools.crest.model.design.relational.FKIndexAssociation" directorySegmentName="seg_0" id="1EFE4A22-9981-901A-65F8-9E21C50C79E3" containerWithKeyObject="6C057560-DDDC-7B71-13E3-73552B0009EE" localFKIndex="AC818700-DD5A-5A62-AAF8-3C5DF94A7CE3" name="receipt_details_invoices_FK">
<createdBy>admin</createdBy>
<createdTime>2015-10-29 09:33:05 UTC</createdTime>
<generatorID>BFF71C8D-60AE-DDB3-E312-B35FE343EFE9</generatorID>
<ownerDesignName>sales_2</ownerDesignName>
<deleteRule>NO ACTION</deleteRule>
<referredTableID>73FC895A-A83F-B857-83C0-D5265141E39C</referredTableID>
<keyObject>1D1AFA6A-332E-8C85-36FB-39212369331E</keyObject>
<referredKeyID>1D1AFA6A-332E-8C85-36FB-39212369331E</referredKeyID>
<mandatory>true</mandatory>
<transferable>true</transferable>
<rely>false</rely>
<columnDependencyConstraintGenerateInDDL>true</columnDependencyConstraintGenerateInDDL>
</FKIndexAssociation>