<?xml version = '1.0' encoding = 'UTF-8'?>
<FKIndexAssociation class="oracle.dbtools.crest.model.design.relational.FKIndexAssociation" directorySegmentName="seg_0" id="2F6905FC-E71B-2CD5-4804-7764AE6722E2" containerWithKeyObject="AA401D1F-7D75-686C-C636-0ED812720D31" localFKIndex="8099395A-335E-24A5-A37B-9F522258AF6B" name="contacts_people_FK">
<createdBy>admin</createdBy>
<createdTime>2015-10-29 09:33:05 UTC</createdTime>
<generatorID>6F42A286-0894-7836-2315-203EE65990C9</generatorID>
<ownerDesignName>sales_2</ownerDesignName>
<deleteRule>NO ACTION</deleteRule>
<referredTableID>13488242-AF58-3C12-5BF9-E97C5C839092</referredTableID>
<keyObject>B42BE815-2801-85C4-52F4-AF30D16C887C</keyObject>
<referredKeyID>B42BE815-2801-85C4-52F4-AF30D16C887C</referredKeyID>
<mandatory>true</mandatory>
<transferable>true</transferable>
<rely>false</rely>
<columnDependencyConstraintGenerateInDDL>true</columnDependencyConstraintGenerateInDDL>
</FKIndexAssociation>