<?xml version = '1.0' encoding = 'UTF-8'?>
<FKIndexAssociation class="oracle.dbtools.crest.model.design.relational.FKIndexAssociation" directorySegmentName="seg_0" id="305A3CBD-6A17-3ADE-E6AE-E5DA1678E10D" containerWithKeyObject="BD1EB9EB-96A5-0B64-ED7B-E69B6BA4C07C" localFKIndex="679B91BE-4654-F8E1-814F-F3CB934DADE2" name="customers_postal_codes_FK">
<createdBy>admin</createdBy>
<createdTime>2015-10-29 09:33:05 UTC</createdTime>
<generatorID>041CAC65-CEE4-CBF4-1D2E-12DF8E5B7D4E</generatorID>
<ownerDesignName>sales_2</ownerDesignName>
<deleteRule>NO ACTION</deleteRule>
<referredTableID>16D5D7FD-EC9B-7F7B-DC24-07DE9A1FF5A0</referredTableID>
<keyObject>A7B3C225-A1EA-1678-189E-A13F19E44508</keyObject>
<referredKeyID>A7B3C225-A1EA-1678-189E-A13F19E44508</referredKeyID>
<mandatory>true</mandatory>
<transferable>true</transferable>
<rely>false</rely>
<columnDependencyConstraintGenerateInDDL>true</columnDependencyConstraintGenerateInDDL>
</FKIndexAssociation>