<?xml version = '1.0' encoding = 'UTF-8'?>
<FKIndexAssociation class="oracle.dbtools.crest.model.design.relational.FKIndexAssociation" directorySegmentName="seg_0" id="3C828DC3-D5ED-06C0-37FD-C52472FA76A0" containerWithKeyObject="670D114E-A93A-291D-03B7-5801B92E6C7F" localFKIndex="6DDC308E-0696-2310-5848-6ACB9D684CC8" name="invoice_details_products_FK">
<createdBy>admin</createdBy>
<createdTime>2015-10-29 09:33:05 UTC</createdTime>
<generatorID>A29855C0-B8E0-9AB1-939F-006BD29DD707</generatorID>
<ownerDesignName>sales_2</ownerDesignName>
<deleteRule>NO ACTION</deleteRule>
<referredTableID>8BE01988-3F7F-DFF7-CDB0-AA8BC3E89EBB</referredTableID>
<keyObject>C3E9FF32-EF32-0967-3643-637519C996EF</keyObject>
<referredKeyID>C3E9FF32-EF32-0967-3643-637519C996EF</referredKeyID>
<mandatory>true</mandatory>
<transferable>true</transferable>
<rely>false</rely>
<columnDependencyConstraintGenerateInDDL>true</columnDependencyConstraintGenerateInDDL>
</FKIndexAssociation>