<?xml version = '1.0' encoding = 'UTF-8'?>
<FKIndexAssociation class="oracle.dbtools.crest.model.design.relational.FKIndexAssociation" directorySegmentName="seg_0" id="3F8BC8C6-EAA9-7A3B-FF0C-F79052F5C12F" containerWithKeyObject="16D5D7FD-EC9B-7F7B-DC24-07DE9A1FF5A0" localFKIndex="AB419780-08A7-E3F9-5CF9-E8C7984AA4AB" name="postal_codes_counties_FK">
<createdBy>admin</createdBy>
<createdTime>2015-10-29 09:33:05 UTC</createdTime>
<generatorID>D42DE3C4-CE63-CA76-6A11-59ADAADC375E</generatorID>
<ownerDesignName>sales_2</ownerDesignName>
<deleteRule>NO ACTION</deleteRule>
<referredTableID>1C5D1DB1-A955-1669-5DC0-B483A0AB1026</referredTableID>
<keyObject>298B5508-6830-2E49-4DBD-6CF3C4C8F815</keyObject>
<referredKeyID>298B5508-6830-2E49-4DBD-6CF3C4C8F815</referredKeyID>
<mandatory>true</mandatory>
<transferable>true</transferable>
<rely>false</rely>
<columnDependencyConstraintGenerateInDDL>true</columnDependencyConstraintGenerateInDDL>
</FKIndexAssociation>