<?xml version = '1.0' encoding = 'UTF-8'?>
<FKIndexAssociation class="oracle.dbtools.crest.model.design.relational.FKIndexAssociation" directorySegmentName="seg_0" id="4BB3CEF0-6C1E-4C6C-B2C2-C4D50526AE08" containerWithKeyObject="73FC895A-A83F-B857-83C0-D5265141E39C" localFKIndex="7FA158F5-FB18-2306-B5E9-99924844F25C" name="invoices_customers_FK">
<createdBy>admin</createdBy>
<createdTime>2015-10-29 09:33:05 UTC</createdTime>
<generatorID>3887E4B0-99D7-4D22-8E5D-DB276E64F678</generatorID>
<ownerDesignName>sales_2</ownerDesignName>
<deleteRule>NO ACTION</deleteRule>
<referredTableID>BD1EB9EB-96A5-0B64-ED7B-E69B6BA4C07C</referredTableID>
<keyObject>4C2ADCF1-14C3-5370-4760-FA98809528EB</keyObject>
<referredKeyID>4C2ADCF1-14C3-5370-4760-FA98809528EB</referredKeyID>
<mandatory>true</mandatory>
<transferable>true</transferable>
<rely>false</rely>
<columnDependencyConstraintGenerateInDDL>true</columnDependencyConstraintGenerateInDDL>
</FKIndexAssociation>