<?xml version = '1.0' encoding = 'UTF-8'?>
<FKIndexAssociation class="oracle.dbtools.crest.model.design.relational.FKIndexAssociation" directorySegmentName="seg_0" id="AF8A9B57-5F7B-1AF2-40DA-9B7588FEE257" containerWithKeyObject="AA401D1F-7D75-686C-C636-0ED812720D31" localFKIndex="7CD8B6FD-4502-C882-368B-903FE73BB0E7" name="contacts_customers_FK">
<createdBy>admin</createdBy>
<createdTime>2015-10-29 09:33:05 UTC</createdTime>
<generatorID>C8A70461-C856-4D8C-9F97-C9F252DDEE62</generatorID>
<ownerDesignName>sales_2</ownerDesignName>
<deleteRule>NO ACTION</deleteRule>
<referredTableID>BD1EB9EB-96A5-0B64-ED7B-E69B6BA4C07C</referredTableID>
<keyObject>4C2ADCF1-14C3-5370-4760-FA98809528EB</keyObject>
<referredKeyID>4C2ADCF1-14C3-5370-4760-FA98809528EB</referredKeyID>
<mandatory>true</mandatory>
<transferable>true</transferable>
<rely>false</rely>
<columnDependencyConstraintGenerateInDDL>true</columnDependencyConstraintGenerateInDDL>
</FKIndexAssociation>