<?xml version = '1.0' encoding = 'UTF-8'?>
<FKIndexAssociation class="oracle.dbtools.crest.model.design.relational.FKIndexAssociation" directorySegmentName="seg_0" id="BCB030E0-B372-CFE6-9F03-44DCB37A5F7B" containerWithKeyObject="6C057560-DDDC-7B71-13E3-73552B0009EE" localFKIndex="9A8A3D35-E33E-8710-2F72-DBC613B49C11" name="receipt_details_receipts_FK">
<createdBy>admin</createdBy>
<createdTime>2015-10-29 09:33:05 UTC</createdTime>
<generatorID>3DC8AEB8-57D3-AFB7-FCE8-7F08DCC93164</generatorID>
<ownerDesignName>sales_2</ownerDesignName>
<deleteRule>NO ACTION</deleteRule>
<referredTableID>A6270738-9D4F-4DD8-10FA-5084578C60B0</referredTableID>
<keyObject>D5C75DF8-6AFB-EA63-56A8-A3D9266088AE</keyObject>
<referredKeyID>D5C75DF8-6AFB-EA63-56A8-A3D9266088AE</referredKeyID>
<mandatory>true</mandatory>
<transferable>true</transferable>
<rely>false</rely>
<columnDependencyConstraintGenerateInDDL>true</columnDependencyConstraintGenerateInDDL>
</FKIndexAssociation>