<?xml version = '1.0' encoding = 'UTF-8'?>
<FKIndexAssociation class="oracle.dbtools.crest.model.design.relational.FKIndexAssociation" directorySegmentName="seg_0" id="E252B1EB-F679-1FB5-4163-E6A6BFA8F11F" containerWithKeyObject="670D114E-A93A-291D-03B7-5801B92E6C7F" localFKIndex="1271DD7E-6582-2AE1-5C19-246F3727B895" name="invoice_details_invoices_FK">
<createdBy>admin</createdBy>
<createdTime>2015-10-29 09:33:05 UTC</createdTime>
<generatorID>FDA6341C-BE50-5CE3-3821-644B4FD1FDCC</generatorID>
<ownerDesignName>sales_2</ownerDesignName>
<deleteRule>NO ACTION</deleteRule>
<referredTableID>73FC895A-A83F-B857-83C0-D5265141E39C</referredTableID>
<keyObject>1D1AFA6A-332E-8C85-36FB-39212369331E</keyObject>
<referredKeyID>1D1AFA6A-332E-8C85-36FB-39212369331E</referredKeyID>
<mandatory>true</mandatory>
<transferable>true</transferable>
<rely>false</rely>
<columnDependencyConstraintGenerateInDDL>true</columnDependencyConstraintGenerateInDDL>
</FKIndexAssociation>