<?xml version = '1.0' encoding = 'UTF-8'?>
<relationalModel class="oracle.dbtools.crest.model.design.relational.RelationalDesign" name="Relational_1" id="8BD80427-BA40-B74B-5878-AD66E0970AC5" mainViewID="1AB5F28B-32DF-4A2C-AA84-CA294D06A1E1">
<createdBy>admin</createdBy>
<createdTime>2015-10-30 09:49:59 UTC</createdTime>
<ownerDesignName>02b_package_of_items_v2</ownerDesignName>
<shouldBeOpen>false</shouldBeOpen>
<selectedRDBMSSite>3FD120B5-9F4E-6278-D5E2-746D192C8319</selectedRDBMSSite>
</relationalModel>