<?xml version = '1.0' encoding = 'UTF-8'?>
<FKIndexAssociation class="oracle.dbtools.crest.model.design.relational.FKIndexAssociation" directorySegmentName="seg_0" id="048F170D-A1FB-2C8D-BB28-FE99B0A1800A" containerWithKeyObject="23A17D0A-E416-63A1-0EF8-935B52FCEE83" localFKIndex="C92AFED4-EC5F-A188-4FAE-519A16EF408F" name="orders_customers_FK">
<createdBy>admin</createdBy>
<createdTime>2015-10-27 04:01:07 UTC</createdTime>
<generatorID>49B4835E-6073-D100-4DDA-8405C00B3F70</generatorID>
<ownerDesignName>orders_1</ownerDesignName>
<deleteRule>NO ACTION</deleteRule>
<referredTableID>B657701E-733E-172B-10BD-7538DF7C483C</referredTableID>
<keyObject>2AAD55B0-C922-DD35-62EC-6FA328EBAC71</keyObject>
<referredKeyID>2AAD55B0-C922-DD35-62EC-6FA328EBAC71</referredKeyID>
<mandatory>true</mandatory>
<transferable>true</transferable>
<rely>false</rely>
<columnDependencyConstraintGenerateInDDL>true</columnDependencyConstraintGenerateInDDL>
</FKIndexAssociation>