<?xml version = '1.0' encoding = 'UTF-8'?>
<FKIndexAssociation class="oracle.dbtools.crest.model.design.relational.FKIndexAssociation" directorySegmentName="seg_0" id="38282AC8-65D4-C0C1-80A8-3541FE555293" containerWithKeyObject="1F0B4420-3756-A4B5-EC80-7D9F6F381248" localFKIndex="E2314437-5543-C5DE-7D35-E3F0F004D027" name="order_details_products_FK">
<createdBy>admin</createdBy>
<createdTime>2015-10-27 04:01:07 UTC</createdTime>
<generatorID>2E8201ED-752B-8E4B-D49E-B23AE01E455A</generatorID>
<ownerDesignName>orders_1</ownerDesignName>
<deleteRule>NO ACTION</deleteRule>
<referredTableID>F6E6DFE8-7340-D2C3-2329-CA263B2BEBC1</referredTableID>
<keyObject>7C62A35B-1830-CABA-7587-0A08F922C1EC</keyObject>
<referredKeyID>7C62A35B-1830-CABA-7587-0A08F922C1EC</referredKeyID>
<mandatory>true</mandatory>
<transferable>true</transferable>
<rely>false</rely>
<columnDependencyConstraintGenerateInDDL>true</columnDependencyConstraintGenerateInDDL>
</FKIndexAssociation>