<?xml version = '1.0' encoding = 'UTF-8'?>
<FKIndexAssociation class="oracle.dbtools.crest.model.design.relational.FKIndexAssociation" directorySegmentName="seg_0" id="63FDD44A-064C-7D58-7233-65FDACBE1A84" containerWithKeyObject="23A17D0A-E416-63A1-0EF8-935B52FCEE83" localFKIndex="7CC87208-5F07-435A-B074-F6C8448A9580" name="orders_salesmen_FK">
<createdBy>admin</createdBy>
<createdTime>2015-10-27 04:01:07 UTC</createdTime>
<generatorID>E678E312-43FF-0A28-A9C5-366D21E19C38</generatorID>
<ownerDesignName>orders_1</ownerDesignName>
<deleteRule>NO ACTION</deleteRule>
<referredTableID>D047AC1D-65CF-3924-5BA2-C3421BD7D3B6</referredTableID>
<keyObject>73676178-FF9E-1FEC-A201-AF86F5846C5E</keyObject>
<referredKeyID>73676178-FF9E-1FEC-A201-AF86F5846C5E</referredKeyID>
<mandatory>false</mandatory>
<transferable>true</transferable>
<rely>false</rely>
<columnDependencyConstraintGenerateInDDL>true</columnDependencyConstraintGenerateInDDL>
</FKIndexAssociation>