<?xml version = '1.0' encoding = 'UTF-8'?>
<FKIndexAssociation class="oracle.dbtools.crest.model.design.relational.FKIndexAssociation" directorySegmentName="seg_0" id="A95D1204-C01A-A730-18E4-9B5D40AED601" containerWithKeyObject="A45FB24D-4744-98C0-F599-D0B0DAD24059" localFKIndex="E521E7F2-A0AF-3A00-6259-BAC5D03603B9" name="is_refered_in">
<createdBy>Marin F</createdBy>
<createdTime>2012-11-05 17:54:55 UTC</createdTime>
<generatorID>2E8201ED-752B-8E4B-D49E-B23AE01E455A</generatorID>
<ownerDesignName>orders_1</ownerDesignName>
<deleteRule>NO ACTION</deleteRule>
<referredTableID>828D09FC-523A-4E2E-855B-4720FF37EC39</referredTableID>
<keyObject>65472DD6-6614-11A5-6493-D7CDC9759711</keyObject>
<referredKeyID>65472DD6-6614-11A5-6493-D7CDC9759711</referredKeyID>
<mandatory>true</mandatory>
<transferable>true</transferable>
<rely>false</rely>
<columnDependencyConstraintGenerateInDDL>false</columnDependencyConstraintGenerateInDDL>
</FKIndexAssociation>