<?xml version = '1.0' encoding = 'UTF-8'?>
<FKIndexAssociation class="oracle.dbtools.crest.model.design.relational.FKIndexAssociation" directorySegmentName="seg_0" id="BF3768A1-8332-D409-5BA2-7D1C5B805A59" containerWithKeyObject="1F0B4420-3756-A4B5-EC80-7D9F6F381248" localFKIndex="359AA921-3C1E-C806-98BE-659210A1D373" name="order_details_orders_FK">
<createdBy>admin</createdBy>
<createdTime>2015-10-27 04:01:07 UTC</createdTime>
<generatorID>2D911A6D-E630-2A45-7B63-AAB13E0A8800</generatorID>
<ownerDesignName>orders_1</ownerDesignName>
<deleteRule>NO ACTION</deleteRule>
<referredTableID>23A17D0A-E416-63A1-0EF8-935B52FCEE83</referredTableID>
<keyObject>E2CAA4C7-199D-F24C-53E9-540280BE3BE7</keyObject>
<referredKeyID>E2CAA4C7-199D-F24C-53E9-540280BE3BE7</referredKeyID>
<mandatory>true</mandatory>
<transferable>true</transferable>
<rely>false</rely>
<columnDependencyConstraintGenerateInDDL>true</columnDependencyConstraintGenerateInDDL>
</FKIndexAssociation>