<?xml version = '1.0' encoding = 'UTF-8'?>
<FKIndexAssociation class="oracle.dbtools.crest.model.design.relational.FKIndexAssociation" directorySegmentName="seg_0" id="D4CDBAED-D26E-D39A-AE3E-49DF63DA0182" containerWithKeyObject="A45FB24D-4744-98C0-F599-D0B0DAD24059" localFKIndex="3C19EC62-836C-766F-CCEE-AA7E8E3091BB" name="is_composed_of">
<createdBy>Marin F</createdBy>
<createdTime>2012-11-05 17:54:55 UTC</createdTime>
<generatorID>2D911A6D-E630-2A45-7B63-AAB13E0A8800</generatorID>
<ownerDesignName>orders_1</ownerDesignName>
<deleteRule>NO ACTION</deleteRule>
<referredTableID>6503EAD4-9323-0EF2-994F-AFA03BE4D091</referredTableID>
<keyObject>BA5D5B94-91B4-20C6-349B-A3BA3C32375B</keyObject>
<referredKeyID>BA5D5B94-91B4-20C6-349B-A3BA3C32375B</referredKeyID>
<mandatory>true</mandatory>
<transferable>true</transferable>
<rely>false</rely>
<columnDependencyConstraintGenerateInDDL>false</columnDependencyConstraintGenerateInDDL>
</FKIndexAssociation>