<?xml version = '1.0' encoding = 'UTF-8'?>
<FKIndexAssociation class="oracle.dbtools.crest.model.design.relational.FKIndexAssociation" directorySegmentName="seg_0" id="E49D9CF4-6A4C-BCA8-9FD6-BA41E32A4BE5" containerWithKeyObject="6503EAD4-9323-0EF2-994F-AFA03BE4D091" localFKIndex="10D13BBB-AD1C-04CF-CC65-5FCD927E0A0B" name="fills_up">
<createdBy>Marin F</createdBy>
<createdTime>2012-11-05 17:54:55 UTC</createdTime>
<generatorID>49B4835E-6073-D100-4DDA-8405C00B3F70</generatorID>
<ownerDesignName>orders_1</ownerDesignName>
<deleteRule>NO ACTION</deleteRule>
<referredTableID>3E8FF0C0-4D6E-1B9D-9E9B-CFC715F43BE8</referredTableID>
<keyObject>EAFE7595-FEB8-A35C-D4AE-1A0CD2E5E30F</keyObject>
<referredKeyID>EAFE7595-FEB8-A35C-D4AE-1A0CD2E5E30F</referredKeyID>
<mandatory>true</mandatory>
<transferable>true</transferable>
<rely>false</rely>
<columnDependencyConstraintGenerateInDDL>false</columnDependencyConstraintGenerateInDDL>
</FKIndexAssociation>