<?xml version = '1.0' encoding = 'UTF-8'?>
<FKIndexAssociation class="oracle.dbtools.crest.model.design.relational.FKIndexAssociation" directorySegmentName="seg_0" id="F18C0D9B-C0F3-486C-9E69-EE4AAD6EF3C9" containerWithKeyObject="6503EAD4-9323-0EF2-994F-AFA03BE4D091" localFKIndex="9FABE5DF-14B2-7A97-DAA3-44EF595569F7" name="persuades_customer_to_fill">
<createdBy>Marin F</createdBy>
<createdTime>2012-11-05 17:54:55 UTC</createdTime>
<generatorID>E678E312-43FF-0A28-A9C5-366D21E19C38</generatorID>
<ownerDesignName>orders_1</ownerDesignName>
<deleteRule>NO ACTION</deleteRule>
<referredTableID>B75E9AD7-FB32-F201-FC34-0101752E8C51</referredTableID>
<keyObject>09480CC0-A883-FBE9-DF9D-00A2DF4C8793</keyObject>
<referredKeyID>09480CC0-A883-FBE9-DF9D-00A2DF4C8793</referredKeyID>
<mandatory>false</mandatory>
<transferable>true</transferable>
<rely>false</rely>
<columnDependencyConstraintGenerateInDDL>false</columnDependencyConstraintGenerateInDDL>
</FKIndexAssociation>