<?xml version = '1.0' encoding = 'UTF-8'?>
<FKIndexAssociation class="oracle.dbtools.crest.model.design.relational.FKIndexAssociation" directorySegmentName="seg_0" id="044536E6-2974-BBBB-3D03-30D4D238F117" containerWithKeyObject="389BCC9D-42CC-AA4E-DF99-4C0109BE1BFF" localFKIndex="77A5E7EF-3141-ED4F-431A-5668FE87B87B" name="serv_var_price_services_FK">
<createdBy>marinfotache</createdBy>
<createdTime>2016-11-07 08:55:29 UTC</createdTime>
<generatorID>81C48145-1421-FB94-577D-742EE129B2B4</generatorID>
<ownerDesignName>01c_heterogeneous_items_v3</ownerDesignName>
<arc>63135396-C07C-3FC5-43F4-F0C287C0712F</arc>
<deleteRule>NO ACTION</deleteRule>
<referredTableID>443F86BF-2947-29BF-1566-C9042C011612</referredTableID>
<keyObject>73E29C61-A8E2-D13C-723A-6D0D7FAF1024</keyObject>
<referredKeyID>73E29C61-A8E2-D13C-723A-6D0D7FAF1024</referredKeyID>
<mandatory>true</mandatory>
<transferable>true</transferable>
<rely>false</rely>
<columnDependencyConstraintGenerateInDDL>true</columnDependencyConstraintGenerateInDDL>
</FKIndexAssociation>