<?xml version = '1.0' encoding = 'UTF-8'?>
<FKIndexAssociation class="oracle.dbtools.crest.model.design.relational.FKIndexAssociation" directorySegmentName="seg_0" id="0B9CCA0D-E066-87CD-0824-439465388F96" containerWithKeyObject="1C96027F-DDFB-CE0A-6FC2-B32487B78B86" localFKIndex="2ECED759-CE81-DE55-843F-8D5A3215A381" name="ordered_items_services_FK">
<createdBy>marinfotache</createdBy>
<createdTime>2016-11-07 08:55:29 UTC</createdTime>
<generatorID>784501A0-8811-ADBA-ED35-DDA6257944CE</generatorID>
<ownerDesignName>01c_heterogeneous_items_v3</ownerDesignName>
<arc>EADC7861-1F22-BBA9-7295-6141460055D7</arc>
<deleteRule>NO ACTION</deleteRule>
<referredTableID>443F86BF-2947-29BF-1566-C9042C011612</referredTableID>
<keyObject>73E29C61-A8E2-D13C-723A-6D0D7FAF1024</keyObject>
<referredKeyID>73E29C61-A8E2-D13C-723A-6D0D7FAF1024</referredKeyID>
<mandatory>false</mandatory>
<transferable>true</transferable>
<rely>false</rely>
<columnDependencyConstraintGenerateInDDL>true</columnDependencyConstraintGenerateInDDL>
</FKIndexAssociation>