<?xml version = '1.0' encoding = 'UTF-8'?>
<FKIndexAssociation class="oracle.dbtools.crest.model.design.relational.FKIndexAssociation" directorySegmentName="seg_0" id="21801D87-BC6D-B7A9-6859-7B2E3EB94107" containerWithKeyObject="443F86BF-2947-29BF-1566-C9042C011612" localFKIndex="253AEC42-0989-2FBB-3635-C3C0F7DBB95A" name="services_item_groups_FK">
<createdBy>marinfotache</createdBy>
<createdTime>2016-11-07 08:55:29 UTC</createdTime>
<generatorID>4C48235E-BC28-B9B9-8F37-185083ACBAF7</generatorID>
<ownerDesignName>01c_heterogeneous_items_v3</ownerDesignName>
<deleteRule>NO ACTION</deleteRule>
<referredTableID>239D50A1-A531-32AB-595F-763727666C14</referredTableID>
<keyObject>675B0BF5-1A28-9C29-AB23-21BF6BFD6A3A</keyObject>
<referredKeyID>675B0BF5-1A28-9C29-AB23-21BF6BFD6A3A</referredKeyID>
<mandatory>true</mandatory>
<transferable>true</transferable>
<rely>false</rely>
<columnDependencyConstraintGenerateInDDL>true</columnDependencyConstraintGenerateInDDL>
</FKIndexAssociation>