<?xml version = '1.0' encoding = 'UTF-8'?>
<FKIndexAssociation class="oracle.dbtools.crest.model.design.relational.FKIndexAssociation" directorySegmentName="seg_0" id="3FA69735-72CF-2ABE-7EE6-05DEA4BD9C64" containerWithKeyObject="8F4D5CA9-1782-32B9-3248-67CE04985806" localFKIndex="02509539-177E-4000-FCDD-76A753A93143" name="serv_unique_price_services_FK">
<createdBy>marinfotache</createdBy>
<createdTime>2016-11-07 08:55:29 UTC</createdTime>
<generatorID>9BFF8122-CB69-FA40-B338-4F41DE6F89C0</generatorID>
<ownerDesignName>01c_heterogeneous_items_v3</ownerDesignName>
<arc>63135396-C07C-3FC5-43F4-F0C287C0712F</arc>
<deleteRule>NO ACTION</deleteRule>
<referredTableID>443F86BF-2947-29BF-1566-C9042C011612</referredTableID>
<keyObject>73E29C61-A8E2-D13C-723A-6D0D7FAF1024</keyObject>
<referredKeyID>73E29C61-A8E2-D13C-723A-6D0D7FAF1024</referredKeyID>
<mandatory>true</mandatory>
<transferable>true</transferable>
<rely>false</rely>
<columnDependencyConstraintGenerateInDDL>true</columnDependencyConstraintGenerateInDDL>
</FKIndexAssociation>