<?xml version = '1.0' encoding = 'UTF-8'?>
<FKIndexAssociation class="oracle.dbtools.crest.model.design.relational.FKIndexAssociation" directorySegmentName="seg_0" id="C89A527C-3456-A2F9-9A7B-A19A3470291E" containerWithKeyObject="3E240EEB-E398-2919-C8EB-CD03AEC86246" localFKIndex="CF451BB0-319A-4E83-47DC-3B5389216369" name="products_item_groups_FK">
<createdBy>marinfotache</createdBy>
<createdTime>2016-11-07 08:55:29 UTC</createdTime>
<generatorID>6D6F96D6-A718-831D-B4E4-9D22F4FC9760</generatorID>
<ownerDesignName>01c_heterogeneous_items_v3</ownerDesignName>
<deleteRule>NO ACTION</deleteRule>
<referredTableID>239D50A1-A531-32AB-595F-763727666C14</referredTableID>
<keyObject>675B0BF5-1A28-9C29-AB23-21BF6BFD6A3A</keyObject>
<referredKeyID>675B0BF5-1A28-9C29-AB23-21BF6BFD6A3A</referredKeyID>
<mandatory>true</mandatory>
<transferable>true</transferable>
<rely>false</rely>
<columnDependencyConstraintGenerateInDDL>true</columnDependencyConstraintGenerateInDDL>
</FKIndexAssociation>