<?xml version = '1.0' encoding = 'UTF-8'?>
<FKIndexAssociation class="oracle.dbtools.crest.model.design.relational.FKIndexAssociation" directorySegmentName="seg_0" id="CD715E77-AE9A-B2E3-D3EE-427D49AC3E9A" containerWithKeyObject="1C96027F-DDFB-CE0A-6FC2-B32487B78B86" localFKIndex="0C13FDF0-CFE8-B2A7-5888-AE7B5A2D4368" name="ordered_items_products_FK">
<createdBy>marinfotache</createdBy>
<createdTime>2016-11-07 08:55:29 UTC</createdTime>
<generatorID>23ADD691-E327-5C7B-1F5A-8C6F135F6A8A</generatorID>
<ownerDesignName>01c_heterogeneous_items_v3</ownerDesignName>
<arc>EADC7861-1F22-BBA9-7295-6141460055D7</arc>
<deleteRule>NO ACTION</deleteRule>
<referredTableID>3E240EEB-E398-2919-C8EB-CD03AEC86246</referredTableID>
<keyObject>A962950B-EF84-D718-71B1-AC80D5A1710A</keyObject>
<referredKeyID>A962950B-EF84-D718-71B1-AC80D5A1710A</referredKeyID>
<mandatory>false</mandatory>
<transferable>true</transferable>
<rely>false</rely>
<columnDependencyConstraintGenerateInDDL>true</columnDependencyConstraintGenerateInDDL>
</FKIndexAssociation>