<?xml version = '1.0' encoding = 'UTF-8'?>
<FKIndexAssociation class="oracle.dbtools.crest.model.design.relational.FKIndexAssociation" directorySegmentName="seg_0" id="D3E148A0-1FD0-B5B0-5FD8-CFDE12B3193A" containerWithKeyObject="1C96027F-DDFB-CE0A-6FC2-B32487B78B86" localFKIndex="0BD5A54F-8091-207C-F735-AD3C93143DF1" name="ordered_items_orders_FK">
<createdBy>marinfotache</createdBy>
<createdTime>2016-11-07 08:55:29 UTC</createdTime>
<generatorID>2AFE7B4B-0337-CBB2-49DE-B73C185A50F3</generatorID>
<ownerDesignName>01c_heterogeneous_items_v3</ownerDesignName>
<deleteRule>NO ACTION</deleteRule>
<referredTableID>3BEFBA24-AC88-9E32-559F-A92B7A83EEEA</referredTableID>
<keyObject>DCB05ACC-2E0F-3606-E8DA-6CF12A990E63</keyObject>
<referredKeyID>DCB05ACC-2E0F-3606-E8DA-6CF12A990E63</referredKeyID>
<mandatory>true</mandatory>
<transferable>true</transferable>
<rely>false</rely>
<columnDependencyConstraintGenerateInDDL>true</columnDependencyConstraintGenerateInDDL>
</FKIndexAssociation>