<?xml version = '1.0' encoding = 'UTF-8'?>
<relationalModel class="oracle.dbtools.crest.model.design.relational.RelationalDesign" name="Relational_1" id="9768D33D-D6D7-1EEF-C2B5-B744BBCAA017" mainViewID="B2E00884-D3DA-C937-9B36-D566B2445DBD">
<createdBy>marinfotache</createdBy>
<createdTime>2018-10-26 05:14:38 UTC</createdTime>
<ownerDesignName>07b_product_bought_product_offered</ownerDesignName>
<shouldBeOpen>false</shouldBeOpen>
<selectedRDBMSSite>3FD120B5-9F4E-6278-D5E2-746D192C8319</selectedRDBMSSite>
</relationalModel>