<?xml version = '1.0' encoding = 'UTF-8'?>
<Relation class="oracle.dbtools.crest.model.design.logical.Relation" name="needs" directorySegmentName="seg_0" id="80705928-F905-9DE6-7EE5-9011560251C2">
<createdBy>admin</createdBy>
<createdTime>2015-11-10 16:20:22 UTC</createdTime>
<ownerDesignName>08c_organizational_chart</ownerDesignName>
<engineerTo>
<item key="B2066FEA-2EB7-E6B1-13B1-47381F99176D" value="true"/>
</engineerTo>
<sourcePk>44ECA83B-1F00-D325-C696-025CE4081BC6</sourcePk>
<identifying>true</identifying>
<optionalSource>true</optionalSource>
<optionalTarget>false</optionalTarget>
<sourceCardinality>1</sourceCardinality>
<sourceEntity>111CD7AD-8259-DCAD-758B-B49FB04568BA</sourceEntity>
<targetCardinalityString>*</targetCardinalityString>
<targetEntity>EB50440E-AB72-B438-6DF1-39B41C053BA1</targetEntity>
<transferable>true</transferable>
</Relation>