<?xml version = '1.0' encoding = 'UTF-8'?>
<Relation class="oracle.dbtools.crest.model.design.logical.Relation" name="fills" directorySegmentName="seg_0" id="8F00B08B-5928-C15B-EF2B-9CA97E1AECB4">
<createdBy>admin</createdBy>
<createdTime>2015-11-10 16:19:18 UTC</createdTime>
<ownerDesignName>08c_organizational_chart</ownerDesignName>
<engineerTo>
<item key="B2066FEA-2EB7-E6B1-13B1-47381F99176D" value="true"/>
</engineerTo>
<sourcePk>94007D74-04B6-39BF-CD84-C8F2E9C0B32F</sourcePk>
<identifying>true</identifying>
<optionalSource>true</optionalSource>
<optionalTarget>false</optionalTarget>
<sourceCardinality>1</sourceCardinality>
<sourceEntity>D513F06E-8B63-1AEF-C3A3-2FD75CACA2BA</sourceEntity>
<targetCardinalityString>*</targetCardinalityString>
<targetEntity>DBEB5601-DE01-5BC7-3469-123803231266</targetEntity>
<transferable>true</transferable>
</Relation>