<?xml version = '1.0' encoding = 'UTF-8'?>
<Relation class="oracle.dbtools.crest.model.design.logical.Relation" name="Relation_6" directorySegmentName="seg_0" id="A61A634E-5406-CA28-1396-2BB38C1B5AA2">
<createdBy>admin</createdBy>
<createdTime>2015-11-10 16:22:15 UTC</createdTime>
<ownerDesignName>08c_organizational_chart</ownerDesignName>
<engineerTo>
<item key="B2066FEA-2EB7-E6B1-13B1-47381F99176D" value="true"/>
</engineerTo>
<sourcePk>0B12F4FD-7742-B606-F290-AADEC5709A7D</sourcePk>
<identifying>true</identifying>
<optionalSource>true</optionalSource>
<optionalTarget>false</optionalTarget>
<sourceCardinality>1</sourceCardinality>
<sourceEntity>9EA5C8F3-2AD8-7C17-9D2B-94A07FD93D64</sourceEntity>
<targetCardinalityString>*</targetCardinalityString>
<targetEntity>EB50440E-AB72-B438-6DF1-39B41C053BA1</targetEntity>
<transferable>true</transferable>
</Relation>