<?xml version = '1.0' encoding = 'UTF-8'?>
<Relation class="oracle.dbtools.crest.model.design.logical.Relation" name="Relation_5" directorySegmentName="seg_0" id="D510AD01-E008-B048-93DD-10BD0A1519B3">
<createdBy>admin</createdBy>
<createdTime>2015-11-10 16:21:36 UTC</createdTime>
<ownerDesignName>08c_organizational_chart</ownerDesignName>
<engineerTo>
<item key="B2066FEA-2EB7-E6B1-13B1-47381F99176D" value="true"/>
</engineerTo>
<sourcePk>8DE68020-B034-7FD3-D520-C1B5F273E9C9</sourcePk>
<identifying>true</identifying>
<optionalSource>true</optionalSource>
<optionalTarget>false</optionalTarget>
<sourceCardinality>1</sourceCardinality>
<sourceEntity>EB50440E-AB72-B438-6DF1-39B41C053BA1</sourceEntity>
<targetCardinalityString>*</targetCardinalityString>
<targetEntity>DBEB5601-DE01-5BC7-3469-123803231266</targetEntity>
<transferable>true</transferable>
</Relation>