<?xml version = '1.0' encoding = 'UTF-8'?>
<Diagram class="oracle.dbtools.crest.swingui.relational.DPVRelational" name="Relational_1" id="464D7B13-D1BB-3FB4-6CBF-EA6E9CC21312">
<createdBy>admin</createdBy>
<modifiedBy>admin</modifiedBy>
<createdTime>2015-10-30 06:33:10 UTC</createdTime>
<autoRoute>false</autoRoute>
<boxInbox>true</boxInbox>
<showLegend>false</showLegend>
<showLabels>false</showLabels>
<showRelAttributes>false</showRelAttributes>
<gridEnabled>false</gridEnabled>
<showGrid>false</showGrid>
<diagramColor>-1</diagramColor>
<display>false</display>
<notation>1</notation>
<objectViews>
<OView class="oracle.dbtools.crest.swingui.relational.TVTable" oid="167B61EA-2299-CC67-43C5-DE245CD5AF8D" otype="Table" vid="7A90EC02-8D30-05AC-C2BD-00E325D9482C">
<hideElementsInCurrentOnly>false</hideElementsInCurrentOnly>
<bounds x="31" y="185" width="125" height="62"/>
</OView>
<OView class="oracle.dbtools.crest.swingui.relational.TVTable" oid="427218AB-5636-0101-3D00-67ADCEB5D9C7" otype="Table" vid="F19A648D-D765-EEAC-70F0-80771386F6AB">
<hideElementsInCurrentOnly>false</hideElementsInCurrentOnly>
<bounds x="335" y="3" width="104" height="73"/>
</OView>
<OView class="oracle.dbtools.crest.swingui.relational.TVTable" oid="47777B37-D773-11C1-3140-A7E7FB8CAFA3" otype="Table" vid="90CA588F-40D7-9071-A161-C4EA77813E2B">
<hideElementsInCurrentOnly>false</hideElementsInCurrentOnly>
<bounds x="500" y="462" width="123" height="50"/>
</OView>
<OView class="oracle.dbtools.crest.swingui.relational.TVTable" oid="4AA6D0D7-27FA-80C1-6F42-912A070ABB95" otype="Table" vid="1FF6F504-43C6-425A-CAF6-59C6E0E9CA44">
<hideElementsInCurrentOnly>false</hideElementsInCurrentOnly>
<bounds x="484" y="2" width="132" height="60"/>
</OView>
<OView class="oracle.dbtools.crest.swingui.relational.TVTable" oid="4C2F60F6-C0EC-54EE-9A2A-6F6C03D3B233" otype="Table" vid="B3D93FED-DBF5-3D04-9A7D-505223DC935F">
<hideElementsInCurrentOnly>false</hideElementsInCurrentOnly>
<bounds x="378" y="393" width="101" height="81"/>
</OView>
<OView class="oracle.dbtools.crest.swingui.relational.TVTable" oid="550157B9-9AA9-3FCE-3450-5D17118905F5" otype="Table" vid="BB1E395D-B29A-4B52-0897-F889508751F0">
<hideElementsInCurrentOnly>false</hideElementsInCurrentOnly>
<bounds x="3" y="274" width="124" height="87"/>
</OView>
<OView class="oracle.dbtools.crest.swingui.relational.TVTable" oid="554C27FA-1AE7-9D88-0B78-2EBEDA476FEF" otype="Table" vid="9857E56C-B6E1-4C8B-4EED-744296642B5F">
<hideElementsInCurrentOnly>false</hideElementsInCurrentOnly>
<bounds x="483" y="268" width="126" height="171"/>
</OView>
<OView class="oracle.dbtools.crest.swingui.relational.TVTable" oid="57D16EC5-C8B9-59F2-9C0F-E36C3743790F" otype="Table" vid="E5D5163C-3971-D04A-6CBD-7846F303EC17">
<hideElementsInCurrentOnly>false</hideElementsInCurrentOnly>
<bounds x="209" y="216" width="123" height="79"/>
</OView>
<OView class="oracle.dbtools.crest.swingui.relational.TVTable" oid="5C7181FE-420D-93C3-73F2-44A1322ED931" otype="Table" vid="48A5E09C-61BD-B371-3D24-1FFF809788CE">
<hideElementsInCurrentOnly>false</hideElementsInCurrentOnly>
<bounds x="22" y="395" width="98" height="94"/>
</OView>
<OView class="oracle.dbtools.crest.swingui.relational.TVTable" oid="707C70EA-6856-5D07-318E-F81970B7298C" otype="Table" vid="3F81E474-D5D8-AA66-4D56-04712A9837C3">
<hideElementsInCurrentOnly>false</hideElementsInCurrentOnly>
<bounds x="199" y="46" width="112" height="80"/>
</OView>
<OView class="oracle.dbtools.crest.swingui.relational.TVTable" oid="AF8CF8DC-1581-05D0-30A8-F37E1E294058" otype="Table" vid="8B4A22E7-C7CC-A4B6-15A8-1C6291F91B87">
<hideElementsInCurrentOnly>false</hideElementsInCurrentOnly>
<bounds x="178" y="388" width="131" height="100"/>
</OView>
<OView class="oracle.dbtools.crest.swingui.relational.TVTable" oid="AFA89944-B869-8F22-6AE5-29E3450F7A47" otype="Table" vid="5A088E2E-3646-64B5-B1A3-0F2497FF885C">
<hideElementsInCurrentOnly>false</hideElementsInCurrentOnly>
<bounds x="221" y="131" width="128" height="43"/>
</OView>
<OView class="oracle.dbtools.crest.swingui.relational.TVTable" oid="B6CB2767-3F18-1B2E-4504-13EA2D778203" otype="Table" vid="980E2E07-C418-7F51-CF5D-CBAE26769C57">
<hideElementsInCurrentOnly>false</hideElementsInCurrentOnly>
<bounds x="527" y="188" width="131" height="46"/>
</OView>
<OView class="oracle.dbtools.crest.swingui.relational.TVTable" oid="C2517DB5-3ACE-F57A-6C60-AAAC5EE1F646" otype="Table" vid="C778029A-945A-7DA1-C8E0-79E66E325E23">
<hideElementsInCurrentOnly>false</hideElementsInCurrentOnly>
<bounds x="400" y="105" width="111" height="112"/>
</OView>
<OView class="oracle.dbtools.crest.swingui.relational.TVTable" oid="D5EF1F9C-D24E-B164-B0F3-D49D8822A7A5" otype="Table" vid="40DBBFE4-2B26-A135-C5EE-D55B6AB7DD8C">
<hideElementsInCurrentOnly>false</hideElementsInCurrentOnly>
<bounds x="519" y="71" width="145" height="102"/>
</OView>
<OView class="oracle.dbtools.crest.swingui.relational.TVTable" oid="DEA12155-C159-EBAF-2025-17FCA30D9186" otype="Table" vid="BDE14524-3C92-1661-60C6-223C85B140B3">
<hideElementsInCurrentOnly>false</hideElementsInCurrentOnly>
<bounds x="27" y="10" width="140" height="169"/>
</OView>
<OView class="oracle.dbtools.crest.swingui.relational.TVTable" oid="E10C5802-C245-A857-D054-C21FD3EFD358" otype="Table" vid="E628B42C-B330-0C84-0A44-595D587BD249">
<hideElementsInCurrentOnly>false</hideElementsInCurrentOnly>
<bounds x="328" y="296" width="105" height="65"/>
</OView>
<OView class="oracle.dbtools.crest.swingui.relational.TVTable" oid="EFA3D096-B511-6B45-CC3C-D18E5A8C7FEE" otype="Table" vid="8130CE77-29BD-C006-C1BC-0720C12589D5">
<hideElementsInCurrentOnly>false</hideElementsInCurrentOnly>
<bounds x="167" y="308" width="125" height="64"/>
</OView>
</objectViews>
<connectors>
<Connector class="oracle.dbtools.crest.swingui.relational.TVFKRelation" oid="130A87F8-99F4-6B7E-869C-D7EADBC80BBB" otype="FKIndexAssociation" vid_source="8B4A22E7-C7CC-A4B6-15A8-1C6291F91B87" vid_target="48A5E09C-61BD-B371-3D24-1FFF809788CE">
<hideElementsInCurrentOnly>false</hideElementsInCurrentOnly>
<lineWidth>1</lineWidth>
<points>
<point x="178" y="441"/>
<point x="120" y="441"/>
</points>
</Connector>
<Connector class="oracle.dbtools.crest.swingui.relational.TVFKRelation" oid="25873A56-D6D8-3989-8088-311A35771E9D" otype="FKIndexAssociation" vid_source="C778029A-945A-7DA1-C8E0-79E66E325E23" vid_target="3F81E474-D5D8-AA66-4D56-04712A9837C3">
<hideElementsInCurrentOnly>false</hideElementsInCurrentOnly>
<lineWidth>1</lineWidth>
<points>
<point x="400" y="115"/>
<point x="311" y="115"/>
</points>
</Connector>
<Connector class="oracle.dbtools.crest.swingui.relational.TVFKRelation" oid="28181D07-3715-CD58-F59C-1A3D354B8CCC" otype="FKIndexAssociation" vid_source="BDE14524-3C92-1661-60C6-223C85B140B3" vid_target="5A088E2E-3646-64B5-B1A3-0F2497FF885C">
<hideElementsInCurrentOnly>false</hideElementsInCurrentOnly>
<lineWidth>1</lineWidth>
<points>
<point x="167" y="152"/>
<point x="221" y="152"/>
</points>
</Connector>
<Connector class="oracle.dbtools.crest.swingui.relational.TVFKRelation" oid="308FFC6C-DA35-810F-E10A-E2E4005361F6" otype="FKIndexAssociation" vid_source="9857E56C-B6E1-4C8B-4EED-744296642B5F" vid_target="90CA588F-40D7-9071-A161-C4EA77813E2B">
<hideElementsInCurrentOnly>false</hideElementsInCurrentOnly>
<lineWidth>1</lineWidth>
<points>
<point x="554" y="439"/>
<point x="554" y="462"/>
</points>
</Connector>
<Connector class="oracle.dbtools.crest.swingui.relational.TVFKRelation" oid="48A77CAF-B7EB-40E5-6D91-D96015877463" otype="FKIndexAssociation" vid_source="BDE14524-3C92-1661-60C6-223C85B140B3" vid_target="3F81E474-D5D8-AA66-4D56-04712A9837C3">
<hideElementsInCurrentOnly>false</hideElementsInCurrentOnly>
<lineWidth>1</lineWidth>
<points>
<point x="167" y="86"/>
<point x="199" y="86"/>
</points>
</Connector>
<Connector class="oracle.dbtools.crest.swingui.relational.TVFKRelation" oid="4B4AD838-8657-AC10-3773-1A702F66AA7D" otype="FKIndexAssociation" vid_source="8B4A22E7-C7CC-A4B6-15A8-1C6291F91B87" vid_target="B3D93FED-DBF5-3D04-9A7D-505223DC935F">
<hideElementsInCurrentOnly>false</hideElementsInCurrentOnly>
<lineWidth>1</lineWidth>
<points>
<point x="309" y="433"/>
<point x="378" y="433"/>
</points>
</Connector>
<Connector class="oracle.dbtools.crest.swingui.relational.TVFKRelation" oid="51C99384-61DD-1898-175D-BD65E5A22193" otype="FKIndexAssociation" vid_source="BB1E395D-B29A-4B52-0897-F889508751F0" vid_target="7A90EC02-8D30-05AC-C2BD-00E325D9482C">
<hideElementsInCurrentOnly>false</hideElementsInCurrentOnly>
<lineWidth>1</lineWidth>
<points>
<point x="79" y="274"/>
<point x="79" y="247"/>
</points>
</Connector>
<Connector class="oracle.dbtools.crest.swingui.relational.TVFKRelation" oid="53BE1053-DEF2-9ADB-4987-830568510D06" otype="FKIndexAssociation" vid_source="E628B42C-B330-0C84-0A44-595D587BD249" vid_target="8130CE77-29BD-C006-C1BC-0720C12589D5">
<hideElementsInCurrentOnly>false</hideElementsInCurrentOnly>
<lineWidth>1</lineWidth>
<points>
<point x="328" y="334"/>
<point x="292" y="334"/>
</points>
</Connector>
<Connector class="oracle.dbtools.crest.swingui.relational.TVFKRelation" oid="58C9E953-C77C-0B24-B71C-2877D82C152F" otype="FKIndexAssociation" vid_source="C778029A-945A-7DA1-C8E0-79E66E325E23" vid_target="9857E56C-B6E1-4C8B-4EED-744296642B5F">
<hideElementsInCurrentOnly>false</hideElementsInCurrentOnly>
<lineWidth>1</lineWidth>
<points>
<point x="497" y="217"/>
<point x="497" y="268"/>
</points>
</Connector>
<Connector class="oracle.dbtools.crest.swingui.relational.TVFKRelation" oid="5A460F17-1CFC-4D40-6258-BF0E7C0CF374" otype="FKIndexAssociation" vid_source="9857E56C-B6E1-4C8B-4EED-744296642B5F" vid_target="980E2E07-C418-7F51-CF5D-CBAE26769C57">
<hideElementsInCurrentOnly>false</hideElementsInCurrentOnly>
<lineWidth>1</lineWidth>
<points>
<point x="568" y="268"/>
<point x="568" y="234"/>
</points>
</Connector>
<Connector class="oracle.dbtools.crest.swingui.relational.TVFKRelation" oid="75A31B02-017D-7B6A-C4B7-CBA7702A0DA9" otype="FKIndexAssociation" vid_source="F19A648D-D765-EEAC-70F0-80771386F6AB" vid_target="C778029A-945A-7DA1-C8E0-79E66E325E23">
<hideElementsInCurrentOnly>false</hideElementsInCurrentOnly>
<lineWidth>1</lineWidth>
<points>
<point x="419" y="76"/>
<point x="419" y="105"/>
</points>
</Connector>
<Connector class="oracle.dbtools.crest.swingui.relational.TVFKRelation" oid="7AE78DE2-2174-1284-EC76-146F59075FD5" otype="FKIndexAssociation" vid_source="40DBBFE4-2B26-A135-C5EE-D55B6AB7DD8C" vid_target="980E2E07-C418-7F51-CF5D-CBAE26769C57">
<hideElementsInCurrentOnly>false</hideElementsInCurrentOnly>
<lineWidth>1</lineWidth>
<points>
<point x="592" y="173"/>
<point x="592" y="188"/>
</points>
</Connector>
<Connector class="oracle.dbtools.crest.swingui.relational.TVFKRelation" oid="7FBE7A3E-183A-7EBA-82E4-28C0B95E1CF8" otype="FKIndexAssociation" vid_source="9857E56C-B6E1-4C8B-4EED-744296642B5F" vid_target="E5D5163C-3971-D04A-6CBD-7846F303EC17">
<hideElementsInCurrentOnly>false</hideElementsInCurrentOnly>
<lineWidth>1</lineWidth>
<points>
<point x="483" y="281"/>
<point x="332" y="281"/>
</points>
</Connector>
<Connector class="oracle.dbtools.crest.swingui.relational.TVFKRelation" oid="83B1D369-4DC1-8320-D874-E0588A7D299A" otype="FKIndexAssociation" vid_source="C778029A-945A-7DA1-C8E0-79E66E325E23" vid_target="5A088E2E-3646-64B5-B1A3-0F2497FF885C">
<hideElementsInCurrentOnly>false</hideElementsInCurrentOnly>
<lineWidth>1</lineWidth>
<points>
<point x="400" y="152"/>
<point x="349" y="152"/>
</points>
</Connector>
<Connector class="oracle.dbtools.crest.swingui.relational.TVFKRelation" oid="A15CEC0E-19CB-4EC0-91BC-5A7A4CAA1FA0" otype="FKIndexAssociation" vid_source="9857E56C-B6E1-4C8B-4EED-744296642B5F" vid_target="E628B42C-B330-0C84-0A44-595D587BD249">
<hideElementsInCurrentOnly>false</hideElementsInCurrentOnly>
<lineWidth>1</lineWidth>
<points>
<point x="483" y="348"/>
<point x="433" y="347"/>
</points>
</Connector>
<Connector class="oracle.dbtools.crest.swingui.relational.TVFKRelation" oid="B4355F3D-8F43-990B-B3CD-CA72A9C9C6AE" otype="FKIndexAssociation" vid_source="BB1E395D-B29A-4B52-0897-F889508751F0" vid_target="8130CE77-29BD-C006-C1BC-0720C12589D5">
<hideElementsInCurrentOnly>false</hideElementsInCurrentOnly>
<lineWidth>1</lineWidth>
<points>
<point x="127" y="334"/>
<point x="167" y="334"/>
</points>
</Connector>
<Connector class="oracle.dbtools.crest.swingui.relational.TVFKRelation" oid="C8F76C7F-B0E7-DEA0-F1CA-C4D68F70B136" otype="FKIndexAssociation" vid_source="F19A648D-D765-EEAC-70F0-80771386F6AB" vid_target="BDE14524-3C92-1661-60C6-223C85B140B3">
<hideElementsInCurrentOnly>false</hideElementsInCurrentOnly>
<lineWidth>1</lineWidth>
<points>
<point x="335" y="25"/>
<point x="167" y="25"/>
</points>
</Connector>
<Connector class="oracle.dbtools.crest.swingui.relational.TVFKRelation" oid="DB2CBD96-B8BC-64F8-D4E0-2AA97D5AB627" otype="FKIndexAssociation" vid_source="BB1E395D-B29A-4B52-0897-F889508751F0" vid_target="E5D5163C-3971-D04A-6CBD-7846F303EC17">
<hideElementsInCurrentOnly>false</hideElementsInCurrentOnly>
<lineWidth>1</lineWidth>
<points>
<point x="127" y="284"/>
<point x="209" y="284"/>
</points>
</Connector>
<Connector class="oracle.dbtools.crest.swingui.relational.TVFKRelation" oid="DCB9C2EE-B861-71B9-7043-C1C90D0CEEC1" otype="FKIndexAssociation" vid_source="C778029A-945A-7DA1-C8E0-79E66E325E23" vid_target="B3D93FED-DBF5-3D04-9A7D-505223DC935F">
<hideElementsInCurrentOnly>false</hideElementsInCurrentOnly>
<lineWidth>1</lineWidth>
<points>
<point x="450" y="217"/>
<point x="450" y="393"/>
</points>
</Connector>
<Connector class="oracle.dbtools.crest.swingui.relational.TVFKRelation" oid="E0B6057D-9DAE-9FEE-0155-B54FD61995B4" otype="FKIndexAssociation" vid_source="BB1E395D-B29A-4B52-0897-F889508751F0" vid_target="48A5E09C-61BD-B371-3D24-1FFF809788CE">
<hideElementsInCurrentOnly>false</hideElementsInCurrentOnly>
<lineWidth>1</lineWidth>
<points>
<point x="71" y="361"/>
<point x="71" y="395"/>
</points>
</Connector>
<Connector class="oracle.dbtools.crest.swingui.relational.TVFKRelation" oid="E6F938BF-01FD-936A-E719-3CB5D1331F85" otype="FKIndexAssociation" vid_source="1FF6F504-43C6-425A-CAF6-59C6E0E9CA44" vid_target="F19A648D-D765-EEAC-70F0-80771386F6AB">
<hideElementsInCurrentOnly>false</hideElementsInCurrentOnly>
<lineWidth>1</lineWidth>
<points>
<point x="484" y="32"/>
<point x="439" y="32"/>
</points>
</Connector>
</connectors>
</Diagram>