<?xml version = '1.0' encoding = 'UTF-8'?>
<Diagram class="oracle.dbtools.crest.swingui.relational.DPVRelational" name="Relational_1" id="A6D251B6-EBA5-F1DC-86B2-8705288AF4A3">
<createdBy>admin</createdBy>
<modifiedBy>admin</modifiedBy>
<createdTime>2015-10-28 10:25:06 UTC</createdTime>
<autoRoute>false</autoRoute>
<boxInbox>true</boxInbox>
<showLegend>false</showLegend>
<showLabels>false</showLabels>
<showRelAttributes>false</showRelAttributes>
<gridEnabled>false</gridEnabled>
<showGrid>false</showGrid>
<diagramColor>-1</diagramColor>
<display>false</display>
<notation>1</notation>
<objectViews>
<OView class="oracle.dbtools.crest.swingui.relational.TVTable" oid="1EA6DCF0-A392-3431-02B0-34CEE9100AFA" otype="Table" vid="FB489E0A-2A55-1EE0-BD94-9F5173276401">
<hideElementsInCurrentOnly>false</hideElementsInCurrentOnly>
<bounds x="149" y="210" width="254" height="139"/>
</OView>
<OView class="oracle.dbtools.crest.swingui.relational.TVTable" oid="3FCB5B4A-6BFD-6467-BA17-2B0A988328C9" otype="Table" vid="61DA701E-A040-7198-1F38-53CD0B79DE0A">
<hideElementsInCurrentOnly>false</hideElementsInCurrentOnly>
<bounds x="422" y="208" width="255" height="143"/>
</OView>
<OView class="oracle.dbtools.crest.swingui.relational.TVTable" oid="57091E35-7DB3-F64E-B2D8-406B2030F0A7" otype="Table" vid="4A6AE069-8AEA-2D06-C5CE-B1010972E641">
<hideElementsInCurrentOnly>false</hideElementsInCurrentOnly>
<bounds x="348" y="26" width="315" height="141"/>
</OView>
<OView class="oracle.dbtools.crest.swingui.relational.TVTable" oid="9690E0CE-EB03-723C-A729-3A129DCCAD41" otype="Table" vid="0ECD8D62-95FD-9A1A-D285-6F0FDE4C80D0">
<hideElementsInCurrentOnly>false</hideElementsInCurrentOnly>
<bounds x="15" y="28" width="209" height="135"/>
</OView>
</objectViews>
<connectors>
<Connector class="oracle.dbtools.crest.swingui.relational.TVFKRelation" oid="4C56728F-8D57-892B-5B41-D80089E1F3DC" otype="FKIndexAssociation" vid_source="4A6AE069-8AEA-2D06-C5CE-B1010972E641" vid_target="FB489E0A-2A55-1EE0-BD94-9F5173276401">
<hideElementsInCurrentOnly>false</hideElementsInCurrentOnly>
<lineWidth>1</lineWidth>
<points>
<point x="375" y="167"/>
<point x="375" y="210"/>
</points>
</Connector>
<Connector class="oracle.dbtools.crest.swingui.relational.TVFKRelation" oid="4FED4626-CC5F-CEB5-6A9A-62E78AA7D51B" otype="FKIndexAssociation" vid_source="0ECD8D62-95FD-9A1A-D285-6F0FDE4C80D0" vid_target="4A6AE069-8AEA-2D06-C5CE-B1010972E641">
<hideElementsInCurrentOnly>false</hideElementsInCurrentOnly>
<lineWidth>1</lineWidth>
<points>
<point x="224" y="95"/>
<point x="348" y="95"/>
</points>
</Connector>
<Connector class="oracle.dbtools.crest.swingui.relational.TVFKRelation" oid="6A64A982-C3CF-77F5-28BD-87AE1D00CF95" otype="FKIndexAssociation" vid_source="4A6AE069-8AEA-2D06-C5CE-B1010972E641" vid_target="61DA701E-A040-7198-1F38-53CD0B79DE0A">
<hideElementsInCurrentOnly>false</hideElementsInCurrentOnly>
<lineWidth>1</lineWidth>
<points>
<point x="542" y="167"/>
<point x="542" y="208"/>
</points>
</Connector>
</connectors>
</Diagram>