<?xml version = '1.0' encoding = 'UTF-8'?>
<FKArc class="oracle.dbtools.crest.model.design.relational.FKArc" directorySegmentName="seg_0" id="124912DF-E9A0-629E-394B-73E9228573A5" name="FKArc_3">
<createdBy>marinfotache</createdBy>
<createdTime>2018-10-26 04:17:00 UTC</createdTime>
<ownerDesignName>01a_heterogeneous_items_v1</ownerDesignName>
<mandatory>false</mandatory>
<reverseArc>true</reverseArc>
<table>2C5DCEB9-3539-463D-35AB-1709B3B5ADAB</table>
<fkeys>
<fkeyID>891796E0-6934-2208-F669-54CAF8F93614</fkeyID>
<fkeyID>A31426B4-CC64-0746-432D-DC887CB57D2E</fkeyID>
</fkeys>
</FKArc>