<?xml version = '1.0' encoding = 'UTF-8'?>
<FKArc class="oracle.dbtools.crest.model.design.relational.FKArc" directorySegmentName="seg_0" id="672701FE-048C-44CF-C4DC-BB24F5858D1E" name="FKArc_4">
<createdBy>marinfotache</createdBy>
<createdTime>2018-10-26 04:17:00 UTC</createdTime>
<ownerDesignName>01a_heterogeneous_items_v1</ownerDesignName>
<mandatory>false</mandatory>
<reverseArc>true</reverseArc>
<table>87243226-5AA0-1FA9-2444-AF90AD4F9278</table>
<fkeys>
<fkeyID>EB2A3B33-4F0B-C44A-4E00-9AD5C6AD6F1C</fkeyID>
<fkeyID>B334AA81-A95C-2D91-503D-C28E179E796C</fkeyID>
</fkeys>
</FKArc>