<?xml version = '1.0' encoding = 'UTF-8'?>
<Diagram class="oracle.dbtools.crest.swingui.logical.DPVLogical" name="Logical" id="9BE3006D-D828-E631-2E53-28EE1E88E967">
<createdBy>marinfotache</createdBy>
<modifiedBy>marinfotache</modifiedBy>
<createdTime>2020-11-25 14:01:41 UTC</createdTime>
<autoRoute>false</autoRoute>
<boxInbox>true</boxInbox>
<showLegend>false</showLegend>
<showLabels>false</showLabels>
<showRelAttributes>false</showRelAttributes>
<gridEnabled>false</gridEnabled>
<showGrid>false</showGrid>
<diagramColor>-1</diagramColor>
<display>false</display>
<notation>1</notation>
<objectViews>
<OView class="oracle.dbtools.crest.swingui.logical.TVEntity" oid="01B712AD-9261-5266-8C8A-99B6E3085745" otype="Entity" vid="99F3BBC5-B9DC-E972-A074-0122B9B91378">
<hideElementsInCurrentOnly>false</hideElementsInCurrentOnly>
<bounds x="32" y="409" width="168" height="115"/>
</OView>
<OView class="oracle.dbtools.crest.swingui.logical.TVEntity" oid="0EDE6F31-BE63-B195-DF62-1458D660F6D4" otype="Entity" vid="75974446-0586-8663-14D8-C98B8CFC8212">
<hideElementsInCurrentOnly>false</hideElementsInCurrentOnly>
<bounds x="17" y="249" width="119" height="78"/>
</OView>
<OView class="oracle.dbtools.crest.swingui.logical.TVEntity" oid="14C5527E-210A-39E8-F99B-9667D3F69C3E" otype="Entity" vid="332CF374-E6CE-67E8-5868-416B4067FA45">
<hideElementsInCurrentOnly>false</hideElementsInCurrentOnly>
<bounds x="206" y="273" width="167" height="116"/>
</OView>
<OView class="oracle.dbtools.crest.swingui.logical.TVEntity" oid="1869B6D8-2078-622C-F1B4-61BE41FC1E82" otype="Entity" vid="D49EA732-6F27-01BE-B1EF-78E9D30B0959">
<hideElementsInCurrentOnly>false</hideElementsInCurrentOnly>
<bounds x="109" y="582" width="143" height="69"/>
</OView>
<OView class="oracle.dbtools.crest.swingui.logical.TVEntity" oid="1E5104C4-9567-B394-699F-F1CFFA6636ED" otype="Entity" vid="06AE60A7-C00C-F227-145F-48DC59E969E7">
<hideElementsInCurrentOnly>false</hideElementsInCurrentOnly>
<bounds x="48" y="66" width="155" height="138"/>
</OView>
<OView class="oracle.dbtools.crest.swingui.TVNote" oid="2C88FE36-B19D-847B-F8E6-BD0E92F931E9" otype="Note" vid="DF0EEDB0-CCC1-3D09-58C2-7164B057B6AA">
<hideElementsInCurrentOnly>false</hideElementsInCurrentOnly>
<bounds x="618" y="609" width="129" height="86"/>
<comment>FactorImpact,&lt;br/&gt;</comment>
</OView>
<OView class="oracle.dbtools.crest.swingui.logical.TVEntity" oid="2D5A256C-7807-C398-1E33-F806B4375A22" otype="Entity" vid="250A0DB6-F635-E99A-CE48-F019C47561D8">
<hideElementsInCurrentOnly>false</hideElementsInCurrentOnly>
<bounds x="351" y="597" width="160" height="62"/>
</OView>
<OView class="oracle.dbtools.crest.swingui.logical.TVEntity" oid="3DEA31D2-4009-A358-0E76-B3683A921C83" otype="Entity" vid="14D71DC9-F511-772F-2C1F-203A86B20403">
<hideElementsInCurrentOnly>false</hideElementsInCurrentOnly>
<bounds x="624" y="5" width="122" height="66"/>
</OView>
<OView class="oracle.dbtools.crest.swingui.logical.TVEntity" oid="5BE2AA70-91BE-FE39-1B43-0F15EDB3F833" otype="Entity" vid="E4F54C87-0A7D-1FD2-A7D4-4B7CC1BF9ADD">
<hideElementsInCurrentOnly>false</hideElementsInCurrentOnly>
<bounds x="864" y="256" width="163" height="89"/>
</OView>
<OView class="oracle.dbtools.crest.swingui.logical.TVEntity" oid="5E82FA31-9980-7F4A-1E69-C94D2ED08AC5" otype="Entity" vid="A72E0139-313E-54EB-228F-AB54ECB7EA8E">
<hideElementsInCurrentOnly>false</hideElementsInCurrentOnly>
<bounds x="685" y="294" width="133" height="97"/>
</OView>
<OView class="oracle.dbtools.crest.swingui.logical.TVEntity" oid="70C98B5C-AB58-2310-D5B4-93CFC207FD44" otype="Entity" vid="FD01BA6D-C179-83D7-D1CB-E36E71C50584">
<hideElementsInCurrentOnly>false</hideElementsInCurrentOnly>
<bounds x="807" y="32" width="180" height="129"/>
</OView>
<OView class="oracle.dbtools.crest.swingui.logical.TVEntity" oid="7C2F96E2-57B9-D4BA-6EC2-C7CEEEE5480B" otype="Entity" vid="6AE38BDC-654E-2E72-C21B-984D65ED7071">
<hideElementsInCurrentOnly>false</hideElementsInCurrentOnly>
<bounds x="980" y="391" width="134" height="89"/>
</OView>
<OView class="oracle.dbtools.crest.swingui.logical.TVEntity" oid="8968D11A-699E-B4E3-C407-0991190DE5F2" otype="Entity" vid="B1D62DA1-DEC6-621C-1587-F0E6E9F57505">
<hideElementsInCurrentOnly>false</hideElementsInCurrentOnly>
<bounds x="450" y="437" width="191" height="118"/>
</OView>
<OView class="oracle.dbtools.crest.swingui.logical.TVEntity" oid="AACEBC7D-BCF6-1BB6-22C7-BE1413D66F7E" otype="Entity" vid="990FC001-91A2-EAD7-6C36-881BF982ED86">
<hideElementsInCurrentOnly>false</hideElementsInCurrentOnly>
<bounds x="1012" y="66" width="183" height="131"/>
</OView>
<OView class="oracle.dbtools.crest.swingui.logical.TVEntity" oid="C7E335CC-143B-51D3-637A-1A4E824F1626" otype="Entity" vid="40313ED4-51C0-5E01-9491-E142A0C6F404">
<hideElementsInCurrentOnly>false</hideElementsInCurrentOnly>
<bounds x="739" y="427" width="142" height="94"/>
</OView>
<OView class="oracle.dbtools.crest.swingui.logical.TVEntity" oid="D7351FC1-E2FB-8E39-9AEA-993ABE2C1E58" otype="Entity" vid="3F9C862B-C869-F534-0A96-AE8DC2248A04">
<hideElementsInCurrentOnly>false</hideElementsInCurrentOnly>
<bounds x="312" y="29" width="170" height="110"/>
</OView>
<OView class="oracle.dbtools.crest.swingui.logical.TVEntity" oid="DB85FB77-F866-A688-6B84-68E56C2910C7" otype="Entity" vid="B4408142-90BC-1B7A-B70F-9A8B8CC76F45">
<hideElementsInCurrentOnly>false</hideElementsInCurrentOnly>
<bounds x="617" y="107" width="166" height="91"/>
</OView>
<OView class="oracle.dbtools.crest.swingui.logical.TVEntity" oid="DC377527-5E80-42CD-C72E-C813289F7FAF" otype="Entity" vid="67134A67-2B00-DEF8-B0E7-407DF5B055A8">
<hideElementsInCurrentOnly>false</hideElementsInCurrentOnly>
<bounds x="972" y="585" width="199" height="112"/>
</OView>
<OView class="oracle.dbtools.crest.swingui.logical.TVEntity" oid="EA379FDF-C207-CC61-9BBD-D627FE0E965A" otype="Entity" vid="2F0765A3-CF68-AD8F-CE19-5967AA7BC188">
<hideElementsInCurrentOnly>false</hideElementsInCurrentOnly>
<bounds x="1066" y="226" width="137" height="104"/>
</OView>
<OView class="oracle.dbtools.crest.swingui.logical.TVEntity" oid="F6ABB3EA-F299-5FF4-5E66-74AB79B71898" otype="Entity" vid="1EADD5EC-1F6E-83E0-0925-B2AAEE41A2D7">
<hideElementsInCurrentOnly>false</hideElementsInCurrentOnly>
<bounds x="257" y="431" width="109" height="65"/>
</OView>
</objectViews>
<connectors>
<Connector class="oracle.dbtools.crest.swingui.logical.TVRelation" oid="063E44A1-33EC-4218-0088-291CF8747F52" otype="Relation" vid_source="40313ED4-51C0-5E01-9491-E142A0C6F404" vid_target="A72E0139-313E-54EB-228F-AB54ECB7EA8E">
<hideElementsInCurrentOnly>false</hideElementsInCurrentOnly>
<backgroundColor>-16777216</backgroundColor>
<lineWidth>1</lineWidth>
<points>
<point x="778" y="427"/>
<point x="778" y="391"/>
</points>
</Connector>
<Connector class="oracle.dbtools.crest.swingui.logical.TVRelation" oid="099D8CDC-6733-A3CC-95C8-68404FA6515C" otype="Relation" vid_source="A72E0139-313E-54EB-228F-AB54ECB7EA8E" vid_target="E4F54C87-0A7D-1FD2-A7D4-4B7CC1BF9ADD">
<hideElementsInCurrentOnly>false</hideElementsInCurrentOnly>
<backgroundColor>-16777216</backgroundColor>
<lineWidth>1</lineWidth>
<points>
<point x="818" y="319"/>
<point x="864" y="319"/>
</points>
</Connector>
<Connector class="oracle.dbtools.crest.swingui.logical.TVRelation" oid="0D13204A-AC5B-DFD4-540B-B42286DEDA50" otype="Relation" vid_source="332CF374-E6CE-67E8-5868-416B4067FA45" vid_target="3F9C862B-C869-F534-0A96-AE8DC2248A04">
<hideElementsInCurrentOnly>false</hideElementsInCurrentOnly>
<backgroundColor>-16777216</backgroundColor>
<lineWidth>1</lineWidth>
<points>
<point x="342" y="273"/>
<point x="342" y="139"/>
</points>
</Connector>
<Connector class="oracle.dbtools.crest.swingui.logical.TVRelation" oid="1417E703-223E-65DF-8C5B-E5C1467A27E3" otype="Relation" vid_source="B1D62DA1-DEC6-621C-1587-F0E6E9F57505" vid_target="1EADD5EC-1F6E-83E0-0925-B2AAEE41A2D7">
<hideElementsInCurrentOnly>false</hideElementsInCurrentOnly>
<backgroundColor>-16777216</backgroundColor>
<lineWidth>1</lineWidth>
<points>
<point x="450" y="466"/>
<point x="366" y="466"/>
</points>
</Connector>
<Connector class="oracle.dbtools.crest.swingui.logical.TVRelation" oid="1FD16678-ED2A-E100-6944-BD2417E219B9" otype="Relation" vid_source="332CF374-E6CE-67E8-5868-416B4067FA45" vid_target="A72E0139-313E-54EB-228F-AB54ECB7EA8E">
<hideElementsInCurrentOnly>false</hideElementsInCurrentOnly>
<backgroundColor>-16777216</backgroundColor>
<lineWidth>1</lineWidth>
<points>
<point x="373" y="341"/>
<point x="685" y="341"/>
</points>
</Connector>
<Connector class="oracle.dbtools.crest.swingui.logical.TVRelation" oid="2056F65C-71B0-CA16-7196-428C06B71731" otype="Relation" vid_source="06AE60A7-C00C-F227-145F-48DC59E969E7" vid_target="A72E0139-313E-54EB-228F-AB54ECB7EA8E">
<hideElementsInCurrentOnly>false</hideElementsInCurrentOnly>
<backgroundColor>-16777216</backgroundColor>
<lineWidth>1</lineWidth>
<points>
<point x="203" y="160"/>
<point x="685" y="320"/>
</points>
</Connector>
<Connector class="oracle.dbtools.crest.swingui.logical.TVRelation" oid="21418E3C-86EB-ADB7-0496-A03AAED13180" otype="Relation" vid_source="FD01BA6D-C179-83D7-D1CB-E36E71C50584" vid_target="14D71DC9-F511-772F-2C1F-203A86B20403">
<hideElementsInCurrentOnly>false</hideElementsInCurrentOnly>
<backgroundColor>-16777216</backgroundColor>
<lineWidth>1</lineWidth>
<points>
<point x="807" y="66"/>
<point x="746" y="66"/>
</points>
</Connector>
<Connector class="oracle.dbtools.crest.swingui.logical.TVRelation" oid="4723D246-C729-0A63-EBE4-ECD2876A55AB" otype="Relation" vid_source="6AE38BDC-654E-2E72-C21B-984D65ED7071" vid_target="40313ED4-51C0-5E01-9491-E142A0C6F404">
<hideElementsInCurrentOnly>false</hideElementsInCurrentOnly>
<backgroundColor>-16777216</backgroundColor>
<lineWidth>1</lineWidth>
<points>
<point x="980" y="453"/>
<point x="881" y="453"/>
</points>
</Connector>
<Connector class="oracle.dbtools.crest.swingui.logical.TVRelation" oid="50AAEFFD-5E24-EF4A-8065-F064A4DCF917" otype="Relation" vid_source="B1D62DA1-DEC6-621C-1587-F0E6E9F57505" vid_target="B4408142-90BC-1B7A-B70F-9A8B8CC76F45">
<hideElementsInCurrentOnly>false</hideElementsInCurrentOnly>
<backgroundColor>-16777216</backgroundColor>
<lineWidth>1</lineWidth>
<points>
<point x="629" y="437"/>
<point x="629" y="198"/>
</points>
</Connector>
<Connector class="oracle.dbtools.crest.swingui.logical.TVRelation" oid="5328084E-F78E-240B-E8EB-E3A98F5B574C" otype="Relation" vid_source="332CF374-E6CE-67E8-5868-416B4067FA45" vid_target="B1D62DA1-DEC6-621C-1587-F0E6E9F57505">
<hideElementsInCurrentOnly>false</hideElementsInCurrentOnly>
<backgroundColor>-16777216</backgroundColor>
<lineWidth>1</lineWidth>
<points>
<point x="373" y="384"/>
<point x="468" y="437"/>
</points>
</Connector>
<Connector class="oracle.dbtools.crest.swingui.logical.TVRelation" oid="6391FFFE-5038-15B9-7026-9705AE2D88E5" otype="Relation" vid_source="3F9C862B-C869-F534-0A96-AE8DC2248A04" vid_target="B1D62DA1-DEC6-621C-1587-F0E6E9F57505">
<hideElementsInCurrentOnly>false</hideElementsInCurrentOnly>
<backgroundColor>-16777216</backgroundColor>
<lineWidth>1</lineWidth>
<points>
<point x="451" y="139"/>
<point x="451" y="437"/>
</points>
</Connector>
<Connector class="oracle.dbtools.crest.swingui.logical.TVRelation" oid="6AC4CD76-CE13-E6A5-BB38-05384E74FC45" otype="Relation" vid_source="3F9C862B-C869-F534-0A96-AE8DC2248A04" vid_target="A72E0139-313E-54EB-228F-AB54ECB7EA8E">
<hideElementsInCurrentOnly>false</hideElementsInCurrentOnly>
<backgroundColor>-16777216</backgroundColor>
<lineWidth>1</lineWidth>
<points>
<point x="472" y="139"/>
<point x="685" y="309"/>
</points>
</Connector>
<Connector class="oracle.dbtools.crest.swingui.logical.TVRelation" oid="98A75551-2D4C-42DB-741F-23AB17559EEA" otype="Relation" vid_source="6AE38BDC-654E-2E72-C21B-984D65ED7071" vid_target="67134A67-2B00-DEF8-B0E7-407DF5B055A8">
<hideElementsInCurrentOnly>false</hideElementsInCurrentOnly>
<backgroundColor>-16777216</backgroundColor>
<lineWidth>1</lineWidth>
<points>
<point x="1047" y="480"/>
<point x="1047" y="585"/>
</points>
</Connector>
<Connector class="oracle.dbtools.crest.swingui.logical.TVRelation" oid="A7AF1EDD-F995-208C-8E6C-EFA9C483AA38" otype="Relation" vid_source="E4F54C87-0A7D-1FD2-A7D4-4B7CC1BF9ADD" vid_target="2F0765A3-CF68-AD8F-CE19-5967AA7BC188">
<hideElementsInCurrentOnly>false</hideElementsInCurrentOnly>
<backgroundColor>-16777216</backgroundColor>
<lineWidth>1</lineWidth>
<points>
<point x="1027" y="293"/>
<point x="1066" y="293"/>
</points>
</Connector>
<Connector class="oracle.dbtools.crest.swingui.logical.TVRelation" oid="C0BD7F9D-B7B2-25AF-5C3B-559300005856" otype="Relation" vid_source="06AE60A7-C00C-F227-145F-48DC59E969E7" vid_target="B4408142-90BC-1B7A-B70F-9A8B8CC76F45">
<hideElementsInCurrentOnly>false</hideElementsInCurrentOnly>
<backgroundColor>-16777216</backgroundColor>
<lineWidth>1</lineWidth>
<points>
<point x="203" y="167"/>
<point x="617" y="167"/>
</points>
</Connector>
<Connector class="oracle.dbtools.crest.swingui.logical.TVRelation" oid="C3D16998-184C-1A7C-D538-697BE3CD7D83" otype="Relation" vid_source="06AE60A7-C00C-F227-145F-48DC59E969E7" vid_target="332CF374-E6CE-67E8-5868-416B4067FA45">
<hideElementsInCurrentOnly>false</hideElementsInCurrentOnly>
<backgroundColor>-16777216</backgroundColor>
<lineWidth>1</lineWidth>
<points>
<point x="183" y="204"/>
<point x="240" y="273"/>
</points>
</Connector>
<Connector class="oracle.dbtools.crest.swingui.logical.TVRelation" oid="C469B8E8-728A-D002-0FBF-31C1BC35D861" otype="Relation" vid_source="B1D62DA1-DEC6-621C-1587-F0E6E9F57505" vid_target="250A0DB6-F635-E99A-CE48-F019C47561D8">
<hideElementsInCurrentOnly>false</hideElementsInCurrentOnly>
<backgroundColor>-16777216</backgroundColor>
<lineWidth>1</lineWidth>
<points>
<point x="480" y="555"/>
<point x="480" y="597"/>
</points>
</Connector>
<Connector class="oracle.dbtools.crest.swingui.logical.TVRelation" oid="CAB3715E-AAC1-4BDB-3022-C45DDA3CC4F2" otype="Relation" vid_source="99F3BBC5-B9DC-E972-A074-0122B9B91378" vid_target="1EADD5EC-1F6E-83E0-0925-B2AAEE41A2D7">
<hideElementsInCurrentOnly>false</hideElementsInCurrentOnly>
<backgroundColor>-16777216</backgroundColor>
<lineWidth>1</lineWidth>
<points>
<point x="200" y="463"/>
<point x="257" y="463"/>
</points>
</Connector>
<Connector class="oracle.dbtools.crest.swingui.logical.TVRelation" oid="CAC1388C-6256-00E7-C149-93ECC1BF69C2" otype="Relation" vid_source="6AE38BDC-654E-2E72-C21B-984D65ED7071" vid_target="E4F54C87-0A7D-1FD2-A7D4-4B7CC1BF9ADD">
<hideElementsInCurrentOnly>false</hideElementsInCurrentOnly>
<backgroundColor>-16777216</backgroundColor>
<lineWidth>1</lineWidth>
<points>
<point x="1003" y="391"/>
<point x="1003" y="345"/>
</points>
</Connector>
<Connector class="oracle.dbtools.crest.swingui.logical.TVRelation" oid="CD5FCEBD-A8EE-D311-D70D-137D29145717" otype="Relation" vid_source="D49EA732-6F27-01BE-B1EF-78E9D30B0959" vid_target="250A0DB6-F635-E99A-CE48-F019C47561D8">
<hideElementsInCurrentOnly>false</hideElementsInCurrentOnly>
<backgroundColor>-16777216</backgroundColor>
<lineWidth>1</lineWidth>
<points>
<point x="252" y="624"/>
<point x="351" y="624"/>
</points>
</Connector>
<Connector class="oracle.dbtools.crest.swingui.logical.TVRelation" oid="CFB58DDB-3F14-3911-8493-1A4A8DE4B399" otype="Relation" vid_source="99F3BBC5-B9DC-E972-A074-0122B9B91378" vid_target="75974446-0586-8663-14D8-C98B8CFC8212">
<hideElementsInCurrentOnly>false</hideElementsInCurrentOnly>
<backgroundColor>-16777216</backgroundColor>
<lineWidth>1</lineWidth>
<points>
<point x="84" y="409"/>
<point x="84" y="327"/>
</points>
</Connector>
<Connector class="oracle.dbtools.crest.swingui.logical.TVRelation" oid="DCAAB865-4F99-B70A-406B-76C6298B9347" otype="Relation" vid_source="06AE60A7-C00C-F227-145F-48DC59E969E7" vid_target="75974446-0586-8663-14D8-C98B8CFC8212">
<hideElementsInCurrentOnly>false</hideElementsInCurrentOnly>
<backgroundColor>-16777216</backgroundColor>
<lineWidth>1</lineWidth>
<points>
<point x="92" y="204"/>
<point x="92" y="249"/>
</points>
</Connector>
<Connector class="oracle.dbtools.crest.swingui.logical.TVRelation" oid="E439BA1A-F138-4A52-50D4-4BF5EAB5918C" otype="Relation" vid_source="14D71DC9-F511-772F-2C1F-203A86B20403" vid_target="B4408142-90BC-1B7A-B70F-9A8B8CC76F45">
<hideElementsInCurrentOnly>false</hideElementsInCurrentOnly>
<backgroundColor>-16777216</backgroundColor>
<lineWidth>1</lineWidth>
<points>
<point x="685" y="71"/>
<point x="685" y="107"/>
</points>
</Connector>
<Connector class="oracle.dbtools.crest.swingui.logical.TVRelation" oid="E6126B24-BD6F-28B2-6B7D-CA29BFA1C75C" otype="Relation" vid_source="FD01BA6D-C179-83D7-D1CB-E36E71C50584" vid_target="990FC001-91A2-EAD7-6C36-881BF982ED86">
<hideElementsInCurrentOnly>false</hideElementsInCurrentOnly>
<backgroundColor>-16777216</backgroundColor>
<lineWidth>1</lineWidth>
<points>
<point x="987" y="113"/>
<point x="1012" y="113"/>
</points>
</Connector>
<Connector class="oracle.dbtools.crest.swingui.logical.TVRelation" oid="E79CF08A-8DC3-EDD4-AEAD-B11E935671B3" otype="Relation" vid_source="FD01BA6D-C179-83D7-D1CB-E36E71C50584" vid_target="E4F54C87-0A7D-1FD2-A7D4-4B7CC1BF9ADD">
<hideElementsInCurrentOnly>false</hideElementsInCurrentOnly>
<backgroundColor>-16777216</backgroundColor>
<lineWidth>1</lineWidth>
<points>
<point x="925" y="161"/>
<point x="925" y="256"/>
</points>
</Connector>
</connectors>
<arcs>
<Arc class="oracle.dbtools.crest.swingui.logical.TVArc" oid="1C92DD39-CCAE-A0B0-A5BA-9E16BBFA5236" otype="Arc" vid="856945AB-E657-1CDA-2BFE-C54D066B6C15">
<hideElementsInCurrentOnly>false</hideElementsInCurrentOnly>
<bounds x="597" y="87" width="206" height="131"/>
</Arc>
<Arc class="oracle.dbtools.crest.swingui.logical.TVArc" oid="C75538B0-5E36-869B-A4DA-ABC91A93F8B2" otype="Arc" vid="08B567F9-6454-95D0-279A-5C8804E7ED90">
<hideElementsInCurrentOnly>false</hideElementsInCurrentOnly>
<bounds x="665" y="274" width="173" height="137"/>
</Arc>
<Arc class="oracle.dbtools.crest.swingui.logical.TVArc" oid="DC4E3781-64EC-F161-E843-F070B8BC548B" otype="Arc" vid="F3F6382A-CDEC-052C-65B4-D60C54B6CF46">
<hideElementsInCurrentOnly>false</hideElementsInCurrentOnly>
<bounds x="430" y="417" width="231" height="158"/>
</Arc>
</arcs>
</Diagram>