<?xml version = '1.0' encoding = 'UTF-8'?>
<Table class="oracle.dbtools.crest.model.design.relational.Table" directorySegmentName="seg_0" id="3B3CB05D-6B3B-608C-AADC-6A1E5B7EC3D2" name="postal_codes">
<createdBy>marinfotache</createdBy>
<createdTime>2018-10-25 19:20:04 UTC</createdTime>
<generatorID>08E3BC06-4CF9-936A-D8B8-E4C6434B4779</generatorID>
<ownerDesignName>sales_1_solution_2</ownerDesignName>
<allowColumnReorder>false</allowColumnReorder>
<existDependencyGenerateInDDl>true</existDependencyGenerateInDDl>
<parsed>true</parsed>
<columns itemClass="oracle.dbtools.crest.model.design.relational.Column">
<Column name="post_code" id="BEC1AC5D-CED1-ABEB-DD96-6875E574A08F">
<createdBy>marinfotache</createdBy>
<createdTime>2018-10-25 19:20:04 UTC</createdTime>
<generatorID>4CBD0F28-4E0B-A80F-044C-813457777C50</generatorID>
<ownerDesignName>sales_1_solution_2</ownerDesignName>
<constraintName>ck_codpost</constraintName>
<useDomainConstraints>false</useDomainConstraints>
<use>1</use>
<logicalDatatype>LOGDT025</logicalDatatype>
<dataTypeSize>6</dataTypeSize>
<checkConstraint>
<implementationDef dbType="Oracle Database 10g" definition="codpost=LTRIM(codpost)"/>
</checkConstraint>
<ownDataTypeParameters>6,,</ownDataTypeParameters>
<autoIncrementCycle>false</autoIncrementCycle>
</Column>
<Column name="town" id="1D71AB70-A558-AF74-8B47-A9C1CE51891F">
<createdBy>marinfotache</createdBy>
<createdTime>2018-10-25 19:20:04 UTC</createdTime>
<generatorID>85B145CA-7A6F-F849-F42A-544F24755CE7</generatorID>
<ownerDesignName>sales_1_solution_2</ownerDesignName>
<constraintName>nn_loc</constraintName>
<useDomainConstraints>false</useDomainConstraints>
<use>1</use>
<logicalDatatype>LOGDT037</logicalDatatype>
<dataTypeSize>75</dataTypeSize>
<checkConstraint>
<implementationDef dbType="Oracle Database 10g" definition="loc=LTRIM(INITCAP(loc))"/>
</checkConstraint>
<ownDataTypeParameters>75,,</ownDataTypeParameters>
<autoIncrementCycle>false</autoIncrementCycle>
</Column>
<Column name="counties_county_code" id="F84DD3E5-53E4-D1B6-E30B-0DF9B6A62177">
<createdBy>marinfotache</createdBy>
<createdTime>2018-10-25 19:20:04 UTC</createdTime>
<generatorID>E467490A-45E9-A67D-FF34-0EE1D55B76F6</generatorID>
<ownerDesignName>sales_1_solution_2</ownerDesignName>
<useDomainConstraints>false</useDomainConstraints>
<use>1</use>
<logicalDatatype>LOGDT025</logicalDatatype>
<dataTypeSize>2</dataTypeSize>
<ownDataTypeParameters>,,</ownDataTypeParameters>
<previousColumn>false</previousColumn>
<autoIncrementCycle>false</autoIncrementCycle>
<associations>
<colAssociation fkAssociation="C0B9AD28-0E21-72BF-F6F8-C954D533491D" referredColumn="0B8E2E0E-DE63-A23D-4919-A02BAE85C108"/>
</associations>
</Column>
</columns>
<indexes itemClass="oracle.dbtools.crest.model.design.relational.Index">
<ind_PK_UK id="C3696A98-D480-A137-5246-680B122946C8" name="postal_codes_PK">
<createdBy>marinfotache</createdBy>
<createdTime>2018-10-25 19:20:04 UTC</createdTime>
<generatorID>35CD679C-AB1F-11CA-0A46-1BA47C75B313</generatorID>
<ownerDesignName>sales_1_solution_2</ownerDesignName>
<pk>true</pk>
<indexState>Primary Constraint</indexState>
<isSurrogateKey>false</isSurrogateKey>
<indexColumnUsage>
<colUsage columnID="BEC1AC5D-CED1-ABEB-DD96-6875E574A08F"/>
</indexColumnUsage>
</ind_PK_UK>
<ind_PK_UK id="8BBAFBAC-86FA-541D-510B-DB8E46D950A6" name="postal_codes_counties_FK">
<createdBy>marinfotache</createdBy>
<createdTime>2018-10-25 19:20:04 UTC</createdTime>
<generatorID>D42DE3C4-CE63-CA76-6A11-59ADAADC375E</generatorID>
<ownerDesignName>sales_1_solution_2</ownerDesignName>
<indexState>Foreign Key</indexState>
<isSurrogateKey>false</isSurrogateKey>
<indexColumnUsage>
<colUsage columnID="F84DD3E5-53E4-D1B6-E30B-0DF9B6A62177"/>
</indexColumnUsage>
</ind_PK_UK>
</indexes>
</Table>