<?xml version = '1.0' encoding = 'UTF-8'?>
<Table class="oracle.dbtools.crest.model.design.relational.Table" directorySegmentName="seg_0" id="5C4EB995-F492-B31A-A9C0-657FEB6B0D87" name="invoices">
<createdBy>marinfotache</createdBy>
<createdTime>2018-10-25 19:20:04 UTC</createdTime>
<generatorID>9B6DCC06-4F09-1244-27C0-C0BE0CEF865A</generatorID>
<ownerDesignName>sales_1_solution_2</ownerDesignName>
<allowColumnReorder>false</allowColumnReorder>
<existDependencyGenerateInDDl>true</existDependencyGenerateInDDl>
<parsed>true</parsed>
<columns itemClass="oracle.dbtools.crest.model.design.relational.Column">
<Column name="invoice_id" id="56B7A840-58F8-09CC-53D9-7357CD2F00EB">
<createdBy>marinfotache</createdBy>
<createdTime>2018-10-25 19:20:04 UTC</createdTime>
<generatorID>C90220F5-6B91-8896-D28C-2F28CE7009D2</generatorID>
<ownerDesignName>sales_1_solution_2</ownerDesignName>
<useDomainConstraints>false</useDomainConstraints>
<use>1</use>
<logicalDatatype>LOGDT011</logicalDatatype>
<ownDataTypeParameters>,,</ownDataTypeParameters>
<autoIncrementCycle>false</autoIncrementCycle>
</Column>
<Column name="invoice_date" id="B376691E-BFE4-ED6B-AB84-E8EC75E18F99">
<createdBy>marinfotache</createdBy>
<createdTime>2018-10-25 19:20:04 UTC</createdTime>
<generatorID>F53E5B56-08E6-AF80-C44E-79CBD3DB33D1</generatorID>
<ownerDesignName>sales_1_solution_2</ownerDesignName>
<useDomainConstraints>false</useDomainConstraints>
<use>1</use>
<logicalDatatype>LOGDT007</logicalDatatype>
<ownDataTypeParameters>,,</ownDataTypeParameters>
<autoIncrementCycle>false</autoIncrementCycle>
</Column>
<Column name="customers_cust_id" id="09BB4518-EEF3-4F22-35D5-114296A46599">
<createdBy>marinfotache</createdBy>
<createdTime>2018-10-25 19:20:04 UTC</createdTime>
<generatorID>F41CCC80-5626-3100-D6D2-D7830E59077A</generatorID>
<ownerDesignName>sales_1_solution_2</ownerDesignName>
<useDomainConstraints>false</useDomainConstraints>
<use>1</use>
<logicalDatatype>LOGDT011</logicalDatatype>
<ownDataTypeParameters>,,</ownDataTypeParameters>
<previousColumn>false</previousColumn>
<autoIncrementCycle>false</autoIncrementCycle>
<associations>
<colAssociation fkAssociation="7E74E3F9-249F-1C27-002A-7374B596F78B" referredColumn="61AAAB53-4FE8-7FCA-6DA3-8FC0BC0FDED7"/>
</associations>
</Column>
<Column name="comments" id="6B1CD887-A9A8-592D-3E8B-3BEFF06585DB">
<createdBy>marinfotache</createdBy>
<createdTime>2018-10-25 19:20:04 UTC</createdTime>
<generatorID>57B3A592-EB2C-A732-C0CD-6462234C160D</generatorID>
<ownerDesignName>sales_1_solution_2</ownerDesignName>
<nullsAllowed>true</nullsAllowed>
<useDomainConstraints>false</useDomainConstraints>
<use>1</use>
<logicalDatatype>LOGDT037</logicalDatatype>
<dataTypeSize>300 CHAR</dataTypeSize>
<ownDataTypeParameters>300 CHAR,,</ownDataTypeParameters>
<autoIncrementCycle>false</autoIncrementCycle>
</Column>
<Column name="invoice_number" id="816064C1-030A-E7CE-C06F-CA90F7385DED">
<createdBy>marinfotache</createdBy>
<createdTime>2018-10-25 19:20:04 UTC</createdTime>
<generatorID>7F0AE5DB-EB56-2E35-7AAF-501C6F1DA2DD</generatorID>
<ownerDesignName>sales_1_solution_2</ownerDesignName>
<useDomainConstraints>false</useDomainConstraints>
<use>1</use>
<logicalDatatype>LOGDT011</logicalDatatype>
<ownDataTypeParameters>,,</ownDataTypeParameters>
<autoIncrementCycle>false</autoIncrementCycle>
</Column>
</columns>
<indexes itemClass="oracle.dbtools.crest.model.design.relational.Index">
<ind_PK_UK id="6BF4D605-D96A-A449-E6D0-783E9793A3AF" name="invoices_PK">
<createdBy>marinfotache</createdBy>
<createdTime>2018-10-25 19:20:04 UTC</createdTime>
<generatorID>D0B2DB68-6D9E-659C-A596-16AA379526BF</generatorID>
<ownerDesignName>sales_1_solution_2</ownerDesignName>
<pk>true</pk>
<indexState>Primary Constraint</indexState>
<isSurrogateKey>false</isSurrogateKey>
<indexColumnUsage>
<colUsage columnID="56B7A840-58F8-09CC-53D9-7357CD2F00EB"/>
</indexColumnUsage>
</ind_PK_UK>
<ind_PK_UK id="BA92D528-46C3-6685-DBC9-8EC32AF3FA7F" name="invoices_customers_FK">
<createdBy>marinfotache</createdBy>
<createdTime>2018-10-25 19:20:04 UTC</createdTime>
<generatorID>3887E4B0-99D7-4D22-8E5D-DB276E64F678</generatorID>
<ownerDesignName>sales_1_solution_2</ownerDesignName>
<indexState>Foreign Key</indexState>
<isSurrogateKey>false</isSurrogateKey>
<indexColumnUsage>
<colUsage columnID="09BB4518-EEF3-4F22-35D5-114296A46599"/>
</indexColumnUsage>
</ind_PK_UK>
</indexes>
</Table>