<?xml version = '1.0' encoding = 'UTF-8'?>
<Table class="oracle.dbtools.crest.model.design.relational.Table" directorySegmentName="seg_0" id="633D39A4-0450-DDAC-4442-0D2409294331" name="people">
<createdBy>marinfotache</createdBy>
<createdTime>2018-10-25 19:20:04 UTC</createdTime>
<generatorID>42A4EF6E-85D7-F909-8C66-C3CB408774D5</generatorID>
<ownerDesignName>sales_1_solution_2</ownerDesignName>
<allowColumnReorder>false</allowColumnReorder>
<existDependencyGenerateInDDl>true</existDependencyGenerateInDDl>
<parsed>true</parsed>
<columns itemClass="oracle.dbtools.crest.model.design.relational.Column">
<Column name="pers_id" id="0DCFD3DB-C33B-A532-360C-93C79DE6BC5E">
<createdBy>marinfotache</createdBy>
<createdTime>2018-10-25 19:20:04 UTC</createdTime>
<generatorID>42B177E8-B3B3-4EF4-28FD-46D0AD056E15</generatorID>
<ownerDesignName>sales_1_solution_2</ownerDesignName>
<useDomainConstraints>false</useDomainConstraints>
<use>1</use>
<logicalDatatype>LOGDT011</logicalDatatype>
<ownDataTypeParameters>,,</ownDataTypeParameters>
<autoIncrementCycle>false</autoIncrementCycle>
</Column>
<Column name="pers_national_code" id="C8EAEB4C-2924-95B3-2A58-7C677D0698AF">
<createdBy>marinfotache</createdBy>
<createdTime>2018-10-25 19:20:04 UTC</createdTime>
<generatorID>95D8A25D-B5F8-B40B-CB8F-1342EAD2D5EB</generatorID>
<ownerDesignName>sales_1_solution_2</ownerDesignName>
<constraintName>ck_pers_national_code</constraintName>
<useDomainConstraints>false</useDomainConstraints>
<use>1</use>
<logicalDatatype>LOGDT025</logicalDatatype>
<dataTypeSize>13</dataTypeSize>
<checkConstraint>
<implementationDef dbType="Oracle Database 10g" definition="cnp=LTRIM(UPPER(cnp))"/>
</checkConstraint>
<ownDataTypeParameters>13,,</ownDataTypeParameters>
<autoIncrementCycle>false</autoIncrementCycle>
</Column>
<Column name="pers_family_name" id="962398CC-A66D-20F6-55AE-319B1225776A">
<createdBy>marinfotache</createdBy>
<createdTime>2018-10-25 19:20:04 UTC</createdTime>
<generatorID>E04B4E4C-06FE-F8C8-A0C4-D64DDBB90505</generatorID>
<ownerDesignName>sales_1_solution_2</ownerDesignName>
<constraintName>ck_nume</constraintName>
<useDomainConstraints>false</useDomainConstraints>
<use>1</use>
<logicalDatatype>LOGDT037</logicalDatatype>
<dataTypeSize>75 CHAR</dataTypeSize>
<checkConstraint>
<implementationDef dbType="Oracle Database 10g" definition="nume=LTRIM(INITCAP(nume))"/>
</checkConstraint>
<ownDataTypeParameters>75 CHAR,,</ownDataTypeParameters>
<autoIncrementCycle>false</autoIncrementCycle>
</Column>
<Column name="pers_first_name" id="888DF213-1041-8A76-5651-18E04D4218B5">
<createdBy>marinfotache</createdBy>
<createdTime>2018-10-25 19:20:04 UTC</createdTime>
<generatorID>03ABD381-0B66-A00F-21BF-710D28A384AB</generatorID>
<ownerDesignName>sales_1_solution_2</ownerDesignName>
<constraintName>ck_prenume</constraintName>
<useDomainConstraints>false</useDomainConstraints>
<use>1</use>
<logicalDatatype>LOGDT037</logicalDatatype>
<dataTypeSize>50</dataTypeSize>
<checkConstraint>
<implementationDef dbType="Oracle Database 10g" definition="prenume=LTRIM(INITCAP(prenume))"/>
</checkConstraint>
<ownDataTypeParameters>50,,</ownDataTypeParameters>
<autoIncrementCycle>false</autoIncrementCycle>
</Column>
<Column name="pers_address" id="65F52D95-19BF-69EF-9D6C-650B1F282E89">
<createdBy>marinfotache</createdBy>
<createdTime>2018-10-25 19:20:04 UTC</createdTime>
<generatorID>50FFDECF-BE6E-0D58-B7F2-14A02659DCBC</generatorID>
<ownerDesignName>sales_1_solution_2</ownerDesignName>
<constraintName>ck_adresa_persoane</constraintName>
<nullsAllowed>true</nullsAllowed>
<useDomainConstraints>false</useDomainConstraints>
<use>1</use>
<logicalDatatype>LOGDT037</logicalDatatype>
<dataTypeSize>100 CHAR</dataTypeSize>
<checkConstraint>
<implementationDef dbType="Oracle Database 10g" definition="SUBSTR(adresa,1,1) = UPPER(SUBSTR(adresa,1,1))"/>
</checkConstraint>
<ownDataTypeParameters>100 CHAR,,</ownDataTypeParameters>
<autoIncrementCycle>false</autoIncrementCycle>
</Column>
<Column name="pers_genre" id="A4B52BFE-5B22-92FC-8734-0A747A4E32BA">
<createdBy>marinfotache</createdBy>
<createdTime>2018-10-25 19:20:04 UTC</createdTime>
<generatorID>296CEA97-88BB-F4A8-4E44-FDD98FDCC806</generatorID>
<ownerDesignName>sales_1_solution_2</ownerDesignName>
<constraintName>CK_SEX</constraintName>
<useDomainConstraints>false</useDomainConstraints>
<use>1</use>
<logicalDatatype>LOGDT025</logicalDatatype>
<dataTypeSize>1</dataTypeSize>
<checkConstraint>
<implementationDef dbType="Oracle Database 10g" definition="SEX IN (&apos;F&apos;,&apos;B&apos;)"/>
</checkConstraint>
<defaultValue>&apos;B&apos;</defaultValue>
<ownDataTypeParameters>1,,</ownDataTypeParameters>
<autoIncrementCycle>false</autoIncrementCycle>
</Column>
<Column name="postal_codes_post_code" id="B7A25C74-4361-1FDF-7E22-7FE8B822E19C">
<createdBy>marinfotache</createdBy>
<createdTime>2018-10-25 19:20:04 UTC</createdTime>
<generatorID>A734DE4C-0A66-A877-1A84-FB910E38014A</generatorID>
<ownerDesignName>sales_1_solution_2</ownerDesignName>
<nullsAllowed>true</nullsAllowed>
<useDomainConstraints>false</useDomainConstraints>
<use>1</use>
<logicalDatatype>LOGDT025</logicalDatatype>
<dataTypeSize>6</dataTypeSize>
<ownDataTypeParameters>,,</ownDataTypeParameters>
<previousColumn>false</previousColumn>
<autoIncrementCycle>false</autoIncrementCycle>
<associations>
<colAssociation fkAssociation="4D68F461-154B-0D3C-6FDD-0262C7A09BD3" referredColumn="BEC1AC5D-CED1-ABEB-DD96-6875E574A08F"/>
</associations>
</Column>
<Column name="home_phone" id="A89C8283-BA83-1885-81E4-D723AAD43E81">
<createdBy>marinfotache</createdBy>
<createdTime>2018-10-25 19:20:04 UTC</createdTime>
<generatorID>1951253C-A7FE-A00D-DD3D-DCCF6AC482F5</generatorID>
<ownerDesignName>sales_1_solution_2</ownerDesignName>
<nullsAllowed>true</nullsAllowed>
<useDomainConstraints>false</useDomainConstraints>
<use>1</use>
<logicalDatatype>LOGDT025</logicalDatatype>
<dataTypeSize>10</dataTypeSize>
<ownDataTypeParameters>10,,</ownDataTypeParameters>
<autoIncrementCycle>false</autoIncrementCycle>
</Column>
<Column name="office_phine" id="2EE5E025-1B2A-0AA8-AED1-5347CBEFF456">
<createdBy>marinfotache</createdBy>
<createdTime>2018-10-25 19:20:04 UTC</createdTime>
<generatorID>CD4A64AB-132C-B2C5-01AA-E2F05A8BEDDB</generatorID>
<ownerDesignName>sales_1_solution_2</ownerDesignName>
<nullsAllowed>true</nullsAllowed>
<useDomainConstraints>false</useDomainConstraints>
<use>1</use>
<logicalDatatype>LOGDT025</logicalDatatype>
<dataTypeSize>10</dataTypeSize>
<ownDataTypeParameters>10,,</ownDataTypeParameters>
<autoIncrementCycle>false</autoIncrementCycle>
</Column>
<Column name="mobile_phone" id="B92563F5-F311-BD85-AC48-9C924392D347">
<createdBy>marinfotache</createdBy>
<createdTime>2018-10-25 19:20:04 UTC</createdTime>
<generatorID>81114D74-ACE3-CF24-8CDA-17C8445025AC</generatorID>
<ownerDesignName>sales_1_solution_2</ownerDesignName>
<nullsAllowed>true</nullsAllowed>
<useDomainConstraints>false</useDomainConstraints>
<use>1</use>
<logicalDatatype>LOGDT025</logicalDatatype>
<dataTypeSize>10</dataTypeSize>
<ownDataTypeParameters>10,,</ownDataTypeParameters>
<autoIncrementCycle>false</autoIncrementCycle>
</Column>
<Column name="pers_email" id="5134CC0B-6FFD-932D-0EB2-F84426C1461E">
<createdBy>marinfotache</createdBy>
<createdTime>2018-10-25 19:20:04 UTC</createdTime>
<generatorID>60A79B74-9D30-DE8A-5265-1241113732F1</generatorID>
<ownerDesignName>sales_1_solution_2</ownerDesignName>
<nullsAllowed>true</nullsAllowed>
<useDomainConstraints>false</useDomainConstraints>
<use>1</use>
<logicalDatatype>LOGDT024</logicalDatatype>
<dataTypeSize>50</dataTypeSize>
<ownDataTypeParameters>50,,</ownDataTypeParameters>
<autoIncrementCycle>false</autoIncrementCycle>
</Column>
<Column name="office_email" id="0F04E672-D2E1-FD61-3233-FEB857B64113">
<createdBy>marinfotache</createdBy>
<createdTime>2018-10-25 19:20:04 UTC</createdTime>
<generatorID>6D139426-E347-1C77-9A8F-2033A12C0566</generatorID>
<ownerDesignName>sales_1_solution_2</ownerDesignName>
<nullsAllowed>true</nullsAllowed>
<useDomainConstraints>false</useDomainConstraints>
<use>1</use>
<logicalDatatype>LOGDT024</logicalDatatype>
<dataTypeSize>75</dataTypeSize>
<ownDataTypeParameters>75,,</ownDataTypeParameters>
<autoIncrementCycle>false</autoIncrementCycle>
</Column>
</columns>
<indexes itemClass="oracle.dbtools.crest.model.design.relational.Index">
<ind_PK_UK id="541A270A-D283-AED9-01BD-58A307923E1E" name="people_PK">
<createdBy>marinfotache</createdBy>
<createdTime>2018-10-25 19:20:04 UTC</createdTime>
<generatorID>B66462AC-8968-44C6-1CDF-D5FEDBCB8AAB</generatorID>
<ownerDesignName>sales_1_solution_2</ownerDesignName>
<pk>true</pk>
<indexState>Primary Constraint</indexState>
<isSurrogateKey>false</isSurrogateKey>
<indexColumnUsage>
<colUsage columnID="0DCFD3DB-C33B-A532-360C-93C79DE6BC5E"/>
</indexColumnUsage>
</ind_PK_UK>
<ind_PK_UK id="A0591954-3716-AA84-F7C4-6B26B0B9305B" name="people_pers_national_code_UN">
<createdBy>marinfotache</createdBy>
<createdTime>2018-10-25 19:20:04 UTC</createdTime>
<generatorID>63710710-FB9C-666B-BDB9-5E52EE13CE46</generatorID>
<ownerDesignName>sales_1_solution_2</ownerDesignName>
<indexState>Unique Constraint</indexState>
<isSurrogateKey>false</isSurrogateKey>
<indexColumnUsage>
<colUsage columnID="C8EAEB4C-2924-95B3-2A58-7C677D0698AF"/>
</indexColumnUsage>
</ind_PK_UK>
<ind_PK_UK id="E778C6CE-5FAA-F00F-E63B-2B6B4886CC48" name="people_postal_codes_FK">
<createdBy>marinfotache</createdBy>
<createdTime>2018-10-25 19:20:04 UTC</createdTime>
<generatorID>8C1FC7B8-6660-31CC-55EE-8BE19F7D8F4F</generatorID>
<ownerDesignName>sales_1_solution_2</ownerDesignName>
<indexState>Foreign Key</indexState>
<isSurrogateKey>false</isSurrogateKey>
<indexColumnUsage>
<colUsage columnID="B7A25C74-4361-1FDF-7E22-7FE8B822E19C"/>
</indexColumnUsage>
</ind_PK_UK>
</indexes>
</Table>