<?xml version = '1.0' encoding = 'UTF-8'?>
<Table class="oracle.dbtools.crest.model.design.relational.Table" directorySegmentName="seg_0" id="98581114-FC1C-2127-AF0E-7AF35434CD24" name="invoice_details">
<createdBy>marinfotache</createdBy>
<createdTime>2018-10-25 19:20:04 UTC</createdTime>
<generatorID>AE183615-38B5-05D7-B4D4-C0A36668DC81</generatorID>
<ownerDesignName>sales_1_solution_2</ownerDesignName>
<allowColumnReorder>false</allowColumnReorder>
<existDependencyGenerateInDDl>true</existDependencyGenerateInDDl>
<parsed>true</parsed>
<columns itemClass="oracle.dbtools.crest.model.design.relational.Column">
<Column name="invoices_invoice_id" id="F4BBC09C-E59F-4432-BE80-DAD6E2260CAD">
<createdBy>marinfotache</createdBy>
<createdTime>2018-10-25 19:20:04 UTC</createdTime>
<generatorID>FB06227C-EDF1-2369-E0EF-A6041F5FE960</generatorID>
<ownerDesignName>sales_1_solution_2</ownerDesignName>
<useDomainConstraints>false</useDomainConstraints>
<use>1</use>
<logicalDatatype>LOGDT011</logicalDatatype>
<ownDataTypeParameters>,,</ownDataTypeParameters>
<previousColumn>false</previousColumn>
<autoIncrementCycle>false</autoIncrementCycle>
<associations>
<colAssociation fkAssociation="39CDB0CA-6CBE-DB37-A1C5-7F9B3CF05365" referredColumn="56B7A840-58F8-09CC-53D9-7357CD2F00EB"/>
</associations>
</Column>
<Column name="row_number" id="4FCB56C3-40A2-4586-8089-95E29118033A">
<createdBy>marinfotache</createdBy>
<createdTime>2018-10-25 19:20:04 UTC</createdTime>
<generatorID>3B9414C7-4687-A4CC-2CA1-644805AC6167</generatorID>
<ownerDesignName>sales_1_solution_2</ownerDesignName>
<constraintName>ck_linie</constraintName>
<useDomainConstraints>false</useDomainConstraints>
<use>1</use>
<logicalDatatype>LOGDT042</logicalDatatype>
<checkConstraint>
<implementationDef dbType="Oracle Database 10g" definition="linie &gt; 0"/>
</checkConstraint>
<ownDataTypeParameters>,,</ownDataTypeParameters>
<autoIncrementCycle>false</autoIncrementCycle>
</Column>
<Column name="quantity" id="E2722B0E-FFCD-5C78-A372-DA9E42BC0365">
<createdBy>marinfotache</createdBy>
<createdTime>2018-10-25 19:20:04 UTC</createdTime>
<generatorID>0BC4EDB1-0834-9749-082D-419662A21509</generatorID>
<ownerDesignName>sales_1_solution_2</ownerDesignName>
<useDomainConstraints>false</useDomainConstraints>
<use>1</use>
<logicalDatatype>LOGDT019</logicalDatatype>
<dataTypePrecision>10</dataTypePrecision>
<dataTypeScale>3</dataTypeScale>
<ownDataTypeParameters>,10,3</ownDataTypeParameters>
<autoIncrementCycle>false</autoIncrementCycle>
</Column>
<Column name="unit_price" id="72C6EC77-7644-18CC-7283-1EE60FFA318E">
<createdBy>marinfotache</createdBy>
<createdTime>2018-10-25 19:20:04 UTC</createdTime>
<generatorID>B1343FEA-FB7D-2E3F-FD0E-99C4516F5B22</generatorID>
<ownerDesignName>sales_1_solution_2</ownerDesignName>
<useDomainConstraints>false</useDomainConstraints>
<use>1</use>
<logicalDatatype>LOGDT019</logicalDatatype>
<dataTypePrecision>8</dataTypePrecision>
<dataTypeScale>2</dataTypeScale>
<ownDataTypeParameters>,8,2</ownDataTypeParameters>
<autoIncrementCycle>false</autoIncrementCycle>
</Column>
<Column name="products_product_id" id="525E291A-BD98-5477-B327-D0449E935501">
<createdBy>marinfotache</createdBy>
<createdTime>2018-10-25 19:20:04 UTC</createdTime>
<generatorID>19016841-DAB5-A040-19BD-5FE0FF0CFCB4</generatorID>
<ownerDesignName>sales_1_solution_2</ownerDesignName>
<useDomainConstraints>false</useDomainConstraints>
<use>1</use>
<logicalDatatype>LOGDT011</logicalDatatype>
<ownDataTypeParameters>,,</ownDataTypeParameters>
<previousColumn>false</previousColumn>
<autoIncrementCycle>false</autoIncrementCycle>
<associations>
<colAssociation fkAssociation="2F444AF0-F3A2-3C27-67B9-0C18555C38B6" referredColumn="C46D05CD-4649-F666-4C97-E0D826A02C53"/>
</associations>
</Column>
<Column name="row_VAT" id="74ED6B38-369B-E19F-D11C-DAC4394A1FCA">
<createdBy>marinfotache</createdBy>
<createdTime>2018-10-25 19:20:04 UTC</createdTime>
<generatorID>332A8C26-B8ED-7DF2-429E-6A70267CCABA</generatorID>
<ownerDesignName>sales_1_solution_2</ownerDesignName>
<nullsAllowed>true</nullsAllowed>
<useDomainConstraints>false</useDomainConstraints>
<use>1</use>
<logicalDatatype>LOGDT019</logicalDatatype>
<dataTypePrecision>12</dataTypePrecision>
<dataTypeScale>2</dataTypeScale>
<ownDataTypeParameters>,12,2</ownDataTypeParameters>
<autoIncrementCycle>false</autoIncrementCycle>
</Column>
</columns>
<indexes itemClass="oracle.dbtools.crest.model.design.relational.Index">
<ind_PK_UK id="EEA04638-E1EB-3760-4A6F-494399E6F11D" name="invoice_details_PK">
<createdBy>marinfotache</createdBy>
<createdTime>2018-10-25 19:20:04 UTC</createdTime>
<generatorID>C23FB1C8-9526-9315-2F2A-5F2D47415535</generatorID>
<ownerDesignName>sales_1_solution_2</ownerDesignName>
<pk>true</pk>
<indexState>Primary Constraint</indexState>
<isSurrogateKey>false</isSurrogateKey>
<indexColumnUsage>
<colUsage columnID="F4BBC09C-E59F-4432-BE80-DAD6E2260CAD"/>
<colUsage columnID="4FCB56C3-40A2-4586-8089-95E29118033A"/>
</indexColumnUsage>
</ind_PK_UK>
<ind_PK_UK id="11E17E83-9EED-E20D-8129-B32B8E3551CB" name="invoice_details_invoices_FK">
<createdBy>marinfotache</createdBy>
<createdTime>2018-10-25 19:20:04 UTC</createdTime>
<generatorID>FDA6341C-BE50-5CE3-3821-644B4FD1FDCC</generatorID>
<ownerDesignName>sales_1_solution_2</ownerDesignName>
<indexState>Foreign Key</indexState>
<isSurrogateKey>false</isSurrogateKey>
<indexColumnUsage>
<colUsage columnID="F4BBC09C-E59F-4432-BE80-DAD6E2260CAD"/>
</indexColumnUsage>
</ind_PK_UK>
<ind_PK_UK id="20422D84-6E21-CD79-81B1-28825EED90B0" name="invoice_details_products_FK">
<createdBy>marinfotache</createdBy>
<createdTime>2018-10-25 19:20:04 UTC</createdTime>
<generatorID>A29855C0-B8E0-9AB1-939F-006BD29DD707</generatorID>
<ownerDesignName>sales_1_solution_2</ownerDesignName>
<indexState>Foreign Key</indexState>
<isSurrogateKey>false</isSurrogateKey>
<indexColumnUsage>
<colUsage columnID="525E291A-BD98-5477-B327-D0449E935501"/>
</indexColumnUsage>
</ind_PK_UK>
</indexes>
</Table>