<?xml version = '1.0' encoding = 'UTF-8'?>
<Table class="oracle.dbtools.crest.model.design.relational.Table" directorySegmentName="seg_0" id="A92DC498-CE85-E218-9167-D9A3553FBEF3" name="receipts">
<createdBy>marinfotache</createdBy>
<createdTime>2018-10-25 19:20:04 UTC</createdTime>
<generatorID>31CB7F12-471A-FF0E-39DA-B6D0798F14D5</generatorID>
<ownerDesignName>sales_1_solution_2</ownerDesignName>
<allowColumnReorder>false</allowColumnReorder>
<existDependencyGenerateInDDl>true</existDependencyGenerateInDDl>
<parsed>true</parsed>
<columns itemClass="oracle.dbtools.crest.model.design.relational.Column">
<Column name="receipt_id" id="854BD782-1BD5-F199-5FD3-AF3F1EFC13F1">
<createdBy>marinfotache</createdBy>
<createdTime>2018-10-25 19:20:04 UTC</createdTime>
<generatorID>A3CDB75B-2E26-71BC-F06D-B979DCAF6B5A</generatorID>
<ownerDesignName>sales_1_solution_2</ownerDesignName>
<useDomainConstraints>false</useDomainConstraints>
<use>1</use>
<logicalDatatype>LOGDT011</logicalDatatype>
<ownDataTypeParameters>,,</ownDataTypeParameters>
<autoIncrementCycle>false</autoIncrementCycle>
</Column>
<Column name="receipt_date" id="D61418C7-6A7E-E00E-744F-ED984748BAE3">
<createdBy>marinfotache</createdBy>
<createdTime>2018-10-25 19:20:04 UTC</createdTime>
<generatorID>0B6624FE-B6D4-2A62-7EAF-28009D8F11E2</generatorID>
<ownerDesignName>sales_1_solution_2</ownerDesignName>
<constraintName>CK_DATAINC</constraintName>
<useDomainConstraints>false</useDomainConstraints>
<use>1</use>
<logicalDatatype>LOGDT007</logicalDatatype>
<checkConstraint>
<implementationDef dbType="Oracle Database 10g" definition="DATAINC &gt;= TO_DATE(&apos;01/08/2008&apos;,&apos;DD/MM/YYYY&apos;) AND DATAINC &lt;= TO_DATE(&apos;31/12/2015&apos;,&apos;DD/MM/YYYY&apos;)"/>
</checkConstraint>
<ownDataTypeParameters>,,</ownDataTypeParameters>
<autoIncrementCycle>false</autoIncrementCycle>
</Column>
<Column name="receipt_docum_type" id="83A01A55-B12D-9C95-325B-EE4BD7C1EB7F">
<createdBy>marinfotache</createdBy>
<createdTime>2018-10-25 19:20:04 UTC</createdTime>
<generatorID>FA91ABDE-031D-87CF-1174-5F75E49EC5BE</generatorID>
<ownerDesignName>sales_1_solution_2</ownerDesignName>
<constraintName>ck_coddoc</constraintName>
<nullsAllowed>true</nullsAllowed>
<useDomainConstraints>false</useDomainConstraints>
<use>1</use>
<logicalDatatype>LOGDT024</logicalDatatype>
<dataTypeSize>25</dataTypeSize>
<checkConstraint>
<implementationDef dbType="Oracle Database 10g" definition="coddoc=UPPER(LTRIM(coddoc))"/>
</checkConstraint>
<ownDataTypeParameters>25,,</ownDataTypeParameters>
<autoIncrementCycle>false</autoIncrementCycle>
</Column>
<Column name="receipt_docum_number" id="CCE19CAD-8B74-6A3C-BC31-8935C6A91BC0">
<createdBy>marinfotache</createdBy>
<createdTime>2018-10-25 19:20:04 UTC</createdTime>
<generatorID>D83CDAC0-55D9-B557-256B-1AF3275E6C0D</generatorID>
<ownerDesignName>sales_1_solution_2</ownerDesignName>
<nullsAllowed>true</nullsAllowed>
<useDomainConstraints>false</useDomainConstraints>
<use>1</use>
<logicalDatatype>LOGDT024</logicalDatatype>
<dataTypeSize>25</dataTypeSize>
<ownDataTypeParameters>25,,</ownDataTypeParameters>
<autoIncrementCycle>false</autoIncrementCycle>
</Column>
<Column name="receipt_docum_date" id="1A324D2B-1E0C-5722-E044-F89230CF51C0">
<createdBy>marinfotache</createdBy>
<createdTime>2018-10-25 19:20:04 UTC</createdTime>
<generatorID>334D9382-772C-C4BB-0438-48C25C285FB6</generatorID>
<ownerDesignName>sales_1_solution_2</ownerDesignName>
<constraintName>CK_DATADOC</constraintName>
<nullsAllowed>true</nullsAllowed>
<useDomainConstraints>false</useDomainConstraints>
<use>1</use>
<logicalDatatype>LOGDT007</logicalDatatype>
<checkConstraint>
<implementationDef dbType="Oracle Database 10g" definition="DATADOC &gt;= TO_DATE(&apos;01/01/2010&apos;,&apos;DD/MM/YYYY&apos;) AND DATADOC &lt;= TO_DATE(&apos;31/12/2015&apos;,&apos;DD/MM/YYYY&apos;)"/>
</checkConstraint>
<ownDataTypeParameters>,,</ownDataTypeParameters>
<autoIncrementCycle>false</autoIncrementCycle>
</Column>
</columns>
<indexes itemClass="oracle.dbtools.crest.model.design.relational.Index">
<ind_PK_UK id="C3383A64-7BAB-59D2-6069-26AD52B9742C" name="receipts_PK">
<createdBy>marinfotache</createdBy>
<createdTime>2018-10-25 19:20:04 UTC</createdTime>
<generatorID>8049D72A-E5F6-4D45-EA0D-24DF018B1BAB</generatorID>
<ownerDesignName>sales_1_solution_2</ownerDesignName>
<pk>true</pk>
<indexState>Primary Constraint</indexState>
<isSurrogateKey>false</isSurrogateKey>
<indexColumnUsage>
<colUsage columnID="854BD782-1BD5-F199-5FD3-AF3F1EFC13F1"/>
</indexColumnUsage>
</ind_PK_UK>
</indexes>
</Table>