<?xml version = '1.0' encoding = 'UTF-8'?>
<Table class="oracle.dbtools.crest.model.design.relational.Table" directorySegmentName="seg_0" id="C7BD8C6F-2ABA-F5B7-7884-87BC43128B8E" name="counties">
<createdBy>marinfotache</createdBy>
<createdTime>2018-10-25 19:20:04 UTC</createdTime>
<generatorID>98D735D6-4742-C82D-7BFB-79BBDC624A7D</generatorID>
<ownerDesignName>sales_1_solution_2</ownerDesignName>
<allowColumnReorder>false</allowColumnReorder>
<existDependencyGenerateInDDl>true</existDependencyGenerateInDDl>
<parsed>true</parsed>
<columns itemClass="oracle.dbtools.crest.model.design.relational.Column">
<Column name="county_code" id="0B8E2E0E-DE63-A23D-4919-A02BAE85C108">
<createdBy>marinfotache</createdBy>
<createdTime>2018-10-25 19:20:04 UTC</createdTime>
<generatorID>0CB7057B-D3A1-DB4A-2F02-428FAAC82EA3</generatorID>
<ownerDesignName>sales_1_solution_2</ownerDesignName>
<constraintName>ck_jud</constraintName>
<useDomainConstraints>false</useDomainConstraints>
<use>1</use>
<logicalDatatype>LOGDT025</logicalDatatype>
<dataTypeSize>2</dataTypeSize>
<checkConstraint>
<implementationDef dbType="Oracle Database 10g" definition="jud=LTRIM(UPPER(jud))"/>
</checkConstraint>
<ownDataTypeParameters>2,,</ownDataTypeParameters>
<autoIncrementCycle>false</autoIncrementCycle>
</Column>
<Column name="county_name" id="CA444843-E34C-8597-AB7D-D7EABE60CBA1">
<createdBy>marinfotache</createdBy>
<createdTime>2018-10-25 19:20:04 UTC</createdTime>
<generatorID>F1CE3CE1-6676-66CE-DBCC-2513A9A4EAED</generatorID>
<ownerDesignName>sales_1_solution_2</ownerDesignName>
<constraintName>un_judet</constraintName>
<useDomainConstraints>false</useDomainConstraints>
<use>1</use>
<logicalDatatype>LOGDT037</logicalDatatype>
<dataTypeSize>50 CHAR</dataTypeSize>
<checkConstraint>
<implementationDef dbType="Oracle Database 10g" definition="judet=LTRIM(INITCAP(judet))"/>
</checkConstraint>
<ownDataTypeParameters>50 CHAR,,</ownDataTypeParameters>
<autoIncrementCycle>false</autoIncrementCycle>
</Column>
<Column name="county_region" id="79EDAB7F-FDAE-DB9F-96BF-DCCFCC31127A">
<createdBy>marinfotache</createdBy>
<createdTime>2018-10-25 19:20:04 UTC</createdTime>
<generatorID>2D63572C-2ABB-5CD6-CAA5-FAAB18EAE7C0</generatorID>
<ownerDesignName>sales_1_solution_2</ownerDesignName>
<constraintName>CK_REGIUNE</constraintName>
<useDomainConstraints>false</useDomainConstraints>
<use>1</use>
<logicalDatatype>LOGDT037</logicalDatatype>
<dataTypeSize>30</dataTypeSize>
<checkConstraint>
<implementationDef dbType="Oracle Database 10g" definition="REGIUNE IN (&apos;BANAT&apos;, &apos;TRANSILVANIA&apos;, &apos;DOBROGEA&apos;,&apos;OLTENIA&apos;, &apos;MUNTENIA&apos;, &apos;MOLDOVA&apos;)"/>
</checkConstraint>
<defaultValue>&apos;Moldova&apos;</defaultValue>
<ownDataTypeParameters>30,,</ownDataTypeParameters>
<autoIncrementCycle>false</autoIncrementCycle>
</Column>
</columns>
<indexes itemClass="oracle.dbtools.crest.model.design.relational.Index">
<ind_PK_UK id="15085F56-D356-6A1A-DED0-6697546D4284" name="counties_PK">
<createdBy>marinfotache</createdBy>
<createdTime>2018-10-25 19:20:04 UTC</createdTime>
<generatorID>CE9F75A4-299F-E491-BB16-E1865BBBC7B9</generatorID>
<ownerDesignName>sales_1_solution_2</ownerDesignName>
<pk>true</pk>
<indexState>Primary Constraint</indexState>
<isSurrogateKey>false</isSurrogateKey>
<indexColumnUsage>
<colUsage columnID="0B8E2E0E-DE63-A23D-4919-A02BAE85C108"/>
</indexColumnUsage>
</ind_PK_UK>
<ind_PK_UK id="EB22CCBF-2754-85FB-9951-80ED7336ADD4" name="counties_county_name_UN">
<createdBy>marinfotache</createdBy>
<createdTime>2018-10-25 19:20:04 UTC</createdTime>
<generatorID>E76E6EE9-EDB8-2AB8-45D9-6E65FAFEA116</generatorID>
<ownerDesignName>sales_1_solution_2</ownerDesignName>
<indexState>Unique Constraint</indexState>
<isSurrogateKey>false</isSurrogateKey>
<indexColumnUsage>
<colUsage columnID="CA444843-E34C-8597-AB7D-D7EABE60CBA1"/>
</indexColumnUsage>
</ind_PK_UK>
</indexes>
</Table>