<?xml version = '1.0' encoding = 'UTF-8'?>
<Entity class="oracle.dbtools.crest.model.design.logical.Entity" directorySegmentName="seg_0" id="0E1BD95D-0ADA-8E64-A019-59FE9F3B5569" name="deliveried_product">
<createdBy>admin</createdBy>
<createdTime>2015-10-23 05:10:21 UTC</createdTime>
<generatorID>FD01A4DE-6D88-C13F-76B7-F9BB6CE6108D</generatorID>
<ownerDesignName>catering_1</ownerDesignName>
<engineerTo>
<item key="50EA2B32-44CE-D6A0-595E-B572F735B8A2" value="true"/>
</engineerTo>
<adequatelyNormalized>NO</adequatelyNormalized>
<expectedVolumes>0</expectedVolumes>
<fwdEngineeringStrategyName>Single Table</fwdEngineeringStrategyName>
<growthPercent>0</growthPercent>
<growthType>Year</growthType>
<maxVolumes>9999999</maxVolumes>
<minVolumes>0</minVolumes>
<normalForm>Third</normalForm>
<preferredAbbreviation>deliveried_products</preferredAbbreviation>
<attributes itemClass="oracle.dbtools.crest.model.design.logical.Attribute">
<Attribute name="deliveried_quantity" id="8E5A3509-B35B-C02C-3723-9863EC1B4B3D">
<createdBy>admin</createdBy>
<createdTime>2015-10-23 05:10:21 UTC</createdTime>
<generatorID>F44A4519-8328-E5DF-AD22-676409EF5418</generatorID>
<ownerDesignName>catering_1</ownerDesignName>
<engineerTo>
<item key="50EA2B32-44CE-D6A0-595E-B572F735B8A2" value="true"/>
</engineerTo>
<useDomainConstraints>false</useDomainConstraints>
<use>1</use>
<logicalDatatype>LOGDT019</logicalDatatype>
<dataTypePrecision>9</dataTypePrecision>
<dataTypeScale>3</dataTypeScale>
<defaultValue>1</defaultValue>
<ownDataTypeParameters>,9,3</ownDataTypeParameters>
</Attribute>
</attributes>
<identifiers itemClass="oracle.dbtools.crest.model.design.logical.CandidateKey">
<identifier id="8E6E606E-6062-074B-3599-96B29B9D4F24" name="delivered_products__pk">
<createdBy>admin</createdBy>
<createdTime>2015-10-25 19:37:59 UTC</createdTime>
<ownerDesignName>catering_1</ownerDesignName>
<engineerTo>
<item key="50EA2B32-44CE-D6A0-595E-B572F735B8A2" value="true"/>
</engineerTo>
<newElementsIDs>3A009CF8-5641-AC29-3070-6926BB375D8C,9CC88E57-F848-D735-0239-B84D16815CBE</newElementsIDs>
</identifier>
<identifier id="521066C0-3C4D-62FD-1C30-7C05B63A0687" name="deliveried_product PK">
<createdBy>admin</createdBy>
<createdTime>2015-10-25 19:40:06 UTC</createdTime>
<ownerDesignName>catering_1</ownerDesignName>
<engineerTo>
<item key="50EA2B32-44CE-D6A0-595E-B572F735B8A2" value="true"/>
</engineerTo>
<pk>true</pk>
</identifier>
</identifiers>
</Entity>