<?xml version = '1.0' encoding = 'UTF-8'?>
<Arc class="oracle.dbtools.crest.model.design.logical.Arc" directorySegmentName="seg_0" id="BBC2DD63-7B7F-EC69-E65A-29DCB560139E" name="Arc_1">
<createdBy>admin</createdBy>
<createdTime>2015-10-30 08:42:57 UTC</createdTime>
<ownerDesignName>02a_package_of_items_v1</ownerDesignName>
<engineerTo>
<item key="E772B046-A9A1-7A90-F248-DE668A03198A" value="true"/>
</engineerTo>
<entity>F83C1949-608D-81D4-5FB2-16FF9D499229</entity>
<relations>
<relationID>8583661B-49B5-9C48-8C5B-7920C35F4216</relationID>
<relationID>30B0283E-4B3A-6B3D-161F-44294A3D63C0</relationID>
</relations>
</Arc>