<?xml version = '1.0' encoding = 'UTF-8'?>
<FKArc class="oracle.dbtools.crest.model.design.relational.FKArc" directorySegmentName="seg_0" id="263AA455-BD74-B923-15D3-449391D70414" name="FKArc_1">
<createdBy>admin</createdBy>
<createdTime>2015-10-22 04:35:37 UTC</createdTime>
<ownerDesignName>hierarchy_1</ownerDesignName>
<mandatory>false</mandatory>
<reverseArc>true</reverseArc>
<table>C06D9DE2-BDCB-6CC5-0AE4-6FB9905170CC</table>
<fkeys>
<fkeyID>F9F1834A-406C-770B-3ED8-D4FF6024E34A</fkeyID>
<fkeyID>20ABC8FE-E168-9CAE-8C67-95F532BFBBA6</fkeyID>
</fkeys>
</FKArc>