<?xml version = '1.0' encoding = 'UTF-8'?>
<FKArc class="oracle.dbtools.crest.model.design.relational.FKArc" directorySegmentName="seg_0" id="2E2FE30D-47AA-2B70-51C2-735A2DCD69E8" name="FKArc_4">
<createdBy>admin</createdBy>
<createdTime>2015-10-27 04:26:25 UTC</createdTime>
<ownerDesignName>hierarchy_1</ownerDesignName>
<mandatory>false</mandatory>
<reverseArc>true</reverseArc>
<table>D538008C-8E76-57DB-E089-7E05C27CB3FB</table>
<fkeys>
<fkeyID>2405F218-73BB-3AC5-8816-C9BC16B97654</fkeyID>
<fkeyID>9B833357-819E-DF4D-F3F3-EEE4A92DE890</fkeyID>
</fkeys>
</FKArc>