<?xml version = '1.0' encoding = 'UTF-8'?>
<FKArc class="oracle.dbtools.crest.model.design.relational.FKArc" directorySegmentName="seg_0" id="6137FC13-58A2-7E66-003C-4211FBB116C1" name="FKArc_3">
<createdBy>admin</createdBy>
<createdTime>2015-10-27 04:26:25 UTC</createdTime>
<ownerDesignName>hierarchy_1</ownerDesignName>
<mandatory>false</mandatory>
<reverseArc>true</reverseArc>
<table>2DB6CDB8-03E6-2623-6590-C576243CED11</table>
<fkeys>
<fkeyID>3A1A3FBE-E426-B6B7-1D10-32714358AC12</fkeyID>
<fkeyID>37143C0F-AD43-1C1C-011F-B8A483B8E681</fkeyID>
</fkeys>
</FKArc>