<?xml version = '1.0' encoding = 'UTF-8'?>
<FKArc class="oracle.dbtools.crest.model.design.relational.FKArc" directorySegmentName="seg_0" id="EB055279-FD49-0ADA-16A5-A7D3D59F8EEC" name="FKArc_2">
<createdBy>admin</createdBy>
<createdTime>2015-10-22 04:35:38 UTC</createdTime>
<ownerDesignName>hierarchy_1</ownerDesignName>
<mandatory>false</mandatory>
<reverseArc>true</reverseArc>
<table>FBA08026-A3AB-DB27-A125-954FF5D57667</table>
<fkeys>
<fkeyID>00E536C1-1C71-C5C9-85C5-AF830DF3A1F4</fkeyID>
<fkeyID>FA2E7F83-1DE3-23D0-20C7-3D932A0D088E</fkeyID>
</fkeys>
</FKArc>