<?xml version = '1.0' encoding = 'UTF-8'?>
<Diagram class="oracle.dbtools.crest.swingui.relational.DPVRelational" name="Relational_1" id="7B65553A-8085-B023-F431-0B7259939FC8">
<createdBy>admin</createdBy>
<modifiedBy>admin</modifiedBy>
<createdTime>2015-10-29 15:57:27 UTC</createdTime>
<autoRoute>false</autoRoute>
<boxInbox>true</boxInbox>
<showLegend>false</showLegend>
<showLabels>false</showLabels>
<showRelAttributes>false</showRelAttributes>
<gridEnabled>false</gridEnabled>
<showGrid>false</showGrid>
<diagramColor>-1</diagramColor>
<display>false</display>
<notation>1</notation>
<objectViews>
<OView class="oracle.dbtools.crest.swingui.relational.TVTable" oid="31582476-03A2-F1A3-977D-65EBA45FE451" otype="Table" vid="BF8ECF42-5747-C454-344F-1C081481848A">
<hideElementsInCurrentOnly>false</hideElementsInCurrentOnly>
<bounds x="390" y="4" width="121" height="102"/>
</OView>
<OView class="oracle.dbtools.crest.swingui.relational.TVTable" oid="33DC4878-E7AC-AEF1-3BA0-E30B1C7BC2BE" otype="Table" vid="3A95C915-C41E-03A5-A022-367900A71980">
<hideElementsInCurrentOnly>false</hideElementsInCurrentOnly>
<bounds x="212" y="332" width="158" height="150"/>
</OView>
<OView class="oracle.dbtools.crest.swingui.relational.TVTable" oid="7B39A249-41FA-50AE-EC3C-8FC2AFBC97D6" otype="Table" vid="7E15C789-C853-EEAD-558A-4A91BCEBAAF6">
<hideElementsInCurrentOnly>false</hideElementsInCurrentOnly>
<bounds x="19" y="8" width="178" height="233"/>
</OView>
<OView class="oracle.dbtools.crest.swingui.relational.TVTable" oid="85D18C63-E139-274C-6DEC-78E8CC74DE4A" otype="Table" vid="361E52F7-156C-FD3B-8616-457D31C3829E">
<hideElementsInCurrentOnly>false</hideElementsInCurrentOnly>
<bounds x="19" y="397" width="140" height="112"/>
</OView>
<OView class="oracle.dbtools.crest.swingui.relational.TVTable" oid="9B7501A8-DC85-5741-18E9-D5F3BAD5787A" otype="Table" vid="9BC36F95-D7D9-66F6-F901-A3BF8F3E02B8">
<hideElementsInCurrentOnly>false</hideElementsInCurrentOnly>
<bounds x="598" y="319" width="150" height="116"/>
</OView>
<OView class="oracle.dbtools.crest.swingui.relational.TVTable" oid="A2C9F7A7-4C15-E6E4-EB3E-7F88FCC14A56" otype="Table" vid="A4F32F8A-0DA2-6EB4-4649-2A44639203AE">
<hideElementsInCurrentOnly>false</hideElementsInCurrentOnly>
<bounds x="493" y="135" width="93" height="151"/>
</OView>
<OView class="oracle.dbtools.crest.swingui.relational.TVTable" oid="A824CC95-801A-9723-653E-E6978BE6DFA8" otype="Table" vid="3C8679E0-7EAB-C2FA-7DCC-9C25FDF0B6C3">
<hideElementsInCurrentOnly>false</hideElementsInCurrentOnly>
<bounds x="26" y="255" width="151" height="107"/>
</OView>
<OView class="oracle.dbtools.crest.swingui.relational.TVTable" oid="BD45D71F-F2E6-F75B-4DC6-E780AD505571" otype="Table" vid="FA66C208-7F33-8F80-20DC-93FB902BC71C">
<hideElementsInCurrentOnly>false</hideElementsInCurrentOnly>
<bounds x="600" y="152" width="133" height="125"/>
</OView>
<OView class="oracle.dbtools.crest.swingui.relational.TVTable" oid="C801DF27-C6DB-DF04-E38A-28B35B8F924F" otype="Table" vid="5AF07023-2BB7-F7F8-DC5A-FE1F4873485B">
<hideElementsInCurrentOnly>false</hideElementsInCurrentOnly>
<bounds x="243" y="29" width="134" height="154"/>
</OView>
<OView class="oracle.dbtools.crest.swingui.relational.TVTable" oid="CDE4F164-E5CE-3B51-5A03-2E7E818A6690" otype="Table" vid="5A4634D7-E78F-A7BD-3A2C-EDC37A566963">
<hideElementsInCurrentOnly>false</hideElementsInCurrentOnly>
<bounds x="415" y="330" width="144" height="174"/>
</OView>
<OView class="oracle.dbtools.crest.swingui.relational.TVTable" oid="D3EF2C86-D244-44D9-71A2-4DB55086350C" otype="Table" vid="2232B6B1-20A5-F1A0-5C12-D899E99963CC">
<hideElementsInCurrentOnly>false</hideElementsInCurrentOnly>
<bounds x="557" y="4" width="133" height="99"/>
</OView>
<OView class="oracle.dbtools.crest.swingui.relational.TVTable" oid="D703AED5-26CB-B53E-C2E0-8A0F489C6956" otype="Table" vid="09685C29-78B2-58A1-953C-198671B9038C">
<hideElementsInCurrentOnly>false</hideElementsInCurrentOnly>
<bounds x="258" y="190" width="181" height="126"/>
</OView>
</objectViews>
<connectors>
<Connector class="oracle.dbtools.crest.swingui.relational.TVFKRelation" oid="0C776048-6D0D-E0BE-D8B3-0BECCEEAF630" otype="FKIndexAssociation" vid_source="3C8679E0-7EAB-C2FA-7DCC-9C25FDF0B6C3" vid_target="3A95C915-C41E-03A5-A022-367900A71980">
<hideElementsInCurrentOnly>false</hideElementsInCurrentOnly>
<backgroundColor>-16777216</backgroundColor>
<lineWidth>1</lineWidth>
<points>
<point x="177" y="347"/>
<point x="212" y="347"/>
</points>
</Connector>
<Connector class="oracle.dbtools.crest.swingui.relational.TVFKRelation" oid="101614D6-955E-0286-36ED-BD2221B68479" otype="FKIndexAssociation" vid_source="7E15C789-C853-EEAD-558A-4A91BCEBAAF6" vid_target="09685C29-78B2-58A1-953C-198671B9038C">
<hideElementsInCurrentOnly>false</hideElementsInCurrentOnly>
<backgroundColor>-16777216</backgroundColor>
<lineWidth>1</lineWidth>
<points>
<point x="197" y="215"/>
<point x="258" y="215"/>
</points>
</Connector>
<Connector class="oracle.dbtools.crest.swingui.relational.TVFKRelation" oid="33B0CAA9-20CD-7661-6A6C-7AA805C33FD6" otype="FKIndexAssociation" vid_source="5A4634D7-E78F-A7BD-3A2C-EDC37A566963" vid_target="3A95C915-C41E-03A5-A022-367900A71980">
<hideElementsInCurrentOnly>false</hideElementsInCurrentOnly>
<backgroundColor>-16777216</backgroundColor>
<lineWidth>1</lineWidth>
<points>
<point x="415" y="407"/>
<point x="370" y="407"/>
</points>
</Connector>
<Connector class="oracle.dbtools.crest.swingui.relational.TVFKRelation" oid="40AB5D19-8534-C58C-12DA-F8DB42425C79" otype="FKIndexAssociation" vid_source="A4F32F8A-0DA2-6EB4-4649-2A44639203AE" vid_target="5A4634D7-E78F-A7BD-3A2C-EDC37A566963">
<hideElementsInCurrentOnly>false</hideElementsInCurrentOnly>
<backgroundColor>-16777216</backgroundColor>
<lineWidth>1</lineWidth>
<points>
<point x="526" y="286"/>
<point x="526" y="330"/>
</points>
</Connector>
<Connector class="oracle.dbtools.crest.swingui.relational.TVFKRelation" oid="4242FB72-CE75-06AB-E1AB-25032D4A3E26" otype="FKIndexAssociation" vid_source="7E15C789-C853-EEAD-558A-4A91BCEBAAF6" vid_target="5AF07023-2BB7-F7F8-DC5A-FE1F4873485B">
<hideElementsInCurrentOnly>false</hideElementsInCurrentOnly>
<backgroundColor>-16777216</backgroundColor>
<lineWidth>1</lineWidth>
<points>
<point x="197" y="106"/>
<point x="243" y="106"/>
</points>
</Connector>
<Connector class="oracle.dbtools.crest.swingui.relational.TVFKRelation" oid="4DF7C88D-07E1-76E2-0B56-E9063CB4F811" otype="FKIndexAssociation" vid_source="BF8ECF42-5747-C454-344F-1C081481848A" vid_target="7E15C789-C853-EEAD-558A-4A91BCEBAAF6">
<hideElementsInCurrentOnly>false</hideElementsInCurrentOnly>
<backgroundColor>-16777216</backgroundColor>
<lineWidth>1</lineWidth>
<points>
<point x="390" y="21"/>
<point x="197" y="22"/>
</points>
</Connector>
<Connector class="oracle.dbtools.crest.swingui.relational.TVFKRelation" oid="549421BC-2274-E548-C95B-8003778453E6" otype="FKIndexAssociation" vid_source="3C8679E0-7EAB-C2FA-7DCC-9C25FDF0B6C3" vid_target="361E52F7-156C-FD3B-8616-457D31C3829E">
<hideElementsInCurrentOnly>false</hideElementsInCurrentOnly>
<backgroundColor>-16777216</backgroundColor>
<lineWidth>1</lineWidth>
<points>
<point x="92" y="362"/>
<point x="92" y="397"/>
</points>
</Connector>
<Connector class="oracle.dbtools.crest.swingui.relational.TVFKRelation" oid="7A256864-A167-633F-63D1-8EBD9DE110A7" otype="FKIndexAssociation" vid_source="A4F32F8A-0DA2-6EB4-4649-2A44639203AE" vid_target="5AF07023-2BB7-F7F8-DC5A-FE1F4873485B">
<hideElementsInCurrentOnly>false</hideElementsInCurrentOnly>
<backgroundColor>-16777216</backgroundColor>
<lineWidth>1</lineWidth>
<points>
<point x="493" y="159"/>
<point x="377" y="159"/>
</points>
</Connector>
<Connector class="oracle.dbtools.crest.swingui.relational.TVFKRelation" oid="828E27D1-BB4E-6A49-6667-D4C360F4F30A" otype="FKIndexAssociation" vid_source="A4F32F8A-0DA2-6EB4-4649-2A44639203AE" vid_target="09685C29-78B2-58A1-953C-198671B9038C">
<hideElementsInCurrentOnly>false</hideElementsInCurrentOnly>
<backgroundColor>-16777216</backgroundColor>
<lineWidth>1</lineWidth>
<points>
<point x="493" y="238"/>
<point x="439" y="238"/>
</points>
</Connector>
<Connector class="oracle.dbtools.crest.swingui.relational.TVFKRelation" oid="9950D812-CD43-D4E2-AF92-B3AED14D02D6" otype="FKIndexAssociation" vid_source="BF8ECF42-5747-C454-344F-1C081481848A" vid_target="A4F32F8A-0DA2-6EB4-4649-2A44639203AE">
<hideElementsInCurrentOnly>false</hideElementsInCurrentOnly>
<backgroundColor>-16777216</backgroundColor>
<lineWidth>1</lineWidth>
<points>
<point x="502" y="106"/>
<point x="502" y="135"/>
</points>
</Connector>
<Connector class="oracle.dbtools.crest.swingui.relational.TVFKRelation" oid="B076918B-4F00-9170-F2F6-E8E0F4FB16F7" otype="FKIndexAssociation" vid_source="5A4634D7-E78F-A7BD-3A2C-EDC37A566963" vid_target="9BC36F95-D7D9-66F6-F901-A3BF8F3E02B8">
<hideElementsInCurrentOnly>false</hideElementsInCurrentOnly>
<backgroundColor>-16777216</backgroundColor>
<lineWidth>1</lineWidth>
<points>
<point x="559" y="382"/>
<point x="598" y="382"/>
</points>
</Connector>
<Connector class="oracle.dbtools.crest.swingui.relational.TVFKRelation" oid="C52F330D-5A85-6925-FA4A-036CFF10F23E" otype="FKIndexAssociation" vid_source="2232B6B1-20A5-F1A0-5C12-D899E99963CC" vid_target="BF8ECF42-5747-C454-344F-1C081481848A">
<hideElementsInCurrentOnly>false</hideElementsInCurrentOnly>
<backgroundColor>-16777216</backgroundColor>
<lineWidth>1</lineWidth>
<points>
<point x="557" y="53"/>
<point x="511" y="53"/>
</points>
</Connector>
<Connector class="oracle.dbtools.crest.swingui.relational.TVFKRelation" oid="EFF7FA2B-CEE9-8B0B-C28F-4566C12D7FD5" otype="FKIndexAssociation" vid_source="FA66C208-7F33-8F80-20DC-93FB902BC71C" vid_target="9BC36F95-D7D9-66F6-F901-A3BF8F3E02B8">
<hideElementsInCurrentOnly>false</hideElementsInCurrentOnly>
<backgroundColor>-16777216</backgroundColor>
<lineWidth>1</lineWidth>
<points>
<point x="666" y="277"/>
<point x="666" y="319"/>
</points>
</Connector>
</connectors>
</Diagram>