<?xml version = '1.0' encoding = 'UTF-8'?>
<relationalModel class="oracle.dbtools.crest.model.design.relational.RelationalDesign" name="Relational_1" id="6EDF8B8C-5E45-FCFF-E10C-927DE50C0D2A" mainViewID="CD3BBDB1-FA74-647C-59F1-C1891ED71765">
<createdBy>admin</createdBy>
<createdTime>2015-11-17 05:14:28 UTC</createdTime>
<ownerDesignName>11a_simple_request_flow</ownerDesignName>
<shouldBeOpen>false</shouldBeOpen>
<selectedRDBMSSite>3FD120B5-9F4E-6278-D5E2-746D192C8319</selectedRDBMSSite>
</relationalModel>