<?xml version = '1.0' encoding = 'UTF-8'?>
<Diagram class="oracle.dbtools.crest.swingui.relational.DPVRelational" name="Relational_1" id="1E38BF51-9518-D857-5B98-2D466EE51EA4">
<createdBy>admin</createdBy>
<modifiedBy>admin</modifiedBy>
<createdTime>2015-10-30 08:14:42 UTC</createdTime>
<autoRoute>false</autoRoute>
<boxInbox>true</boxInbox>
<showLegend>false</showLegend>
<showLabels>false</showLabels>
<showRelAttributes>false</showRelAttributes>
<gridEnabled>false</gridEnabled>
<showGrid>false</showGrid>
<diagramColor>-1</diagramColor>
<display>false</display>
<notation>1</notation>
<objectViews>
<OView class="oracle.dbtools.crest.swingui.relational.TVTable" oid="2C5DCEB9-3539-463D-35AB-1709B3B5ADAB" otype="Table" vid="2BAE6AF6-308A-6CA2-6976-BA9D6907BAC4">
<hideElementsInCurrentOnly>false</hideElementsInCurrentOnly>
<bounds x="160" y="176" width="226" height="99"/>
</OView>
<OView class="oracle.dbtools.crest.swingui.relational.TVTable" oid="87243226-5AA0-1FA9-2444-AF90AD4F9278" otype="Table" vid="29887A52-AF32-5DCE-F4EE-2E9554F99018">
<hideElementsInCurrentOnly>false</hideElementsInCurrentOnly>
<bounds x="615" y="221" width="276" height="123"/>
</OView>
<OView class="oracle.dbtools.crest.swingui.relational.TVTable" oid="8DE29A94-2DD6-4588-E84F-1869BD43FD0E" otype="Table" vid="546B2BE3-37C8-C8A4-44D6-2A00D4E717E6">
<hideElementsInCurrentOnly>false</hideElementsInCurrentOnly>
<bounds x="280" y="12" width="243" height="96"/>
</OView>
<OView class="oracle.dbtools.crest.swingui.relational.TVTable" oid="9B8A724E-F398-D5A6-1756-519CCC00E011" otype="Table" vid="87D4F3CA-0A55-DE32-E72E-9A346A895192">
<hideElementsInCurrentOnly>false</hideElementsInCurrentOnly>
<bounds x="155" y="410" width="231" height="122"/>
</OView>
<OView class="oracle.dbtools.crest.swingui.relational.TVTable" oid="B1830A1B-92A0-B7A8-2DA0-CDD5F561E03B" otype="Table" vid="8390E4B0-CEED-BD60-3CDB-C94D1BDA7E38">
<hideElementsInCurrentOnly>false</hideElementsInCurrentOnly>
<bounds x="593" y="28" width="260" height="121"/>
</OView>
<OView class="oracle.dbtools.crest.swingui.relational.TVTable" oid="C2C0CFD0-0E70-40E6-8265-F3FB8736C0C3" otype="Table" vid="63E2DCCA-E8B6-4FB4-4F4C-E083CC36311E">
<hideElementsInCurrentOnly>false</hideElementsInCurrentOnly>
<bounds x="186" y="302" width="203" height="85"/>
</OView>
<OView class="oracle.dbtools.crest.swingui.relational.TVTable" oid="D9EDC454-9108-D980-040B-CA234D8EC5E9" otype="Table" vid="DED42C12-9A3E-8FD2-ACD1-61758E09E5E8">
<hideElementsInCurrentOnly>false</hideElementsInCurrentOnly>
<bounds x="646" y="416" width="284" height="117"/>
</OView>
<OView class="oracle.dbtools.crest.swingui.relational.TVTable" oid="F05BC969-483F-1390-4FE1-FCCB1302B69C" otype="Table" vid="00F6FF82-1D51-ACED-4356-05AC63EF901F">
<hideElementsInCurrentOnly>false</hideElementsInCurrentOnly>
<bounds x="29" y="12" width="237" height="106"/>
</OView>
</objectViews>
<connectors>
<Connector class="oracle.dbtools.crest.swingui.relational.TVFKRelation" oid="31A743D7-030E-3BF5-F29D-DB8AFFEAB8DA" otype="FKIndexAssociation" vid_source="87D4F3CA-0A55-DE32-E72E-9A346A895192" vid_target="DED42C12-9A3E-8FD2-ACD1-61758E09E5E8">
<hideElementsInCurrentOnly>false</hideElementsInCurrentOnly>
<backgroundColor>-16777216</backgroundColor>
<lineWidth>1</lineWidth>
<points>
<point x="386" y="474"/>
<point x="646" y="474"/>
</points>
</Connector>
<Connector class="oracle.dbtools.crest.swingui.relational.TVFKRelation" oid="891796E0-6934-2208-F669-54CAF8F93614" otype="FKIndexAssociation" vid_source="2BAE6AF6-308A-6CA2-6976-BA9D6907BAC4" vid_target="546B2BE3-37C8-C8A4-44D6-2A00D4E717E6">
<hideElementsInCurrentOnly>false</hideElementsInCurrentOnly>
<backgroundColor>-16777216</backgroundColor>
<lineWidth>1</lineWidth>
<points>
<point x="333" y="176"/>
<point x="333" y="108"/>
</points>
</Connector>
<Connector class="oracle.dbtools.crest.swingui.relational.TVFKRelation" oid="A31426B4-CC64-0746-432D-DC887CB57D2E" otype="FKIndexAssociation" vid_source="2BAE6AF6-308A-6CA2-6976-BA9D6907BAC4" vid_target="00F6FF82-1D51-ACED-4356-05AC63EF901F">
<hideElementsInCurrentOnly>false</hideElementsInCurrentOnly>
<backgroundColor>-16777216</backgroundColor>
<lineWidth>1</lineWidth>
<points>
<point x="213" y="176"/>
<point x="213" y="118"/>
</points>
</Connector>
<Connector class="oracle.dbtools.crest.swingui.relational.TVFKRelation" oid="B334AA81-A95C-2D91-503D-C28E179E796C" otype="FKIndexAssociation" vid_source="29887A52-AF32-5DCE-F4EE-2E9554F99018" vid_target="8390E4B0-CEED-BD60-3CDB-C94D1BDA7E38">
<hideElementsInCurrentOnly>false</hideElementsInCurrentOnly>
<backgroundColor>-16777216</backgroundColor>
<lineWidth>1</lineWidth>
<points>
<point x="734" y="221"/>
<point x="734" y="149"/>
</points>
</Connector>
<Connector class="oracle.dbtools.crest.swingui.relational.TVFKRelation" oid="B94F49D0-BBBA-6ADD-2DC4-880B5A17B17E" otype="FKIndexAssociation" vid_source="63E2DCCA-E8B6-4FB4-4F4C-E083CC36311E" vid_target="29887A52-AF32-5DCE-F4EE-2E9554F99018">
<hideElementsInCurrentOnly>false</hideElementsInCurrentOnly>
<backgroundColor>-16777216</backgroundColor>
<lineWidth>1</lineWidth>
<points>
<point x="389" y="323"/>
<point x="615" y="323"/>
</points>
</Connector>
<Connector class="oracle.dbtools.crest.swingui.relational.TVFKRelation" oid="EB2A3B33-4F0B-C44A-4E00-9AD5C6AD6F1C" otype="FKIndexAssociation" vid_source="29887A52-AF32-5DCE-F4EE-2E9554F99018" vid_target="2BAE6AF6-308A-6CA2-6976-BA9D6907BAC4">
<hideElementsInCurrentOnly>false</hideElementsInCurrentOnly>
<backgroundColor>-16777216</backgroundColor>
<lineWidth>1</lineWidth>
<points>
<point x="615" y="248"/>
<point x="386" y="248"/>
</points>
</Connector>
<Connector class="oracle.dbtools.crest.swingui.relational.TVFKRelation" oid="FE2AF263-10B5-F66D-BB73-F3CCEC7D9E9D" otype="FKIndexAssociation" vid_source="29887A52-AF32-5DCE-F4EE-2E9554F99018" vid_target="DED42C12-9A3E-8FD2-ACD1-61758E09E5E8">
<hideElementsInCurrentOnly>false</hideElementsInCurrentOnly>
<backgroundColor>-16777216</backgroundColor>
<lineWidth>1</lineWidth>
<points>
<point x="768" y="344"/>
<point x="768" y="416"/>
</points>
</Connector>
</connectors>
<arcs>
<Arc class="oracle.dbtools.crest.swingui.relational.TVFKArc" oid="124912DF-E9A0-629E-394B-73E9228573A5" otype="FKArc" vid="A2814116-7E01-4E76-F10E-45F218DDE4E5">
<hideElementsInCurrentOnly>false</hideElementsInCurrentOnly>
<bounds x="140" y="156" width="266" height="139"/>
</Arc>
<Arc class="oracle.dbtools.crest.swingui.relational.TVFKArc" oid="672701FE-048C-44CF-C4DC-BB24F5858D1E" otype="FKArc" vid="54B9F425-CAC0-D7E9-D966-E036C7DA8AC0">
<hideElementsInCurrentOnly>false</hideElementsInCurrentOnly>
<bounds x="595" y="201" width="316" height="163"/>
</Arc>
</arcs>
</Diagram>