<?xml version = '1.0' encoding = 'UTF-8'?>
<Relation class="oracle.dbtools.crest.model.design.logical.Relation" name="is_composed_of" directorySegmentName="seg_0" id="2D911A6D-E630-2A45-7B63-AAB13E0A8800">
<createdBy>Marin F</createdBy>
<createdTime>2011-10-05 08:47:04 UTC</createdTime>
<ownerDesignName>orders_1</ownerDesignName>
<engineerTo>
<item key="8D97322B-A031-7F6D-EFB9-8B606264CDCF" value="true"/>
</engineerTo>
<sourcePk>9120AD16-325B-0A35-A024-19E514F64FB6</sourcePk>
<identifying>true</identifying>
<optionalSource>false</optionalSource>
<optionalTarget>false</optionalTarget>
<sourceCardinality>1</sourceCardinality>
<sourceEntity>66CBB4C3-EE3E-0F71-2E37-8EC95DAE7343</sourceEntity>
<targetCardinalityString>*</targetCardinalityString>
<targetEntity>DE6C7DFB-24B3-0FA4-1874-8AE5FE957848</targetEntity>
<transferable>true</transferable>
<attributes itemClass="oracle.dbtools.crest.model.design.logical.Attribute">
<attribute name="comments" id="45491E2B-E00A-2A59-9E6D-027AECAECFC5">
<createdBy>admin</createdBy>
<createdTime>2015-10-21 19:33:09 UTC</createdTime>
<ownerDesignName>orders_1</ownerDesignName>
<engineerTo>
<item key="8D97322B-A031-7F6D-EFB9-8B606264CDCF" value="true"/>
</engineerTo>
<nullsAllowed>true</nullsAllowed>
<useDomainConstraints>false</useDomainConstraints>
<use>1</use>
<logicalDatatype>LOGDT024</logicalDatatype>
<ownDataTypeParameters>,,</ownDataTypeParameters>
</attribute>
</attributes>
</Relation>