<?xml version = '1.0' encoding = 'UTF-8'?>
<Relation class="oracle.dbtools.crest.model.design.logical.Relation" name="is_refered_in" directorySegmentName="seg_0" id="2E8201ED-752B-8E4B-D49E-B23AE01E455A">
<createdBy>Marin F</createdBy>
<createdTime>2011-10-05 08:47:36 UTC</createdTime>
<ownerDesignName>orders_1</ownerDesignName>
<engineerTo>
<item key="8D97322B-A031-7F6D-EFB9-8B606264CDCF" value="true"/>
</engineerTo>
<sourcePk>25C4AE19-CF6E-4B7F-CD24-0EFB3E75FE86</sourcePk>
<identifying>false</identifying>
<optionalSource>true</optionalSource>
<optionalTarget>false</optionalTarget>
<sourceCardinality>1</sourceCardinality>
<sourceEntity>CC614045-B4F5-D3C1-CA5B-B241DDE313D6</sourceEntity>
<targetCardinalityString>*</targetCardinalityString>
<targetEntity>DE6C7DFB-24B3-0FA4-1874-8AE5FE957848</targetEntity>
<transferable>true</transferable>
</Relation>