<?xml version = '1.0' encoding = 'UTF-8'?>
<Relation class="oracle.dbtools.crest.model.design.logical.Relation" name="fills_up" directorySegmentName="seg_0" id="49B4835E-6073-D100-4DDA-8405C00B3F70">
<createdBy>Marin F</createdBy>
<createdTime>2011-10-05 08:45:32 UTC</createdTime>
<ownerDesignName>orders_1</ownerDesignName>
<engineerTo>
<item key="8D97322B-A031-7F6D-EFB9-8B606264CDCF" value="true"/>
</engineerTo>
<sourcePk>7ECFEBE0-3CF3-C186-8F73-82B217A430B0</sourcePk>
<identifying>false</identifying>
<optionalSource>true</optionalSource>
<optionalTarget>false</optionalTarget>
<sourceCardinality>1</sourceCardinality>
<sourceEntity>387BB63B-7FE6-24A5-A804-D06EE6F6F9C6</sourceEntity>
<targetCardinalityString>*</targetCardinalityString>
<targetEntity>66CBB4C3-EE3E-0F71-2E37-8EC95DAE7343</targetEntity>
<transferable>true</transferable>
</Relation>