<?xml version = '1.0' encoding = 'UTF-8'?>
<Relation class="oracle.dbtools.crest.model.design.logical.Relation" name="persuades_customer_to_fill" directorySegmentName="seg_0" id="E678E312-43FF-0A28-A9C5-366D21E19C38">
<createdBy>Marin F</createdBy>
<createdTime>2011-10-05 08:46:37 UTC</createdTime>
<ownerDesignName>orders_1</ownerDesignName>
<engineerTo>
<item key="8D97322B-A031-7F6D-EFB9-8B606264CDCF" value="true"/>
</engineerTo>
<sourcePk>F76ED099-A8F6-4DEE-30FC-830C820D7A1B</sourcePk>
<identifying>false</identifying>
<optionalSource>true</optionalSource>
<optionalTarget>true</optionalTarget>
<sourceCardinality>1</sourceCardinality>
<sourceEntity>217D6F5D-0068-A74E-B424-92EC699927B0</sourceEntity>
<targetCardinalityString>*</targetCardinalityString>
<targetEntity>66CBB4C3-EE3E-0F71-2E37-8EC95DAE7343</targetEntity>
<transferable>true</transferable>
</Relation>