<?xml version = '1.0' encoding = 'UTF-8'?>
<Entity class="oracle.dbtools.crest.model.design.logical.Entity" directorySegmentName="seg_0" id="111CD7AD-8259-DCAD-758B-B49FB04568BA" name="node">
<createdBy>admin</createdBy>
<createdTime>2015-11-10 15:44:36 UTC</createdTime>
<ownerDesignName>09b_routes</ownerDesignName>
<engineerTo>
<item key="B2066FEA-2EB7-E6B1-13B1-47381F99176D" value="true"/>
</engineerTo>
<adequatelyNormalized>NO</adequatelyNormalized>
<expectedVolumes>0</expectedVolumes>
<fwdEngineeringStrategyName>Single Table</fwdEngineeringStrategyName>
<growthPercent>0</growthPercent>
<growthType>Year</growthType>
<maxVolumes>9999999</maxVolumes>
<minVolumes>0</minVolumes>
<normalForm>Third</normalForm>
<attributes itemClass="oracle.dbtools.crest.model.design.logical.Attribute">
<Attribute name="node_id" id="D639822F-1AC6-6948-A0CF-560288CE22F2">
<createdBy>admin</createdBy>
<createdTime>2015-11-10 15:44:36 UTC</createdTime>
<ownerDesignName>09b_routes</ownerDesignName>
<importedID>23BE4106-53B5-9F67-BA2A-7895888ED13B</importedID>
<engineerTo>
<item key="B2066FEA-2EB7-E6B1-13B1-47381F99176D" value="true"/>
</engineerTo>
<useDomainConstraints>false</useDomainConstraints>
<use>1</use>
<logicalDatatype>LOGDT011</logicalDatatype>
<ownDataTypeParameters>,,</ownDataTypeParameters>
</Attribute>
<Attribute name="node_name" id="D7B5B305-0D43-BD65-EC7F-11BBF769256E">
<createdBy>admin</createdBy>
<createdTime>2015-11-10 15:44:36 UTC</createdTime>
<ownerDesignName>09b_routes</ownerDesignName>
<importedID>34502402-0190-F6BB-0401-1E166E03CB95</importedID>
<engineerTo>
<item key="B2066FEA-2EB7-E6B1-13B1-47381F99176D" value="true"/>
</engineerTo>
<useDomainConstraints>false</useDomainConstraints>
<use>1</use>
<logicalDatatype>LOGDT037</logicalDatatype>
<dataTypeSize>50</dataTypeSize>
<ownDataTypeParameters>50,,</ownDataTypeParameters>
</Attribute>
<Attribute name="start_date" id="7734F059-64EB-E33B-87F6-2E701531F5DB">
<createdBy>admin</createdBy>
<createdTime>2015-11-10 15:44:36 UTC</createdTime>
<ownerDesignName>09b_routes</ownerDesignName>
<importedID>1E2ECD17-F2A5-44A8-5FF2-43D9CC43F345</importedID>
<engineerTo>
<item key="B2066FEA-2EB7-E6B1-13B1-47381F99176D" value="true"/>
</engineerTo>
<nullsAllowed>true</nullsAllowed>
<useDomainConstraints>false</useDomainConstraints>
<use>1</use>
<logicalDatatype>LOGDT007</logicalDatatype>
<ownDataTypeParameters>,,</ownDataTypeParameters>
</Attribute>
<Attribute name="stop_date" id="C997AAE7-E2D3-1647-E317-C4F608851967">
<createdBy>admin</createdBy>
<createdTime>2015-11-10 15:44:36 UTC</createdTime>
<ownerDesignName>09b_routes</ownerDesignName>
<importedID>30EB2DAC-CCE6-CE45-9A6B-97DA27068916</importedID>
<engineerTo>
<item key="B2066FEA-2EB7-E6B1-13B1-47381F99176D" value="true"/>
</engineerTo>
<nullsAllowed>true</nullsAllowed>
<useDomainConstraints>false</useDomainConstraints>
<use>1</use>
<logicalDatatype>LOGDT007</logicalDatatype>
<ownDataTypeParameters>,,</ownDataTypeParameters>
</Attribute>
<Attribute name="comments" id="10600354-A719-D7D6-777E-368E7ED6C159">
<createdBy>admin</createdBy>
<createdTime>2015-11-10 15:44:36 UTC</createdTime>
<ownerDesignName>09b_routes</ownerDesignName>
<importedID>6B546A25-2F81-1BA3-BB1F-D1B6F624EF8F</importedID>
<engineerTo>
<item key="B2066FEA-2EB7-E6B1-13B1-47381F99176D" value="true"/>
</engineerTo>
<nullsAllowed>true</nullsAllowed>
<useDomainConstraints>false</useDomainConstraints>
<use>1</use>
<logicalDatatype>LOGDT037</logicalDatatype>
<dataTypeSize>100</dataTypeSize>
<ownDataTypeParameters>100,,</ownDataTypeParameters>
</Attribute>
</attributes>
<identifiers itemClass="oracle.dbtools.crest.model.design.logical.CandidateKey">
<identifier id="44ECA83B-1F00-D325-C696-025CE4081BC6" name="node PK">
<createdBy>admin</createdBy>
<createdTime>2015-11-10 15:44:36 UTC</createdTime>
<ownerDesignName>09b_routes</ownerDesignName>
<engineerTo>
<item key="B2066FEA-2EB7-E6B1-13B1-47381F99176D" value="true"/>
</engineerTo>
<pk>true</pk>
<usedAttributes>
<attributeRef>D639822F-1AC6-6948-A0CF-560288CE22F2</attributeRef>
</usedAttributes>
</identifier>
</identifiers>
</Entity>