<?xml version = '1.0' encoding = 'UTF-8'?>
<Entity class="oracle.dbtools.crest.model.design.logical.Entity" directorySegmentName="seg_0" id="859ACD1F-61FF-A75D-A8BC-8A3B3FFD0285" name="distance">
<createdBy>admin</createdBy>
<createdTime>2015-11-16 08:05:13 UTC</createdTime>
<ownerDesignName>09b_routes</ownerDesignName>
<engineerTo>
<item key="B2066FEA-2EB7-E6B1-13B1-47381F99176D" value="true"/>
</engineerTo>
<adequatelyNormalized>NO</adequatelyNormalized>
<expectedVolumes>0</expectedVolumes>
<fwdEngineeringStrategyName>Single Table</fwdEngineeringStrategyName>
<growthPercent>0</growthPercent>
<growthType>Year</growthType>
<maxVolumes>9999999</maxVolumes>
<minVolumes>0</minVolumes>
<normalForm>Third</normalForm>
<preferredAbbreviation>distances</preferredAbbreviation>
<attributes itemClass="oracle.dbtools.crest.model.design.logical.Attribute">
<Attribute name="n_of_kilometers" id="A0C7279A-B2A4-15E8-23A1-8D3ADBA8A3C7">
<createdBy>admin</createdBy>
<createdTime>2015-11-16 08:05:56 UTC</createdTime>
<ownerDesignName>09b_routes</ownerDesignName>
<engineerTo>
<item key="B2066FEA-2EB7-E6B1-13B1-47381F99176D" value="true"/>
</engineerTo>
<useDomainConstraints>false</useDomainConstraints>
<use>1</use>
<logicalDatatype>LOGDT011</logicalDatatype>
<ownDataTypeParameters>,,</ownDataTypeParameters>
</Attribute>
<Attribute name="needed_minutes" id="A159ED2A-3258-B959-B747-495626A7EA24">
<createdBy>admin</createdBy>
<createdTime>2015-11-16 08:10:35 UTC</createdTime>
<ownerDesignName>09b_routes</ownerDesignName>
<engineerTo>
<item key="B2066FEA-2EB7-E6B1-13B1-47381F99176D" value="true"/>
</engineerTo>
<useDomainConstraints>false</useDomainConstraints>
<use>1</use>
<logicalDatatype>LOGDT011</logicalDatatype>
<ownDataTypeParameters>,,</ownDataTypeParameters>
</Attribute>
<Attribute name="road_status" id="F6CFD9DA-F668-C76F-B889-6C945E58000D">
<createdBy>admin</createdBy>
<createdTime>2015-11-16 08:06:46 UTC</createdTime>
<ownerDesignName>09b_routes</ownerDesignName>
<engineerTo>
<item key="B2066FEA-2EB7-E6B1-13B1-47381F99176D" value="true"/>
</engineerTo>
<nullsAllowed>true</nullsAllowed>
<useDomainConstraints>false</useDomainConstraints>
<use>1</use>
<logicalDatatype>LOGDT037</logicalDatatype>
<dataTypeSize>100</dataTypeSize>
<ownDataTypeParameters>100,,</ownDataTypeParameters>
</Attribute>
<Attribute name="in_use_from" id="AE9676E0-3745-9902-33C8-7CD3C5CF7FF6">
<createdBy>admin</createdBy>
<createdTime>2015-11-16 08:05:13 UTC</createdTime>
<ownerDesignName>09b_routes</ownerDesignName>
<engineerTo>
<item key="B2066FEA-2EB7-E6B1-13B1-47381F99176D" value="true"/>
</engineerTo>
<nullsAllowed>true</nullsAllowed>
<useDomainConstraints>false</useDomainConstraints>
<use>1</use>
<logicalDatatype>LOGDT047</logicalDatatype>
<ownDataTypeParameters>,,</ownDataTypeParameters>
</Attribute>
<Attribute name="in_use_until" id="DBC1912A-0A2E-9243-85F1-592FCC35F43C">
<createdBy>admin</createdBy>
<createdTime>2015-11-16 08:05:13 UTC</createdTime>
<ownerDesignName>09b_routes</ownerDesignName>
<engineerTo>
<item key="B2066FEA-2EB7-E6B1-13B1-47381F99176D" value="true"/>
</engineerTo>
<nullsAllowed>true</nullsAllowed>
<useDomainConstraints>false</useDomainConstraints>
<use>1</use>
<logicalDatatype>LOGDT047</logicalDatatype>
<ownDataTypeParameters>,,</ownDataTypeParameters>
</Attribute>
<Attribute name="comments" id="A7A94D1B-42C8-7403-49BC-9480EAD5F10A">
<createdBy>admin</createdBy>
<createdTime>2015-11-16 08:05:13 UTC</createdTime>
<ownerDesignName>09b_routes</ownerDesignName>
<engineerTo>
<item key="B2066FEA-2EB7-E6B1-13B1-47381F99176D" value="true"/>
</engineerTo>
<nullsAllowed>true</nullsAllowed>
<useDomainConstraints>false</useDomainConstraints>
<use>1</use>
<logicalDatatype>LOGDT037</logicalDatatype>
<dataTypeSize>100</dataTypeSize>
<ownDataTypeParameters>100,,</ownDataTypeParameters>
</Attribute>
<Attribute name="station_label" id="3D71075C-AB78-84F0-8F1F-8389C02C690D">
<createdBy>admin</createdBy>
<createdTime>2015-11-16 08:07:35 UTC</createdTime>
<generatorID>ED264942-1A28-9CA5-1069-F8D437AC08A2</generatorID>
<ownerDesignName>09b_routes</ownerDesignName>
<engineerTo>
<item key="B2066FEA-2EB7-E6B1-13B1-47381F99176D" value="true"/>
</engineerTo>
<referedAttribute>06A45AE6-A3DD-B6E3-AC5E-DBA21A8A05F5</referedAttribute>
<useDomainConstraints>false</useDomainConstraints>
<use>1</use>
<logicalDatatype>LOGDT037</logicalDatatype>
<dataTypeSize>50</dataTypeSize>
<ownDataTypeParameters>50,,</ownDataTypeParameters>
</Attribute>
<Attribute name="station_label1" id="4AA26BD3-48D3-1BBA-F48E-DD28ED5F0AEA">
<createdBy>admin</createdBy>
<createdTime>2015-11-16 08:07:45 UTC</createdTime>
<generatorID>32FBA94C-E9DA-C4BF-0F17-102E59204570</generatorID>
<ownerDesignName>09b_routes</ownerDesignName>
<engineerTo>
<item key="B2066FEA-2EB7-E6B1-13B1-47381F99176D" value="true"/>
</engineerTo>
<referedAttribute>06A45AE6-A3DD-B6E3-AC5E-DBA21A8A05F5</referedAttribute>
<useDomainConstraints>false</useDomainConstraints>
<use>1</use>
<logicalDatatype>LOGDT037</logicalDatatype>
<dataTypeSize>50</dataTypeSize>
<ownDataTypeParameters>50,,</ownDataTypeParameters>
</Attribute>
</attributes>
<identifiers itemClass="oracle.dbtools.crest.model.design.logical.CandidateKey">
<identifier id="32AABF92-158B-5D4B-7A97-EF16545CC02F" name="station PK">
<createdBy>admin</createdBy>
<createdTime>2015-11-16 08:05:13 UTC</createdTime>
<ownerDesignName>09b_routes</ownerDesignName>
<engineerTo>
<item key="B2066FEA-2EB7-E6B1-13B1-47381F99176D" value="true"/>
</engineerTo>
<pk>true</pk>
<usedAttributes>
<attributeRef>3D71075C-AB78-84F0-8F1F-8389C02C690D</attributeRef>
<attributeRef>4AA26BD3-48D3-1BBA-F48E-DD28ED5F0AEA</attributeRef>
</usedAttributes>
</identifier>
</identifiers>
</Entity>