<?xml version = '1.0' encoding = 'UTF-8'?>
<FKIndexAssociation class="oracle.dbtools.crest.model.design.relational.FKIndexAssociation" directorySegmentName="seg_0" id="019BA118-C6EB-5BB3-A87D-5A028737AE97" containerWithKeyObject="048981BB-9E19-A050-10A7-2F4CCB9B5F4D" localFKIndex="53C948E5-1F4F-EA72-FECC-C22C66D9DAA2" name="recipes_products_FK">
<createdBy>admin</createdBy>
<createdTime>2015-11-09 05:34:26 UTC</createdTime>
<generatorID>A789EC15-217D-78AF-8D8B-F283183AC1D3</generatorID>
<ownerDesignName>04_recipes</ownerDesignName>
<deleteRule>NO ACTION</deleteRule>
<referredTableID>27ED7C49-D522-57DE-38D7-CE145390B736</referredTableID>
<keyObject>9B20076B-3599-99AE-85C0-23151EFA4774</keyObject>
<referredKeyID>9B20076B-3599-99AE-85C0-23151EFA4774</referredKeyID>
<mandatory>true</mandatory>
<transferable>true</transferable>
<rely>false</rely>
<columnDependencyConstraintGenerateInDDL>true</columnDependencyConstraintGenerateInDDL>
</FKIndexAssociation>