<?xml version = '1.0' encoding = 'UTF-8'?>
<FKIndexAssociation class="oracle.dbtools.crest.model.design.relational.FKIndexAssociation" directorySegmentName="seg_0" id="056A7F6A-9733-73B9-F820-22FF9B59A760" containerWithKeyObject="767730B1-F5A0-11A7-B439-32425023DCC8" localFKIndex="A5F2C7A2-128E-6702-F8BB-D903F0BA8E7F" name="recipe_detail_products_FK">
<createdBy>admin</createdBy>
<createdTime>2015-11-09 05:34:26 UTC</createdTime>
<generatorID>FC273F96-278C-C5C4-AE38-48ED42DDFFC4</generatorID>
<ownerDesignName>04_recipes</ownerDesignName>
<deleteRule>NO ACTION</deleteRule>
<referredTableID>27ED7C49-D522-57DE-38D7-CE145390B736</referredTableID>
<keyObject>9B20076B-3599-99AE-85C0-23151EFA4774</keyObject>
<referredKeyID>9B20076B-3599-99AE-85C0-23151EFA4774</referredKeyID>
<mandatory>true</mandatory>
<transferable>true</transferable>
<rely>false</rely>
<columnDependencyConstraintGenerateInDDL>true</columnDependencyConstraintGenerateInDDL>
</FKIndexAssociation>