<?xml version = '1.0' encoding = 'UTF-8'?>
<FKIndexAssociation class="oracle.dbtools.crest.model.design.relational.FKIndexAssociation" directorySegmentName="seg_0" id="21FF27E2-BD51-D2AC-F0D3-53071389AFD2" containerWithKeyObject="D8724F2A-630D-3164-CE67-854F3D3FDE95" localFKIndex="58CEBBC0-982A-C995-3786-79353ECBBB36" name="equiv_measure_units_measure_units_FK">
<createdBy>admin</createdBy>
<createdTime>2015-11-09 05:34:26 UTC</createdTime>
<generatorID>7F4845F5-1050-9CAA-3BFB-F838E84D69E5</generatorID>
<ownerDesignName>04_recipes</ownerDesignName>
<deleteRule>NO ACTION</deleteRule>
<referredTableID>5A29D347-D07C-8862-E496-0B8779EFBA01</referredTableID>
<keyObject>7FF29CFB-8D03-90E0-E9D2-68771BA85E7B</keyObject>
<referredKeyID>7FF29CFB-8D03-90E0-E9D2-68771BA85E7B</referredKeyID>
<mandatory>true</mandatory>
<transferable>true</transferable>
<rely>false</rely>
<columnDependencyConstraintGenerateInDDL>true</columnDependencyConstraintGenerateInDDL>
</FKIndexAssociation>