<?xml version = '1.0' encoding = 'UTF-8'?>
<FKIndexAssociation class="oracle.dbtools.crest.model.design.relational.FKIndexAssociation" directorySegmentName="seg_0" id="2CF7F6F5-3084-8AF9-91AB-DDC1656A76A3" containerWithKeyObject="767730B1-F5A0-11A7-B439-32425023DCC8" localFKIndex="172D869E-F056-F7DA-1D3B-4EC7A3A382E1" name="recipe_detail_recipes_FK">
<createdBy>admin</createdBy>
<createdTime>2015-11-09 05:34:26 UTC</createdTime>
<generatorID>88DB1E51-A230-58AF-AC2D-21DCC326EAD8</generatorID>
<ownerDesignName>04_recipes</ownerDesignName>
<deleteRule>NO ACTION</deleteRule>
<referredTableID>048981BB-9E19-A050-10A7-2F4CCB9B5F4D</referredTableID>
<keyObject>7072968C-8019-7BFA-6874-65D73281451F</keyObject>
<referredKeyID>7072968C-8019-7BFA-6874-65D73281451F</referredKeyID>
<mandatory>true</mandatory>
<transferable>true</transferable>
<rely>false</rely>
<columnDependencyConstraintGenerateInDDL>true</columnDependencyConstraintGenerateInDDL>
</FKIndexAssociation>