<?xml version = '1.0' encoding = 'UTF-8'?>
<FKIndexAssociation class="oracle.dbtools.crest.model.design.relational.FKIndexAssociation" directorySegmentName="seg_0" id="516DBAF4-3F19-392D-2D39-244ABBF171A0" containerWithKeyObject="D8724F2A-630D-3164-CE67-854F3D3FDE95" localFKIndex="C8A91EEB-8988-3B44-3D13-928D6F2260A1" name="equiv_measure_units_measure_units_FKv1">
<createdBy>admin</createdBy>
<createdTime>2015-11-09 05:34:26 UTC</createdTime>
<generatorID>1862BC83-BCCB-ED4B-994C-F36D823BA101</generatorID>
<ownerDesignName>04_recipes</ownerDesignName>
<deleteRule>NO ACTION</deleteRule>
<referredTableID>5A29D347-D07C-8862-E496-0B8779EFBA01</referredTableID>
<keyObject>7FF29CFB-8D03-90E0-E9D2-68771BA85E7B</keyObject>
<referredKeyID>7FF29CFB-8D03-90E0-E9D2-68771BA85E7B</referredKeyID>
<mandatory>true</mandatory>
<transferable>true</transferable>
<rely>false</rely>
<columnDependencyConstraintGenerateInDDL>true</columnDependencyConstraintGenerateInDDL>
</FKIndexAssociation>