<?xml version = '1.0' encoding = 'UTF-8'?>
<FKIndexAssociation class="oracle.dbtools.crest.model.design.relational.FKIndexAssociation" directorySegmentName="seg_0" id="95D5F82D-84AE-324D-3ED2-8C16D9BA195E" containerWithKeyObject="3E1B1CE9-7CAA-BD8E-8671-1E9DBACAFBE5" localFKIndex="5142DACB-FFFD-9A0B-33AE-6B10000AAA4F" name="product_description_products_FK">
<createdBy>admin</createdBy>
<createdTime>2015-11-09 05:34:26 UTC</createdTime>
<generatorID>9862C52A-BE18-1555-57BB-2FADE2E36092</generatorID>
<ownerDesignName>04_recipes</ownerDesignName>
<deleteRule>NO ACTION</deleteRule>
<referredTableID>27ED7C49-D522-57DE-38D7-CE145390B736</referredTableID>
<keyObject>9B20076B-3599-99AE-85C0-23151EFA4774</keyObject>
<referredKeyID>9B20076B-3599-99AE-85C0-23151EFA4774</referredKeyID>
<mandatory>true</mandatory>
<transferable>true</transferable>
<rely>false</rely>
<columnDependencyConstraintGenerateInDDL>true</columnDependencyConstraintGenerateInDDL>
</FKIndexAssociation>