<?xml version = '1.0' encoding = 'UTF-8'?>
<FKIndexAssociation class="oracle.dbtools.crest.model.design.relational.FKIndexAssociation" directorySegmentName="seg_0" id="9900C4EA-2255-F095-A889-3EE6CB613C70" containerWithKeyObject="7D6199CF-EA6E-4491-36FC-9F3F399D3F25" localFKIndex="5112CF42-76DD-6ADA-369F-9A63711A9F06" name="groups_description_item_groups_FK">
<createdBy>admin</createdBy>
<createdTime>2015-11-09 05:34:26 UTC</createdTime>
<generatorID>FADAB7FD-5DF3-394E-58EA-3ED875877EB7</generatorID>
<ownerDesignName>04_recipes</ownerDesignName>
<deleteRule>NO ACTION</deleteRule>
<referredTableID>B46F2080-7B53-55DA-863C-174308734A63</referredTableID>
<keyObject>61EFE1C9-D708-AD49-2098-D23182496389</keyObject>
<referredKeyID>61EFE1C9-D708-AD49-2098-D23182496389</referredKeyID>
<mandatory>true</mandatory>
<transferable>true</transferable>
<rely>false</rely>
<columnDependencyConstraintGenerateInDDL>true</columnDependencyConstraintGenerateInDDL>
</FKIndexAssociation>