<?xml version = '1.0' encoding = 'UTF-8'?>
<FKIndexAssociation class="oracle.dbtools.crest.model.design.relational.FKIndexAssociation" directorySegmentName="seg_0" id="A334ED3F-6162-41BF-8B83-D4144614C411" containerWithKeyObject="27ED7C49-D522-57DE-38D7-CE145390B736" localFKIndex="A42943EF-2A49-3220-7822-3496AF2F5F8B" name="products_item_groups_FK">
<createdBy>admin</createdBy>
<createdTime>2015-11-09 05:34:26 UTC</createdTime>
<generatorID>6D6F96D6-A718-831D-B4E4-9D22F4FC9760</generatorID>
<ownerDesignName>04_recipes</ownerDesignName>
<deleteRule>NO ACTION</deleteRule>
<referredTableID>B46F2080-7B53-55DA-863C-174308734A63</referredTableID>
<keyObject>61EFE1C9-D708-AD49-2098-D23182496389</keyObject>
<referredKeyID>61EFE1C9-D708-AD49-2098-D23182496389</referredKeyID>
<mandatory>true</mandatory>
<transferable>true</transferable>
<rely>false</rely>
<columnDependencyConstraintGenerateInDDL>true</columnDependencyConstraintGenerateInDDL>
</FKIndexAssociation>