<?xml version = '1.0' encoding = 'UTF-8'?>
<FKIndexAssociation class="oracle.dbtools.crest.model.design.relational.FKIndexAssociation" directorySegmentName="seg_0" id="B35CE812-A12F-3B87-4AF0-6044820842D0" containerWithKeyObject="27ED7C49-D522-57DE-38D7-CE145390B736" localFKIndex="CE0D63EF-4D3B-0D0D-65DE-9B6F65B21ED4" name="products_measure_units_FKv1">
<createdBy>admin</createdBy>
<createdTime>2015-11-09 05:34:26 UTC</createdTime>
<generatorID>173357BD-B4E5-5AC4-DDA6-93926AB312C5</generatorID>
<ownerDesignName>04_recipes</ownerDesignName>
<deleteRule>NO ACTION</deleteRule>
<referredTableID>5A29D347-D07C-8862-E496-0B8779EFBA01</referredTableID>
<keyObject>7FF29CFB-8D03-90E0-E9D2-68771BA85E7B</keyObject>
<referredKeyID>7FF29CFB-8D03-90E0-E9D2-68771BA85E7B</referredKeyID>
<mandatory>true</mandatory>
<transferable>true</transferable>
<rely>false</rely>
<columnDependencyConstraintGenerateInDDL>true</columnDependencyConstraintGenerateInDDL>
</FKIndexAssociation>