<?xml version = '1.0' encoding = 'UTF-8'?>
<FKIndexAssociation class="oracle.dbtools.crest.model.design.relational.FKIndexAssociation" directorySegmentName="seg_0" id="B7D0D824-0D8B-5935-685C-44F4A515581D" containerWithKeyObject="3E1B1CE9-7CAA-BD8E-8671-1E9DBACAFBE5" localFKIndex="71FB54E5-509E-D4C1-21F0-E1426AF259D8" name="product_description_properties_FK">
<createdBy>admin</createdBy>
<createdTime>2015-11-09 05:34:26 UTC</createdTime>
<generatorID>548DAA53-54D6-500D-4ED2-A9AA554BC099</generatorID>
<ownerDesignName>04_recipes</ownerDesignName>
<deleteRule>NO ACTION</deleteRule>
<referredTableID>ABE363AC-A64D-DB36-57A8-65BD81D2A27E</referredTableID>
<keyObject>50CE4DE7-2E2E-95A7-2657-3A15741FE151</keyObject>
<referredKeyID>50CE4DE7-2E2E-95A7-2657-3A15741FE151</referredKeyID>
<mandatory>true</mandatory>
<transferable>true</transferable>
<rely>false</rely>
<columnDependencyConstraintGenerateInDDL>true</columnDependencyConstraintGenerateInDDL>
</FKIndexAssociation>