<?xml version = '1.0' encoding = 'UTF-8'?>
<FKIndexAssociation class="oracle.dbtools.crest.model.design.relational.FKIndexAssociation" directorySegmentName="seg_0" id="B9D575BC-2AA7-B505-0E7A-0845144A3C9F" containerWithKeyObject="7D6199CF-EA6E-4491-36FC-9F3F399D3F25" localFKIndex="A82492CD-89CB-F5AA-064E-C0CEF9DB6685" name="groups_description_properties_FK">
<createdBy>admin</createdBy>
<createdTime>2015-11-09 05:34:26 UTC</createdTime>
<generatorID>36C9882B-E622-3248-848F-63569AD8D246</generatorID>
<ownerDesignName>04_recipes</ownerDesignName>
<deleteRule>NO ACTION</deleteRule>
<referredTableID>ABE363AC-A64D-DB36-57A8-65BD81D2A27E</referredTableID>
<keyObject>50CE4DE7-2E2E-95A7-2657-3A15741FE151</keyObject>
<referredKeyID>50CE4DE7-2E2E-95A7-2657-3A15741FE151</referredKeyID>
<mandatory>true</mandatory>
<transferable>true</transferable>
<rely>false</rely>
<columnDependencyConstraintGenerateInDDL>true</columnDependencyConstraintGenerateInDDL>
</FKIndexAssociation>