<?xml version = '1.0' encoding = 'UTF-8'?>
<FKIndexAssociation class="oracle.dbtools.crest.model.design.relational.FKIndexAssociation" directorySegmentName="seg_0" id="C232FEBE-90DF-7595-00D1-C4E8F91EEDF4" containerWithKeyObject="ABE363AC-A64D-DB36-57A8-65BD81D2A27E" localFKIndex="B1DFB636-8910-66BC-7943-DB1651541BAE" name="properties_measure_units_FK">
<createdBy>admin</createdBy>
<createdTime>2015-11-09 05:34:26 UTC</createdTime>
<generatorID>9F20F320-98E2-ABB8-C8CC-877482DC77DB</generatorID>
<ownerDesignName>04_recipes</ownerDesignName>
<deleteRule>NO ACTION</deleteRule>
<referredTableID>5A29D347-D07C-8862-E496-0B8779EFBA01</referredTableID>
<keyObject>7FF29CFB-8D03-90E0-E9D2-68771BA85E7B</keyObject>
<referredKeyID>7FF29CFB-8D03-90E0-E9D2-68771BA85E7B</referredKeyID>
<mandatory>true</mandatory>
<transferable>true</transferable>
<rely>false</rely>
<columnDependencyConstraintGenerateInDDL>true</columnDependencyConstraintGenerateInDDL>
</FKIndexAssociation>