<?xml version = '1.0' encoding = 'UTF-8'?>
<FKIndexAssociation class="oracle.dbtools.crest.model.design.relational.FKIndexAssociation" directorySegmentName="seg_0" id="F0D52E96-1C3F-3DE3-53CE-CF2FC74B3285" containerWithKeyObject="27ED7C49-D522-57DE-38D7-CE145390B736" localFKIndex="6CD9D4F5-A998-2848-F08E-F16D59B136DB" name="products_measure_units_FK">
<createdBy>admin</createdBy>
<createdTime>2015-11-09 05:34:26 UTC</createdTime>
<generatorID>26DC25EA-33BA-D687-BA64-7E32F8A5CA2A</generatorID>
<ownerDesignName>04_recipes</ownerDesignName>
<deleteRule>NO ACTION</deleteRule>
<referredTableID>5A29D347-D07C-8862-E496-0B8779EFBA01</referredTableID>
<keyObject>7FF29CFB-8D03-90E0-E9D2-68771BA85E7B</keyObject>
<referredKeyID>7FF29CFB-8D03-90E0-E9D2-68771BA85E7B</referredKeyID>
<mandatory>true</mandatory>
<transferable>true</transferable>
<rely>false</rely>
<columnDependencyConstraintGenerateInDDL>true</columnDependencyConstraintGenerateInDDL>
</FKIndexAssociation>