<?xml version = '1.0' encoding = 'UTF-8'?>
<FKIndexAssociation class="oracle.dbtools.crest.model.design.relational.FKIndexAssociation" directorySegmentName="seg_0" id="16EF75A8-57A2-BCFE-3ECE-D7C8C3B0EE73" containerWithKeyObject="92396DAA-7AC7-A63B-A8B1-F46492680393" localFKIndex="E1BE0FCC-AD70-EB57-B8F1-4F4B3644FC87" name="ordered_items_orders_FK">
<createdBy>marinfotache</createdBy>
<createdTime>2018-10-26 04:25:26 UTC</createdTime>
<generatorID>2AFE7B4B-0337-CBB2-49DE-B73C185A50F3</generatorID>
<ownerDesignName>01b_heterogeneous_items_v2</ownerDesignName>
<referredTableLongName>orders</referredTableLongName>
<deleteRule>NO ACTION</deleteRule>
<referredTableID>3AD2449F-EE4A-1B9C-DDF4-5B7600DCAD53</referredTableID>
<keyObject>DE335689-23F2-9548-6F5E-665DC468573D</keyObject>
<referredKeyID>DE335689-23F2-9548-6F5E-665DC468573D</referredKeyID>
<mandatory>true</mandatory>
<refColNames>order_id</refColNames>
<transferable>true</transferable>
<rely>false</rely>
<columnDependencyConstraintGenerateInDDL>true</columnDependencyConstraintGenerateInDDL>
</FKIndexAssociation>