<?xml version = '1.0' encoding = 'UTF-8'?>
<FKIndexAssociation class="oracle.dbtools.crest.model.design.relational.FKIndexAssociation" directorySegmentName="seg_0" id="91F3D099-E657-655D-40B4-16B11FD7C979" containerWithKeyObject="02D66828-A718-D228-190C-53AF8676443F" localFKIndex="6C0F8B9E-74E9-D22D-6C54-BA007059B329" name="products_item_groups_FK">
<createdBy>marinfotache</createdBy>
<createdTime>2018-10-26 04:25:26 UTC</createdTime>
<generatorID>6D6F96D6-A718-831D-B4E4-9D22F4FC9760</generatorID>
<ownerDesignName>01b_heterogeneous_items_v2</ownerDesignName>
<referredTableLongName>item_groups</referredTableLongName>
<deleteRule>NO ACTION</deleteRule>
<referredTableID>88F06F4D-A4B6-0E77-5F20-B4D2ACAD6B39</referredTableID>
<keyObject>6ACE69B7-93B9-379A-2A8C-FA2AD7B0618B</keyObject>
<referredKeyID>6ACE69B7-93B9-379A-2A8C-FA2AD7B0618B</referredKeyID>
<mandatory>true</mandatory>
<refColNames>group_name</refColNames>
<transferable>true</transferable>
<rely>false</rely>
<columnDependencyConstraintGenerateInDDL>true</columnDependencyConstraintGenerateInDDL>
</FKIndexAssociation>