<?xml version = '1.0' encoding = 'UTF-8'?>
<FKIndexAssociation class="oracle.dbtools.crest.model.design.relational.FKIndexAssociation" directorySegmentName="seg_0" id="95D23F88-E12C-9164-8755-270AB2C57136" containerWithKeyObject="92396DAA-7AC7-A63B-A8B1-F46492680393" localFKIndex="043ACFFC-040B-5E4B-99F2-166D244065BD" name="ordered_items_products_FK">
<createdBy>marinfotache</createdBy>
<createdTime>2018-10-26 04:25:26 UTC</createdTime>
<generatorID>23ADD691-E327-5C7B-1F5A-8C6F135F6A8A</generatorID>
<ownerDesignName>01b_heterogeneous_items_v2</ownerDesignName>
<referredTableLongName>products</referredTableLongName>
<deleteRule>NO ACTION</deleteRule>
<referredTableID>02D66828-A718-D228-190C-53AF8676443F</referredTableID>
<keyObject>B2D99EB8-FC89-BD98-C0D6-E98B52E3E30C</keyObject>
<referredKeyID>B2D99EB8-FC89-BD98-C0D6-E98B52E3E30C</referredKeyID>
<mandatory>true</mandatory>
<refColNames>prod_id</refColNames>
<transferable>true</transferable>
<rely>false</rely>
<columnDependencyConstraintGenerateInDDL>true</columnDependencyConstraintGenerateInDDL>
</FKIndexAssociation>