<?xml version = '1.0' encoding = 'UTF-8'?>
<FKIndexAssociation class="oracle.dbtools.crest.model.design.relational.FKIndexAssociation" directorySegmentName="seg_0" id="C772491C-DB53-C69B-16AD-88963D7BA3F6" containerWithKeyObject="92396DAA-7AC7-A63B-A8B1-F46492680393" localFKIndex="DC630585-3584-84BD-0CF5-1FE420FB0DFA" name="ordered_items_services_FK">
<createdBy>marinfotache</createdBy>
<createdTime>2018-10-26 04:25:26 UTC</createdTime>
<generatorID>784501A0-8811-ADBA-ED35-DDA6257944CE</generatorID>
<ownerDesignName>01b_heterogeneous_items_v2</ownerDesignName>
<referredTableLongName>services</referredTableLongName>
<deleteRule>NO ACTION</deleteRule>
<referredTableID>52958DF2-8762-F6FD-1308-9D90FD6EDC82</referredTableID>
<keyObject>60ED4E38-81EF-C29C-1982-6B1AB4373AE8</keyObject>
<referredKeyID>60ED4E38-81EF-C29C-1982-6B1AB4373AE8</referredKeyID>
<mandatory>true</mandatory>
<refColNames>serv_id</refColNames>
<transferable>true</transferable>
<rely>false</rely>
<columnDependencyConstraintGenerateInDDL>true</columnDependencyConstraintGenerateInDDL>
</FKIndexAssociation>