<?xml version = '1.0' encoding = 'UTF-8'?>
<FKIndexAssociation class="oracle.dbtools.crest.model.design.relational.FKIndexAssociation" directorySegmentName="seg_0" id="C7E273D8-24A2-DB17-D5CB-0C5FBE6EB1FD" containerWithKeyObject="52958DF2-8762-F6FD-1308-9D90FD6EDC82" localFKIndex="88203F8E-8660-6B80-3CB3-0F9E8C5C286A" name="services_item_groups_FK">
<createdBy>marinfotache</createdBy>
<createdTime>2018-10-26 04:25:26 UTC</createdTime>
<generatorID>4C48235E-BC28-B9B9-8F37-185083ACBAF7</generatorID>
<ownerDesignName>01b_heterogeneous_items_v2</ownerDesignName>
<referredTableLongName>item_groups</referredTableLongName>
<deleteRule>NO ACTION</deleteRule>
<referredTableID>88F06F4D-A4B6-0E77-5F20-B4D2ACAD6B39</referredTableID>
<keyObject>6ACE69B7-93B9-379A-2A8C-FA2AD7B0618B</keyObject>
<referredKeyID>6ACE69B7-93B9-379A-2A8C-FA2AD7B0618B</referredKeyID>
<mandatory>true</mandatory>
<refColNames>group_name</refColNames>
<transferable>true</transferable>
<rely>false</rely>
<columnDependencyConstraintGenerateInDDL>true</columnDependencyConstraintGenerateInDDL>
</FKIndexAssociation>