<?xml version = '1.0' encoding = 'UTF-8'?>
<FKIndexAssociation class="oracle.dbtools.crest.model.design.relational.FKIndexAssociation" directorySegmentName="seg_0" id="C7EFFC1C-3DB2-AFCE-6AC0-ACC53AA5D5C4" containerWithKeyObject="85F2D08D-C3A6-E86E-D4E3-FDA30C8597F8" localFKIndex="243BB478-4D87-36B4-89F2-A69A5BDE66C3" name="serv_unique_price_services_FK">
<createdBy>marinfotache</createdBy>
<createdTime>2018-10-26 04:25:26 UTC</createdTime>
<generatorID>9BFF8122-CB69-FA40-B338-4F41DE6F89C0</generatorID>
<ownerDesignName>01b_heterogeneous_items_v2</ownerDesignName>
<referredTableLongName>services</referredTableLongName>
<arc>22A15980-7DE9-8ABA-620F-EA6F1F86132C</arc>
<deleteRule>RESTRICT</deleteRule>
<referredTableID>52958DF2-8762-F6FD-1308-9D90FD6EDC82</referredTableID>
<keyObject>60ED4E38-81EF-C29C-1982-6B1AB4373AE8</keyObject>
<referredKeyID>60ED4E38-81EF-C29C-1982-6B1AB4373AE8</referredKeyID>
<mandatory>true</mandatory>
<refColNames>serv_id</refColNames>
<transferable>true</transferable>
<rely>false</rely>
<columnDependencyConstraintGenerateInDDL>true</columnDependencyConstraintGenerateInDDL>
</FKIndexAssociation>