<?xml version = '1.0' encoding = 'UTF-8'?>
<FKIndexAssociation class="oracle.dbtools.crest.model.design.relational.FKIndexAssociation" directorySegmentName="seg_0" id="E86D4D23-0848-11E9-56EF-690C0E81594D" containerWithKeyObject="A5C5D1E7-A096-ACB7-BE66-D4B4EB5C4225" localFKIndex="DF25F339-5D77-873D-AA16-76437DF8F804" name="serv_var_price_services_FK">
<createdBy>marinfotache</createdBy>
<createdTime>2018-10-26 04:25:26 UTC</createdTime>
<generatorID>81C48145-1421-FB94-577D-742EE129B2B4</generatorID>
<ownerDesignName>01b_heterogeneous_items_v2</ownerDesignName>
<referredTableLongName>services</referredTableLongName>
<arc>22A15980-7DE9-8ABA-620F-EA6F1F86132C</arc>
<deleteRule>RESTRICT</deleteRule>
<referredTableID>52958DF2-8762-F6FD-1308-9D90FD6EDC82</referredTableID>
<keyObject>60ED4E38-81EF-C29C-1982-6B1AB4373AE8</keyObject>
<referredKeyID>60ED4E38-81EF-C29C-1982-6B1AB4373AE8</referredKeyID>
<mandatory>true</mandatory>
<refColNames>serv_id</refColNames>
<transferable>true</transferable>
<rely>false</rely>
<columnDependencyConstraintGenerateInDDL>true</columnDependencyConstraintGenerateInDDL>
</FKIndexAssociation>