<?xml version = '1.0' encoding = 'UTF-8'?>
<Entity class="oracle.dbtools.crest.model.design.logical.Entity" directorySegmentName="seg_0" id="6934B835-67C6-79F7-1B2E-BDC41342680D" name="professor">
<createdBy>Marin F</createdBy>
<createdTime>2011-10-05 05:47:25 UTC</createdTime>
<ownerDesignName>teaches_1</ownerDesignName>
<engineerTo>
<item key="8D97322B-A031-7F6D-EFB9-8B606264CDCF" value="true"/>
</engineerTo>
<adequatelyNormalized>NO</adequatelyNormalized>
<expectedVolumes>0</expectedVolumes>
<fwdEngineeringStrategyName>Single Table</fwdEngineeringStrategyName>
<growthPercent>0</growthPercent>
<growthType>Year</growthType>
<maxVolumes>9999999</maxVolumes>
<minVolumes>0</minVolumes>
<normalForm>Third</normalForm>
<preferredAbbreviation>professors</preferredAbbreviation>
<attributes itemClass="oracle.dbtools.crest.model.design.logical.Attribute">
<Attribute name="prof_code" id="793A0736-C527-CE8E-B82C-AA4631583B52">
<createdBy>Marin F</createdBy>
<createdTime>2011-10-05 05:54:02 UTC</createdTime>
<ownerDesignName>teaches_1</ownerDesignName>
<engineerTo>
<item key="8D97322B-A031-7F6D-EFB9-8B606264CDCF" value="true"/>
</engineerTo>
<useDomainConstraints>false</useDomainConstraints>
<use>1</use>
<logicalDatatype>LOGDT037</logicalDatatype>
<dataTypeSize>10 CHAR</dataTypeSize>
<ownDataTypeParameters>10 CHAR,,</ownDataTypeParameters>
</Attribute>
<Attribute name="prof_name" id="F00612E6-2C97-ECB9-C5E4-18295ECC5035">
<createdBy>Marin F</createdBy>
<createdTime>2011-10-05 05:54:20 UTC</createdTime>
<ownerDesignName>teaches_1</ownerDesignName>
<engineerTo>
<item key="8D97322B-A031-7F6D-EFB9-8B606264CDCF" value="true"/>
</engineerTo>
<useDomainConstraints>false</useDomainConstraints>
<use>1</use>
<logicalDatatype>LOGDT037</logicalDatatype>
<dataTypeSize>75 CHAR</dataTypeSize>
<ownDataTypeParameters>75 CHAR,,</ownDataTypeParameters>
</Attribute>
<Attribute name="prof_email" id="626472CD-6A2A-5A35-A0B1-1FD884254222">
<createdBy>Marin F</createdBy>
<createdTime>2011-10-05 05:54:40 UTC</createdTime>
<ownerDesignName>teaches_1</ownerDesignName>
<engineerTo>
<item key="8D97322B-A031-7F6D-EFB9-8B606264CDCF" value="true"/>
</engineerTo>
<nullsAllowed>true</nullsAllowed>
<useDomainConstraints>false</useDomainConstraints>
<use>1</use>
<logicalDatatype>LOGDT024</logicalDatatype>
<dataTypeSize>100 CHAR</dataTypeSize>
<ownDataTypeParameters>100 CHAR,,</ownDataTypeParameters>
</Attribute>
</attributes>
<identifiers itemClass="oracle.dbtools.crest.model.design.logical.CandidateKey">
<identifier id="10D2CA96-B305-CFDB-153F-6763A370C57C" name="profesori__PK">
<createdBy>Marin F</createdBy>
<createdTime>2011-10-05 05:54:17 UTC</createdTime>
<ownerDesignName>teaches_1</ownerDesignName>
<shouldEngineer>false</shouldEngineer>
<engineerTo>
<item key="8D97322B-A031-7F6D-EFB9-8B606264CDCF" value="false"/>
</engineerTo>
<pk>true</pk>
<usedAttributes>
<attributeRef>793A0736-C527-CE8E-B82C-AA4631583B52</attributeRef>
</usedAttributes>
</identifier>
</identifiers>
</Entity>