<?xml version = '1.0' encoding = 'UTF-8'?>
<Relation class="oracle.dbtools.crest.model.design.logical.Relation" name="Relation_24" directorySegmentName="seg_0" id="063E44A1-33EC-4218-0088-291CF8747F52">
<createdBy>marinfotache</createdBy>
<createdTime>2020-11-25 15:59:34 UTC</createdTime>
<ownerDesignName>biblioteca</ownerDesignName>
<engineerTo>
<item key="E874FA34-F69C-1A94-790E-C646ACF7ED04" value="true"/>
</engineerTo>
<sourcePk>7A359E64-EFB8-7B27-F98A-D3DF7D17602B</sourcePk>
<identifying>false</identifying>
<optionalSource>true</optionalSource>
<optionalTarget>false</optionalTarget>
<sourceCardinality>1</sourceCardinality>
<sourceEntity>C7E335CC-143B-51D3-637A-1A4E824F1626</sourceEntity>
<targetCardinalityString>1</targetCardinalityString>
<targetEntity>5E82FA31-9980-7F4A-1E69-C94D2ED08AC5</targetEntity>
<transferable>true</transferable>
</Relation>