<?xml version = '1.0' encoding = 'UTF-8'?>
<Relation class="oracle.dbtools.crest.model.design.logical.Relation" name="Relation_11" directorySegmentName="seg_0" id="099D8CDC-6733-A3CC-95C8-68404FA6515C">
<createdBy>marinfotache</createdBy>
<createdTime>2020-11-25 15:50:02 UTC</createdTime>
<ownerDesignName>biblioteca</ownerDesignName>
<engineerTo>
<item key="E874FA34-F69C-1A94-790E-C646ACF7ED04" value="true"/>
</engineerTo>
<sourcePk>261F42C5-FC8C-1A1E-692D-A12CC502A59C</sourcePk>
<identifying>false</identifying>
<optionalSource>true</optionalSource>
<optionalTarget>false</optionalTarget>
<sourceCardinality>1</sourceCardinality>
<sourceEntity>5E82FA31-9980-7F4A-1E69-C94D2ED08AC5</sourceEntity>
<targetCardinalityString>*</targetCardinalityString>
<targetEntity>5BE2AA70-91BE-FE39-1B43-0F15EDB3F833</targetEntity>
<transferable>true</transferable>
</Relation>