<?xml version = '1.0' encoding = 'UTF-8'?>
<Relation class="oracle.dbtools.crest.model.design.logical.Relation" name="vol_nr" directorySegmentName="seg_0" id="0D13204A-AC5B-DFD4-540B-B42286DEDA50">
<createdBy>marinfotache</createdBy>
<createdTime>2020-11-25 15:40:09 UTC</createdTime>
<ownerDesignName>biblioteca</ownerDesignName>
<engineerTo>
<item key="E874FA34-F69C-1A94-790E-C646ACF7ED04" value="true"/>
</engineerTo>
<sourcePk>828BFB48-1F78-2086-9CBA-573D56DE0B58</sourcePk>
<identifying>true</identifying>
<optionalSource>true</optionalSource>
<optionalTarget>false</optionalTarget>
<sourceCardinality>1</sourceCardinality>
<sourceEntity>14C5527E-210A-39E8-F99B-9667D3F69C3E</sourceEntity>
<targetCardinalityString>*</targetCardinalityString>
<targetEntity>D7351FC1-E2FB-8E39-9AEA-993ABE2C1E58</targetEntity>
<transferable>true</transferable>
</Relation>