<?xml version = '1.0' encoding = 'UTF-8'?>
<Relation class="oracle.dbtools.crest.model.design.logical.Relation" name="Relation_19" directorySegmentName="seg_0" id="1417E703-223E-65DF-8C5B-E5C1467A27E3">
<createdBy>marinfotache</createdBy>
<createdTime>2020-11-25 15:56:29 UTC</createdTime>
<ownerDesignName>biblioteca</ownerDesignName>
<engineerTo>
<item key="E874FA34-F69C-1A94-790E-C646ACF7ED04" value="true"/>
</engineerTo>
<sourcePk>92904AA7-CD54-A90D-C780-C8CC8EC7C0CE</sourcePk>
<identifying>true</identifying>
<optionalSource>true</optionalSource>
<optionalTarget>false</optionalTarget>
<sourceCardinality>1</sourceCardinality>
<sourceEntity>8968D11A-699E-B4E3-C407-0991190DE5F2</sourceEntity>
<targetCardinalityString>*</targetCardinalityString>
<targetEntity>F6ABB3EA-F299-5FF4-5E66-74AB79B71898</targetEntity>
<transferable>true</transferable>
</Relation>