<?xml version = '1.0' encoding = 'UTF-8'?>
<Relation class="oracle.dbtools.crest.model.design.logical.Relation" name="Relation_32" directorySegmentName="seg_0" id="1FD16678-ED2A-E100-6944-BD2417E219B9">
<createdBy>marinfotache</createdBy>
<createdTime>2020-12-02 14:32:07 UTC</createdTime>
<ownerDesignName>biblioteca</ownerDesignName>
<engineerTo>
<item key="E874FA34-F69C-1A94-790E-C646ACF7ED04" value="true"/>
</engineerTo>
<sourcePk>828BFB48-1F78-2086-9CBA-573D56DE0B58</sourcePk>
<arc>C75538B0-5E36-869B-A4DA-ABC91A93F8B2</arc>
<identifying>true</identifying>
<optionalSource>true</optionalSource>
<optionalTarget>false</optionalTarget>
<sourceCardinality>1</sourceCardinality>
<sourceEntity>14C5527E-210A-39E8-F99B-9667D3F69C3E</sourceEntity>
<targetCardinalityString>*</targetCardinalityString>
<targetEntity>5E82FA31-9980-7F4A-1E69-C94D2ED08AC5</targetEntity>
<transferable>true</transferable>
</Relation>