<?xml version = '1.0' encoding = 'UTF-8'?>
<Relation class="oracle.dbtools.crest.model.design.logical.Relation" name="Relation_30" directorySegmentName="seg_0" id="2056F65C-71B0-CA16-7196-428C06B71731">
<createdBy>marinfotache</createdBy>
<createdTime>2020-12-02 14:31:45 UTC</createdTime>
<ownerDesignName>biblioteca</ownerDesignName>
<engineerTo>
<item key="E874FA34-F69C-1A94-790E-C646ACF7ED04" value="true"/>
</engineerTo>
<sourcePk>2BC4580A-ACF4-D7D7-003E-72D7157B58E0</sourcePk>
<arc>C75538B0-5E36-869B-A4DA-ABC91A93F8B2</arc>
<identifying>true</identifying>
<optionalSource>true</optionalSource>
<optionalTarget>false</optionalTarget>
<sourceCardinality>1</sourceCardinality>
<sourceEntity>1E5104C4-9567-B394-699F-F1CFFA6636ED</sourceEntity>
<targetCardinalityString>*</targetCardinalityString>
<targetEntity>5E82FA31-9980-7F4A-1E69-C94D2ED08AC5</targetEntity>
<transferable>true</transferable>
</Relation>