<?xml version = '1.0' encoding = 'UTF-8'?>
<Relation class="oracle.dbtools.crest.model.design.logical.Relation" name="Relation_34" directorySegmentName="seg_0" id="21418E3C-86EB-ADB7-0496-A03AAED13180">
<createdBy>marinfotache</createdBy>
<createdTime>2020-12-02 14:34:55 UTC</createdTime>
<ownerDesignName>biblioteca</ownerDesignName>
<engineerTo>
<item key="E874FA34-F69C-1A94-790E-C646ACF7ED04" value="true"/>
</engineerTo>
<sourcePk>49079987-CD9F-E5C9-7D4E-CD06F56532DF</sourcePk>
<identifying>false</identifying>
<optionalSource>true</optionalSource>
<optionalTarget>false</optionalTarget>
<sourceCardinality>1</sourceCardinality>
<sourceEntity>70C98B5C-AB58-2310-D5B4-93CFC207FD44</sourceEntity>
<targetCardinalityString>1</targetCardinalityString>
<targetEntity>3DEA31D2-4009-A358-0E76-B3683A921C83</targetEntity>
<transferable>true</transferable>
</Relation>