<?xml version = '1.0' encoding = 'UTF-8'?>
<Relation class="oracle.dbtools.crest.model.design.logical.Relation" name="Relation_25" directorySegmentName="seg_0" id="4723D246-C729-0A63-EBE4-ECD2876A55AB">
<createdBy>marinfotache</createdBy>
<createdTime>2020-11-25 16:00:05 UTC</createdTime>
<ownerDesignName>biblioteca</ownerDesignName>
<engineerTo>
<item key="E874FA34-F69C-1A94-790E-C646ACF7ED04" value="true"/>
</engineerTo>
<sourcePk>EF3560B6-73EB-8776-B119-423AB35C2FB1</sourcePk>
<identifying>false</identifying>
<optionalSource>true</optionalSource>
<optionalTarget>false</optionalTarget>
<sourceCardinality>1</sourceCardinality>
<sourceEntity>7C2F96E2-57B9-D4BA-6EC2-C7CEEEE5480B</sourceEntity>
<targetCardinalityString>*</targetCardinalityString>
<targetEntity>C7E335CC-143B-51D3-637A-1A4E824F1626</targetEntity>
<transferable>true</transferable>
</Relation>