<?xml version = '1.0' encoding = 'UTF-8'?>
<Relation class="oracle.dbtools.crest.model.design.logical.Relation" name="Relation_37" directorySegmentName="seg_0" id="50AAEFFD-5E24-EF4A-8065-F064A4DCF917">
<createdBy>marinfotache</createdBy>
<createdTime>2020-12-02 14:37:36 UTC</createdTime>
<ownerDesignName>biblioteca</ownerDesignName>
<engineerTo>
<item key="E874FA34-F69C-1A94-790E-C646ACF7ED04" value="true"/>
</engineerTo>
<sourcePk>92904AA7-CD54-A90D-C780-C8CC8EC7C0CE</sourcePk>
<arc>1C92DD39-CCAE-A0B0-A5BA-9E16BBFA5236</arc>
<identifying>false</identifying>
<optionalSource>true</optionalSource>
<optionalTarget>false</optionalTarget>
<sourceCardinality>1</sourceCardinality>
<sourceEntity>8968D11A-699E-B4E3-C407-0991190DE5F2</sourceEntity>
<targetCardinalityString>*</targetCardinalityString>
<targetEntity>DB85FB77-F866-A688-6B84-68E56C2910C7</targetEntity>
<transferable>true</transferable>
</Relation>