<?xml version = '1.0' encoding = 'UTF-8'?>
<Relation class="oracle.dbtools.crest.model.design.logical.Relation" name="Relation_28" directorySegmentName="seg_0" id="5328084E-F78E-240B-E8EB-E3A98F5B574C">
<createdBy>marinfotache</createdBy>
<createdTime>2020-12-02 14:25:10 UTC</createdTime>
<ownerDesignName>biblioteca</ownerDesignName>
<engineerTo>
<item key="E874FA34-F69C-1A94-790E-C646ACF7ED04" value="true"/>
</engineerTo>
<sourcePk>828BFB48-1F78-2086-9CBA-573D56DE0B58</sourcePk>
<arc>DC4E3781-64EC-F161-E843-F070B8BC548B</arc>
<identifying>false</identifying>
<optionalSource>true</optionalSource>
<optionalTarget>false</optionalTarget>
<sourceCardinality>1</sourceCardinality>
<sourceEntity>14C5527E-210A-39E8-F99B-9667D3F69C3E</sourceEntity>
<targetCardinalityString>*</targetCardinalityString>
<targetEntity>8968D11A-699E-B4E3-C407-0991190DE5F2</targetEntity>
<transferable>true</transferable>
</Relation>