<?xml version = '1.0' encoding = 'UTF-8'?>
<Relation class="oracle.dbtools.crest.model.design.logical.Relation" name="Relation_27" directorySegmentName="seg_0" id="6391FFFE-5038-15B9-7026-9705AE2D88E5">
<createdBy>marinfotache</createdBy>
<createdTime>2020-12-02 14:24:13 UTC</createdTime>
<ownerDesignName>biblioteca</ownerDesignName>
<engineerTo>
<item key="E874FA34-F69C-1A94-790E-C646ACF7ED04" value="true"/>
</engineerTo>
<sourcePk>B77CAB9B-CA5C-20E8-70B4-0836334BC255</sourcePk>
<arc>DC4E3781-64EC-F161-E843-F070B8BC548B</arc>
<identifying>false</identifying>
<optionalSource>true</optionalSource>
<optionalTarget>false</optionalTarget>
<sourceCardinality>1</sourceCardinality>
<sourceEntity>D7351FC1-E2FB-8E39-9AEA-993ABE2C1E58</sourceEntity>
<targetCardinalityString>*</targetCardinalityString>
<targetEntity>8968D11A-699E-B4E3-C407-0991190DE5F2</targetEntity>
<transferable>true</transferable>
</Relation>