<?xml version = '1.0' encoding = 'UTF-8'?>
<Relation class="oracle.dbtools.crest.model.design.logical.Relation" name="Relation_31" directorySegmentName="seg_0" id="6AC4CD76-CE13-E6A5-BB38-05384E74FC45">
<createdBy>marinfotache</createdBy>
<createdTime>2020-12-02 14:31:53 UTC</createdTime>
<ownerDesignName>biblioteca</ownerDesignName>
<engineerTo>
<item key="E874FA34-F69C-1A94-790E-C646ACF7ED04" value="true"/>
</engineerTo>
<sourcePk>B77CAB9B-CA5C-20E8-70B4-0836334BC255</sourcePk>
<arc>C75538B0-5E36-869B-A4DA-ABC91A93F8B2</arc>
<identifying>true</identifying>
<optionalSource>true</optionalSource>
<optionalTarget>false</optionalTarget>
<sourceCardinality>1</sourceCardinality>
<sourceEntity>D7351FC1-E2FB-8E39-9AEA-993ABE2C1E58</sourceEntity>
<targetCardinalityString>*</targetCardinalityString>
<targetEntity>5E82FA31-9980-7F4A-1E69-C94D2ED08AC5</targetEntity>
<transferable>true</transferable>
</Relation>