<?xml version = '1.0' encoding = 'UTF-8'?>
<Relation class="oracle.dbtools.crest.model.design.logical.Relation" name="Relation_23" directorySegmentName="seg_0" id="98A75551-2D4C-42DB-741F-23AB17559EEA">
<createdBy>marinfotache</createdBy>
<createdTime>2020-11-25 15:59:05 UTC</createdTime>
<ownerDesignName>biblioteca</ownerDesignName>
<engineerTo>
<item key="E874FA34-F69C-1A94-790E-C646ACF7ED04" value="true"/>
</engineerTo>
<sourcePk>EF3560B6-73EB-8776-B119-423AB35C2FB1</sourcePk>
<identifying>true</identifying>
<optionalSource>true</optionalSource>
<optionalTarget>false</optionalTarget>
<sourceCardinality>1</sourceCardinality>
<sourceEntity>7C2F96E2-57B9-D4BA-6EC2-C7CEEEE5480B</sourceEntity>
<targetCardinalityString>*</targetCardinalityString>
<targetEntity>DC377527-5E80-42CD-C72E-C813289F7FAF</targetEntity>
<transferable>true</transferable>
</Relation>