<?xml version = '1.0' encoding = 'UTF-8'?>
<Relation class="oracle.dbtools.crest.model.design.logical.Relation" name="Relation_29" directorySegmentName="seg_0" id="A7AF1EDD-F995-208C-8E6C-EFA9C483AA38">
<createdBy>marinfotache</createdBy>
<createdTime>2020-12-02 14:29:46 UTC</createdTime>
<ownerDesignName>biblioteca</ownerDesignName>
<engineerTo>
<item key="E874FA34-F69C-1A94-790E-C646ACF7ED04" value="true"/>
</engineerTo>
<sourcePk>7CCDCC1F-14A8-16C9-6421-E5D3249DB3BB</sourcePk>
<identifying>false</identifying>
<optionalSource>true</optionalSource>
<optionalTarget>false</optionalTarget>
<sourceCardinality>1</sourceCardinality>
<sourceEntity>5BE2AA70-91BE-FE39-1B43-0F15EDB3F833</sourceEntity>
<targetCardinalityString>1</targetCardinalityString>
<targetEntity>EA379FDF-C207-CC61-9BBD-D627FE0E965A</targetEntity>
<transferable>true</transferable>
</Relation>