<?xml version = '1.0' encoding = 'UTF-8'?>
<Relation class="oracle.dbtools.crest.model.design.logical.Relation" name="Relation_36" directorySegmentName="seg_0" id="C0BD7F9D-B7B2-25AF-5C3B-559300005856">
<createdBy>marinfotache</createdBy>
<createdTime>2020-12-02 14:37:24 UTC</createdTime>
<ownerDesignName>biblioteca</ownerDesignName>
<engineerTo>
<item key="E874FA34-F69C-1A94-790E-C646ACF7ED04" value="true"/>
</engineerTo>
<sourcePk>2BC4580A-ACF4-D7D7-003E-72D7157B58E0</sourcePk>
<arc>1C92DD39-CCAE-A0B0-A5BA-9E16BBFA5236</arc>
<identifying>false</identifying>
<optionalSource>true</optionalSource>
<optionalTarget>false</optionalTarget>
<sourceCardinality>1</sourceCardinality>
<sourceEntity>1E5104C4-9567-B394-699F-F1CFFA6636ED</sourceEntity>
<targetCardinalityString>*</targetCardinalityString>
<targetEntity>DB85FB77-F866-A688-6B84-68E56C2910C7</targetEntity>
<transferable>true</transferable>
</Relation>