<?xml version = '1.0' encoding = 'UTF-8'?>
<Relation class="oracle.dbtools.crest.model.design.logical.Relation" name="public_vol" directorySegmentName="seg_0" id="C3D16998-184C-1A7C-D538-697BE3CD7D83">
<createdBy>marinfotache</createdBy>
<createdTime>2020-11-25 15:39:33 UTC</createdTime>
<ownerDesignName>biblioteca</ownerDesignName>
<engineerTo>
<item key="E874FA34-F69C-1A94-790E-C646ACF7ED04" value="true"/>
</engineerTo>
<sourcePk>2BC4580A-ACF4-D7D7-003E-72D7157B58E0</sourcePk>
<identifying>true</identifying>
<optionalSource>true</optionalSource>
<optionalTarget>false</optionalTarget>
<sourceCardinality>1</sourceCardinality>
<sourceEntity>1E5104C4-9567-B394-699F-F1CFFA6636ED</sourceEntity>
<targetCardinalityString>*</targetCardinalityString>
<targetEntity>14C5527E-210A-39E8-F99B-9667D3F69C3E</targetEntity>
<transferable>true</transferable>
</Relation>