<?xml version = '1.0' encoding = 'UTF-8'?>
<Relation class="oracle.dbtools.crest.model.design.logical.Relation" name="Relation_21" directorySegmentName="seg_0" id="C469B8E8-728A-D002-0FBF-31C1BC35D861">
<createdBy>marinfotache</createdBy>
<createdTime>2020-11-25 15:58:18 UTC</createdTime>
<ownerDesignName>biblioteca</ownerDesignName>
<engineerTo>
<item key="E874FA34-F69C-1A94-790E-C646ACF7ED04" value="true"/>
</engineerTo>
<sourcePk>92904AA7-CD54-A90D-C780-C8CC8EC7C0CE</sourcePk>
<identifying>true</identifying>
<optionalSource>true</optionalSource>
<optionalTarget>false</optionalTarget>
<sourceCardinality>1</sourceCardinality>
<sourceEntity>8968D11A-699E-B4E3-C407-0991190DE5F2</sourceEntity>
<targetCardinalityString>*</targetCardinalityString>
<targetEntity>2D5A256C-7807-C398-1E33-F806B4375A22</targetEntity>
<transferable>true</transferable>
</Relation>