<?xml version = '1.0' encoding = 'UTF-8'?>
<Relation class="oracle.dbtools.crest.model.design.logical.Relation" name="Relation_18" directorySegmentName="seg_0" id="CAB3715E-AAC1-4BDB-3022-C45DDA3CC4F2">
<createdBy>marinfotache</createdBy>
<createdTime>2020-11-25 15:55:58 UTC</createdTime>
<ownerDesignName>biblioteca</ownerDesignName>
<engineerTo>
<item key="E874FA34-F69C-1A94-790E-C646ACF7ED04" value="true"/>
</engineerTo>
<sourcePk>73AB48C7-6E11-4430-2904-3A207A91395B</sourcePk>
<identifying>false</identifying>
<optionalSource>true</optionalSource>
<optionalTarget>false</optionalTarget>
<sourceCardinality>1</sourceCardinality>
<sourceEntity>01B712AD-9261-5266-8C8A-99B6E3085745</sourceEntity>
<targetCardinalityString>*</targetCardinalityString>
<targetEntity>F6ABB3EA-F299-5FF4-5E66-74AB79B71898</targetEntity>
<transferable>true</transferable>
</Relation>