<?xml version = '1.0' encoding = 'UTF-8'?>
<Relation class="oracle.dbtools.crest.model.design.logical.Relation" name="Relation_10" directorySegmentName="seg_0" id="CAC1388C-6256-00E7-C149-93ECC1BF69C2">
<createdBy>marinfotache</createdBy>
<createdTime>2020-11-25 15:49:02 UTC</createdTime>
<ownerDesignName>biblioteca</ownerDesignName>
<engineerTo>
<item key="E874FA34-F69C-1A94-790E-C646ACF7ED04" value="true"/>
</engineerTo>
<sourcePk>EF3560B6-73EB-8776-B119-423AB35C2FB1</sourcePk>
<identifying>false</identifying>
<optionalSource>true</optionalSource>
<optionalTarget>false</optionalTarget>
<sourceCardinality>1</sourceCardinality>
<sourceEntity>7C2F96E2-57B9-D4BA-6EC2-C7CEEEE5480B</sourceEntity>
<targetCardinalityString>*</targetCardinalityString>
<targetEntity>5BE2AA70-91BE-FE39-1B43-0F15EDB3F833</targetEntity>
<transferable>true</transferable>
</Relation>