<?xml version = '1.0' encoding = 'UTF-8'?>
<Relation class="oracle.dbtools.crest.model.design.logical.Relation" name="Relation_22" directorySegmentName="seg_0" id="CD5FCEBD-A8EE-D311-D70D-137D29145717">
<createdBy>marinfotache</createdBy>
<createdTime>2020-11-25 15:58:29 UTC</createdTime>
<ownerDesignName>biblioteca</ownerDesignName>
<engineerTo>
<item key="E874FA34-F69C-1A94-790E-C646ACF7ED04" value="true"/>
</engineerTo>
<sourcePk>35BF4245-12FF-1671-FC2C-9DB1C5CB41EA</sourcePk>
<identifying>true</identifying>
<optionalSource>true</optionalSource>
<optionalTarget>false</optionalTarget>
<sourceCardinality>1</sourceCardinality>
<sourceEntity>1869B6D8-2078-622C-F1B4-61BE41FC1E82</sourceEntity>
<targetCardinalityString>*</targetCardinalityString>
<targetEntity>2D5A256C-7807-C398-1E33-F806B4375A22</targetEntity>
<transferable>true</transferable>
</Relation>