<?xml version = '1.0' encoding = 'UTF-8'?>
<Relation class="oracle.dbtools.crest.model.design.logical.Relation" name="Relation_16" directorySegmentName="seg_0" id="CFB58DDB-3F14-3911-8493-1A4A8DE4B399">
<createdBy>marinfotache</createdBy>
<createdTime>2020-11-25 15:53:58 UTC</createdTime>
<ownerDesignName>biblioteca</ownerDesignName>
<engineerTo>
<item key="E874FA34-F69C-1A94-790E-C646ACF7ED04" value="true"/>
</engineerTo>
<sourcePk>73AB48C7-6E11-4430-2904-3A207A91395B</sourcePk>
<identifying>false</identifying>
<optionalSource>true</optionalSource>
<optionalTarget>false</optionalTarget>
<sourceCardinality>1</sourceCardinality>
<sourceEntity>01B712AD-9261-5266-8C8A-99B6E3085745</sourceEntity>
<targetCardinalityString>*</targetCardinalityString>
<targetEntity>0EDE6F31-BE63-B195-DF62-1458D660F6D4</targetEntity>
<transferable>true</transferable>
</Relation>