<?xml version = '1.0' encoding = 'UTF-8'?>
<Relation class="oracle.dbtools.crest.model.design.logical.Relation" name="Relation_15" directorySegmentName="seg_0" id="DCAAB865-4F99-B70A-406B-76C6298B9347">
<createdBy>marinfotache</createdBy>
<createdTime>2020-11-25 15:53:47 UTC</createdTime>
<ownerDesignName>biblioteca</ownerDesignName>
<engineerTo>
<item key="E874FA34-F69C-1A94-790E-C646ACF7ED04" value="true"/>
</engineerTo>
<sourcePk>2BC4580A-ACF4-D7D7-003E-72D7157B58E0</sourcePk>
<identifying>true</identifying>
<optionalSource>true</optionalSource>
<optionalTarget>false</optionalTarget>
<sourceCardinality>1</sourceCardinality>
<sourceEntity>1E5104C4-9567-B394-699F-F1CFFA6636ED</sourceEntity>
<targetCardinalityString>*</targetCardinalityString>
<targetEntity>0EDE6F31-BE63-B195-DF62-1458D660F6D4</targetEntity>
<transferable>true</transferable>
</Relation>