<?xml version = '1.0' encoding = 'UTF-8'?>
<Relation class="oracle.dbtools.crest.model.design.logical.Relation" name="Relation_35" directorySegmentName="seg_0" id="E439BA1A-F138-4A52-50D4-4BF5EAB5918C">
<createdBy>marinfotache</createdBy>
<createdTime>2020-12-02 14:35:22 UTC</createdTime>
<ownerDesignName>biblioteca</ownerDesignName>
<engineerTo>
<item key="E874FA34-F69C-1A94-790E-C646ACF7ED04" value="true"/>
</engineerTo>
<sourcePk>5236C868-3971-03E9-FC52-DDF2E323CF3B</sourcePk>
<identifying>false</identifying>
<optionalSource>true</optionalSource>
<optionalTarget>false</optionalTarget>
<sourceCardinality>1</sourceCardinality>
<sourceEntity>3DEA31D2-4009-A358-0E76-B3683A921C83</sourceEntity>
<targetCardinalityString>*</targetCardinalityString>
<targetEntity>DB85FB77-F866-A688-6B84-68E56C2910C7</targetEntity>
<transferable>true</transferable>
</Relation>