<?xml version = '1.0' encoding = 'UTF-8'?>
<Relation class="oracle.dbtools.crest.model.design.logical.Relation" name="Relation_8" directorySegmentName="seg_0" id="E6126B24-BD6F-28B2-6B7D-CA29BFA1C75C">
<createdBy>marinfotache</createdBy>
<createdTime>2020-11-25 15:45:24 UTC</createdTime>
<ownerDesignName>biblioteca</ownerDesignName>
<engineerTo>
<item key="E874FA34-F69C-1A94-790E-C646ACF7ED04" value="true"/>
</engineerTo>
<sourcePk>49079987-CD9F-E5C9-7D4E-CD06F56532DF</sourcePk>
<identifying>true</identifying>
<optionalSource>true</optionalSource>
<optionalTarget>false</optionalTarget>
<sourceCardinality>1</sourceCardinality>
<sourceEntity>70C98B5C-AB58-2310-D5B4-93CFC207FD44</sourceEntity>
<targetCardinalityString>1</targetCardinalityString>
<targetEntity>AACEBC7D-BCF6-1BB6-22C7-BE1413D66F7E</targetEntity>
<transferable>true</transferable>
</Relation>