<?xml version = '1.0' encoding = 'UTF-8'?>
<Relation class="oracle.dbtools.crest.model.design.logical.Relation" name="Relation_9" directorySegmentName="seg_0" id="E79CF08A-8DC3-EDD4-AEAD-B11E935671B3">
<createdBy>marinfotache</createdBy>
<createdTime>2020-11-25 15:48:23 UTC</createdTime>
<ownerDesignName>biblioteca</ownerDesignName>
<engineerTo>
<item key="E874FA34-F69C-1A94-790E-C646ACF7ED04" value="true"/>
</engineerTo>
<sourcePk>49079987-CD9F-E5C9-7D4E-CD06F56532DF</sourcePk>
<identifying>false</identifying>
<optionalSource>true</optionalSource>
<optionalTarget>false</optionalTarget>
<sourceCardinality>1</sourceCardinality>
<sourceEntity>70C98B5C-AB58-2310-D5B4-93CFC207FD44</sourceEntity>
<targetCardinalityString>*</targetCardinalityString>
<targetEntity>5BE2AA70-91BE-FE39-1B43-0F15EDB3F833</targetEntity>
<transferable>true</transferable>
</Relation>