<?xml version = '1.0' encoding = 'UTF-8'?>
<Entity class="oracle.dbtools.crest.model.design.logical.Entity" directorySegmentName="seg_0" id="29D5425A-8DDE-AE83-A3C3-420DDDBAF7D2" name="customer">
<createdBy>admin</createdBy>
<createdTime>2015-10-28 10:23:35 UTC</createdTime>
<ownerDesignName>bank_cards_1</ownerDesignName>
<engineerTo>
<item key="6D398BFB-6C36-1521-5DB5-8689CAE45AB2" value="true"/>
</engineerTo>
<adequatelyNormalized>NO</adequatelyNormalized>
<expectedVolumes>0</expectedVolumes>
<fwdEngineeringStrategyName>Single Table</fwdEngineeringStrategyName>
<growthPercent>0</growthPercent>
<growthType>Year</growthType>
<maxVolumes>9999999</maxVolumes>
<minVolumes>0</minVolumes>
<normalForm>Third</normalForm>
<preferredAbbreviation>customers</preferredAbbreviation>
<attributes itemClass="oracle.dbtools.crest.model.design.logical.Attribute">
<Attribute name="cust_id" id="99E24EE9-3AD1-5DCF-E5B9-4C3A1C0D9912">
<createdBy>admin</createdBy>
<createdTime>2015-10-28 10:23:49 UTC</createdTime>
<ownerDesignName>bank_cards_1</ownerDesignName>
<engineerTo>
<item key="6D398BFB-6C36-1521-5DB5-8689CAE45AB2" value="true"/>
</engineerTo>
<useDomainConstraints>false</useDomainConstraints>
<use>1</use>
<logicalDatatype>LOGDT011</logicalDatatype>
<ownDataTypeParameters>,,</ownDataTypeParameters>
</Attribute>
<Attribute name="cust_name" id="3BF12329-45FF-FE69-B8FB-E7CD8A493A1A">
<createdBy>admin</createdBy>
<createdTime>2015-10-28 10:23:59 UTC</createdTime>
<ownerDesignName>bank_cards_1</ownerDesignName>
<engineerTo>
<item key="6D398BFB-6C36-1521-5DB5-8689CAE45AB2" value="true"/>
</engineerTo>
<useDomainConstraints>false</useDomainConstraints>
<use>1</use>
<logicalDatatype>LOGDT037</logicalDatatype>
<dataTypeSize>75</dataTypeSize>
<ownDataTypeParameters>75,,</ownDataTypeParameters>
</Attribute>
<Attribute name="cust_address" id="BA337493-3EF0-055B-A652-872EB683C90E">
<createdBy>admin</createdBy>
<createdTime>2015-10-28 10:28:45 UTC</createdTime>
<ownerDesignName>bank_cards_1</ownerDesignName>
<engineerTo>
<item key="6D398BFB-6C36-1521-5DB5-8689CAE45AB2" value="true"/>
</engineerTo>
<nullsAllowed>true</nullsAllowed>
<useDomainConstraints>false</useDomainConstraints>
<use>1</use>
<logicalDatatype>LOGDT037</logicalDatatype>
<dataTypeSize>100</dataTypeSize>
<ownDataTypeParameters>100,,</ownDataTypeParameters>
</Attribute>
<Attribute name="cust_town" id="145F87F6-A8B3-9EBF-7EFC-7DB6708EFDB6">
<createdBy>admin</createdBy>
<createdTime>2015-10-28 10:29:00 UTC</createdTime>
<ownerDesignName>bank_cards_1</ownerDesignName>
<engineerTo>
<item key="6D398BFB-6C36-1521-5DB5-8689CAE45AB2" value="true"/>
</engineerTo>
<useDomainConstraints>false</useDomainConstraints>
<use>1</use>
<logicalDatatype>LOGDT037</logicalDatatype>
<dataTypeSize>50</dataTypeSize>
<ownDataTypeParameters>50,,</ownDataTypeParameters>
</Attribute>
<Attribute name="cust_county" id="4B038BA0-661B-6D7F-2C38-3B7EAFCC0585">
<createdBy>admin</createdBy>
<createdTime>2015-10-28 10:29:31 UTC</createdTime>
<ownerDesignName>bank_cards_1</ownerDesignName>
<engineerTo>
<item key="6D398BFB-6C36-1521-5DB5-8689CAE45AB2" value="true"/>
</engineerTo>
<useDomainConstraints>false</useDomainConstraints>
<use>1</use>
<logicalDatatype>LOGDT037</logicalDatatype>
<dataTypeSize>30</dataTypeSize>
<ownDataTypeParameters>30,,</ownDataTypeParameters>
</Attribute>
<Attribute name="cust_phone" id="FBBDCBC4-F945-806D-D158-DFA5042F433D">
<createdBy>admin</createdBy>
<createdTime>2015-10-28 10:29:50 UTC</createdTime>
<ownerDesignName>bank_cards_1</ownerDesignName>
<engineerTo>
<item key="6D398BFB-6C36-1521-5DB5-8689CAE45AB2" value="true"/>
</engineerTo>
<nullsAllowed>true</nullsAllowed>
<useDomainConstraints>false</useDomainConstraints>
<use>1</use>
<logicalDatatype>LOGDT024</logicalDatatype>
<dataTypeSize>10</dataTypeSize>
<ownDataTypeParameters>10,,</ownDataTypeParameters>
</Attribute>
<Attribute name="cust_email" id="315E46FF-74A3-CC3C-1281-58582B64F76D">
<createdBy>admin</createdBy>
<createdTime>2015-10-28 10:30:10 UTC</createdTime>
<ownerDesignName>bank_cards_1</ownerDesignName>
<engineerTo>
<item key="6D398BFB-6C36-1521-5DB5-8689CAE45AB2" value="true"/>
</engineerTo>
<nullsAllowed>true</nullsAllowed>
<useDomainConstraints>false</useDomainConstraints>
<use>1</use>
<logicalDatatype>LOGDT024</logicalDatatype>
<dataTypeSize>75</dataTypeSize>
<ownDataTypeParameters>75,,</ownDataTypeParameters>
</Attribute>
</attributes>
<identifiers itemClass="oracle.dbtools.crest.model.design.logical.CandidateKey">
<identifier id="D1386227-A31A-983C-F322-589666E1CC70" name="customers__pk">
<createdBy>admin</createdBy>
<createdTime>2015-10-28 10:23:56 UTC</createdTime>
<ownerDesignName>bank_cards_1</ownerDesignName>
<shouldEngineer>false</shouldEngineer>
<engineerTo>
<item key="6D398BFB-6C36-1521-5DB5-8689CAE45AB2" value="false"/>
</engineerTo>
<pk>true</pk>
<newElementsIDs>99E24EE9-3AD1-5DCF-E5B9-4C3A1C0D9912</newElementsIDs>
<usedAttributes>
<attributeRef>99E24EE9-3AD1-5DCF-E5B9-4C3A1C0D9912</attributeRef>
</usedAttributes>
</identifier>
</identifiers>
</Entity>