<?xml version = '1.0' encoding = 'UTF-8'?>
<Entity class="oracle.dbtools.crest.model.design.logical.Entity" directorySegmentName="seg_0" id="7CB32C00-8327-AE6E-58FF-1D497CE18C15" name="payment">
<createdBy>admin</createdBy>
<createdTime>2015-10-28 10:34:25 UTC</createdTime>
<ownerDesignName>bank_cards_1</ownerDesignName>
<engineerTo>
<item key="6D398BFB-6C36-1521-5DB5-8689CAE45AB2" value="true"/>
</engineerTo>
<adequatelyNormalized>NO</adequatelyNormalized>
<expectedVolumes>0</expectedVolumes>
<fwdEngineeringStrategyName>Single Table</fwdEngineeringStrategyName>
<growthPercent>0</growthPercent>
<growthType>Year</growthType>
<maxVolumes>9999999</maxVolumes>
<minVolumes>0</minVolumes>
<normalForm>Third</normalForm>
<preferredAbbreviation>payments</preferredAbbreviation>
<attributes itemClass="oracle.dbtools.crest.model.design.logical.Attribute">
<Attribute name="payment_id" id="16973240-E2E6-20E5-A478-E47A32987516">
<createdBy>admin</createdBy>
<createdTime>2015-10-28 10:34:36 UTC</createdTime>
<ownerDesignName>bank_cards_1</ownerDesignName>
<engineerTo>
<item key="6D398BFB-6C36-1521-5DB5-8689CAE45AB2" value="true"/>
</engineerTo>
<useDomainConstraints>false</useDomainConstraints>
<use>1</use>
<logicalDatatype>LOGDT011</logicalDatatype>
<ownDataTypeParameters>,,</ownDataTypeParameters>
</Attribute>
<Attribute name="payment_dt" id="0D72C1C0-9C40-8605-D391-09781A39BC48">
<createdBy>admin</createdBy>
<createdTime>2015-10-28 10:34:46 UTC</createdTime>
<ownerDesignName>bank_cards_1</ownerDesignName>
<engineerTo>
<item key="6D398BFB-6C36-1521-5DB5-8689CAE45AB2" value="true"/>
</engineerTo>
<useDomainConstraints>false</useDomainConstraints>
<use>1</use>
<logicalDatatype>LOGDT047</logicalDatatype>
<ownDataTypeParameters>,,</ownDataTypeParameters>
</Attribute>
<Attribute name="destination_name" id="3014DA32-98B0-A981-F088-A2B1C36DA587">
<createdBy>admin</createdBy>
<createdTime>2015-10-28 10:34:57 UTC</createdTime>
<ownerDesignName>bank_cards_1</ownerDesignName>
<engineerTo>
<item key="6D398BFB-6C36-1521-5DB5-8689CAE45AB2" value="true"/>
</engineerTo>
<nullsAllowed>true</nullsAllowed>
<useDomainConstraints>false</useDomainConstraints>
<use>1</use>
<logicalDatatype>LOGDT037</logicalDatatype>
<dataTypeSize>50</dataTypeSize>
<ownDataTypeParameters>50,,</ownDataTypeParameters>
</Attribute>
<Attribute name="destination_iban" id="9A8681F2-15F4-BC8A-11E8-1007A330D3FF">
<createdBy>admin</createdBy>
<createdTime>2015-10-28 10:35:18 UTC</createdTime>
<ownerDesignName>bank_cards_1</ownerDesignName>
<engineerTo>
<item key="6D398BFB-6C36-1521-5DB5-8689CAE45AB2" value="true"/>
</engineerTo>
<nullsAllowed>true</nullsAllowed>
<useDomainConstraints>false</useDomainConstraints>
<use>1</use>
<logicalDatatype>LOGDT024</logicalDatatype>
<dataTypeSize>20</dataTypeSize>
<ownDataTypeParameters>20,,</ownDataTypeParameters>
</Attribute>
<Attribute name="amount" id="89385A6E-E615-9989-EB8F-D39FC2BF4AE0">
<createdBy>admin</createdBy>
<createdTime>2015-10-28 10:35:34 UTC</createdTime>
<ownerDesignName>bank_cards_1</ownerDesignName>
<engineerTo>
<item key="6D398BFB-6C36-1521-5DB5-8689CAE45AB2" value="true"/>
</engineerTo>
<nullsAllowed>true</nullsAllowed>
<useDomainConstraints>false</useDomainConstraints>
<use>1</use>
<logicalDatatype>LOGDT019</logicalDatatype>
<dataTypePrecision>12</dataTypePrecision>
<dataTypeScale>2</dataTypeScale>
<ownDataTypeParameters>,12,2</ownDataTypeParameters>
</Attribute>
<Attribute name="account_id" id="82281ABA-7584-1856-98FF-A87D1DF969F2">
<createdBy>admin</createdBy>
<createdTime>2015-10-28 10:36:18 UTC</createdTime>
<generatorID>198B0F8A-2545-03A6-C8A5-3C0403B11BCA</generatorID>
<ownerDesignName>bank_cards_1</ownerDesignName>
<engineerTo>
<item key="6D398BFB-6C36-1521-5DB5-8689CAE45AB2" value="true"/>
</engineerTo>
<referedAttribute>2B23EDDD-38F9-6C8E-9719-96C7D5807F8B</referedAttribute>
<useDomainConstraints>false</useDomainConstraints>
<use>1</use>
<logicalDatatype>LOGDT011</logicalDatatype>
<ownDataTypeParameters>,,</ownDataTypeParameters>
</Attribute>
</attributes>
<identifiers itemClass="oracle.dbtools.crest.model.design.logical.CandidateKey">
<identifier id="BC6BDD3A-AABF-CD82-A84C-6757986032BD" name="payment PK">
<createdBy>admin</createdBy>
<createdTime>2015-10-28 10:34:43 UTC</createdTime>
<ownerDesignName>bank_cards_1</ownerDesignName>
<engineerTo>
<item key="6D398BFB-6C36-1521-5DB5-8689CAE45AB2" value="true"/>
</engineerTo>
<pk>true</pk>
<usedAttributes>
<attributeRef>16973240-E2E6-20E5-A478-E47A32987516</attributeRef>
</usedAttributes>
</identifier>
</identifiers>
</Entity>