<?xml version = '1.0' encoding = 'UTF-8'?>
<Entity class="oracle.dbtools.crest.model.design.logical.Entity" directorySegmentName="seg_0" id="C2C60A32-F9B2-4F22-75F4-03C24DD081C3" name="account">
<createdBy>admin</createdBy>
<createdTime>2015-10-28 10:22:40 UTC</createdTime>
<ownerDesignName>bank_cards_1</ownerDesignName>
<engineerTo>
<item key="6D398BFB-6C36-1521-5DB5-8689CAE45AB2" value="true"/>
</engineerTo>
<adequatelyNormalized>NO</adequatelyNormalized>
<expectedVolumes>0</expectedVolumes>
<fwdEngineeringStrategyName>Single Table</fwdEngineeringStrategyName>
<growthPercent>0</growthPercent>
<growthType>Year</growthType>
<maxVolumes>9999999</maxVolumes>
<minVolumes>0</minVolumes>
<normalForm>Third</normalForm>
<preferredAbbreviation>accounts</preferredAbbreviation>
<attributes itemClass="oracle.dbtools.crest.model.design.logical.Attribute">
<Attribute name="account_id" id="2B23EDDD-38F9-6C8E-9719-96C7D5807F8B">
<createdBy>admin</createdBy>
<createdTime>2015-10-28 10:22:56 UTC</createdTime>
<ownerDesignName>bank_cards_1</ownerDesignName>
<engineerTo>
<item key="6D398BFB-6C36-1521-5DB5-8689CAE45AB2" value="true"/>
</engineerTo>
<useDomainConstraints>false</useDomainConstraints>
<use>1</use>
<logicalDatatype>LOGDT011</logicalDatatype>
<ownDataTypeParameters>,,</ownDataTypeParameters>
</Attribute>
<Attribute name="IBAN" id="3753CCB6-0116-5182-6060-BD03A2039B2B">
<createdBy>admin</createdBy>
<createdTime>2015-10-28 10:23:06 UTC</createdTime>
<ownerDesignName>bank_cards_1</ownerDesignName>
<engineerTo>
<item key="6D398BFB-6C36-1521-5DB5-8689CAE45AB2" value="true"/>
</engineerTo>
<useDomainConstraints>false</useDomainConstraints>
<use>1</use>
<logicalDatatype>LOGDT024</logicalDatatype>
<dataTypeSize>25</dataTypeSize>
<ownDataTypeParameters>25,,</ownDataTypeParameters>
</Attribute>
<Attribute name="cust_id" id="90363247-A960-D497-C640-74D9C35AC807">
<createdBy>admin</createdBy>
<createdTime>2015-10-28 10:24:20 UTC</createdTime>
<generatorID>5F102A59-5413-3BFD-E396-50C34664DDBD</generatorID>
<ownerDesignName>bank_cards_1</ownerDesignName>
<engineerTo>
<item key="6D398BFB-6C36-1521-5DB5-8689CAE45AB2" value="true"/>
</engineerTo>
<referedAttribute>99E24EE9-3AD1-5DCF-E5B9-4C3A1C0D9912</referedAttribute>
<useDomainConstraints>false</useDomainConstraints>
<use>1</use>
<logicalDatatype>LOGDT011</logicalDatatype>
<ownDataTypeParameters>,,</ownDataTypeParameters>
</Attribute>
<Attribute name="opening_dt" id="109C74CC-73EC-6410-F499-948609BB610E">
<createdBy>admin</createdBy>
<createdTime>2015-10-28 10:30:40 UTC</createdTime>
<ownerDesignName>bank_cards_1</ownerDesignName>
<engineerTo>
<item key="6D398BFB-6C36-1521-5DB5-8689CAE45AB2" value="true"/>
</engineerTo>
<useDomainConstraints>false</useDomainConstraints>
<use>1</use>
<logicalDatatype>LOGDT047</logicalDatatype>
<ownDataTypeParameters>,,</ownDataTypeParameters>
</Attribute>
<Attribute name="opening_balance" id="F8DF83A6-8F1B-9B4C-E549-3E1C5104AEE6">
<createdBy>admin</createdBy>
<createdTime>2015-10-28 10:31:04 UTC</createdTime>
<ownerDesignName>bank_cards_1</ownerDesignName>
<engineerTo>
<item key="6D398BFB-6C36-1521-5DB5-8689CAE45AB2" value="true"/>
</engineerTo>
<useDomainConstraints>false</useDomainConstraints>
<use>1</use>
<logicalDatatype>LOGDT019</logicalDatatype>
<dataTypePrecision>12</dataTypePrecision>
<dataTypeScale>2</dataTypeScale>
<ownDataTypeParameters>,12,2</ownDataTypeParameters>
</Attribute>
<Attribute name="account_type" id="DD1ADA3A-1BC0-1572-834A-E4A308770469">
<createdBy>admin</createdBy>
<createdTime>2015-10-28 10:31:29 UTC</createdTime>
<ownerDesignName>bank_cards_1</ownerDesignName>
<engineerTo>
<item key="6D398BFB-6C36-1521-5DB5-8689CAE45AB2" value="true"/>
</engineerTo>
<useDomainConstraints>false</useDomainConstraints>
<use>1</use>
<logicalDatatype>LOGDT024</logicalDatatype>
<dataTypeSize>50</dataTypeSize>
<ownDataTypeParameters>50,,</ownDataTypeParameters>
</Attribute>
</attributes>
<identifiers itemClass="oracle.dbtools.crest.model.design.logical.CandidateKey">
<identifier id="20BCF68C-394B-67FC-74EA-81AF456640A8" name="accounts__pk">
<createdBy>admin</createdBy>
<createdTime>2015-10-28 10:23:04 UTC</createdTime>
<ownerDesignName>bank_cards_1</ownerDesignName>
<shouldEngineer>false</shouldEngineer>
<engineerTo>
<item key="6D398BFB-6C36-1521-5DB5-8689CAE45AB2" value="false"/>
</engineerTo>
<pk>true</pk>
<newElementsIDs>2B23EDDD-38F9-6C8E-9719-96C7D5807F8B</newElementsIDs>
<usedAttributes>
<attributeRef>2B23EDDD-38F9-6C8E-9719-96C7D5807F8B</attributeRef>
</usedAttributes>
</identifier>
</identifiers>
</Entity>