<?xml version = '1.0' encoding = 'UTF-8'?>
<Diagram class="oracle.dbtools.crest.swingui.relational.DPVRelational" name="Relational_1" id="6848B321-10D8-F119-8E20-62C139B387B5">
<createdBy>admin</createdBy>
<modifiedBy>admin</modifiedBy>
<createdTime>2015-11-10 15:52:34 UTC</createdTime>
<autoRoute>false</autoRoute>
<boxInbox>true</boxInbox>
<showLegend>false</showLegend>
<showLabels>false</showLabels>
<showRelAttributes>false</showRelAttributes>
<gridEnabled>false</gridEnabled>
<showGrid>false</showGrid>
<diagramColor>-1</diagramColor>
<display>false</display>
<notation>1</notation>
<objectViews>
<OView class="oracle.dbtools.crest.swingui.relational.TVTable" oid="37D48CD1-648F-F693-4433-E0B23CCD6EC3" otype="Table" vid="20909F90-CB0F-A91F-E0BC-82C4297684AF">
<hideElementsInCurrentOnly>false</hideElementsInCurrentOnly>
<bounds x="406" y="49" width="432" height="176"/>
</OView>
<OView class="oracle.dbtools.crest.swingui.relational.TVTable" oid="DB94F827-8877-C70A-2E0D-58193466AA90" otype="Table" vid="6FAB1F69-5FF2-FD2E-FFFE-AACC81588D2B">
<hideElementsInCurrentOnly>false</hideElementsInCurrentOnly>
<bounds x="59" y="47" width="207" height="150"/>
</OView>
</objectViews>
<connectors>
<Connector class="oracle.dbtools.crest.swingui.relational.TVFKRelation" oid="48E13B47-46E0-ACE1-E2E1-DA440E8A56A8" otype="FKIndexAssociation" vid_source="6FAB1F69-5FF2-FD2E-FFFE-AACC81588D2B" vid_target="20909F90-CB0F-A91F-E0BC-82C4297684AF">
<hideElementsInCurrentOnly>false</hideElementsInCurrentOnly>
<backgroundColor>-16777216</backgroundColor>
<lineWidth>1</lineWidth>
<points>
<point x="266" y="138"/>
<point x="406" y="138"/>
</points>
</Connector>
<Connector class="oracle.dbtools.crest.swingui.relational.TVFKRelation" oid="9B771541-D804-62F8-5787-1B084E10390E" otype="FKIndexAssociation" vid_source="6FAB1F69-5FF2-FD2E-FFFE-AACC81588D2B" vid_target="20909F90-CB0F-A91F-E0BC-82C4297684AF">
<hideElementsInCurrentOnly>false</hideElementsInCurrentOnly>
<backgroundColor>-16777216</backgroundColor>
<lineWidth>1</lineWidth>
<points>
<point x="266" y="123"/>
<point x="406" y="123"/>
</points>
</Connector>
</connectors>
</Diagram>