<?xml version = '1.0' encoding = 'UTF-8'?>
<Diagram class="oracle.dbtools.crest.swingui.logical.DPVLogical" name="Logical" id="82A44117-B356-5211-BAC0-8AD6A579F697">
<createdBy>Marin F</createdBy>
<modifiedBy>admin</modifiedBy>
<createdTime>2011-08-27 04:59:22 UTC</createdTime>
<autoRoute>false</autoRoute>
<boxInbox>true</boxInbox>
<showLegend>false</showLegend>
<showLabels>false</showLabels>
<showRelAttributes>false</showRelAttributes>
<gridEnabled>false</gridEnabled>
<showGrid>false</showGrid>
<diagramColor>-1</diagramColor>
<display>false</display>
<notation>1</notation>
<objectViews>
<OView class="oracle.dbtools.crest.swingui.logical.TVEntity" oid="234FF613-D601-FAA5-B64E-5E24E64C1929" otype="Entity" vid="468CF0B0-B3E3-1C55-CD4C-C87F613A87FE">
<hideElementsInCurrentOnly>false</hideElementsInCurrentOnly>
<bounds x="307" y="20" width="188" height="78"/>
</OView>
<OView class="oracle.dbtools.crest.swingui.logical.TVEntity" oid="267E94FD-45CC-EEEB-A1B8-02937C60A862" otype="Entity" vid="BB9E767D-389E-5660-A37D-1D008F8B2F54">
<hideElementsInCurrentOnly>false</hideElementsInCurrentOnly>
<bounds x="67" y="329" width="149" height="81"/>
</OView>
<OView class="oracle.dbtools.crest.swingui.logical.TVEntity" oid="764D6DE8-1636-75E3-88F7-03395AE41736" otype="Entity" vid="4B229FEA-F76F-0C4B-EC8C-048F1229F34B">
<hideElementsInCurrentOnly>false</hideElementsInCurrentOnly>
<bounds x="369" y="314" width="187" height="109"/>
</OView>
<OView class="oracle.dbtools.crest.swingui.logical.TVEntity" oid="A7393D13-AFD4-6C9E-10AA-E292027E4471" otype="Entity" vid="5120DDDE-2149-E6AC-F8BE-7BACD63C4B51">
<hideElementsInCurrentOnly>false</hideElementsInCurrentOnly>
<bounds x="269" y="166" width="105" height="93"/>
</OView>
<OView class="oracle.dbtools.crest.swingui.logical.TVEntity" oid="B4FF9F98-5257-9A42-80A2-A9B7166E7EA5" otype="Entity" vid="4E40EBF5-C498-14BE-B34B-360C805D9E4D">
<hideElementsInCurrentOnly>false</hideElementsInCurrentOnly>
<bounds x="59" y="28" width="142" height="235"/>
</OView>
<OView class="oracle.dbtools.crest.swingui.logical.TVEntity" oid="F928E65A-16C7-4142-BFBD-19F9FCE995B0" otype="Entity" vid="8DB98219-EEEA-CA78-A332-76BB118F4CB8">
<hideElementsInCurrentOnly>false</hideElementsInCurrentOnly>
<bounds x="428" y="146" width="122" height="124"/>
</OView>
</objectViews>
<connectors>
<Connector class="oracle.dbtools.crest.swingui.logical.TVRelation" oid="4C93214B-2E77-7FE1-A653-88EE0A12DD9F" otype="Relation" vid_source="4B229FEA-F76F-0C4B-EC8C-048F1229F34B" vid_target="8DB98219-EEEA-CA78-A332-76BB118F4CB8">
<hideElementsInCurrentOnly>false</hideElementsInCurrentOnly>
<lineWidth>1</lineWidth>
<points>
<point x="489" y="314"/>
<point x="489" y="270"/>
</points>
</Connector>
<Connector class="oracle.dbtools.crest.swingui.logical.TVRelation" oid="68EEADA6-8520-8FA8-C56F-8C6595E2B80A" otype="Relation" vid_source="4E40EBF5-C498-14BE-B34B-360C805D9E4D" vid_target="5120DDDE-2149-E6AC-F8BE-7BACD63C4B51">
<hideElementsInCurrentOnly>false</hideElementsInCurrentOnly>
<lineWidth>1</lineWidth>
<points>
<point x="201" y="212"/>
<point x="269" y="212"/>
</points>
</Connector>
<Connector class="oracle.dbtools.crest.swingui.logical.TVRelation" oid="C9D726A4-7792-4015-57F4-185A47FFC8F3" otype="Relation" vid_source="468CF0B0-B3E3-1C55-CD4C-C87F613A87FE" vid_target="5120DDDE-2149-E6AC-F8BE-7BACD63C4B51">
<hideElementsInCurrentOnly>false</hideElementsInCurrentOnly>
<lineWidth>1</lineWidth>
<points>
<point x="340" y="98"/>
<point x="340" y="166"/>
</points>
</Connector>
<Connector class="oracle.dbtools.crest.swingui.logical.TVRelation" oid="E8717697-8BF2-E190-8BC4-A364A5723280" otype="Relation" vid_source="BB9E767D-389E-5660-A37D-1D008F8B2F54" vid_target="4E40EBF5-C498-14BE-B34B-360C805D9E4D">
<hideElementsInCurrentOnly>false</hideElementsInCurrentOnly>
<lineWidth>1</lineWidth>
<points>
<point x="134" y="329"/>
<point x="134" y="263"/>
</points>
</Connector>
<Connector class="oracle.dbtools.crest.swingui.logical.TVRelation" oid="F085211A-745B-49E9-398F-CE32B8805C04" otype="Relation" vid_source="468CF0B0-B3E3-1C55-CD4C-C87F613A87FE" vid_target="8DB98219-EEEA-CA78-A332-76BB118F4CB8">
<hideElementsInCurrentOnly>false</hideElementsInCurrentOnly>
<lineWidth>1</lineWidth>
<points>
<point x="461" y="98"/>
<point x="461" y="146"/>
</points>
</Connector>
</connectors>
</Diagram>