<?xml version = '1.0' encoding = 'UTF-8'?>
<FKIndexAssociation class="oracle.dbtools.crest.model.design.relational.FKIndexAssociation" directorySegmentName="seg_0" id="31A743D7-030E-3BF5-F29D-DB8AFFEAB8DA" containerWithKeyObject="D9EDC454-9108-D980-040B-CA234D8EC5E9" localFKIndex="E8ECA167-67D5-F952-7C99-645D945FB327" name="ordered_items_orders_FK">
<createdBy>marinfotache</createdBy>
<createdTime>2018-10-26 04:17:00 UTC</createdTime>
<generatorID>2AFE7B4B-0337-CBB2-49DE-B73C185A50F3</generatorID>
<ownerDesignName>01a_heterogeneous_items_v1</ownerDesignName>
<referredTableLongName>orders</referredTableLongName>
<deleteRule>NO ACTION</deleteRule>
<referredTableID>9B8A724E-F398-D5A6-1756-519CCC00E011</referredTableID>
<keyObject>87AE5DF2-9723-C8CF-ED2D-F427975C8755</keyObject>
<referredKeyID>87AE5DF2-9723-C8CF-ED2D-F427975C8755</referredKeyID>
<mandatory>true</mandatory>
<refColNames>order_id</refColNames>
<transferable>true</transferable>
<rely>false</rely>
<columnDependencyConstraintGenerateInDDL>true</columnDependencyConstraintGenerateInDDL>
</FKIndexAssociation>