<?xml version = '1.0' encoding = 'UTF-8'?>
<FKIndexAssociation class="oracle.dbtools.crest.model.design.relational.FKIndexAssociation" directorySegmentName="seg_0" id="891796E0-6934-2208-F669-54CAF8F93614" containerWithKeyObject="8DE29A94-2DD6-4588-E84F-1869BD43FD0E" localFKIndex="D5F5F17C-120A-C030-3363-E471FB7F3AE9" name="serv_unique_price_services_FK">
<createdBy>marinfotache</createdBy>
<createdTime>2018-10-26 04:17:00 UTC</createdTime>
<generatorID>9BFF8122-CB69-FA40-B338-4F41DE6F89C0</generatorID>
<ownerDesignName>01a_heterogeneous_items_v1</ownerDesignName>
<referredTableLongName>services</referredTableLongName>
<arc>124912DF-E9A0-629E-394B-73E9228573A5</arc>
<deleteRule>RESTRICT</deleteRule>
<referredTableID>2C5DCEB9-3539-463D-35AB-1709B3B5ADAB</referredTableID>
<keyObject>2019BB9A-0BD9-1904-1EC2-4BE526B71A36</keyObject>
<referredKeyID>2019BB9A-0BD9-1904-1EC2-4BE526B71A36</referredKeyID>
<mandatory>true</mandatory>
<refColNames>item_code</refColNames>
<transferable>true</transferable>
<rely>false</rely>
<columnDependencyConstraintGenerateInDDL>true</columnDependencyConstraintGenerateInDDL>
</FKIndexAssociation>