<?xml version = '1.0' encoding = 'UTF-8'?>
<FKIndexAssociation class="oracle.dbtools.crest.model.design.relational.FKIndexAssociation" directorySegmentName="seg_0" id="A31426B4-CC64-0746-432D-DC887CB57D2E" containerWithKeyObject="F05BC969-483F-1390-4FE1-FCCB1302B69C" localFKIndex="096B6620-B209-ABA1-ED36-42B97D2F1A93" name="serv_var_price_services_FK">
<createdBy>marinfotache</createdBy>
<createdTime>2018-10-26 04:17:00 UTC</createdTime>
<generatorID>81C48145-1421-FB94-577D-742EE129B2B4</generatorID>
<ownerDesignName>01a_heterogeneous_items_v1</ownerDesignName>
<referredTableLongName>services</referredTableLongName>
<arc>124912DF-E9A0-629E-394B-73E9228573A5</arc>
<deleteRule>RESTRICT</deleteRule>
<referredTableID>2C5DCEB9-3539-463D-35AB-1709B3B5ADAB</referredTableID>
<keyObject>2019BB9A-0BD9-1904-1EC2-4BE526B71A36</keyObject>
<referredKeyID>2019BB9A-0BD9-1904-1EC2-4BE526B71A36</referredKeyID>
<mandatory>true</mandatory>
<refColNames>item_code</refColNames>
<transferable>true</transferable>
<rely>false</rely>
<columnDependencyConstraintGenerateInDDL>true</columnDependencyConstraintGenerateInDDL>
</FKIndexAssociation>