<?xml version = '1.0' encoding = 'UTF-8'?>
<FKIndexAssociation class="oracle.dbtools.crest.model.design.relational.FKIndexAssociation" directorySegmentName="seg_0" id="B334AA81-A95C-2D91-503D-C28E179E796C" containerWithKeyObject="B1830A1B-92A0-B7A8-2DA0-CDD5F561E03B" localFKIndex="04375F0A-B0BA-4951-7EB7-3A801CE8FC70" name="products_item_FK">
<createdBy>marinfotache</createdBy>
<createdTime>2018-10-26 04:17:00 UTC</createdTime>
<generatorID>9F7882A7-999D-0CC2-7820-A796FB9B3CCC</generatorID>
<ownerDesignName>01a_heterogeneous_items_v1</ownerDesignName>
<referredTableLongName>item</referredTableLongName>
<arc>672701FE-048C-44CF-C4DC-BB24F5858D1E</arc>
<deleteRule>RESTRICT</deleteRule>
<referredTableID>87243226-5AA0-1FA9-2444-AF90AD4F9278</referredTableID>
<keyObject>75EF92BC-A739-12F2-3B76-884A9202D383</keyObject>
<referredKeyID>75EF92BC-A739-12F2-3B76-884A9202D383</referredKeyID>
<mandatory>true</mandatory>
<refColNames>item_code</refColNames>
<transferable>true</transferable>
<rely>false</rely>
<columnDependencyConstraintGenerateInDDL>true</columnDependencyConstraintGenerateInDDL>
</FKIndexAssociation>