<?xml version = '1.0' encoding = 'UTF-8'?>
<FKIndexAssociation class="oracle.dbtools.crest.model.design.relational.FKIndexAssociation" directorySegmentName="seg_0" id="B94F49D0-BBBA-6ADD-2DC4-880B5A17B17E" containerWithKeyObject="87243226-5AA0-1FA9-2444-AF90AD4F9278" localFKIndex="77D36839-95A1-B4D8-7F2E-DA580E96BDC0" name="item_item_groups_FK">
<createdBy>marinfotache</createdBy>
<createdTime>2018-10-26 04:17:00 UTC</createdTime>
<generatorID>85F74E0B-BCDB-98C5-755E-D0BEFB91BF7F</generatorID>
<ownerDesignName>01a_heterogeneous_items_v1</ownerDesignName>
<referredTableLongName>item_groups</referredTableLongName>
<deleteRule>NO ACTION</deleteRule>
<referredTableID>C2C0CFD0-0E70-40E6-8265-F3FB8736C0C3</referredTableID>
<keyObject>9D7E90D6-C7B0-0FE6-A836-27259FAAAEF4</keyObject>
<referredKeyID>9D7E90D6-C7B0-0FE6-A836-27259FAAAEF4</referredKeyID>
<mandatory>true</mandatory>
<refColNames>group_name</refColNames>
<transferable>true</transferable>
<rely>false</rely>
<columnDependencyConstraintGenerateInDDL>true</columnDependencyConstraintGenerateInDDL>
</FKIndexAssociation>