<?xml version = '1.0' encoding = 'UTF-8'?>
<FKIndexAssociation class="oracle.dbtools.crest.model.design.relational.FKIndexAssociation" directorySegmentName="seg_0" id="EB2A3B33-4F0B-C44A-4E00-9AD5C6AD6F1C" containerWithKeyObject="2C5DCEB9-3539-463D-35AB-1709B3B5ADAB" localFKIndex="11788E81-58CF-8285-2CB6-B414936F39E8" name="services_item_FK">
<createdBy>marinfotache</createdBy>
<createdTime>2018-10-26 04:17:00 UTC</createdTime>
<generatorID>C63A5930-6A1E-CC6E-8847-09051FA52665</generatorID>
<ownerDesignName>01a_heterogeneous_items_v1</ownerDesignName>
<referredTableLongName>item</referredTableLongName>
<arc>672701FE-048C-44CF-C4DC-BB24F5858D1E</arc>
<deleteRule>RESTRICT</deleteRule>
<referredTableID>87243226-5AA0-1FA9-2444-AF90AD4F9278</referredTableID>
<keyObject>75EF92BC-A739-12F2-3B76-884A9202D383</keyObject>
<referredKeyID>75EF92BC-A739-12F2-3B76-884A9202D383</referredKeyID>
<mandatory>true</mandatory>
<refColNames>item_code</refColNames>
<transferable>true</transferable>
<rely>false</rely>
<columnDependencyConstraintGenerateInDDL>true</columnDependencyConstraintGenerateInDDL>
</FKIndexAssociation>