<?xml version = '1.0' encoding = 'UTF-8'?>
<FKIndexAssociation class="oracle.dbtools.crest.model.design.relational.FKIndexAssociation" directorySegmentName="seg_0" id="FE2AF263-10B5-F66D-BB73-F3CCEC7D9E9D" containerWithKeyObject="D9EDC454-9108-D980-040B-CA234D8EC5E9" localFKIndex="7DBF0DCE-ED8B-4F11-2CCE-1CDEDD03B510" name="ordered_items_item_FK">
<createdBy>marinfotache</createdBy>
<createdTime>2018-10-26 04:17:00 UTC</createdTime>
<generatorID>69FE3009-7F53-FC03-DF65-5913A34C5AD8</generatorID>
<ownerDesignName>01a_heterogeneous_items_v1</ownerDesignName>
<referredTableLongName>item</referredTableLongName>
<deleteRule>NO ACTION</deleteRule>
<referredTableID>87243226-5AA0-1FA9-2444-AF90AD4F9278</referredTableID>
<keyObject>75EF92BC-A739-12F2-3B76-884A9202D383</keyObject>
<referredKeyID>75EF92BC-A739-12F2-3B76-884A9202D383</referredKeyID>
<mandatory>true</mandatory>
<refColNames>item_code</refColNames>
<transferable>true</transferable>
<rely>false</rely>
<columnDependencyConstraintGenerateInDDL>true</columnDependencyConstraintGenerateInDDL>
</FKIndexAssociation>