<?xml version = '1.0' encoding = 'UTF-8'?>
<FKIndexAssociation class="oracle.dbtools.crest.model.design.relational.FKIndexAssociation" directorySegmentName="seg_0" id="0C776048-6D0D-E0BE-D8B3-0BECCEEAF630" containerWithKeyObject="33DC4878-E7AC-AEF1-3BA0-E30B1C7BC2BE" localFKIndex="561EA25B-5992-8061-7AD9-F4D65CD4DB7C" name="invoice_details_products_FK">
<createdBy>admin</createdBy>
<createdTime>2015-10-29 15:57:34 UTC</createdTime>
<generatorID>A29855C0-B8E0-9AB1-939F-006BD29DD707</generatorID>
<ownerDesignName>sales_3</ownerDesignName>
<deleteRule>NO ACTION</deleteRule>
<referredTableID>A824CC95-801A-9723-653E-E6978BE6DFA8</referredTableID>
<keyObject>0CC4A925-3B48-F97D-2BA0-497043B2C22E</keyObject>
<referredKeyID>0CC4A925-3B48-F97D-2BA0-497043B2C22E</referredKeyID>
<mandatory>true</mandatory>
<transferable>true</transferable>
<rely>false</rely>
<columnDependencyConstraintGenerateInDDL>true</columnDependencyConstraintGenerateInDDL>
</FKIndexAssociation>