<?xml version = '1.0' encoding = 'UTF-8'?>
<FKIndexAssociation class="oracle.dbtools.crest.model.design.relational.FKIndexAssociation" directorySegmentName="seg_0" id="101614D6-955E-0286-36ED-BD2221B68479" containerWithKeyObject="D703AED5-26CB-B53E-C2E0-8A0F489C6956" localFKIndex="5841243E-50A1-50E7-5084-B424817DBA83" name="current_contacts_people_FK">
<createdBy>admin</createdBy>
<createdTime>2015-10-29 15:57:34 UTC</createdTime>
<generatorID>6F42A286-0894-7836-2315-203EE65990C9</generatorID>
<ownerDesignName>sales_3</ownerDesignName>
<deleteRule>NO ACTION</deleteRule>
<referredTableID>7B39A249-41FA-50AE-EC3C-8FC2AFBC97D6</referredTableID>
<keyObject>307B4D1F-2340-E820-DDE7-3C3EBFAC04C7</keyObject>
<referredKeyID>307B4D1F-2340-E820-DDE7-3C3EBFAC04C7</referredKeyID>
<mandatory>true</mandatory>
<transferable>true</transferable>
<rely>false</rely>
<columnDependencyConstraintGenerateInDDL>true</columnDependencyConstraintGenerateInDDL>
</FKIndexAssociation>