<?xml version = '1.0' encoding = 'UTF-8'?>
<FKIndexAssociation class="oracle.dbtools.crest.model.design.relational.FKIndexAssociation" directorySegmentName="seg_0" id="33B0CAA9-20CD-7661-6A6C-7AA805C33FD6" containerWithKeyObject="33DC4878-E7AC-AEF1-3BA0-E30B1C7BC2BE" localFKIndex="C4AD15DA-DAFD-B7E5-8B7F-3287D3C73A08" name="invoice_details_invoices_FK">
<createdBy>admin</createdBy>
<createdTime>2015-10-29 15:57:34 UTC</createdTime>
<generatorID>FDA6341C-BE50-5CE3-3821-644B4FD1FDCC</generatorID>
<ownerDesignName>sales_3</ownerDesignName>
<deleteRule>NO ACTION</deleteRule>
<referredTableID>CDE4F164-E5CE-3B51-5A03-2E7E818A6690</referredTableID>
<keyObject>60523C9D-B579-2D55-23B9-971D386F2C92</keyObject>
<referredKeyID>60523C9D-B579-2D55-23B9-971D386F2C92</referredKeyID>
<mandatory>true</mandatory>
<transferable>true</transferable>
<rely>false</rely>
<columnDependencyConstraintGenerateInDDL>true</columnDependencyConstraintGenerateInDDL>
</FKIndexAssociation>