<?xml version = '1.0' encoding = 'UTF-8'?>
<FKIndexAssociation class="oracle.dbtools.crest.model.design.relational.FKIndexAssociation" directorySegmentName="seg_0" id="40AB5D19-8534-C58C-12DA-F8DB42425C79" containerWithKeyObject="CDE4F164-E5CE-3B51-5A03-2E7E818A6690" localFKIndex="B9158106-458C-06E3-6403-EBA34DC70674" name="invoices_customers_FK">
<createdBy>admin</createdBy>
<createdTime>2015-10-29 15:57:34 UTC</createdTime>
<generatorID>3887E4B0-99D7-4D22-8E5D-DB276E64F678</generatorID>
<ownerDesignName>sales_3</ownerDesignName>
<deleteRule>NO ACTION</deleteRule>
<referredTableID>A2C9F7A7-4C15-E6E4-EB3E-7F88FCC14A56</referredTableID>
<keyObject>E866ACE8-C4BC-6DA2-126B-76B509C7E0E4</keyObject>
<referredKeyID>E866ACE8-C4BC-6DA2-126B-76B509C7E0E4</referredKeyID>
<mandatory>true</mandatory>
<transferable>true</transferable>
<rely>false</rely>
<columnDependencyConstraintGenerateInDDL>true</columnDependencyConstraintGenerateInDDL>
</FKIndexAssociation>