<?xml version = '1.0' encoding = 'UTF-8'?>
<FKIndexAssociation class="oracle.dbtools.crest.model.design.relational.FKIndexAssociation" directorySegmentName="seg_0" id="4242FB72-CE75-06AB-E1AB-25032D4A3E26" containerWithKeyObject="C801DF27-C6DB-DF04-E38A-28B35B8F924F" localFKIndex="96CC5DA2-C0BF-D8D2-11B5-4AB6246D6AC2" name="former_contacts_people_FK">
<createdBy>admin</createdBy>
<createdTime>2015-10-29 15:57:34 UTC</createdTime>
<generatorID>B4FE6DAF-4B3F-DC93-501E-907D8D4A2E0D</generatorID>
<ownerDesignName>sales_3</ownerDesignName>
<deleteRule>NO ACTION</deleteRule>
<referredTableID>7B39A249-41FA-50AE-EC3C-8FC2AFBC97D6</referredTableID>
<keyObject>307B4D1F-2340-E820-DDE7-3C3EBFAC04C7</keyObject>
<referredKeyID>307B4D1F-2340-E820-DDE7-3C3EBFAC04C7</referredKeyID>
<mandatory>true</mandatory>
<transferable>true</transferable>
<rely>false</rely>
<columnDependencyConstraintGenerateInDDL>true</columnDependencyConstraintGenerateInDDL>
</FKIndexAssociation>