<?xml version = '1.0' encoding = 'UTF-8'?>
<FKIndexAssociation class="oracle.dbtools.crest.model.design.relational.FKIndexAssociation" directorySegmentName="seg_0" id="4DF7C88D-07E1-76E2-0B56-E9063CB4F811" containerWithKeyObject="7B39A249-41FA-50AE-EC3C-8FC2AFBC97D6" localFKIndex="E2FF73B8-E57A-44ED-887E-441A5D22F325" name="people_postal_codes_FK">
<createdBy>admin</createdBy>
<createdTime>2015-10-29 15:57:34 UTC</createdTime>
<generatorID>8C1FC7B8-6660-31CC-55EE-8BE19F7D8F4F</generatorID>
<ownerDesignName>sales_3</ownerDesignName>
<deleteRule>NO ACTION</deleteRule>
<referredTableID>31582476-03A2-F1A3-977D-65EBA45FE451</referredTableID>
<keyObject>E9334729-3037-3696-C93B-89B59C2BDB62</keyObject>
<referredKeyID>E9334729-3037-3696-C93B-89B59C2BDB62</referredKeyID>
<mandatory>false</mandatory>
<transferable>true</transferable>
<rely>false</rely>
<columnDependencyConstraintGenerateInDDL>true</columnDependencyConstraintGenerateInDDL>
</FKIndexAssociation>