<?xml version = '1.0' encoding = 'UTF-8'?>
<FKIndexAssociation class="oracle.dbtools.crest.model.design.relational.FKIndexAssociation" directorySegmentName="seg_0" id="549421BC-2274-E548-C95B-8003778453E6" containerWithKeyObject="85D18C63-E139-274C-6DEC-78E8CC74DE4A" localFKIndex="4DF2155A-1C9F-A82E-E5F0-85A9AB37508E" name="former_vat_percents_products_FK">
<createdBy>admin</createdBy>
<createdTime>2015-10-29 15:57:34 UTC</createdTime>
<generatorID>B20EC83E-C530-0234-2A11-A79159E7DE1C</generatorID>
<ownerDesignName>sales_3</ownerDesignName>
<deleteRule>NO ACTION</deleteRule>
<referredTableID>A824CC95-801A-9723-653E-E6978BE6DFA8</referredTableID>
<keyObject>0CC4A925-3B48-F97D-2BA0-497043B2C22E</keyObject>
<referredKeyID>0CC4A925-3B48-F97D-2BA0-497043B2C22E</referredKeyID>
<mandatory>true</mandatory>
<transferable>true</transferable>
<rely>false</rely>
<columnDependencyConstraintGenerateInDDL>true</columnDependencyConstraintGenerateInDDL>
</FKIndexAssociation>