<?xml version = '1.0' encoding = 'UTF-8'?>
<FKIndexAssociation class="oracle.dbtools.crest.model.design.relational.FKIndexAssociation" directorySegmentName="seg_0" id="7A256864-A167-633F-63D1-8EBD9DE110A7" containerWithKeyObject="C801DF27-C6DB-DF04-E38A-28B35B8F924F" localFKIndex="B649BCD4-56B0-9B6A-2E5A-2D2290DEAB26" name="former_contacts_customers_FK">
<createdBy>admin</createdBy>
<createdTime>2015-10-29 15:57:34 UTC</createdTime>
<generatorID>34A37B5B-544C-2D89-9AA4-162A2F3AA375</generatorID>
<ownerDesignName>sales_3</ownerDesignName>
<deleteRule>NO ACTION</deleteRule>
<referredTableID>A2C9F7A7-4C15-E6E4-EB3E-7F88FCC14A56</referredTableID>
<keyObject>E866ACE8-C4BC-6DA2-126B-76B509C7E0E4</keyObject>
<referredKeyID>E866ACE8-C4BC-6DA2-126B-76B509C7E0E4</referredKeyID>
<mandatory>true</mandatory>
<transferable>true</transferable>
<rely>false</rely>
<columnDependencyConstraintGenerateInDDL>true</columnDependencyConstraintGenerateInDDL>
</FKIndexAssociation>