<?xml version = '1.0' encoding = 'UTF-8'?>
<FKIndexAssociation class="oracle.dbtools.crest.model.design.relational.FKIndexAssociation" directorySegmentName="seg_0" id="828E27D1-BB4E-6A49-6667-D4C360F4F30A" containerWithKeyObject="D703AED5-26CB-B53E-C2E0-8A0F489C6956" localFKIndex="3C84CF41-761C-A343-DA7D-A2D0092AF5A1" name="current_contacts_customers_FK">
<createdBy>admin</createdBy>
<createdTime>2015-10-29 15:57:34 UTC</createdTime>
<generatorID>C8A70461-C856-4D8C-9F97-C9F252DDEE62</generatorID>
<ownerDesignName>sales_3</ownerDesignName>
<deleteRule>NO ACTION</deleteRule>
<referredTableID>A2C9F7A7-4C15-E6E4-EB3E-7F88FCC14A56</referredTableID>
<keyObject>E866ACE8-C4BC-6DA2-126B-76B509C7E0E4</keyObject>
<referredKeyID>E866ACE8-C4BC-6DA2-126B-76B509C7E0E4</referredKeyID>
<mandatory>true</mandatory>
<transferable>true</transferable>
<rely>false</rely>
<columnDependencyConstraintGenerateInDDL>true</columnDependencyConstraintGenerateInDDL>
</FKIndexAssociation>