<?xml version = '1.0' encoding = 'UTF-8'?>
<FKIndexAssociation class="oracle.dbtools.crest.model.design.relational.FKIndexAssociation" directorySegmentName="seg_0" id="9950D812-CD43-D4E2-AF92-B3AED14D02D6" containerWithKeyObject="A2C9F7A7-4C15-E6E4-EB3E-7F88FCC14A56" localFKIndex="BC5D0C98-55BE-3201-0661-F895A33890F6" name="customers_postal_codes_FK">
<createdBy>admin</createdBy>
<createdTime>2015-10-29 15:57:34 UTC</createdTime>
<generatorID>041CAC65-CEE4-CBF4-1D2E-12DF8E5B7D4E</generatorID>
<ownerDesignName>sales_3</ownerDesignName>
<deleteRule>NO ACTION</deleteRule>
<referredTableID>31582476-03A2-F1A3-977D-65EBA45FE451</referredTableID>
<keyObject>E9334729-3037-3696-C93B-89B59C2BDB62</keyObject>
<referredKeyID>E9334729-3037-3696-C93B-89B59C2BDB62</referredKeyID>
<mandatory>true</mandatory>
<transferable>true</transferable>
<rely>false</rely>
<columnDependencyConstraintGenerateInDDL>true</columnDependencyConstraintGenerateInDDL>
</FKIndexAssociation>