<?xml version = '1.0' encoding = 'UTF-8'?>
<FKIndexAssociation class="oracle.dbtools.crest.model.design.relational.FKIndexAssociation" directorySegmentName="seg_0" id="B076918B-4F00-9170-F2F6-E8E0F4FB16F7" containerWithKeyObject="9B7501A8-DC85-5741-18E9-D5F3BAD5787A" localFKIndex="8C353E8F-3F61-B7B6-5FB8-5037DBC4DE35" name="receipt_details_invoices_FK">
<createdBy>admin</createdBy>
<createdTime>2015-10-29 15:57:34 UTC</createdTime>
<generatorID>BFF71C8D-60AE-DDB3-E312-B35FE343EFE9</generatorID>
<ownerDesignName>sales_3</ownerDesignName>
<deleteRule>NO ACTION</deleteRule>
<referredTableID>CDE4F164-E5CE-3B51-5A03-2E7E818A6690</referredTableID>
<keyObject>60523C9D-B579-2D55-23B9-971D386F2C92</keyObject>
<referredKeyID>60523C9D-B579-2D55-23B9-971D386F2C92</referredKeyID>
<mandatory>true</mandatory>
<transferable>true</transferable>
<rely>false</rely>
<columnDependencyConstraintGenerateInDDL>true</columnDependencyConstraintGenerateInDDL>
</FKIndexAssociation>