<?xml version = '1.0' encoding = 'UTF-8'?>
<FKIndexAssociation class="oracle.dbtools.crest.model.design.relational.FKIndexAssociation" directorySegmentName="seg_0" id="C52F330D-5A85-6925-FA4A-036CFF10F23E" containerWithKeyObject="31582476-03A2-F1A3-977D-65EBA45FE451" localFKIndex="68B52A10-6806-8E0E-1FB6-C43D0546CCCD" name="postal_codes_counties_FK">
<createdBy>admin</createdBy>
<createdTime>2015-10-29 15:57:34 UTC</createdTime>
<generatorID>D42DE3C4-CE63-CA76-6A11-59ADAADC375E</generatorID>
<ownerDesignName>sales_3</ownerDesignName>
<deleteRule>NO ACTION</deleteRule>
<referredTableID>D3EF2C86-D244-44D9-71A2-4DB55086350C</referredTableID>
<keyObject>13D22E46-0120-F69D-77CF-3DB4B9144FA4</keyObject>
<referredKeyID>13D22E46-0120-F69D-77CF-3DB4B9144FA4</referredKeyID>
<mandatory>true</mandatory>
<transferable>true</transferable>
<rely>false</rely>
<columnDependencyConstraintGenerateInDDL>true</columnDependencyConstraintGenerateInDDL>
</FKIndexAssociation>