<?xml version = '1.0' encoding = 'UTF-8'?>
<FKIndexAssociation class="oracle.dbtools.crest.model.design.relational.FKIndexAssociation" directorySegmentName="seg_0" id="EFF7FA2B-CEE9-8B0B-C28F-4566C12D7FD5" containerWithKeyObject="9B7501A8-DC85-5741-18E9-D5F3BAD5787A" localFKIndex="5E966908-06C5-FA0D-FD5E-E5608DE14558" name="receipt_details_receipts_FK">
<createdBy>admin</createdBy>
<createdTime>2015-10-29 15:57:34 UTC</createdTime>
<generatorID>3DC8AEB8-57D3-AFB7-FCE8-7F08DCC93164</generatorID>
<ownerDesignName>sales_3</ownerDesignName>
<deleteRule>NO ACTION</deleteRule>
<referredTableID>BD45D71F-F2E6-F75B-4DC6-E780AD505571</referredTableID>
<keyObject>A0E5610A-4876-EB59-0684-ACB60984E27B</keyObject>
<referredKeyID>A0E5610A-4876-EB59-0684-ACB60984E27B</referredKeyID>
<mandatory>true</mandatory>
<transferable>true</transferable>
<rely>false</rely>
<columnDependencyConstraintGenerateInDDL>true</columnDependencyConstraintGenerateInDDL>
</FKIndexAssociation>