<?xml version = '1.0' encoding = 'UTF-8'?>
<Relation class="oracle.dbtools.crest.model.design.logical.Relation" name="is_composed_of_" directorySegmentName="seg_0" id="3DC8AEB8-57D3-AFB7-FCE8-7F08DCC93164">
<createdBy>Marin F</createdBy>
<createdTime>2011-07-11 06:51:52 UTC</createdTime>
<generatorID>5A903A23-97A3-0403-C503-D62E1EC705B2</generatorID>
<ownerDesignName>sales_5</ownerDesignName>
<engineerTo>
<item key="816A3C02-44CE-7149-F477-48F12E03391A" value="true"/>
</engineerTo>
<sourcePk>8049D72A-E5F6-4D45-EA0D-24DF018B1BAB</sourcePk>
<identifying>true</identifying>
<optionalSource>true</optionalSource>
<optionalTarget>false</optionalTarget>
<sourceCardinality>1</sourceCardinality>
<sourceEntity>31CB7F12-471A-FF0E-39DA-B6D0798F14D5</sourceEntity>
<targetCardinalityString>*</targetCardinalityString>
<targetEntity>B70CD4E1-34A8-9F6C-A3CF-403C1A0B635E</targetEntity>
<transferable>true</transferable>
</Relation>