<?xml version = '1.0' encoding = 'UTF-8'?>
<Entity class="oracle.dbtools.crest.model.design.logical.Entity" directorySegmentName="seg_0" id="98D735D6-4742-C82D-7BFB-79BBDC624A7D" name="county">
<createdBy>Marin F</createdBy>
<createdTime>2011-07-11 06:51:52 UTC</createdTime>
<generatorID>B0501396-9D4E-6E9B-FFF8-09FBDEDAE855</generatorID>
<ownerDesignName>sales_1</ownerDesignName>
<engineerTo>
<item key="F7D7D517-DFEF-8F1D-B9CE-B73E302080E4" value="true"/>
</engineerTo>
<adequatelyNormalized>NO</adequatelyNormalized>
<expectedVolumes>0</expectedVolumes>
<fwdEngineeringStrategyName>Single Table</fwdEngineeringStrategyName>
<growthPercent>0</growthPercent>
<growthType>Year</growthType>
<maxVolumes>9999999</maxVolumes>
<minVolumes>0</minVolumes>
<normalForm>Third</normalForm>
<preferredAbbreviation>counties</preferredAbbreviation>
<attributes itemClass="oracle.dbtools.crest.model.design.logical.Attribute">
<Attribute name="county_code" id="0CB7057B-D3A1-DB4A-2F02-428FAAC82EA3">
<createdBy>Marin F</createdBy>
<createdTime>2011-07-11 06:51:52 UTC</createdTime>
<generatorID>C16CDC0E-5432-F728-1766-E77D6B42356D</generatorID>
<ownerDesignName>sales_1</ownerDesignName>
<engineerTo>
<item key="F7D7D517-DFEF-8F1D-B9CE-B73E302080E4" value="true"/>
</engineerTo>
<constraintName>ck_jud</constraintName>
<useDomainConstraints>false</useDomainConstraints>
<use>1</use>
<logicalDatatype>LOGDT025</logicalDatatype>
<dataTypeSize>2</dataTypeSize>
<checkConstraint>
<implementationDef dbType="Oracle Database 10g" definition="jud=LTRIM(UPPER(jud))"/>
</checkConstraint>
<ownDataTypeParameters>2,,</ownDataTypeParameters>
</Attribute>
<Attribute name="county_name" id="F1CE3CE1-6676-66CE-DBCC-2513A9A4EAED">
<createdBy>Marin F</createdBy>
<createdTime>2011-07-11 06:51:52 UTC</createdTime>
<generatorID>4FD25953-6A61-B7AE-B35A-90A7517D83B6</generatorID>
<ownerDesignName>sales_1</ownerDesignName>
<engineerTo>
<item key="F7D7D517-DFEF-8F1D-B9CE-B73E302080E4" value="true"/>
</engineerTo>
<constraintName>un_judet</constraintName>
<useDomainConstraints>false</useDomainConstraints>
<use>1</use>
<logicalDatatype>LOGDT037</logicalDatatype>
<dataTypeSize>50 CHAR</dataTypeSize>
<checkConstraint>
<implementationDef dbType="Oracle Database 10g" definition="judet=LTRIM(INITCAP(judet))"/>
</checkConstraint>
<ownDataTypeParameters>50 CHAR,,</ownDataTypeParameters>
</Attribute>
<Attribute name="county_region" id="2D63572C-2ABB-5CD6-CAA5-FAAB18EAE7C0">
<createdBy>Marin F</createdBy>
<createdTime>2011-07-11 06:51:52 UTC</createdTime>
<generatorID>290F75D7-5BE0-37A7-5B4B-8236A266CA25</generatorID>
<ownerDesignName>sales_1</ownerDesignName>
<engineerTo>
<item key="F7D7D517-DFEF-8F1D-B9CE-B73E302080E4" value="true"/>
</engineerTo>
<constraintName>CK_REGIUNE</constraintName>
<useDomainConstraints>false</useDomainConstraints>
<use>1</use>
<logicalDatatype>LOGDT037</logicalDatatype>
<dataTypeSize>30 CHAR</dataTypeSize>
<checkConstraint>
<implementationDef dbType="Oracle Database 10g" definition="REGIUNE IN (&apos;BANAT&apos;, &apos;TRANSILVANIA&apos;, &apos;DOBROGEA&apos;,&apos;OLTENIA&apos;, &apos;MUNTENIA&apos;, &apos;MOLDOVA&apos;)"/>
</checkConstraint>
<defaultValue>&apos;Moldova&apos;</defaultValue>
<ownDataTypeParameters>30 CHAR,,</ownDataTypeParameters>
</Attribute>
</attributes>
<identifiers itemClass="oracle.dbtools.crest.model.design.logical.CandidateKey">
<identifier id="CE9F75A4-299F-E491-BB16-E1865BBBC7B9" name="counties__pk">
<createdBy>Marin F</createdBy>
<createdTime>2011-07-11 06:51:52 UTC</createdTime>
<generatorID>927204CE-1E9A-E596-6AEC-25C4831048FE</generatorID>
<ownerDesignName>sales_1</ownerDesignName>
<shouldEngineer>false</shouldEngineer>
<engineerTo>
<item key="F7D7D517-DFEF-8F1D-B9CE-B73E302080E4" value="false"/>
</engineerTo>
<pk>true</pk>
<newElementsIDs>0CB7057B-D3A1-DB4A-2F02-428FAAC82EA3</newElementsIDs>
<usedAttributes>
<attributeRef>0CB7057B-D3A1-DB4A-2F02-428FAAC82EA3</attributeRef>
</usedAttributes>
</identifier>
<identifier id="E76E6EE9-EDB8-2AB8-45D9-6E65FAFEA116" name="un_county_name">
<createdBy>admin</createdBy>
<createdTime>2015-10-22 05:37:42 UTC</createdTime>
<ownerDesignName>sales_1</ownerDesignName>
<shouldEngineer>false</shouldEngineer>
<engineerTo>
<item key="F7D7D517-DFEF-8F1D-B9CE-B73E302080E4" value="false"/>
</engineerTo>
<newElementsIDs>F1CE3CE1-6676-66CE-DBCC-2513A9A4EAED</newElementsIDs>
<usedAttributes>
<attributeRef>F1CE3CE1-6676-66CE-DBCC-2513A9A4EAED</attributeRef>
</usedAttributes>
</identifier>
</identifiers>
</Entity>