<?xml version = '1.0' encoding = 'UTF-8'?>
<Entity class="oracle.dbtools.crest.model.design.logical.Entity" directorySegmentName="seg_0" id="9B6DCC06-4F09-1244-27C0-C0BE0CEF865A" name="invoice">
<createdBy>Marin F</createdBy>
<createdTime>2011-07-11 06:51:52 UTC</createdTime>
<generatorID>14C17B1F-E2E8-658D-2064-A5D1FC2AFEC8</generatorID>
<ownerDesignName>sales_1</ownerDesignName>
<engineerTo>
<item key="F7D7D517-DFEF-8F1D-B9CE-B73E302080E4" value="true"/>
</engineerTo>
<adequatelyNormalized>NO</adequatelyNormalized>
<expectedVolumes>0</expectedVolumes>
<fwdEngineeringStrategyName>Single Table</fwdEngineeringStrategyName>
<growthPercent>0</growthPercent>
<growthType>Year</growthType>
<maxVolumes>9999999</maxVolumes>
<minVolumes>0</minVolumes>
<normalForm>Third</normalForm>
<preferredAbbreviation>invoices</preferredAbbreviation>
<attributes itemClass="oracle.dbtools.crest.model.design.logical.Attribute">
<Attribute name="invoice_id" id="C90220F5-6B91-8896-D28C-2F28CE7009D2">
<createdBy>Marin F</createdBy>
<createdTime>2011-07-11 06:51:52 UTC</createdTime>
<generatorID>8EE6EBAE-A25A-5D3C-C3F6-1AAC258719B6</generatorID>
<ownerDesignName>sales_1</ownerDesignName>
<engineerTo>
<item key="F7D7D517-DFEF-8F1D-B9CE-B73E302080E4" value="true"/>
</engineerTo>
<useDomainConstraints>false</useDomainConstraints>
<use>1</use>
<logicalDatatype>LOGDT011</logicalDatatype>
<ownDataTypeParameters>,,</ownDataTypeParameters>
</Attribute>
<Attribute name="invoice_date" id="F53E5B56-08E6-AF80-C44E-79CBD3DB33D1">
<createdBy>Marin F</createdBy>
<createdTime>2011-07-11 06:51:52 UTC</createdTime>
<generatorID>836C9DB1-C19D-FE59-8933-5F3C6E8000C6</generatorID>
<ownerDesignName>sales_1</ownerDesignName>
<engineerTo>
<item key="F7D7D517-DFEF-8F1D-B9CE-B73E302080E4" value="true"/>
</engineerTo>
<useDomainConstraints>false</useDomainConstraints>
<use>1</use>
<logicalDatatype>LOGDT007</logicalDatatype>
<ownDataTypeParameters>,,</ownDataTypeParameters>
</Attribute>
<Attribute name="cust_id" id="F41CCC80-5626-3100-D6D2-D7830E59077A">
<createdBy>Marin F</createdBy>
<createdTime>2011-07-11 06:51:52 UTC</createdTime>
<generatorID>3887E4B0-99D7-4D22-8E5D-DB276E64F678</generatorID>
<ownerDesignName>sales_1</ownerDesignName>
<engineerTo>
<item key="F7D7D517-DFEF-8F1D-B9CE-B73E302080E4" value="true"/>
</engineerTo>
<referedAttribute>2AFA42D8-7657-95E2-24C9-EAD0A6A58C85</referedAttribute>
<useDomainConstraints>false</useDomainConstraints>
<use>1</use>
<logicalDatatype>LOGDT011</logicalDatatype>
<ownDataTypeParameters>,,</ownDataTypeParameters>
<propertyMap>
<property name="refers.attribute" value="2AFA42D8-7657-95E2-24C9-EAD0A6A58C85"/>
</propertyMap>
</Attribute>
<Attribute name="comments" id="57B3A592-EB2C-A732-C0CD-6462234C160D">
<createdBy>Marin F</createdBy>
<createdTime>2011-07-11 06:51:52 UTC</createdTime>
<generatorID>B88B5A34-9B19-6EDB-DA68-DAF1309DB933</generatorID>
<ownerDesignName>sales_1</ownerDesignName>
<engineerTo>
<item key="F7D7D517-DFEF-8F1D-B9CE-B73E302080E4" value="true"/>
</engineerTo>
<nullsAllowed>true</nullsAllowed>
<useDomainConstraints>false</useDomainConstraints>
<use>1</use>
<logicalDatatype>LOGDT037</logicalDatatype>
<dataTypeSize>300 CHAR</dataTypeSize>
<ownDataTypeParameters>300 CHAR,,</ownDataTypeParameters>
</Attribute>
<Attribute name="invoice_number" id="7F0AE5DB-EB56-2E35-7AAF-501C6F1DA2DD">
<createdBy>admin</createdBy>
<createdTime>2015-10-22 05:43:39 UTC</createdTime>
<ownerDesignName>sales_1</ownerDesignName>
<engineerTo>
<item key="F7D7D517-DFEF-8F1D-B9CE-B73E302080E4" value="true"/>
</engineerTo>
<useDomainConstraints>false</useDomainConstraints>
<use>1</use>
<logicalDatatype>LOGDT011</logicalDatatype>
<ownDataTypeParameters>,,</ownDataTypeParameters>
</Attribute>
</attributes>
<identifiers itemClass="oracle.dbtools.crest.model.design.logical.CandidateKey">
<identifier id="D0B2DB68-6D9E-659C-A596-16AA379526BF" name="invoices__pk">
<createdBy>Marin F</createdBy>
<createdTime>2011-07-11 06:51:52 UTC</createdTime>
<generatorID>F051ED3F-4FFE-7308-142C-141EFD1FC6F3</generatorID>
<ownerDesignName>sales_1</ownerDesignName>
<engineerTo>
<item key="F7D7D517-DFEF-8F1D-B9CE-B73E302080E4" value="true"/>
</engineerTo>
<pk>true</pk>
<newElementsIDs>C90220F5-6B91-8896-D28C-2F28CE7009D2</newElementsIDs>
<usedAttributes>
<attributeRef>C90220F5-6B91-8896-D28C-2F28CE7009D2</attributeRef>
</usedAttributes>
</identifier>
</identifiers>
</Entity>