<?xml version = '1.0' encoding = 'UTF-8'?>
<Diagram class="oracle.dbtools.crest.swingui.relational.DPVRelational" name="Relational_1" id="689688D6-1DC2-1A78-F088-87707CE88F03">
<createdBy>marinfotache</createdBy>
<modifiedBy>marinfotache</modifiedBy>
<createdTime>2016-11-07 08:46:36 UTC</createdTime>
<autoRoute>false</autoRoute>
<boxInbox>true</boxInbox>
<showLegend>false</showLegend>
<showLabels>false</showLabels>
<showRelAttributes>false</showRelAttributes>
<gridEnabled>false</gridEnabled>
<showGrid>false</showGrid>
<diagramColor>-1</diagramColor>
<display>false</display>
<notation>1</notation>
<objectViews>
<OView class="oracle.dbtools.crest.swingui.relational.TVTable" oid="02D66828-A718-D228-190C-53AF8676443F" otype="Table" vid="4B9B5377-711D-710C-AD57-0165B1DC0F54">
<hideElementsInCurrentOnly>false</hideElementsInCurrentOnly>
<bounds x="414" y="10" width="293" height="159"/>
</OView>
<OView class="oracle.dbtools.crest.swingui.relational.TVTable" oid="3AD2449F-EE4A-1B9C-DDF4-5B7600DCAD53" otype="Table" vid="8488600F-9226-C974-4E8A-0DB9F688CECB">
<hideElementsInCurrentOnly>false</hideElementsInCurrentOnly>
<bounds x="533" y="442" width="233" height="129"/>
</OView>
<OView class="oracle.dbtools.crest.swingui.relational.TVTable" oid="52958DF2-8762-F6FD-1308-9D90FD6EDC82" otype="Table" vid="2C5F0F29-86A3-D886-93E1-5632A5D1A438">
<hideElementsInCurrentOnly>false</hideElementsInCurrentOnly>
<bounds x="45" y="242" width="306" height="134"/>
</OView>
<OView class="oracle.dbtools.crest.swingui.relational.TVTable" oid="85F2D08D-C3A6-E86E-D4E3-FDA30C8597F8" otype="Table" vid="BFE4DE2A-97D2-C9DA-2C61-31EFF7E58873">
<hideElementsInCurrentOnly>false</hideElementsInCurrentOnly>
<bounds x="273" y="453" width="223" height="101"/>
</OView>
<OView class="oracle.dbtools.crest.swingui.relational.TVTable" oid="88F06F4D-A4B6-0E77-5F20-B4D2ACAD6B39" otype="Table" vid="4C51847A-C3E3-D756-EDA1-C8C067EF6C08">
<hideElementsInCurrentOnly>false</hideElementsInCurrentOnly>
<bounds x="12" y="17" width="184" height="100"/>
</OView>
<OView class="oracle.dbtools.crest.swingui.relational.TVTable" oid="92396DAA-7AC7-A63B-A8B1-F46492680393" otype="Table" vid="9437ED5D-5063-92FD-2924-851B18B1A651">
<hideElementsInCurrentOnly>false</hideElementsInCurrentOnly>
<bounds x="395" y="209" width="374" height="148"/>
</OView>
<OView class="oracle.dbtools.crest.swingui.relational.TVTable" oid="A5C5D1E7-A096-ACB7-BE66-D4B4EB5C4225" otype="Table" vid="21CD01BF-32DB-D92F-5EC7-B1A6F78DF933">
<hideElementsInCurrentOnly>false</hideElementsInCurrentOnly>
<bounds x="28" y="452" width="227" height="109"/>
</OView>
</objectViews>
<connectors>
<Connector class="oracle.dbtools.crest.swingui.relational.TVFKRelation" oid="16EF75A8-57A2-BCFE-3ECE-D7C8C3B0EE73" otype="FKIndexAssociation" vid_source="8488600F-9226-C974-4E8A-0DB9F688CECB" vid_target="9437ED5D-5063-92FD-2924-851B18B1A651">
<hideElementsInCurrentOnly>false</hideElementsInCurrentOnly>
<backgroundColor>-16777216</backgroundColor>
<lineWidth>1</lineWidth>
<points>
<point x="649" y="442"/>
<point x="649" y="357"/>
</points>
</Connector>
<Connector class="oracle.dbtools.crest.swingui.relational.TVFKRelation" oid="91F3D099-E657-655D-40B4-16B11FD7C979" otype="FKIndexAssociation" vid_source="4C51847A-C3E3-D756-EDA1-C8C067EF6C08" vid_target="4B9B5377-711D-710C-AD57-0165B1DC0F54">
<hideElementsInCurrentOnly>false</hideElementsInCurrentOnly>
<backgroundColor>-16777216</backgroundColor>
<lineWidth>1</lineWidth>
<points>
<point x="196" y="67"/>
<point x="414" y="67"/>
</points>
</Connector>
<Connector class="oracle.dbtools.crest.swingui.relational.TVFKRelation" oid="95D23F88-E12C-9164-8755-270AB2C57136" otype="FKIndexAssociation" vid_source="4B9B5377-711D-710C-AD57-0165B1DC0F54" vid_target="9437ED5D-5063-92FD-2924-851B18B1A651">
<hideElementsInCurrentOnly>false</hideElementsInCurrentOnly>
<backgroundColor>-16777216</backgroundColor>
<lineWidth>1</lineWidth>
<points>
<point x="560" y="169"/>
<point x="560" y="209"/>
</points>
</Connector>
<Connector class="oracle.dbtools.crest.swingui.relational.TVFKRelation" oid="C772491C-DB53-C69B-16AD-88963D7BA3F6" otype="FKIndexAssociation" vid_source="2C5F0F29-86A3-D886-93E1-5632A5D1A438" vid_target="9437ED5D-5063-92FD-2924-851B18B1A651">
<hideElementsInCurrentOnly>false</hideElementsInCurrentOnly>
<backgroundColor>-16777216</backgroundColor>
<lineWidth>1</lineWidth>
<points>
<point x="351" y="299"/>
<point x="395" y="299"/>
</points>
</Connector>
<Connector class="oracle.dbtools.crest.swingui.relational.TVFKRelation" oid="C7E273D8-24A2-DB17-D5CB-0C5FBE6EB1FD" otype="FKIndexAssociation" vid_source="4C51847A-C3E3-D756-EDA1-C8C067EF6C08" vid_target="2C5F0F29-86A3-D886-93E1-5632A5D1A438">
<hideElementsInCurrentOnly>false</hideElementsInCurrentOnly>
<backgroundColor>-16777216</backgroundColor>
<lineWidth>1</lineWidth>
<points>
<point x="120" y="117"/>
<point x="120" y="242"/>
</points>
</Connector>
<Connector class="oracle.dbtools.crest.swingui.relational.TVFKRelation" oid="C7EFFC1C-3DB2-AFCE-6AC0-ACC53AA5D5C4" otype="FKIndexAssociation" vid_source="2C5F0F29-86A3-D886-93E1-5632A5D1A438" vid_target="BFE4DE2A-97D2-C9DA-2C61-31EFF7E58873">
<hideElementsInCurrentOnly>false</hideElementsInCurrentOnly>
<backgroundColor>-16777216</backgroundColor>
<lineWidth>1</lineWidth>
<points>
<point x="312" y="376"/>
<point x="312" y="453"/>
</points>
</Connector>
<Connector class="oracle.dbtools.crest.swingui.relational.TVFKRelation" oid="E86D4D23-0848-11E9-56EF-690C0E81594D" otype="FKIndexAssociation" vid_source="2C5F0F29-86A3-D886-93E1-5632A5D1A438" vid_target="21CD01BF-32DB-D92F-5EC7-B1A6F78DF933">
<hideElementsInCurrentOnly>false</hideElementsInCurrentOnly>
<backgroundColor>-16777216</backgroundColor>
<lineWidth>1</lineWidth>
<points>
<point x="150" y="376"/>
<point x="150" y="452"/>
</points>
</Connector>
</connectors>
<arcs>
<Arc class="oracle.dbtools.crest.swingui.relational.TVFKArc" oid="22A15980-7DE9-8ABA-620F-EA6F1F86132C" otype="FKArc" vid="34B3EDCA-71C9-7E2D-5883-007061EAD4D3">
<hideElementsInCurrentOnly>false</hideElementsInCurrentOnly>
<bounds x="25" y="222" width="346" height="174"/>
</Arc>
</arcs>
</Diagram>