<?xml version = '1.0' encoding = 'UTF-8'?>
<Entity class="oracle.dbtools.crest.model.design.logical.Entity" directorySegmentName="seg_0" id="20CB9368-1869-424E-6707-44C2DDF22127" name="default_feat">
<createdBy>Marin F</createdBy>
<createdTime>2011-12-12 08:53:15 UTC</createdTime>
<ownerDesignName>06_configurations</ownerDesignName>
<engineerTo>
<item key="64819460-E252-C554-8B39-DC204812603F" value="true"/>
</engineerTo>
<adequatelyNormalized>NO</adequatelyNormalized>
<expectedVolumes>0</expectedVolumes>
<fwdEngineeringStrategyName>Single Table</fwdEngineeringStrategyName>
<growthPercent>0</growthPercent>
<growthType>Year</growthType>
<maxVolumes>9999999</maxVolumes>
<minVolumes>0</minVolumes>
<normalForm>Third</normalForm>
<preferredAbbreviation>standard_feats</preferredAbbreviation>
<attributes itemClass="oracle.dbtools.crest.model.design.logical.Attribute">
<Attribute name="comments" id="D54B124B-DEF9-8E56-89EA-80A0096E158F">
<createdBy>Marin F</createdBy>
<createdTime>2011-12-12 09:08:29 UTC</createdTime>
<ownerDesignName>06_configurations</ownerDesignName>
<engineerTo>
<item key="64819460-E252-C554-8B39-DC204812603F" value="true"/>
</engineerTo>
<nullsAllowed>true</nullsAllowed>
<useDomainConstraints>false</useDomainConstraints>
<use>1</use>
<logicalDatatype>LOGDT037</logicalDatatype>
<dataTypeSize>100</dataTypeSize>
<ownDataTypeParameters>100,,</ownDataTypeParameters>
</Attribute>
<Attribute name="feat_id" id="EAEEEC43-8492-B000-9489-821744C3A9E1">
<createdBy>Marin F</createdBy>
<createdTime>2011-12-12 09:18:48 UTC</createdTime>
<generatorID>A2185B91-4186-16EB-E609-BCDD641CBFF0</generatorID>
<ownerDesignName>06_configurations</ownerDesignName>
<engineerTo>
<item key="64819460-E252-C554-8B39-DC204812603F" value="true"/>
</engineerTo>
<referedAttribute>18F2B7CE-D543-A984-5BAF-CDBAD0958417</referedAttribute>
<useDomainConstraints>false</useDomainConstraints>
<use>1</use>
<logicalDatatype>LOGDT011</logicalDatatype>
<ownDataTypeParameters>,,</ownDataTypeParameters>
</Attribute>
<Attribute name="equip_variant_id" id="E79FDB02-5A83-5604-CDFF-BAD8877C89F7">
<createdBy>Marin F</createdBy>
<createdTime>2011-12-12 09:19:09 UTC</createdTime>
<generatorID>C10B3CBE-F64E-1A63-BA1F-DBF35F311D51</generatorID>
<ownerDesignName>06_configurations</ownerDesignName>
<engineerTo>
<item key="64819460-E252-C554-8B39-DC204812603F" value="true"/>
</engineerTo>
<referedAttribute>C55BDB5F-B60F-60B7-625A-1010BEC7C5C7</referedAttribute>
<useDomainConstraints>false</useDomainConstraints>
<use>1</use>
<logicalDatatype>LOGDT011</logicalDatatype>
<ownDataTypeParameters>,,</ownDataTypeParameters>
</Attribute>
</attributes>
<identifiers itemClass="oracle.dbtools.crest.model.design.logical.CandidateKey">
<identifier id="F8D1207B-2EDA-6815-6B9E-064FA8B4FABC" name="PK_var_echip_dotare_baza">
<createdBy>Marin F</createdBy>
<createdTime>2011-12-12 09:19:00 UTC</createdTime>
<ownerDesignName>06_configurations</ownerDesignName>
<engineerTo>
<item key="64819460-E252-C554-8B39-DC204812603F" value="true"/>
</engineerTo>
<pk>true</pk>
<usedAttributes>
<attributeRef>EAEEEC43-8492-B000-9489-821744C3A9E1</attributeRef>
<attributeRef>E79FDB02-5A83-5604-CDFF-BAD8877C89F7</attributeRef>
</usedAttributes>
</identifier>
</identifiers>
</Entity>