<?xml version = '1.0' encoding = 'UTF-8'?>
<Entity class="oracle.dbtools.crest.model.design.logical.Entity" directorySegmentName="seg_0" id="321B65BE-B618-1D82-CD9A-7EDD095F3CE1" name="manufacturer">
<createdBy>Marin F</createdBy>
<createdTime>2011-12-12 06:50:12 UTC</createdTime>
<ownerDesignName>06_configurations</ownerDesignName>
<engineerTo>
<item key="64819460-E252-C554-8B39-DC204812603F" value="true"/>
</engineerTo>
<adequatelyNormalized>NO</adequatelyNormalized>
<expectedVolumes>0</expectedVolumes>
<fwdEngineeringStrategyName>Single Table</fwdEngineeringStrategyName>
<growthPercent>0</growthPercent>
<growthType>Year</growthType>
<maxVolumes>9999999</maxVolumes>
<minVolumes>0</minVolumes>
<normalForm>Third</normalForm>
<preferredAbbreviation>manufacturers</preferredAbbreviation>
<attributes itemClass="oracle.dbtools.crest.model.design.logical.Attribute">
<Attribute name="manuf_name" id="9C06DD4D-839D-8D9C-5FAD-3EF91A017F3B">
<createdBy>Marin F</createdBy>
<createdTime>2011-12-12 06:51:32 UTC</createdTime>
<ownerDesignName>06_configurations</ownerDesignName>
<engineerTo>
<item key="64819460-E252-C554-8B39-DC204812603F" value="true"/>
</engineerTo>
<useDomainConstraints>false</useDomainConstraints>
<use>1</use>
<logicalDatatype>LOGDT037</logicalDatatype>
<dataTypeSize>50</dataTypeSize>
<ownDataTypeParameters>50,,</ownDataTypeParameters>
</Attribute>
<Attribute name="establish_year" id="D6B2412D-F77B-1A29-C56B-CA9FF2AFA728">
<createdBy>Marin F</createdBy>
<createdTime>2011-12-12 06:52:01 UTC</createdTime>
<ownerDesignName>06_configurations</ownerDesignName>
<engineerTo>
<item key="64819460-E252-C554-8B39-DC204812603F" value="true"/>
</engineerTo>
<nullsAllowed>true</nullsAllowed>
<useDomainConstraints>false</useDomainConstraints>
<use>1</use>
<logicalDatatype>LOGDT019</logicalDatatype>
<dataTypePrecision>4</dataTypePrecision>
<ownDataTypeParameters>,4,</ownDataTypeParameters>
</Attribute>
<Attribute name="country" id="A787DDB7-6498-8726-3DBF-6170976795D6">
<createdBy>Marin F</createdBy>
<createdTime>2011-12-12 06:52:24 UTC</createdTime>
<ownerDesignName>06_configurations</ownerDesignName>
<engineerTo>
<item key="64819460-E252-C554-8B39-DC204812603F" value="true"/>
</engineerTo>
<useDomainConstraints>false</useDomainConstraints>
<use>1</use>
<logicalDatatype>LOGDT024</logicalDatatype>
<dataTypeSize>50</dataTypeSize>
<ownDataTypeParameters>50,,</ownDataTypeParameters>
</Attribute>
</attributes>
<identifiers itemClass="oracle.dbtools.crest.model.design.logical.CandidateKey">
<identifier id="2302FDC7-E5B8-493A-104C-8F45302D2240" name="producator PK">
<createdBy>Marin F</createdBy>
<createdTime>2011-12-12 06:51:57 UTC</createdTime>
<ownerDesignName>06_configurations</ownerDesignName>
<engineerTo>
<item key="64819460-E252-C554-8B39-DC204812603F" value="true"/>
</engineerTo>
<pk>true</pk>
<usedAttributes>
<attributeRef>9C06DD4D-839D-8D9C-5FAD-3EF91A017F3B</attributeRef>
</usedAttributes>
</identifier>
</identifiers>
</Entity>