<?xml version = '1.0' encoding = 'UTF-8'?>
<Entity class="oracle.dbtools.crest.model.design.logical.Entity" directorySegmentName="seg_0" id="3529D5FB-5517-4408-8955-13838594ABEF" name="customizable_feat">
<createdBy>Marin F</createdBy>
<createdTime>2011-12-12 08:53:37 UTC</createdTime>
<ownerDesignName>06_configurations</ownerDesignName>
<engineerTo>
<item key="64819460-E252-C554-8B39-DC204812603F" value="true"/>
</engineerTo>
<adequatelyNormalized>NO</adequatelyNormalized>
<expectedVolumes>0</expectedVolumes>
<fwdEngineeringStrategyName>Single Table</fwdEngineeringStrategyName>
<growthPercent>0</growthPercent>
<growthType>Year</growthType>
<maxVolumes>9999999</maxVolumes>
<minVolumes>0</minVolumes>
<normalForm>Third</normalForm>
<preferredAbbreviation>customizable_feats</preferredAbbreviation>
<attributes itemClass="oracle.dbtools.crest.model.design.logical.Attribute">
<Attribute name="feature_price" id="EE63A66A-08FD-E67D-F4DB-FF033D54D72D">
<createdBy>Marin F</createdBy>
<createdTime>2011-12-12 09:20:15 UTC</createdTime>
<ownerDesignName>06_configurations</ownerDesignName>
<engineerTo>
<item key="64819460-E252-C554-8B39-DC204812603F" value="true"/>
</engineerTo>
<useDomainConstraints>false</useDomainConstraints>
<use>1</use>
<logicalDatatype>LOGDT019</logicalDatatype>
<dataTypePrecision>7</dataTypePrecision>
<dataTypeScale>2</dataTypeScale>
<ownDataTypeParameters>,7,2</ownDataTypeParameters>
</Attribute>
<Attribute name="comments" id="3EE8FE5C-6D2E-AABE-DAD7-E1BAE838B97E">
<createdBy>Marin F</createdBy>
<createdTime>2011-12-12 09:21:35 UTC</createdTime>
<ownerDesignName>06_configurations</ownerDesignName>
<engineerTo>
<item key="64819460-E252-C554-8B39-DC204812603F" value="true"/>
</engineerTo>
<nullsAllowed>true</nullsAllowed>
<useDomainConstraints>false</useDomainConstraints>
<use>1</use>
<logicalDatatype>LOGDT024</logicalDatatype>
<dataTypeSize>100 CHAR</dataTypeSize>
<ownDataTypeParameters>100 CHAR,,</ownDataTypeParameters>
</Attribute>
<Attribute name="equip_variant_id" id="F28EB987-80EC-CA2C-BF11-D7AD6171378C">
<createdBy>Marin F</createdBy>
<createdTime>2011-12-12 09:22:26 UTC</createdTime>
<generatorID>2C4EB18E-28F2-7122-4211-2DFCBFFA49B4</generatorID>
<ownerDesignName>06_configurations</ownerDesignName>
<engineerTo>
<item key="64819460-E252-C554-8B39-DC204812603F" value="true"/>
</engineerTo>
<referedAttribute>C55BDB5F-B60F-60B7-625A-1010BEC7C5C7</referedAttribute>
<useDomainConstraints>false</useDomainConstraints>
<use>1</use>
<logicalDatatype>LOGDT011</logicalDatatype>
<ownDataTypeParameters>,,</ownDataTypeParameters>
</Attribute>
<Attribute name="feat_id" id="BCA3A658-5FA2-2AFD-C8FC-9EF64A577AB8">
<createdBy>Marin F</createdBy>
<createdTime>2011-12-12 09:22:46 UTC</createdTime>
<generatorID>03FFB63C-4982-A002-12D4-42A7E1BC9F2A</generatorID>
<ownerDesignName>06_configurations</ownerDesignName>
<engineerTo>
<item key="64819460-E252-C554-8B39-DC204812603F" value="true"/>
</engineerTo>
<referedAttribute>18F2B7CE-D543-A984-5BAF-CDBAD0958417</referedAttribute>
<useDomainConstraints>false</useDomainConstraints>
<use>1</use>
<logicalDatatype>LOGDT011</logicalDatatype>
<ownDataTypeParameters>,,</ownDataTypeParameters>
</Attribute>
</attributes>
<identifiers itemClass="oracle.dbtools.crest.model.design.logical.CandidateKey">
<identifier id="23BD8111-3D12-3E03-855E-FDAF7C5F21ED" name="PK_var_echip_dotare_optionala">
<createdBy>Marin F</createdBy>
<createdTime>2011-12-12 09:22:40 UTC</createdTime>
<ownerDesignName>06_configurations</ownerDesignName>
<engineerTo>
<item key="64819460-E252-C554-8B39-DC204812603F" value="true"/>
</engineerTo>
<pk>true</pk>
<usedAttributes>
<attributeRef>F28EB987-80EC-CA2C-BF11-D7AD6171378C</attributeRef>
<attributeRef>BCA3A658-5FA2-2AFD-C8FC-9EF64A577AB8</attributeRef>
</usedAttributes>
</identifier>
</identifiers>
</Entity>