<?xml version = '1.0' encoding = 'UTF-8'?>
<Entity class="oracle.dbtools.crest.model.design.logical.Entity" directorySegmentName="seg_0" id="962EC6FB-637A-060C-BEF0-7EBCFD3139F8" name="catalog">
<createdBy>Marin F</createdBy>
<createdTime>2011-12-12 10:04:07 UTC</createdTime>
<ownerDesignName>06_configurations</ownerDesignName>
<engineerTo>
<item key="64819460-E252-C554-8B39-DC204812603F" value="true"/>
</engineerTo>
<adequatelyNormalized>NO</adequatelyNormalized>
<expectedVolumes>0</expectedVolumes>
<fwdEngineeringStrategyName>Single Table</fwdEngineeringStrategyName>
<growthPercent>0</growthPercent>
<growthType>Year</growthType>
<maxVolumes>9999999</maxVolumes>
<minVolumes>0</minVolumes>
<normalForm>Third</normalForm>
<attributes itemClass="oracle.dbtools.crest.model.design.logical.Attribute">
<Attribute name="catalog_id" id="5AE8FA96-2B3B-BBDE-1311-2BE653F00DBD">
<createdBy>Marin F</createdBy>
<createdTime>2011-12-12 10:04:17 UTC</createdTime>
<ownerDesignName>06_configurations</ownerDesignName>
<engineerTo>
<item key="64819460-E252-C554-8B39-DC204812603F" value="true"/>
</engineerTo>
<useDomainConstraints>false</useDomainConstraints>
<use>1</use>
<logicalDatatype>LOGDT011</logicalDatatype>
<ownDataTypeParameters>,,</ownDataTypeParameters>
</Attribute>
<Attribute name="catalog_name" id="A329AD83-230A-DDCF-32E2-98A6EED69851">
<createdBy>Marin F</createdBy>
<createdTime>2011-12-12 10:04:28 UTC</createdTime>
<ownerDesignName>06_configurations</ownerDesignName>
<engineerTo>
<item key="64819460-E252-C554-8B39-DC204812603F" value="true"/>
</engineerTo>
<useDomainConstraints>false</useDomainConstraints>
<use>1</use>
<logicalDatatype>LOGDT024</logicalDatatype>
<dataTypeSize>100 CHAR</dataTypeSize>
<ownDataTypeParameters>100 CHAR,,</ownDataTypeParameters>
</Attribute>
<Attribute name="issue_date" id="284B290D-AA2F-8BF4-FFB0-C0E43C818FD4">
<createdBy>Marin F</createdBy>
<createdTime>2011-12-12 10:04:49 UTC</createdTime>
<ownerDesignName>06_configurations</ownerDesignName>
<engineerTo>
<item key="64819460-E252-C554-8B39-DC204812603F" value="true"/>
</engineerTo>
<useDomainConstraints>false</useDomainConstraints>
<use>1</use>
<logicalDatatype>LOGDT007</logicalDatatype>
<ownDataTypeParameters>,,</ownDataTypeParameters>
</Attribute>
<Attribute name="start_date" id="19459F36-C080-CF69-D674-E78459DF912D">
<createdBy>Marin F</createdBy>
<createdTime>2011-12-12 10:05:03 UTC</createdTime>
<ownerDesignName>06_configurations</ownerDesignName>
<engineerTo>
<item key="64819460-E252-C554-8B39-DC204812603F" value="true"/>
</engineerTo>
<useDomainConstraints>false</useDomainConstraints>
<use>1</use>
<logicalDatatype>LOGDT007</logicalDatatype>
<ownDataTypeParameters>,,</ownDataTypeParameters>
</Attribute>
<Attribute name="end_date" id="EB1EF04D-03C5-C09A-DEC0-F6A96422609D">
<createdBy>Marin F</createdBy>
<createdTime>2011-12-12 10:05:18 UTC</createdTime>
<ownerDesignName>06_configurations</ownerDesignName>
<engineerTo>
<item key="64819460-E252-C554-8B39-DC204812603F" value="true"/>
</engineerTo>
<nullsAllowed>true</nullsAllowed>
<useDomainConstraints>false</useDomainConstraints>
<use>1</use>
<logicalDatatype>LOGDT007</logicalDatatype>
<ownDataTypeParameters>,,</ownDataTypeParameters>
</Attribute>
</attributes>
<identifiers itemClass="oracle.dbtools.crest.model.design.logical.CandidateKey">
<identifier id="1EAD3BD7-CE41-399B-338E-256863617AEF" name="catalog PK">
<createdBy>Marin F</createdBy>
<createdTime>2011-12-12 10:04:27 UTC</createdTime>
<ownerDesignName>06_configurations</ownerDesignName>
<engineerTo>
<item key="64819460-E252-C554-8B39-DC204812603F" value="true"/>
</engineerTo>
<pk>true</pk>
<usedAttributes>
<attributeRef>5AE8FA96-2B3B-BBDE-1311-2BE653F00DBD</attributeRef>
</usedAttributes>
</identifier>
</identifiers>
</Entity>