<?xml version = '1.0' encoding = 'UTF-8'?>
<Entity class="oracle.dbtools.crest.model.design.logical.Entity" directorySegmentName="seg_0" id="980E38A0-57D0-E0BC-8636-8F53D83878F6" name="car_model_version">
<createdBy>Marin F</createdBy>
<createdTime>2011-12-12 06:59:41 UTC</createdTime>
<ownerDesignName>06_configurations</ownerDesignName>
<engineerTo>
<item key="64819460-E252-C554-8B39-DC204812603F" value="true"/>
</engineerTo>
<adequatelyNormalized>NO</adequatelyNormalized>
<expectedVolumes>0</expectedVolumes>
<fwdEngineeringStrategyName>Single Table</fwdEngineeringStrategyName>
<growthPercent>0</growthPercent>
<growthType>Year</growthType>
<maxVolumes>9999999</maxVolumes>
<minVolumes>0</minVolumes>
<normalForm>Third</normalForm>
<preferredAbbreviation>car_model_versions</preferredAbbreviation>
<attributes itemClass="oracle.dbtools.crest.model.design.logical.Attribute">
<Attribute name="version_id" id="8FFAA1D7-E9C8-492F-F80E-E3B68F5AB2EA">
<createdBy>Marin F</createdBy>
<createdTime>2011-12-12 07:02:58 UTC</createdTime>
<ownerDesignName>06_configurations</ownerDesignName>
<engineerTo>
<item key="64819460-E252-C554-8B39-DC204812603F" value="true"/>
</engineerTo>
<useDomainConstraints>false</useDomainConstraints>
<use>1</use>
<logicalDatatype>LOGDT011</logicalDatatype>
<ownDataTypeParameters>,,</ownDataTypeParameters>
</Attribute>
<Attribute name="version_name" id="8561C088-32E5-6BD9-6D73-48EABC38F67D">
<createdBy>Marin F</createdBy>
<createdTime>2011-12-12 07:03:21 UTC</createdTime>
<ownerDesignName>06_configurations</ownerDesignName>
<engineerTo>
<item key="64819460-E252-C554-8B39-DC204812603F" value="true"/>
</engineerTo>
<nullsAllowed>true</nullsAllowed>
<useDomainConstraints>false</useDomainConstraints>
<use>1</use>
<logicalDatatype>LOGDT024</logicalDatatype>
<dataTypeSize>50 CHAR</dataTypeSize>
<ownDataTypeParameters>50 CHAR,,</ownDataTypeParameters>
</Attribute>
<Attribute name="year_start" id="450E5C88-D91E-2EEF-EDCF-14EEC271FE2D">
<createdBy>Marin F</createdBy>
<createdTime>2011-12-12 07:03:43 UTC</createdTime>
<ownerDesignName>06_configurations</ownerDesignName>
<engineerTo>
<item key="64819460-E252-C554-8B39-DC204812603F" value="true"/>
</engineerTo>
<nullsAllowed>true</nullsAllowed>
<useDomainConstraints>false</useDomainConstraints>
<use>1</use>
<logicalDatatype>LOGDT019</logicalDatatype>
<dataTypePrecision>4</dataTypePrecision>
<ownDataTypeParameters>,4,</ownDataTypeParameters>
</Attribute>
<Attribute name="year_stop" id="87E6C897-FD0E-22D1-286D-3FE39C1153B2">
<createdBy>Marin F</createdBy>
<createdTime>2011-12-12 07:04:09 UTC</createdTime>
<ownerDesignName>06_configurations</ownerDesignName>
<engineerTo>
<item key="64819460-E252-C554-8B39-DC204812603F" value="true"/>
</engineerTo>
<nullsAllowed>true</nullsAllowed>
<useDomainConstraints>false</useDomainConstraints>
<use>1</use>
<logicalDatatype>LOGDT019</logicalDatatype>
<dataTypePrecision>4</dataTypePrecision>
<ownDataTypeParameters>,4,</ownDataTypeParameters>
</Attribute>
<Attribute name="comments" id="CD16A318-888E-EE2D-528E-E6B97CA6511A">
<createdBy>Marin F</createdBy>
<createdTime>2011-12-12 07:04:47 UTC</createdTime>
<ownerDesignName>06_configurations</ownerDesignName>
<engineerTo>
<item key="64819460-E252-C554-8B39-DC204812603F" value="true"/>
</engineerTo>
<nullsAllowed>true</nullsAllowed>
<useDomainConstraints>false</useDomainConstraints>
<use>1</use>
<logicalDatatype>LOGDT037</logicalDatatype>
<dataTypeSize>100</dataTypeSize>
<ownDataTypeParameters>100,,</ownDataTypeParameters>
</Attribute>
<Attribute name="model_name" id="4DE670FF-1182-92E2-EDFE-A5CC6852BE2A">
<createdBy>Marin F</createdBy>
<createdTime>2011-12-12 10:01:35 UTC</createdTime>
<generatorID>6E73AC46-94B4-7AF8-E73C-0AE75A460614</generatorID>
<ownerDesignName>06_configurations</ownerDesignName>
<engineerTo>
<item key="64819460-E252-C554-8B39-DC204812603F" value="true"/>
</engineerTo>
<referedAttribute>9F1693AA-4BB9-8CEF-DE18-2E0DF93F0B69</referedAttribute>
<useDomainConstraints>false</useDomainConstraints>
<use>1</use>
<logicalDatatype>LOGDT024</logicalDatatype>
<dataTypeSize>50</dataTypeSize>
<ownDataTypeParameters>50,,</ownDataTypeParameters>
</Attribute>
</attributes>
<identifiers itemClass="oracle.dbtools.crest.model.design.logical.CandidateKey">
<identifier id="1D3D793F-04EB-8F5C-591D-B838DF93DC88" name="Versiune_Model PK">
<createdBy>Marin F</createdBy>
<createdTime>2011-12-12 07:03:19 UTC</createdTime>
<ownerDesignName>06_configurations</ownerDesignName>
<engineerTo>
<item key="64819460-E252-C554-8B39-DC204812603F" value="true"/>
</engineerTo>
<pk>true</pk>
<usedAttributes>
<attributeRef>8FFAA1D7-E9C8-492F-F80E-E3B68F5AB2EA</attributeRef>
</usedAttributes>
</identifier>
</identifiers>
</Entity>