<?xml version = '1.0' encoding = 'UTF-8'?>
<Entity class="oracle.dbtools.crest.model.design.logical.Entity" directorySegmentName="seg_0" id="CF717E12-DFA5-6B5F-0B21-A3B7ECACFECB" name="equip_variant">
<createdBy>Marin F</createdBy>
<createdTime>2011-12-12 08:52:58 UTC</createdTime>
<ownerDesignName>06_configurations</ownerDesignName>
<engineerTo>
<item key="64819460-E252-C554-8B39-DC204812603F" value="true"/>
</engineerTo>
<adequatelyNormalized>NO</adequatelyNormalized>
<expectedVolumes>0</expectedVolumes>
<fwdEngineeringStrategyName>Single Table</fwdEngineeringStrategyName>
<growthPercent>0</growthPercent>
<growthType>Year</growthType>
<maxVolumes>9999999</maxVolumes>
<minVolumes>0</minVolumes>
<normalForm>Third</normalForm>
<preferredAbbreviation>equip_variants</preferredAbbreviation>
<attributes itemClass="oracle.dbtools.crest.model.design.logical.Attribute">
<Attribute name="equip_variant_id" id="C55BDB5F-B60F-60B7-625A-1010BEC7C5C7">
<createdBy>Marin F</createdBy>
<createdTime>2011-12-12 08:56:28 UTC</createdTime>
<ownerDesignName>06_configurations</ownerDesignName>
<engineerTo>
<item key="64819460-E252-C554-8B39-DC204812603F" value="true"/>
</engineerTo>
<useDomainConstraints>false</useDomainConstraints>
<use>1</use>
<logicalDatatype>LOGDT011</logicalDatatype>
<ownDataTypeParameters>,,</ownDataTypeParameters>
</Attribute>
<Attribute name="equip_variant_name" id="725020DA-90B8-FEE1-2385-EB682744D0D0">
<createdBy>Marin F</createdBy>
<createdTime>2011-12-12 08:58:36 UTC</createdTime>
<ownerDesignName>06_configurations</ownerDesignName>
<engineerTo>
<item key="64819460-E252-C554-8B39-DC204812603F" value="true"/>
</engineerTo>
<nullsAllowed>true</nullsAllowed>
<useDomainConstraints>false</useDomainConstraints>
<use>1</use>
<logicalDatatype>LOGDT024</logicalDatatype>
<dataTypeSize>100 CHAR</dataTypeSize>
<ownDataTypeParameters>100 CHAR,,</ownDataTypeParameters>
</Attribute>
<Attribute name="catalog_entry_date" id="6F8623D0-2AD1-3BFE-D605-DDF65A5B7022">
<createdBy>Marin F</createdBy>
<createdTime>2011-12-12 08:58:53 UTC</createdTime>
<ownerDesignName>06_configurations</ownerDesignName>
<engineerTo>
<item key="64819460-E252-C554-8B39-DC204812603F" value="true"/>
</engineerTo>
<useDomainConstraints>false</useDomainConstraints>
<use>1</use>
<logicalDatatype>LOGDT007</logicalDatatype>
<ownDataTypeParameters>,,</ownDataTypeParameters>
</Attribute>
<Attribute name="catalog_out_date" id="DADCBF0B-C5EB-D5F5-030F-14D892621CBE">
<createdBy>Marin F</createdBy>
<createdTime>2011-12-12 08:59:17 UTC</createdTime>
<ownerDesignName>06_configurations</ownerDesignName>
<engineerTo>
<item key="64819460-E252-C554-8B39-DC204812603F" value="true"/>
</engineerTo>
<nullsAllowed>true</nullsAllowed>
<useDomainConstraints>false</useDomainConstraints>
<use>1</use>
<logicalDatatype>LOGDT007</logicalDatatype>
<ownDataTypeParameters>,,</ownDataTypeParameters>
</Attribute>
<Attribute name="chassis_type_name" id="FBCF548C-5B1D-C465-B206-2EC0FF5A5002">
<createdBy>Marin F</createdBy>
<createdTime>2011-12-12 10:01:55 UTC</createdTime>
<generatorID>BBC5B76A-5F19-FD5D-5929-6DFC58859A88</generatorID>
<ownerDesignName>06_configurations</ownerDesignName>
<engineerTo>
<item key="64819460-E252-C554-8B39-DC204812603F" value="true"/>
</engineerTo>
<referedAttribute>A211E8FC-C452-FB28-61E4-9DC4C50CFC8F</referedAttribute>
<useDomainConstraints>false</useDomainConstraints>
<use>1</use>
<logicalDatatype>LOGDT024</logicalDatatype>
<dataTypeSize>100 CHAR</dataTypeSize>
<ownDataTypeParameters>100 CHAR,,</ownDataTypeParameters>
</Attribute>
<Attribute name="version_id" id="C6187B08-3BB6-F5E3-B8FF-B8B92D11F365">
<createdBy>Marin F</createdBy>
<createdTime>2011-12-12 10:02:10 UTC</createdTime>
<generatorID>3664F9BE-7040-D1C4-0209-BF326843D721</generatorID>
<ownerDesignName>06_configurations</ownerDesignName>
<engineerTo>
<item key="64819460-E252-C554-8B39-DC204812603F" value="true"/>
</engineerTo>
<referedAttribute>8FFAA1D7-E9C8-492F-F80E-E3B68F5AB2EA</referedAttribute>
<useDomainConstraints>false</useDomainConstraints>
<use>1</use>
<logicalDatatype>LOGDT011</logicalDatatype>
<ownDataTypeParameters>,,</ownDataTypeParameters>
</Attribute>
</attributes>
<identifiers itemClass="oracle.dbtools.crest.model.design.logical.CandidateKey">
<identifier id="0402FE11-0F29-046F-11CA-43EDACA724F6" name="varianta_echipare PK">
<createdBy>Marin F</createdBy>
<createdTime>2011-12-12 08:58:34 UTC</createdTime>
<ownerDesignName>06_configurations</ownerDesignName>
<engineerTo>
<item key="64819460-E252-C554-8B39-DC204812603F" value="true"/>
</engineerTo>
<pk>true</pk>
<usedAttributes>
<attributeRef>C55BDB5F-B60F-60B7-625A-1010BEC7C5C7</attributeRef>
</usedAttributes>
</identifier>
</identifiers>
</Entity>