<?xml version = '1.0' encoding = 'UTF-8'?>
<Entity class="oracle.dbtools.crest.model.design.logical.Entity" directorySegmentName="seg_0" id="D88C042B-7E62-0AFD-03DF-6FAC93A79F94" name="what_default_feat_is_replaced">
<createdBy>Marin F</createdBy>
<createdTime>2011-12-12 09:36:23 UTC</createdTime>
<ownerDesignName>06_configurations</ownerDesignName>
<engineerTo>
<item key="64819460-E252-C554-8B39-DC204812603F" value="true"/>
</engineerTo>
<adequatelyNormalized>NO</adequatelyNormalized>
<expectedVolumes>0</expectedVolumes>
<fwdEngineeringStrategyName>Single Table</fwdEngineeringStrategyName>
<growthPercent>0</growthPercent>
<growthType>Year</growthType>
<maxVolumes>9999999</maxVolumes>
<minVolumes>0</minVolumes>
<normalForm>Third</normalForm>
<preferredAbbreviation>what_default_feats_are_replaced</preferredAbbreviation>
<attributes itemClass="oracle.dbtools.crest.model.design.logical.Attribute">
<Attribute name="default_feat_number" id="8E4A3C11-ADCE-94C0-8EAF-6EA9045C30D2">
<createdBy>Marin F</createdBy>
<createdTime>2011-12-12 09:36:23 UTC</createdTime>
<ownerDesignName>06_configurations</ownerDesignName>
<engineerTo>
<item key="64819460-E252-C554-8B39-DC204812603F" value="true"/>
</engineerTo>
<useDomainConstraints>false</useDomainConstraints>
<use>1</use>
<logicalDatatype>LOGDT011</logicalDatatype>
<ownDataTypeParameters>,,</ownDataTypeParameters>
</Attribute>
<Attribute name="comments" id="261EE2D8-3476-55EB-B677-63F6D7C927FA">
<createdBy>Marin F</createdBy>
<createdTime>2011-12-12 09:36:23 UTC</createdTime>
<ownerDesignName>06_configurations</ownerDesignName>
<engineerTo>
<item key="64819460-E252-C554-8B39-DC204812603F" value="true"/>
</engineerTo>
<nullsAllowed>true</nullsAllowed>
<useDomainConstraints>false</useDomainConstraints>
<use>1</use>
<logicalDatatype>LOGDT037</logicalDatatype>
<dataTypeSize>100</dataTypeSize>
<ownDataTypeParameters>100,,</ownDataTypeParameters>
</Attribute>
<Attribute name="equip_variant_id" id="74AA3AB8-DD7C-B2AE-7297-4FDE9A00F987">
<createdBy>Marin F</createdBy>
<createdTime>2011-12-12 09:39:11 UTC</createdTime>
<generatorID>20C34848-C12F-E819-ADB9-CE7EA4D8F218</generatorID>
<ownerDesignName>06_configurations</ownerDesignName>
<engineerTo>
<item key="64819460-E252-C554-8B39-DC204812603F" value="true"/>
</engineerTo>
<referedAttribute>F28EB987-80EC-CA2C-BF11-D7AD6171378C</referedAttribute>
<useDomainConstraints>false</useDomainConstraints>
<use>1</use>
<logicalDatatype>LOGDT011</logicalDatatype>
<ownDataTypeParameters>,,</ownDataTypeParameters>
</Attribute>
<Attribute name="feat_id" id="9A5C826D-B476-0432-6528-1AB71F4E207A">
<createdBy>Marin F</createdBy>
<createdTime>2011-12-12 09:39:11 UTC</createdTime>
<generatorID>20C34848-C12F-E819-ADB9-CE7EA4D8F218</generatorID>
<ownerDesignName>06_configurations</ownerDesignName>
<engineerTo>
<item key="64819460-E252-C554-8B39-DC204812603F" value="true"/>
</engineerTo>
<referedAttribute>BCA3A658-5FA2-2AFD-C8FC-9EF64A577AB8</referedAttribute>
<useDomainConstraints>false</useDomainConstraints>
<use>1</use>
<logicalDatatype>LOGDT011</logicalDatatype>
<ownDataTypeParameters>,,</ownDataTypeParameters>
</Attribute>
<Attribute name="feat_id1" id="8DD49332-EB3C-7FF6-5461-D7A19B0420D7">
<createdBy>Marin F</createdBy>
<createdTime>2011-12-12 09:39:16 UTC</createdTime>
<generatorID>6DA641D2-C82F-AFCB-8A5F-1ED2626B3794</generatorID>
<ownerDesignName>06_configurations</ownerDesignName>
<engineerTo>
<item key="64819460-E252-C554-8B39-DC204812603F" value="true"/>
</engineerTo>
<referedAttribute>18F2B7CE-D543-A984-5BAF-CDBAD0958417</referedAttribute>
<useDomainConstraints>false</useDomainConstraints>
<use>1</use>
<logicalDatatype>LOGDT011</logicalDatatype>
<ownDataTypeParameters>,,</ownDataTypeParameters>
</Attribute>
</attributes>
<identifiers itemClass="oracle.dbtools.crest.model.design.logical.CandidateKey">
<identifier id="8B5A7DBD-BDCE-5F8B-C938-9F275969C970" name="PK_var_echip_dotare_optionala">
<createdBy>Marin F</createdBy>
<createdTime>2011-12-12 09:36:23 UTC</createdTime>
<ownerDesignName>06_configurations</ownerDesignName>
<engineerTo>
<item key="64819460-E252-C554-8B39-DC204812603F" value="true"/>
</engineerTo>
<pk>true</pk>
<usedAttributes>
<attributeRef>8E4A3C11-ADCE-94C0-8EAF-6EA9045C30D2</attributeRef>
<attributeRef>74AA3AB8-DD7C-B2AE-7297-4FDE9A00F987</attributeRef>
<attributeRef>9A5C826D-B476-0432-6528-1AB71F4E207A</attributeRef>
<attributeRef>8DD49332-EB3C-7FF6-5461-D7A19B0420D7</attributeRef>
</usedAttributes>
</identifier>
</identifiers>
</Entity>