<?xml version = '1.0' encoding = 'UTF-8'?>
<Entity class="oracle.dbtools.crest.model.design.logical.Entity" directorySegmentName="seg_0" id="E4EB14EB-89CB-3396-C963-02459BF8527C" name="car_to_be_sold">
<createdBy>Marin F</createdBy>
<createdTime>2011-12-12 08:54:04 UTC</createdTime>
<ownerDesignName>06_configurations</ownerDesignName>
<engineerTo>
<item key="64819460-E252-C554-8B39-DC204812603F" value="true"/>
</engineerTo>
<adequatelyNormalized>NO</adequatelyNormalized>
<expectedVolumes>0</expectedVolumes>
<fwdEngineeringStrategyName>Single Table</fwdEngineeringStrategyName>
<growthPercent>0</growthPercent>
<growthType>Year</growthType>
<maxVolumes>9999999</maxVolumes>
<minVolumes>0</minVolumes>
<normalForm>Third</normalForm>
<preferredAbbreviation>cars_to_be_sold</preferredAbbreviation>
<attributes itemClass="oracle.dbtools.crest.model.design.logical.Attribute">
<Attribute name="equip_variant_id" id="C6294D92-7518-37CB-A720-639C3B31F82E">
<createdBy>Marin F</createdBy>
<createdTime>2011-12-12 10:58:05 UTC</createdTime>
<generatorID>2C5BE544-5AA7-4E32-09D2-C1DFCC913E4B</generatorID>
<ownerDesignName>06_configurations</ownerDesignName>
<engineerTo>
<item key="64819460-E252-C554-8B39-DC204812603F" value="true"/>
</engineerTo>
<referedAttribute>C55BDB5F-B60F-60B7-625A-1010BEC7C5C7</referedAttribute>
<useDomainConstraints>false</useDomainConstraints>
<use>1</use>
<logicalDatatype>LOGDT011</logicalDatatype>
<ownDataTypeParameters>,,</ownDataTypeParameters>
</Attribute>
<Attribute name="catalog_id" id="4FB015E4-7A45-7C7A-F95A-C20124FB5CAE">
<createdBy>Marin F</createdBy>
<createdTime>2011-12-12 10:58:41 UTC</createdTime>
<generatorID>8D1F1B53-4095-D493-41E4-D3D75B860B60</generatorID>
<ownerDesignName>06_configurations</ownerDesignName>
<engineerTo>
<item key="64819460-E252-C554-8B39-DC204812603F" value="true"/>
</engineerTo>
<referedAttribute>5AE8FA96-2B3B-BBDE-1311-2BE653F00DBD</referedAttribute>
<useDomainConstraints>false</useDomainConstraints>
<use>1</use>
<logicalDatatype>LOGDT011</logicalDatatype>
<ownDataTypeParameters>,,</ownDataTypeParameters>
</Attribute>
<Attribute name="base_price" id="711C2672-5471-B1C9-2CAF-FE9FC4554362">
<createdBy>Marin F</createdBy>
<createdTime>2011-12-12 11:01:20 UTC</createdTime>
<ownerDesignName>06_configurations</ownerDesignName>
<engineerTo>
<item key="64819460-E252-C554-8B39-DC204812603F" value="true"/>
</engineerTo>
<useDomainConstraints>false</useDomainConstraints>
<use>1</use>
<logicalDatatype>LOGDT019</logicalDatatype>
<dataTypePrecision>10</dataTypePrecision>
<dataTypeScale>2</dataTypeScale>
<ownDataTypeParameters>,10,2</ownDataTypeParameters>
</Attribute>
<Attribute name="comments" id="EDB49B34-D85D-B825-209C-14F4039428A8">
<createdBy>Marin F</createdBy>
<createdTime>2011-12-12 11:01:56 UTC</createdTime>
<ownerDesignName>06_configurations</ownerDesignName>
<engineerTo>
<item key="64819460-E252-C554-8B39-DC204812603F" value="true"/>
</engineerTo>
<nullsAllowed>true</nullsAllowed>
<useDomainConstraints>false</useDomainConstraints>
<use>1</use>
<logicalDatatype>LOGDT037</logicalDatatype>
<dataTypeSize>100</dataTypeSize>
<ownDataTypeParameters>100,,</ownDataTypeParameters>
</Attribute>
<Attribute name="engine_id" id="DC86BF6D-28E0-54B2-3CCC-433D54089A6C">
<createdBy>Marin F</createdBy>
<createdTime>2011-12-13 06:52:46 UTC</createdTime>
<generatorID>E0C15EC1-2A02-99D1-9B1B-B77253AFDE61</generatorID>
<ownerDesignName>06_configurations</ownerDesignName>
<engineerTo>
<item key="64819460-E252-C554-8B39-DC204812603F" value="true"/>
</engineerTo>
<referedAttribute>5CF706D7-BDE0-FB3F-CEA4-840589DF601E</referedAttribute>
<useDomainConstraints>false</useDomainConstraints>
<use>1</use>
<logicalDatatype>LOGDT011</logicalDatatype>
<ownDataTypeParameters>,,</ownDataTypeParameters>
</Attribute>
</attributes>
<identifiers itemClass="oracle.dbtools.crest.model.design.logical.CandidateKey">
<identifier id="290B0AC4-6A86-330F-9BFF-441C4F3F4F8F" name="PK_model_catalog">
<createdBy>Marin F</createdBy>
<createdTime>2011-12-12 10:57:46 UTC</createdTime>
<ownerDesignName>06_configurations</ownerDesignName>
<engineerTo>
<item key="64819460-E252-C554-8B39-DC204812603F" value="true"/>
</engineerTo>
<pk>true</pk>
<usedAttributes>
<attributeRef>C6294D92-7518-37CB-A720-639C3B31F82E</attributeRef>
<attributeRef>4FB015E4-7A45-7C7A-F95A-C20124FB5CAE</attributeRef>
<attributeRef>DC86BF6D-28E0-54B2-3CCC-433D54089A6C</attributeRef>
</usedAttributes>
</identifier>
</identifiers>
</Entity>