<?xml version = '1.0' encoding = 'UTF-8'?>
<FKIndexAssociation class="oracle.dbtools.crest.model.design.relational.FKIndexAssociation" directorySegmentName="seg_0" id="2F444AF0-F3A2-3C27-67B9-0C18555C38B6" containerWithKeyObject="98581114-FC1C-2127-AF0E-7AF35434CD24" localFKIndex="20422D84-6E21-CD79-81B1-28825EED90B0" name="invoice_details_products_FK">
<createdBy>marinfotache</createdBy>
<createdTime>2018-10-25 19:20:04 UTC</createdTime>
<generatorID>A29855C0-B8E0-9AB1-939F-006BD29DD707</generatorID>
<ownerDesignName>sales_1_solution_2</ownerDesignName>
<referredTableLongName>products</referredTableLongName>
<deleteRule>NO ACTION</deleteRule>
<referredTableID>91ECDE9D-FB91-4D36-A2D7-77A512186D84</referredTableID>
<keyObject>27326A2B-045D-531E-DD36-33757080F26D</keyObject>
<referredKeyID>27326A2B-045D-531E-DD36-33757080F26D</referredKeyID>
<mandatory>true</mandatory>
<refColNames>product_id</refColNames>
<transferable>true</transferable>
<rely>false</rely>
<columnDependencyConstraintGenerateInDDL>true</columnDependencyConstraintGenerateInDDL>
</FKIndexAssociation>