<?xml version = '1.0' encoding = 'UTF-8'?>
<FKIndexAssociation class="oracle.dbtools.crest.model.design.relational.FKIndexAssociation" directorySegmentName="seg_0" id="39CDB0CA-6CBE-DB37-A1C5-7F9B3CF05365" containerWithKeyObject="98581114-FC1C-2127-AF0E-7AF35434CD24" localFKIndex="11E17E83-9EED-E20D-8129-B32B8E3551CB" name="invoice_details_invoices_FK">
<createdBy>marinfotache</createdBy>
<createdTime>2018-10-25 19:20:04 UTC</createdTime>
<generatorID>FDA6341C-BE50-5CE3-3821-644B4FD1FDCC</generatorID>
<ownerDesignName>sales_1_solution_2</ownerDesignName>
<referredTableLongName>invoices</referredTableLongName>
<deleteRule>NO ACTION</deleteRule>
<referredTableID>5C4EB995-F492-B31A-A9C0-657FEB6B0D87</referredTableID>
<keyObject>6BF4D605-D96A-A449-E6D0-783E9793A3AF</keyObject>
<referredKeyID>6BF4D605-D96A-A449-E6D0-783E9793A3AF</referredKeyID>
<mandatory>true</mandatory>
<refColNames>invoice_id</refColNames>
<transferable>true</transferable>
<rely>false</rely>
<columnDependencyConstraintGenerateInDDL>true</columnDependencyConstraintGenerateInDDL>
</FKIndexAssociation>