<?xml version = '1.0' encoding = 'UTF-8'?>
<FKIndexAssociation class="oracle.dbtools.crest.model.design.relational.FKIndexAssociation" directorySegmentName="seg_0" id="4D68F461-154B-0D3C-6FDD-0262C7A09BD3" containerWithKeyObject="633D39A4-0450-DDAC-4442-0D2409294331" localFKIndex="E778C6CE-5FAA-F00F-E63B-2B6B4886CC48" name="people_postal_codes_FK">
<createdBy>marinfotache</createdBy>
<createdTime>2018-10-25 19:20:04 UTC</createdTime>
<generatorID>8C1FC7B8-6660-31CC-55EE-8BE19F7D8F4F</generatorID>
<ownerDesignName>sales_1_solution_2</ownerDesignName>
<referredTableLongName>postal_codes</referredTableLongName>
<deleteRule>NO ACTION</deleteRule>
<referredTableID>3B3CB05D-6B3B-608C-AADC-6A1E5B7EC3D2</referredTableID>
<keyObject>C3696A98-D480-A137-5246-680B122946C8</keyObject>
<referredKeyID>C3696A98-D480-A137-5246-680B122946C8</referredKeyID>
<mandatory>false</mandatory>
<refColNames>post_code</refColNames>
<transferable>true</transferable>
<rely>false</rely>
<columnDependencyConstraintGenerateInDDL>true</columnDependencyConstraintGenerateInDDL>
</FKIndexAssociation>