<?xml version = '1.0' encoding = 'UTF-8'?>
<FKIndexAssociation class="oracle.dbtools.crest.model.design.relational.FKIndexAssociation" directorySegmentName="seg_0" id="7E74E3F9-249F-1C27-002A-7374B596F78B" containerWithKeyObject="5C4EB995-F492-B31A-A9C0-657FEB6B0D87" localFKIndex="BA92D528-46C3-6685-DBC9-8EC32AF3FA7F" name="invoices_customers_FK">
<createdBy>marinfotache</createdBy>
<createdTime>2018-10-25 19:20:04 UTC</createdTime>
<generatorID>3887E4B0-99D7-4D22-8E5D-DB276E64F678</generatorID>
<ownerDesignName>sales_1_solution_2</ownerDesignName>
<referredTableLongName>customers</referredTableLongName>
<deleteRule>NO ACTION</deleteRule>
<referredTableID>572D844D-7E29-D26C-28A2-B510968C302F</referredTableID>
<keyObject>06957C15-DF85-E23E-8399-9035E60E266C</keyObject>
<referredKeyID>06957C15-DF85-E23E-8399-9035E60E266C</referredKeyID>
<mandatory>true</mandatory>
<refColNames>cust_id</refColNames>
<transferable>true</transferable>
<rely>false</rely>
<columnDependencyConstraintGenerateInDDL>true</columnDependencyConstraintGenerateInDDL>
</FKIndexAssociation>