<?xml version = '1.0' encoding = 'UTF-8'?>
<FKIndexAssociation class="oracle.dbtools.crest.model.design.relational.FKIndexAssociation" directorySegmentName="seg_0" id="8B06B4C9-B642-DAFF-DE04-58924D0A6EA6" containerWithKeyObject="572D844D-7E29-D26C-28A2-B510968C302F" localFKIndex="D9567C70-E6A2-5D72-A068-7825F51AC82E" name="customers_postal_codes_FK">
<createdBy>marinfotache</createdBy>
<createdTime>2018-10-25 19:20:04 UTC</createdTime>
<generatorID>041CAC65-CEE4-CBF4-1D2E-12DF8E5B7D4E</generatorID>
<ownerDesignName>sales_1_solution_2</ownerDesignName>
<referredTableLongName>postal_codes</referredTableLongName>
<deleteRule>NO ACTION</deleteRule>
<referredTableID>3B3CB05D-6B3B-608C-AADC-6A1E5B7EC3D2</referredTableID>
<keyObject>C3696A98-D480-A137-5246-680B122946C8</keyObject>
<referredKeyID>C3696A98-D480-A137-5246-680B122946C8</referredKeyID>
<mandatory>true</mandatory>
<refColNames>post_code</refColNames>
<transferable>true</transferable>
<rely>false</rely>
<columnDependencyConstraintGenerateInDDL>true</columnDependencyConstraintGenerateInDDL>
</FKIndexAssociation>