<?xml version = '1.0' encoding = 'UTF-8'?>
<FKIndexAssociation class="oracle.dbtools.crest.model.design.relational.FKIndexAssociation" directorySegmentName="seg_0" id="9C7D102C-D867-BC4C-D62E-55FAFFE3AC91" containerWithKeyObject="48E4F3C0-B057-F8A0-9C35-ADA0F0DCD6DB" localFKIndex="E851C07E-039E-9CED-4A3B-E5D41F993711" name="contacts_customers_FK">
<createdBy>marinfotache</createdBy>
<createdTime>2018-10-25 19:20:04 UTC</createdTime>
<generatorID>C8A70461-C856-4D8C-9F97-C9F252DDEE62</generatorID>
<ownerDesignName>sales_1_solution_2</ownerDesignName>
<referredTableLongName>customers</referredTableLongName>
<deleteRule>NO ACTION</deleteRule>
<referredTableID>572D844D-7E29-D26C-28A2-B510968C302F</referredTableID>
<keyObject>06957C15-DF85-E23E-8399-9035E60E266C</keyObject>
<referredKeyID>06957C15-DF85-E23E-8399-9035E60E266C</referredKeyID>
<mandatory>true</mandatory>
<refColNames>cust_id</refColNames>
<transferable>true</transferable>
<rely>false</rely>
<columnDependencyConstraintGenerateInDDL>true</columnDependencyConstraintGenerateInDDL>
</FKIndexAssociation>