<?xml version = '1.0' encoding = 'UTF-8'?>
<FKIndexAssociation class="oracle.dbtools.crest.model.design.relational.FKIndexAssociation" directorySegmentName="seg_0" id="B48E9959-DAB8-0EDB-CCCE-15EACC007ABB" containerWithKeyObject="D1C3353C-4DAC-72EC-D2BF-8C5C45C318C8" localFKIndex="10617801-5C04-35DD-6FD7-6A8887A5184C" name="receipt_details_receipts_FK">
<createdBy>marinfotache</createdBy>
<createdTime>2018-10-25 19:20:04 UTC</createdTime>
<generatorID>3DC8AEB8-57D3-AFB7-FCE8-7F08DCC93164</generatorID>
<ownerDesignName>sales_1_solution_2</ownerDesignName>
<referredTableLongName>receipts</referredTableLongName>
<deleteRule>NO ACTION</deleteRule>
<referredTableID>A92DC498-CE85-E218-9167-D9A3553FBEF3</referredTableID>
<keyObject>C3383A64-7BAB-59D2-6069-26AD52B9742C</keyObject>
<referredKeyID>C3383A64-7BAB-59D2-6069-26AD52B9742C</referredKeyID>
<mandatory>true</mandatory>
<refColNames>receipt_id</refColNames>
<transferable>true</transferable>
<rely>false</rely>
<columnDependencyConstraintGenerateInDDL>true</columnDependencyConstraintGenerateInDDL>
</FKIndexAssociation>