<?xml version = '1.0' encoding = 'UTF-8'?>
<FKIndexAssociation class="oracle.dbtools.crest.model.design.relational.FKIndexAssociation" directorySegmentName="seg_0" id="C0B9AD28-0E21-72BF-F6F8-C954D533491D" containerWithKeyObject="3B3CB05D-6B3B-608C-AADC-6A1E5B7EC3D2" localFKIndex="8BBAFBAC-86FA-541D-510B-DB8E46D950A6" name="postal_codes_counties_FK">
<createdBy>marinfotache</createdBy>
<createdTime>2018-10-25 19:20:04 UTC</createdTime>
<generatorID>D42DE3C4-CE63-CA76-6A11-59ADAADC375E</generatorID>
<ownerDesignName>sales_1_solution_2</ownerDesignName>
<referredTableLongName>counties</referredTableLongName>
<deleteRule>NO ACTION</deleteRule>
<referredTableID>C7BD8C6F-2ABA-F5B7-7884-87BC43128B8E</referredTableID>
<keyObject>15085F56-D356-6A1A-DED0-6697546D4284</keyObject>
<referredKeyID>15085F56-D356-6A1A-DED0-6697546D4284</referredKeyID>
<mandatory>true</mandatory>
<refColNames>county_code</refColNames>
<transferable>true</transferable>
<rely>false</rely>
<columnDependencyConstraintGenerateInDDL>true</columnDependencyConstraintGenerateInDDL>
</FKIndexAssociation>