<?xml version = '1.0' encoding = 'UTF-8'?>
<FKIndexAssociation class="oracle.dbtools.crest.model.design.relational.FKIndexAssociation" directorySegmentName="seg_0" id="CC7549DD-B4C8-DEBC-3203-A9F5137B4CF9" containerWithKeyObject="48E4F3C0-B057-F8A0-9C35-ADA0F0DCD6DB" localFKIndex="2A00095C-63A7-F908-127F-D6444601F568" name="contacts_people_FK">
<createdBy>marinfotache</createdBy>
<createdTime>2018-10-25 19:20:04 UTC</createdTime>
<generatorID>6F42A286-0894-7836-2315-203EE65990C9</generatorID>
<ownerDesignName>sales_1_solution_2</ownerDesignName>
<referredTableLongName>people</referredTableLongName>
<deleteRule>NO ACTION</deleteRule>
<referredTableID>633D39A4-0450-DDAC-4442-0D2409294331</referredTableID>
<keyObject>541A270A-D283-AED9-01BD-58A307923E1E</keyObject>
<referredKeyID>541A270A-D283-AED9-01BD-58A307923E1E</referredKeyID>
<mandatory>true</mandatory>
<refColNames>pers_id</refColNames>
<transferable>true</transferable>
<rely>false</rely>
<columnDependencyConstraintGenerateInDDL>true</columnDependencyConstraintGenerateInDDL>
</FKIndexAssociation>