<?xml version = '1.0' encoding = 'UTF-8'?>
<FKIndexAssociation class="oracle.dbtools.crest.model.design.relational.FKIndexAssociation" directorySegmentName="seg_0" id="F25FCFA5-150F-0380-E173-FE7F17DF8F79" containerWithKeyObject="D1C3353C-4DAC-72EC-D2BF-8C5C45C318C8" localFKIndex="599C5008-9CBD-AC38-D44E-6A8D6A9298EA" name="receipt_details_invoices_FK">
<createdBy>marinfotache</createdBy>
<createdTime>2018-10-25 19:20:04 UTC</createdTime>
<generatorID>BFF71C8D-60AE-DDB3-E312-B35FE343EFE9</generatorID>
<ownerDesignName>sales_1_solution_2</ownerDesignName>
<referredTableLongName>invoices</referredTableLongName>
<deleteRule>NO ACTION</deleteRule>
<referredTableID>5C4EB995-F492-B31A-A9C0-657FEB6B0D87</referredTableID>
<keyObject>6BF4D605-D96A-A449-E6D0-783E9793A3AF</keyObject>
<referredKeyID>6BF4D605-D96A-A449-E6D0-783E9793A3AF</referredKeyID>
<mandatory>true</mandatory>
<refColNames>invoice_id</refColNames>
<transferable>true</transferable>
<rely>false</rely>
<columnDependencyConstraintGenerateInDDL>true</columnDependencyConstraintGenerateInDDL>
</FKIndexAssociation>