<?xml version = '1.0' encoding = 'UTF-8'?>
<Diagram class="oracle.dbtools.crest.swingui.relational.DPVRelational" name="Relational_1" id="1BC9AD66-61D1-8C46-3F63-E9DADDC99F29">
<createdBy>admin</createdBy>
<modifiedBy>admin</modifiedBy>
<createdTime>2015-10-30 03:49:38 UTC</createdTime>
<autoRoute>false</autoRoute>
<boxInbox>true</boxInbox>
<showLegend>false</showLegend>
<showLabels>false</showLabels>
<showRelAttributes>false</showRelAttributes>
<gridEnabled>false</gridEnabled>
<showGrid>false</showGrid>
<diagramColor>-1</diagramColor>
<display>false</display>
<notation>1</notation>
<objectViews>
<OView class="oracle.dbtools.crest.swingui.relational.TVTable" oid="0EA0F285-C561-5E35-A232-85F20281E93B" otype="Table" vid="F2BAB508-EC3D-3CE0-2D01-E91B12D1854E">
<hideElementsInCurrentOnly>false</hideElementsInCurrentOnly>
<bounds x="591" y="311" width="122" height="72"/>
</OView>
<OView class="oracle.dbtools.crest.swingui.relational.TVTable" oid="1704F8EC-6F4B-02B6-DD45-1C8832080CF0" otype="Table" vid="887398E8-2A29-3CDF-896F-55BB6486B519">
<hideElementsInCurrentOnly>false</hideElementsInCurrentOnly>
<bounds x="577" y="9" width="126" height="71"/>
</OView>
<OView class="oracle.dbtools.crest.swingui.relational.TVTable" oid="27887CB2-27BB-7A20-1AD8-04100D6CB7B5" otype="Table" vid="465F666C-2E3B-B919-BC94-117D086B0B1C">
<hideElementsInCurrentOnly>false</hideElementsInCurrentOnly>
<bounds x="213" y="42" width="135" height="101"/>
</OView>
<OView class="oracle.dbtools.crest.swingui.relational.TVTable" oid="346E6EFA-909A-BB95-E0B3-4FAEF773BB61" otype="Table" vid="536494CA-0ADB-A50D-A1DF-0D0626356E2B">
<hideElementsInCurrentOnly>false</hideElementsInCurrentOnly>
<bounds x="367" y="12" width="116" height="64"/>
</OView>
<OView class="oracle.dbtools.crest.swingui.relational.TVTable" oid="3B9585C6-64CA-1400-BEC0-B0BF31B98777" otype="Table" vid="F9CC6B59-5C1F-392D-5F60-BACF0B27FAE4">
<hideElementsInCurrentOnly>false</hideElementsInCurrentOnly>
<bounds x="20" y="385" width="134" height="78"/>
</OView>
<OView class="oracle.dbtools.crest.swingui.relational.TVTable" oid="60F40056-E0E3-2F0E-5874-1FC336DE6B4D" otype="Table" vid="F3C23D83-5CF5-DE14-5BD5-A4719349E92D">
<hideElementsInCurrentOnly>false</hideElementsInCurrentOnly>
<bounds x="216" y="343" width="119" height="90"/>
</OView>
<OView class="oracle.dbtools.crest.swingui.relational.TVTable" oid="63E76FD8-D056-EE4E-8D37-1D2FDAB3289F" otype="Table" vid="9B7721E7-1189-497F-6ABE-E73D9F629D2A">
<hideElementsInCurrentOnly>false</hideElementsInCurrentOnly>
<bounds x="590" y="387" width="139" height="126"/>
</OView>
<OView class="oracle.dbtools.crest.swingui.relational.TVTable" oid="77CE53BF-670A-67E7-19D0-08A0C2A91B9B" otype="Table" vid="5FFC9024-57BD-CBDB-B35F-FCA45999EF26">
<hideElementsInCurrentOnly>false</hideElementsInCurrentOnly>
<bounds x="577" y="95" width="144" height="102"/>
</OView>
<OView class="oracle.dbtools.crest.swingui.relational.TVTable" oid="955843CC-F45A-07AF-5EF9-56CF9C70EC79" otype="Table" vid="F8C30BA1-F7ED-46CF-856D-C9C3A62C6CC8">
<hideElementsInCurrentOnly>false</hideElementsInCurrentOnly>
<bounds x="393" y="268" width="128" height="185"/>
</OView>
<OView class="oracle.dbtools.crest.swingui.relational.TVTable" oid="A1C560BC-5237-87AB-0A98-275735951CDB" otype="Table" vid="ACE0FA63-EB1C-A10B-31C7-57935C35CE7C">
<hideElementsInCurrentOnly>false</hideElementsInCurrentOnly>
<bounds x="10" y="2" width="142" height="191"/>
</OView>
<OView class="oracle.dbtools.crest.swingui.relational.TVTable" oid="B78EB404-2474-3A94-68B9-9EB9D9FE5507" otype="Table" vid="D7A865C8-35A7-0BF0-66DF-5813470E8B41">
<hideElementsInCurrentOnly>false</hideElementsInCurrentOnly>
<bounds x="14" y="241" width="139" height="117"/>
</OView>
<OView class="oracle.dbtools.crest.swingui.relational.TVTable" oid="C472685C-AF2A-0713-9EC5-8975CCF3726F" otype="Table" vid="0130DC59-2BE8-179F-90C8-E6C3935F7EB9">
<hideElementsInCurrentOnly>false</hideElementsInCurrentOnly>
<bounds x="584" y="234" width="120" height="61"/>
</OView>
<OView class="oracle.dbtools.crest.swingui.relational.TVTable" oid="CDBCBC3B-FD0D-34B7-A395-AC1FF31E5AF0" otype="Table" vid="863B2EC4-66AA-4D6F-7787-6585EAF1B8C5">
<hideElementsInCurrentOnly>false</hideElementsInCurrentOnly>
<bounds x="439" y="99" width="111" height="136"/>
</OView>
<OView class="oracle.dbtools.crest.swingui.relational.TVTable" oid="DDA843E0-F94F-59BC-8BE1-274E997F4296" otype="Table" vid="61D5229A-6F9A-0F14-F589-9840FEA2B982">
<hideElementsInCurrentOnly>false</hideElementsInCurrentOnly>
<bounds x="234" y="150" width="150" height="76"/>
</OView>
<OView class="oracle.dbtools.crest.swingui.relational.TVTable" oid="F46BF34F-910D-14A1-229E-942E5638DC9D" otype="Table" vid="C3FD5255-103E-DA50-E7CE-AE3E02E96FA9">
<hideElementsInCurrentOnly>false</hideElementsInCurrentOnly>
<bounds x="209" y="234" width="123" height="101"/>
</OView>
</objectViews>
<connectors>
<Connector class="oracle.dbtools.crest.swingui.relational.TVFKRelation" oid="070C5EEE-A325-429F-4C72-3368667F4D1D" otype="FKIndexAssociation" vid_source="536494CA-0ADB-A50D-A1DF-0D0626356E2B" vid_target="ACE0FA63-EB1C-A10B-31C7-57935C35CE7C">
<hideElementsInCurrentOnly>false</hideElementsInCurrentOnly>
<backgroundColor>-16777216</backgroundColor>
<lineWidth>1</lineWidth>
<points>
<point x="367" y="34"/>
<point x="152" y="34"/>
</points>
</Connector>
<Connector class="oracle.dbtools.crest.swingui.relational.TVFKRelation" oid="0B814EFA-98E3-98C8-E59F-2E8452E72847" otype="FKIndexAssociation" vid_source="D7A865C8-35A7-0BF0-66DF-5813470E8B41" vid_target="F9CC6B59-5C1F-392D-5F60-BACF0B27FAE4">
<hideElementsInCurrentOnly>false</hideElementsInCurrentOnly>
<backgroundColor>-16777216</backgroundColor>
<lineWidth>1</lineWidth>
<points>
<point x="86" y="358"/>
<point x="86" y="385"/>
</points>
</Connector>
<Connector class="oracle.dbtools.crest.swingui.relational.TVFKRelation" oid="196CBC35-8E91-10EE-7FA1-A6BB42C55470" otype="FKIndexAssociation" vid_source="F8C30BA1-F7ED-46CF-856D-C9C3A62C6CC8" vid_target="F2BAB508-EC3D-3CE0-2D01-E91B12D1854E">
<hideElementsInCurrentOnly>false</hideElementsInCurrentOnly>
<backgroundColor>-16777216</backgroundColor>
<lineWidth>1</lineWidth>
<points>
<point x="521" y="347"/>
<point x="591" y="347"/>
</points>
</Connector>
<Connector class="oracle.dbtools.crest.swingui.relational.TVFKRelation" oid="2A259A76-189D-D015-F798-20905002F7C8" otype="FKIndexAssociation" vid_source="9B7721E7-1189-497F-6ABE-E73D9F629D2A" vid_target="F3C23D83-5CF5-DE14-5BD5-A4719349E92D">
<hideElementsInCurrentOnly>false</hideElementsInCurrentOnly>
<backgroundColor>-16777216</backgroundColor>
<lineWidth>1</lineWidth>
<points>
<point x="590" y="410"/>
<point x="335" y="410"/>
</points>
</Connector>
<Connector class="oracle.dbtools.crest.swingui.relational.TVFKRelation" oid="32324665-6666-5221-131F-12199E27316E" otype="FKIndexAssociation" vid_source="F8C30BA1-F7ED-46CF-856D-C9C3A62C6CC8" vid_target="9B7721E7-1189-497F-6ABE-E73D9F629D2A">
<hideElementsInCurrentOnly>false</hideElementsInCurrentOnly>
<backgroundColor>-16777216</backgroundColor>
<lineWidth>1</lineWidth>
<points>
<point x="521" y="420"/>
<point x="590" y="420"/>
</points>
</Connector>
<Connector class="oracle.dbtools.crest.swingui.relational.TVFKRelation" oid="343AFE07-726A-9A96-8380-DDA42A3EF8B5" otype="FKIndexAssociation" vid_source="5FFC9024-57BD-CBDB-B35F-FCA45999EF26" vid_target="0130DC59-2BE8-179F-90C8-E6C3935F7EB9">
<hideElementsInCurrentOnly>false</hideElementsInCurrentOnly>
<backgroundColor>-16777216</backgroundColor>
<lineWidth>1</lineWidth>
<points>
<point x="644" y="197"/>
<point x="644" y="234"/>
</points>
</Connector>
<Connector class="oracle.dbtools.crest.swingui.relational.TVFKRelation" oid="4F0FA652-980E-9A72-45B3-92DAFB88AEEC" otype="FKIndexAssociation" vid_source="863B2EC4-66AA-4D6F-7787-6585EAF1B8C5" vid_target="465F666C-2E3B-B919-BC94-117D086B0B1C">
<hideElementsInCurrentOnly>false</hideElementsInCurrentOnly>
<backgroundColor>-16777216</backgroundColor>
<lineWidth>1</lineWidth>
<points>
<point x="439" y="111"/>
<point x="348" y="111"/>
</points>
</Connector>
<Connector class="oracle.dbtools.crest.swingui.relational.TVFKRelation" oid="67560C08-3693-C9FA-F73F-92C66A290533" otype="FKIndexAssociation" vid_source="F8C30BA1-F7ED-46CF-856D-C9C3A62C6CC8" vid_target="C3FD5255-103E-DA50-E7CE-AE3E02E96FA9">
<hideElementsInCurrentOnly>false</hideElementsInCurrentOnly>
<backgroundColor>-16777216</backgroundColor>
<lineWidth>1</lineWidth>
<points>
<point x="393" y="301"/>
<point x="332" y="301"/>
</points>
</Connector>
<Connector class="oracle.dbtools.crest.swingui.relational.TVFKRelation" oid="7178DFDE-8633-3FB0-C5A9-48C1006FB994" otype="FKIndexAssociation" vid_source="536494CA-0ADB-A50D-A1DF-0D0626356E2B" vid_target="863B2EC4-66AA-4D6F-7787-6585EAF1B8C5">
<hideElementsInCurrentOnly>false</hideElementsInCurrentOnly>
<backgroundColor>-16777216</backgroundColor>
<lineWidth>1</lineWidth>
<points>
<point x="471" y="76"/>
<point x="471" y="99"/>
</points>
</Connector>
<Connector class="oracle.dbtools.crest.swingui.relational.TVFKRelation" oid="7E8C5257-BF9D-7FD9-E154-2E731515AEA1" otype="FKIndexAssociation" vid_source="D7A865C8-35A7-0BF0-66DF-5813470E8B41" vid_target="C3FD5255-103E-DA50-E7CE-AE3E02E96FA9">
<hideElementsInCurrentOnly>false</hideElementsInCurrentOnly>
<backgroundColor>-16777216</backgroundColor>
<lineWidth>1</lineWidth>
<points>
<point x="153" y="288"/>
<point x="209" y="288"/>
</points>
</Connector>
<Connector class="oracle.dbtools.crest.swingui.relational.TVFKRelation" oid="B19B0F64-BF5F-CCEA-700F-3541B9E23A08" otype="FKIndexAssociation" vid_source="ACE0FA63-EB1C-A10B-31C7-57935C35CE7C" vid_target="61D5229A-6F9A-0F14-F589-9840FEA2B982">
<hideElementsInCurrentOnly>false</hideElementsInCurrentOnly>
<backgroundColor>-16777216</backgroundColor>
<lineWidth>1</lineWidth>
<points>
<point x="152" y="161"/>
<point x="234" y="161"/>
</points>
</Connector>
<Connector class="oracle.dbtools.crest.swingui.relational.TVFKRelation" oid="BE3D0275-9616-5E5C-0D3F-300C213C7AA4" otype="FKIndexAssociation" vid_source="887398E8-2A29-3CDF-896F-55BB6486B519" vid_target="536494CA-0ADB-A50D-A1DF-0D0626356E2B">
<hideElementsInCurrentOnly>false</hideElementsInCurrentOnly>
<backgroundColor>-16777216</backgroundColor>
<lineWidth>1</lineWidth>
<points>
<point x="577" y="34"/>
<point x="483" y="34"/>
</points>
</Connector>
<Connector class="oracle.dbtools.crest.swingui.relational.TVFKRelation" oid="C1C72C4C-F7CA-3B75-4324-61DCE2D583AF" otype="FKIndexAssociation" vid_source="ACE0FA63-EB1C-A10B-31C7-57935C35CE7C" vid_target="465F666C-2E3B-B919-BC94-117D086B0B1C">
<hideElementsInCurrentOnly>false</hideElementsInCurrentOnly>
<backgroundColor>-16777216</backgroundColor>
<lineWidth>1</lineWidth>
<points>
<point x="152" y="92"/>
<point x="213" y="92"/>
</points>
</Connector>
<Connector class="oracle.dbtools.crest.swingui.relational.TVFKRelation" oid="DFA817B6-939F-9547-854A-5D9230F820BE" otype="FKIndexAssociation" vid_source="863B2EC4-66AA-4D6F-7787-6585EAF1B8C5" vid_target="61D5229A-6F9A-0F14-F589-9840FEA2B982">
<hideElementsInCurrentOnly>false</hideElementsInCurrentOnly>
<backgroundColor>-16777216</backgroundColor>
<lineWidth>1</lineWidth>
<points>
<point x="439" y="198"/>
<point x="384" y="198"/>
</points>
</Connector>
<Connector class="oracle.dbtools.crest.swingui.relational.TVFKRelation" oid="E5662AE4-9F54-9CE1-EDAD-FEBD71542E22" otype="FKIndexAssociation" vid_source="D7A865C8-35A7-0BF0-66DF-5813470E8B41" vid_target="F3C23D83-5CF5-DE14-5BD5-A4719349E92D">
<hideElementsInCurrentOnly>false</hideElementsInCurrentOnly>
<backgroundColor>-16777216</backgroundColor>
<lineWidth>1</lineWidth>
<points>
<point x="153" y="350"/>
<point x="216" y="350"/>
</points>
</Connector>
<Connector class="oracle.dbtools.crest.swingui.relational.TVFKRelation" oid="FD2BFC8D-4456-6339-5C28-5AB842C1F61A" otype="FKIndexAssociation" vid_source="F8C30BA1-F7ED-46CF-856D-C9C3A62C6CC8" vid_target="0130DC59-2BE8-179F-90C8-E6C3935F7EB9">
<hideElementsInCurrentOnly>false</hideElementsInCurrentOnly>
<backgroundColor>-16777216</backgroundColor>
<lineWidth>1</lineWidth>
<points>
<point x="521" y="291"/>
<point x="584" y="291"/>
</points>
</Connector>
<Connector class="oracle.dbtools.crest.swingui.relational.TVFKRelation" oid="FEACE966-3A00-DB06-17C2-F396C2331DF9" otype="FKIndexAssociation" vid_source="863B2EC4-66AA-4D6F-7787-6585EAF1B8C5" vid_target="F8C30BA1-F7ED-46CF-856D-C9C3A62C6CC8">
<hideElementsInCurrentOnly>false</hideElementsInCurrentOnly>
<backgroundColor>-16777216</backgroundColor>
<lineWidth>1</lineWidth>
<points>
<point x="490" y="235"/>
<point x="490" y="268"/>
</points>
</Connector>
</connectors>
</Diagram>