<?xml version = '1.0' encoding = 'UTF-8'?>
<relationalModel class="oracle.dbtools.crest.model.design.relational.RelationalDesign" name="Relational_1" id="6D398BFB-6C36-1521-5DB5-8689CAE45AB2" mainViewID="A6D251B6-EBA5-F1DC-86B2-8705288AF4A3">
<createdBy>admin</createdBy>
<createdTime>2015-10-28 10:25:06 UTC</createdTime>
<ownerDesignName>bank_cards_2</ownerDesignName>
<shouldBeOpen>false</shouldBeOpen>
<selectedRDBMSSite>3FD120B5-9F4E-6278-D5E2-746D192C8319</selectedRDBMSSite>
</relationalModel>