<?xml version = '1.0' encoding = 'UTF-8'?>
<relationalModel class="oracle.dbtools.crest.model.design.relational.RelationalDesign" name="Relational_1" id="E772B046-A9A1-7A90-F248-DE668A03198A" mainViewID="1E38BF51-9518-D857-5B98-2D466EE51EA4">
<createdBy>admin</createdBy>
<createdTime>2015-10-30 06:39:34 UTC</createdTime>
<ownerDesignName>01a_heterogeneous_items_v1</ownerDesignName>
<shouldBeOpen>false</shouldBeOpen>
<selectedRDBMSSite>3FD120B5-9F4E-6278-D5E2-746D192C8319</selectedRDBMSSite>
</relationalModel>