<?xml version = '1.0' encoding = 'UTF-8'?>
<Entity class="oracle.dbtools.crest.model.design.logical.Entity" directorySegmentName="seg_0" id="217D6F5D-0068-A74E-B424-92EC699927B0" name="salesman">
<createdBy>Marin F</createdBy>
<createdTime>2011-10-05 08:35:14 UTC</createdTime>
<ownerDesignName>orders_1</ownerDesignName>
<engineerTo>
<item key="8D97322B-A031-7F6D-EFB9-8B606264CDCF" value="true"/>
</engineerTo>
<adequatelyNormalized>NO</adequatelyNormalized>
<expectedVolumes>0</expectedVolumes>
<fwdEngineeringStrategyName>Single Table</fwdEngineeringStrategyName>
<growthPercent>0</growthPercent>
<growthType>Year</growthType>
<maxVolumes>9999999</maxVolumes>
<minVolumes>0</minVolumes>
<normalForm>Third</normalForm>
<preferredAbbreviation>salesmen</preferredAbbreviation>
<attributes itemClass="oracle.dbtools.crest.model.design.logical.Attribute">
<Attribute name="salesman_id" id="DA0F3611-3F0A-73A0-7ACC-14D54B76DCEE">
<createdBy>Marin F</createdBy>
<createdTime>2011-10-05 08:37:29 UTC</createdTime>
<ownerDesignName>orders_1</ownerDesignName>
<engineerTo>
<item key="8D97322B-A031-7F6D-EFB9-8B606264CDCF" value="true"/>
</engineerTo>
<useDomainConstraints>false</useDomainConstraints>
<use>1</use>
<logicalDatatype>LOGDT011</logicalDatatype>
<ownDataTypeParameters>,,</ownDataTypeParameters>
</Attribute>
<Attribute name="salesman_name" id="6BB0ED27-1929-9FD6-FDFB-35700A10155E">
<createdBy>Marin F</createdBy>
<createdTime>2011-10-05 08:37:43 UTC</createdTime>
<ownerDesignName>orders_1</ownerDesignName>
<engineerTo>
<item key="8D97322B-A031-7F6D-EFB9-8B606264CDCF" value="true"/>
</engineerTo>
<useDomainConstraints>false</useDomainConstraints>
<use>1</use>
<logicalDatatype>LOGDT024</logicalDatatype>
<dataTypeSize>75 CHAR</dataTypeSize>
<ownDataTypeParameters>75 CHAR,,</ownDataTypeParameters>
</Attribute>
<Attribute name="salesman_phone" id="EA119994-8CAE-E43C-3270-3515520F1036">
<createdBy>Marin F</createdBy>
<createdTime>2011-10-05 08:37:59 UTC</createdTime>
<ownerDesignName>orders_1</ownerDesignName>
<engineerTo>
<item key="8D97322B-A031-7F6D-EFB9-8B606264CDCF" value="true"/>
</engineerTo>
<useDomainConstraints>false</useDomainConstraints>
<use>1</use>
<logicalDatatype>LOGDT025</logicalDatatype>
<dataTypeSize>10</dataTypeSize>
<ownDataTypeParameters>10,,</ownDataTypeParameters>
</Attribute>
<Attribute name="salesman_email" id="7140F521-FA55-A589-CF4D-513931369097">
<createdBy>Marin F</createdBy>
<createdTime>2011-10-05 08:38:21 UTC</createdTime>
<ownerDesignName>orders_1</ownerDesignName>
<engineerTo>
<item key="8D97322B-A031-7F6D-EFB9-8B606264CDCF" value="true"/>
</engineerTo>
<nullsAllowed>true</nullsAllowed>
<useDomainConstraints>false</useDomainConstraints>
<use>1</use>
<logicalDatatype>LOGDT024</logicalDatatype>
<dataTypeSize>75</dataTypeSize>
<ownDataTypeParameters>75,,</ownDataTypeParameters>
</Attribute>
</attributes>
<identifiers itemClass="oracle.dbtools.crest.model.design.logical.CandidateKey">
<identifier id="F76ED099-A8F6-4DEE-30FC-830C820D7A1B" name="salesmen__PK">
<createdBy>Marin F</createdBy>
<createdTime>2011-10-05 08:37:42 UTC</createdTime>
<ownerDesignName>orders_1</ownerDesignName>
<shouldEngineer>false</shouldEngineer>
<engineerTo>
<item key="8D97322B-A031-7F6D-EFB9-8B606264CDCF" value="false"/>
</engineerTo>
<pk>true</pk>
<newElementsIDs>DA0F3611-3F0A-73A0-7ACC-14D54B76DCEE</newElementsIDs>
<usedAttributes>
<attributeRef>DA0F3611-3F0A-73A0-7ACC-14D54B76DCEE</attributeRef>
</usedAttributes>
</identifier>
</identifiers>
</Entity>