<?xml version = '1.0' encoding = 'UTF-8'?>
<Entity class="oracle.dbtools.crest.model.design.logical.Entity" directorySegmentName="seg_0" id="387BB63B-7FE6-24A5-A804-D06EE6F6F9C6" name="customer">
<createdBy>Marin F</createdBy>
<createdTime>2011-10-05 08:35:08 UTC</createdTime>
<ownerDesignName>orders_1</ownerDesignName>
<engineerTo>
<item key="8D97322B-A031-7F6D-EFB9-8B606264CDCF" value="true"/>
</engineerTo>
<adequatelyNormalized>NO</adequatelyNormalized>
<expectedVolumes>0</expectedVolumes>
<fwdEngineeringStrategyName>Single Table</fwdEngineeringStrategyName>
<growthPercent>0</growthPercent>
<growthType>Year</growthType>
<maxVolumes>9999999</maxVolumes>
<minVolumes>0</minVolumes>
<normalForm>Third</normalForm>
<preferredAbbreviation>customers</preferredAbbreviation>
<attributes itemClass="oracle.dbtools.crest.model.design.logical.Attribute">
<Attribute name="customer_id" id="DCCFA337-91CE-A4BC-E3A8-A459BC38EBE1">
<createdBy>Marin F</createdBy>
<createdTime>2011-10-05 08:38:58 UTC</createdTime>
<ownerDesignName>orders_1</ownerDesignName>
<engineerTo>
<item key="8D97322B-A031-7F6D-EFB9-8B606264CDCF" value="true"/>
</engineerTo>
<useDomainConstraints>false</useDomainConstraints>
<use>1</use>
<logicalDatatype>LOGDT011</logicalDatatype>
<ownDataTypeParameters>,,</ownDataTypeParameters>
</Attribute>
<Attribute name="customer_name" id="081604CE-8225-34CA-614C-1B68E0811A70">
<createdBy>Marin F</createdBy>
<createdTime>2011-10-05 08:39:08 UTC</createdTime>
<ownerDesignName>orders_1</ownerDesignName>
<engineerTo>
<item key="8D97322B-A031-7F6D-EFB9-8B606264CDCF" value="true"/>
</engineerTo>
<useDomainConstraints>false</useDomainConstraints>
<use>1</use>
<logicalDatatype>LOGDT024</logicalDatatype>
<dataTypeSize>75 CHAR</dataTypeSize>
<ownDataTypeParameters>75 CHAR,,</ownDataTypeParameters>
</Attribute>
<Attribute name="customer_address" id="458E3BA3-18E4-1484-E6C3-8641D5E8C33D">
<createdBy>Marin F</createdBy>
<createdTime>2011-10-05 08:39:26 UTC</createdTime>
<ownerDesignName>orders_1</ownerDesignName>
<engineerTo>
<item key="8D97322B-A031-7F6D-EFB9-8B606264CDCF" value="true"/>
</engineerTo>
<useDomainConstraints>false</useDomainConstraints>
<use>1</use>
<logicalDatatype>LOGDT024</logicalDatatype>
<dataTypeSize>100</dataTypeSize>
<ownDataTypeParameters>100,,</ownDataTypeParameters>
</Attribute>
<Attribute name="customer_phone" id="D16B6502-0964-9F07-E406-EC9F96F22163">
<createdBy>Marin F</createdBy>
<createdTime>2011-10-05 08:39:36 UTC</createdTime>
<ownerDesignName>orders_1</ownerDesignName>
<engineerTo>
<item key="8D97322B-A031-7F6D-EFB9-8B606264CDCF" value="true"/>
</engineerTo>
<useDomainConstraints>false</useDomainConstraints>
<use>1</use>
<logicalDatatype>LOGDT025</logicalDatatype>
<dataTypeSize>10</dataTypeSize>
<ownDataTypeParameters>10,,</ownDataTypeParameters>
</Attribute>
<Attribute name="customer_email" id="8617FCF0-E6BF-170F-7222-2CD9A67225AE">
<createdBy>Marin F</createdBy>
<createdTime>2011-10-05 08:39:52 UTC</createdTime>
<ownerDesignName>orders_1</ownerDesignName>
<engineerTo>
<item key="8D97322B-A031-7F6D-EFB9-8B606264CDCF" value="true"/>
</engineerTo>
<nullsAllowed>true</nullsAllowed>
<useDomainConstraints>false</useDomainConstraints>
<use>1</use>
<logicalDatatype>LOGDT024</logicalDatatype>
<dataTypeSize>75</dataTypeSize>
<ownDataTypeParameters>75,,</ownDataTypeParameters>
</Attribute>
</attributes>
<identifiers itemClass="oracle.dbtools.crest.model.design.logical.CandidateKey">
<identifier id="7ECFEBE0-3CF3-C186-8F73-82B217A430B0" name="customers__PK">
<createdBy>Marin F</createdBy>
<createdTime>2011-10-05 08:39:07 UTC</createdTime>
<ownerDesignName>orders_1</ownerDesignName>
<shouldEngineer>false</shouldEngineer>
<engineerTo>
<item key="8D97322B-A031-7F6D-EFB9-8B606264CDCF" value="false"/>
</engineerTo>
<pk>true</pk>
<newElementsIDs>DCCFA337-91CE-A4BC-E3A8-A459BC38EBE1</newElementsIDs>
<usedAttributes>
<attributeRef>DCCFA337-91CE-A4BC-E3A8-A459BC38EBE1</attributeRef>
</usedAttributes>
</identifier>
</identifiers>
</Entity>