<?xml version = '1.0' encoding = 'UTF-8'?>
<Entity class="oracle.dbtools.crest.model.design.logical.Entity" directorySegmentName="seg_0" id="66CBB4C3-EE3E-0F71-2E37-8EC95DAE7343" name="order">
<createdBy>Marin F</createdBy>
<createdTime>2011-10-05 08:35:28 UTC</createdTime>
<ownerDesignName>orders_1</ownerDesignName>
<engineerTo>
<item key="8D97322B-A031-7F6D-EFB9-8B606264CDCF" value="true"/>
</engineerTo>
<adequatelyNormalized>NO</adequatelyNormalized>
<expectedVolumes>0</expectedVolumes>
<fwdEngineeringStrategyName>Single Table</fwdEngineeringStrategyName>
<growthPercent>0</growthPercent>
<growthType>Year</growthType>
<maxVolumes>9999999</maxVolumes>
<minVolumes>0</minVolumes>
<normalForm>Third</normalForm>
<preferredAbbreviation>orders</preferredAbbreviation>
<attributes itemClass="oracle.dbtools.crest.model.design.logical.Attribute">
<Attribute name="order_id" id="B473352E-87F8-7F8C-0160-985DD531ADA4">
<createdBy>Marin F</createdBy>
<createdTime>2011-10-05 08:41:03 UTC</createdTime>
<ownerDesignName>orders_1</ownerDesignName>
<engineerTo>
<item key="8D97322B-A031-7F6D-EFB9-8B606264CDCF" value="true"/>
</engineerTo>
<useDomainConstraints>false</useDomainConstraints>
<use>1</use>
<logicalDatatype>LOGDT011</logicalDatatype>
<ownDataTypeParameters>,,</ownDataTypeParameters>
</Attribute>
<Attribute name="order_timestamp" id="DC8088FA-BDE1-9682-87D8-2D49AF6FC719">
<createdBy>Marin F</createdBy>
<createdTime>2011-10-05 08:41:13 UTC</createdTime>
<ownerDesignName>orders_1</ownerDesignName>
<engineerTo>
<item key="8D97322B-A031-7F6D-EFB9-8B606264CDCF" value="true"/>
</engineerTo>
<useDomainConstraints>false</useDomainConstraints>
<use>1</use>
<logicalDatatype>LOGDT046</logicalDatatype>
<ownDataTypeParameters>,,</ownDataTypeParameters>
</Attribute>
<Attribute name="comments" id="3A5EE095-DEAB-F2B6-BDDE-18DD9298AB6B">
<createdBy>Marin F</createdBy>
<createdTime>2011-10-05 08:41:42 UTC</createdTime>
<ownerDesignName>orders_1</ownerDesignName>
<engineerTo>
<item key="8D97322B-A031-7F6D-EFB9-8B606264CDCF" value="true"/>
</engineerTo>
<nullsAllowed>true</nullsAllowed>
<useDomainConstraints>false</useDomainConstraints>
<use>1</use>
<logicalDatatype>LOGDT024</logicalDatatype>
<dataTypeSize>100</dataTypeSize>
<ownDataTypeParameters>100,,</ownDataTypeParameters>
</Attribute>
<Attribute name="customer_id" id="B6AE9892-29E9-154C-A6D5-751DBBCA1D46">
<createdBy>Marin F</createdBy>
<createdTime>2011-10-05 08:45:32 UTC</createdTime>
<generatorID>49B4835E-6073-D100-4DDA-8405C00B3F70</generatorID>
<ownerDesignName>orders_1</ownerDesignName>
<engineerTo>
<item key="8D97322B-A031-7F6D-EFB9-8B606264CDCF" value="true"/>
</engineerTo>
<referedAttribute>DCCFA337-91CE-A4BC-E3A8-A459BC38EBE1</referedAttribute>
<useDomainConstraints>false</useDomainConstraints>
<use>1</use>
<logicalDatatype>LOGDT011</logicalDatatype>
<ownDataTypeParameters>,,</ownDataTypeParameters>
</Attribute>
<Attribute name="salesman_id" id="2478ADB2-2319-72F6-1678-CBE4ACFF59B9">
<createdBy>Marin F</createdBy>
<createdTime>2011-10-05 08:46:37 UTC</createdTime>
<generatorID>E678E312-43FF-0A28-A9C5-366D21E19C38</generatorID>
<ownerDesignName>orders_1</ownerDesignName>
<engineerTo>
<item key="8D97322B-A031-7F6D-EFB9-8B606264CDCF" value="true"/>
</engineerTo>
<nullsAllowed>true</nullsAllowed>
<referedAttribute>DA0F3611-3F0A-73A0-7ACC-14D54B76DCEE</referedAttribute>
<useDomainConstraints>false</useDomainConstraints>
<use>1</use>
<logicalDatatype>LOGDT011</logicalDatatype>
<ownDataTypeParameters>,,</ownDataTypeParameters>
</Attribute>
</attributes>
<identifiers itemClass="oracle.dbtools.crest.model.design.logical.CandidateKey">
<identifier id="9120AD16-325B-0A35-A024-19E514F64FB6" name="orders__PK">
<createdBy>Marin F</createdBy>
<createdTime>2011-10-05 08:41:12 UTC</createdTime>
<ownerDesignName>orders_1</ownerDesignName>
<shouldEngineer>false</shouldEngineer>
<engineerTo>
<item key="8D97322B-A031-7F6D-EFB9-8B606264CDCF" value="false"/>
</engineerTo>
<pk>true</pk>
<newElementsIDs>B473352E-87F8-7F8C-0160-985DD531ADA4</newElementsIDs>
<usedAttributes>
<attributeRef>B473352E-87F8-7F8C-0160-985DD531ADA4</attributeRef>
</usedAttributes>
</identifier>
</identifiers>
</Entity>