<?xml version = '1.0' encoding = 'UTF-8'?>
<Entity class="oracle.dbtools.crest.model.design.logical.Entity" directorySegmentName="seg_0" id="CC614045-B4F5-D3C1-CA5B-B241DDE313D6" name="product">
<createdBy>Marin F</createdBy>
<createdTime>2011-10-05 08:36:59 UTC</createdTime>
<ownerDesignName>orders_1</ownerDesignName>
<engineerTo>
<item key="8D97322B-A031-7F6D-EFB9-8B606264CDCF" value="true"/>
</engineerTo>
<adequatelyNormalized>NO</adequatelyNormalized>
<expectedVolumes>0</expectedVolumes>
<fwdEngineeringStrategyName>Single Table</fwdEngineeringStrategyName>
<growthPercent>0</growthPercent>
<growthType>Year</growthType>
<maxVolumes>9999999</maxVolumes>
<minVolumes>0</minVolumes>
<normalForm>Third</normalForm>
<preferredAbbreviation>products</preferredAbbreviation>
<attributes itemClass="oracle.dbtools.crest.model.design.logical.Attribute">
<Attribute name="product_id" id="83CCF0F7-9B16-4921-3AA4-0167D76ED6F5">
<createdBy>Marin F</createdBy>
<createdTime>2011-10-05 08:43:34 UTC</createdTime>
<ownerDesignName>orders_1</ownerDesignName>
<engineerTo>
<item key="8D97322B-A031-7F6D-EFB9-8B606264CDCF" value="true"/>
</engineerTo>
<useDomainConstraints>false</useDomainConstraints>
<use>1</use>
<logicalDatatype>LOGDT011</logicalDatatype>
<ownDataTypeParameters>,,</ownDataTypeParameters>
</Attribute>
<Attribute name="product_name" id="B5E3A7EC-7684-0340-84EE-0E813A517DF2">
<createdBy>Marin F</createdBy>
<createdTime>2011-10-05 08:43:46 UTC</createdTime>
<ownerDesignName>orders_1</ownerDesignName>
<engineerTo>
<item key="8D97322B-A031-7F6D-EFB9-8B606264CDCF" value="true"/>
</engineerTo>
<useDomainConstraints>false</useDomainConstraints>
<use>1</use>
<logicalDatatype>LOGDT024</logicalDatatype>
<dataTypeSize>75 CHAR</dataTypeSize>
<ownDataTypeParameters>75 CHAR,,</ownDataTypeParameters>
</Attribute>
<Attribute name="measure_unit" id="BB850587-4614-B50D-0960-B532AC599460">
<createdBy>Marin F</createdBy>
<createdTime>2011-10-05 08:44:01 UTC</createdTime>
<ownerDesignName>orders_1</ownerDesignName>
<engineerTo>
<item key="8D97322B-A031-7F6D-EFB9-8B606264CDCF" value="true"/>
</engineerTo>
<useDomainConstraints>false</useDomainConstraints>
<use>1</use>
<logicalDatatype>LOGDT024</logicalDatatype>
<dataTypeSize>15</dataTypeSize>
<ownDataTypeParameters>15,,</ownDataTypeParameters>
</Attribute>
<Attribute name="group" id="B6C23F75-17D5-EF3E-7C02-6C890112E900">
<createdBy>Marin F</createdBy>
<createdTime>2011-10-05 08:44:14 UTC</createdTime>
<ownerDesignName>orders_1</ownerDesignName>
<engineerTo>
<item key="8D97322B-A031-7F6D-EFB9-8B606264CDCF" value="true"/>
</engineerTo>
<nullsAllowed>true</nullsAllowed>
<useDomainConstraints>false</useDomainConstraints>
<use>1</use>
<logicalDatatype>LOGDT024</logicalDatatype>
<dataTypeSize>20 CHAR</dataTypeSize>
<ownDataTypeParameters>20 CHAR,,</ownDataTypeParameters>
</Attribute>
<Attribute name="VAT_percent" id="582A2A95-0673-A9EE-F72D-18BC5345397B">
<createdBy>Marin F</createdBy>
<createdTime>2011-10-05 08:44:34 UTC</createdTime>
<ownerDesignName>orders_1</ownerDesignName>
<engineerTo>
<item key="8D97322B-A031-7F6D-EFB9-8B606264CDCF" value="true"/>
</engineerTo>
<nullsAllowed>true</nullsAllowed>
<useDomainConstraints>false</useDomainConstraints>
<use>1</use>
<logicalDatatype>LOGDT019</logicalDatatype>
<dataTypePrecision>6</dataTypePrecision>
<dataTypeScale>4</dataTypeScale>
<ownDataTypeParameters>,6,4</ownDataTypeParameters>
</Attribute>
</attributes>
<identifiers itemClass="oracle.dbtools.crest.model.design.logical.CandidateKey">
<identifier id="25C4AE19-CF6E-4B7F-CD24-0EFB3E75FE86" name="products__PK">
<createdBy>Marin F</createdBy>
<createdTime>2011-10-05 08:43:44 UTC</createdTime>
<ownerDesignName>orders_1</ownerDesignName>
<shouldEngineer>false</shouldEngineer>
<engineerTo>
<item key="8D97322B-A031-7F6D-EFB9-8B606264CDCF" value="false"/>
</engineerTo>
<pk>true</pk>
<newElementsIDs>83CCF0F7-9B16-4921-3AA4-0167D76ED6F5</newElementsIDs>
<usedAttributes>
<attributeRef>83CCF0F7-9B16-4921-3AA4-0167D76ED6F5</attributeRef>
</usedAttributes>
</identifier>
</identifiers>
</Entity>