<?xml version = '1.0' encoding = 'UTF-8'?>
<Entity class="oracle.dbtools.crest.model.design.logical.Entity" directorySegmentName="seg_0" id="DE6C7DFB-24B3-0FA4-1874-8AE5FE957848" name="order_detail">
<createdBy>Marin F</createdBy>
<createdTime>2011-10-05 08:36:49 UTC</createdTime>
<ownerDesignName>orders_1</ownerDesignName>
<engineerTo>
<item key="8D97322B-A031-7F6D-EFB9-8B606264CDCF" value="true"/>
</engineerTo>
<adequatelyNormalized>NO</adequatelyNormalized>
<expectedVolumes>0</expectedVolumes>
<fwdEngineeringStrategyName>Single Table</fwdEngineeringStrategyName>
<growthPercent>0</growthPercent>
<growthType>Year</growthType>
<maxVolumes>9999999</maxVolumes>
<minVolumes>0</minVolumes>
<normalForm>Third</normalForm>
<preferredAbbreviation>order_details</preferredAbbreviation>
<attributes itemClass="oracle.dbtools.crest.model.design.logical.Attribute">
<Attribute name="row_number" id="456DF76D-DA39-8758-091D-1D1D3EC938ED">
<createdBy>Marin F</createdBy>
<createdTime>2011-10-05 08:42:24 UTC</createdTime>
<ownerDesignName>orders_1</ownerDesignName>
<engineerTo>
<item key="8D97322B-A031-7F6D-EFB9-8B606264CDCF" value="true"/>
</engineerTo>
<useDomainConstraints>false</useDomainConstraints>
<use>1</use>
<logicalDatatype>LOGDT018</logicalDatatype>
<ownDataTypeParameters>,,</ownDataTypeParameters>
</Attribute>
<Attribute name="ordered_quantity" id="7309F4FA-CA21-D57F-8426-B0D6DBD5D083">
<createdBy>Marin F</createdBy>
<createdTime>2011-10-05 08:42:42 UTC</createdTime>
<ownerDesignName>orders_1</ownerDesignName>
<engineerTo>
<item key="8D97322B-A031-7F6D-EFB9-8B606264CDCF" value="true"/>
</engineerTo>
<useDomainConstraints>false</useDomainConstraints>
<use>1</use>
<logicalDatatype>LOGDT019</logicalDatatype>
<dataTypePrecision>10</dataTypePrecision>
<dataTypeScale>3</dataTypeScale>
<ownDataTypeParameters>,10,3</ownDataTypeParameters>
</Attribute>
<Attribute name="order_id" id="08D2B5EC-6959-9D48-F8F0-0881A6768C29">
<createdBy>Marin F</createdBy>
<createdTime>2011-10-05 08:47:04 UTC</createdTime>
<generatorID>2D911A6D-E630-2A45-7B63-AAB13E0A8800</generatorID>
<ownerDesignName>orders_1</ownerDesignName>
<engineerTo>
<item key="8D97322B-A031-7F6D-EFB9-8B606264CDCF" value="true"/>
</engineerTo>
<referedAttribute>B473352E-87F8-7F8C-0160-985DD531ADA4</referedAttribute>
<useDomainConstraints>false</useDomainConstraints>
<use>1</use>
<logicalDatatype>LOGDT011</logicalDatatype>
<ownDataTypeParameters>,,</ownDataTypeParameters>
</Attribute>
<Attribute name="product_id" id="6F613B97-3DDF-1070-D85F-570EA9BF6503">
<createdBy>Marin F</createdBy>
<createdTime>2011-10-05 08:47:36 UTC</createdTime>
<generatorID>2E8201ED-752B-8E4B-D49E-B23AE01E455A</generatorID>
<ownerDesignName>orders_1</ownerDesignName>
<engineerTo>
<item key="8D97322B-A031-7F6D-EFB9-8B606264CDCF" value="true"/>
</engineerTo>
<referedAttribute>83CCF0F7-9B16-4921-3AA4-0167D76ED6F5</referedAttribute>
<useDomainConstraints>false</useDomainConstraints>
<use>1</use>
<logicalDatatype>LOGDT011</logicalDatatype>
<ownDataTypeParameters>,,</ownDataTypeParameters>
</Attribute>
</attributes>
<identifiers itemClass="oracle.dbtools.crest.model.design.logical.CandidateKey">
<identifier id="E4E6C37D-B3FA-5F09-F69D-47992D9D976E" name="order_details__PK">
<createdBy>Marin F</createdBy>
<createdTime>2011-10-05 08:42:39 UTC</createdTime>
<ownerDesignName>orders_1</ownerDesignName>
<shouldEngineer>false</shouldEngineer>
<engineerTo>
<item key="8D97322B-A031-7F6D-EFB9-8B606264CDCF" value="false"/>
</engineerTo>
<pk>true</pk>
<newElementsIDs>456DF76D-DA39-8758-091D-1D1D3EC938ED,2D911A6D-E630-2A45-7B63-AAB13E0A8800</newElementsIDs>
<usedAttributes>
<attributeRef>456DF76D-DA39-8758-091D-1D1D3EC938ED</attributeRef>
<attributeRef>08D2B5EC-6959-9D48-F8F0-0881A6768C29</attributeRef>
</usedAttributes>
</identifier>
</identifiers>
</Entity>