<?xml version = '1.0' encoding = 'UTF-8'?>
<Relation class="oracle.dbtools.crest.model.design.logical.Relation" name="serv_is_included" directorySegmentName="seg_0" id="121A12F0-D94C-1B89-51DF-FAD043291083">
<createdBy>admin</createdBy>
<createdTime>2015-10-30 10:59:36 UTC</createdTime>
<ownerDesignName>04_recipes</ownerDesignName>
<engineerTo>
<item key="8DCDD79B-691F-B298-73CA-B64A62A3AEEC" value="true"/>
</engineerTo>
<sourcePk>E55947F8-3963-CDF5-AA8F-8C4E30F129D4</sourcePk>
<identifying>true</identifying>
<optionalSource>true</optionalSource>
<optionalTarget>false</optionalTarget>
<sourceCardinality>1</sourceCardinality>
<sourceEntity>CE438035-A1E7-668F-8CE2-5917FDEDD9D3</sourceEntity>
<targetCardinalityString>*</targetCardinalityString>
<targetEntity>45070F58-A924-B8D5-B816-FBD9324FE702</targetEntity>
<transferable>true</transferable>
</Relation>