<?xml version = '1.0' encoding = 'UTF-8'?>
<Relation class="oracle.dbtools.crest.model.design.logical.Relation" name="is_meas_unit_of_qsu" directorySegmentName="seg_0" id="26DC25EA-33BA-D687-BA64-7E32F8A5CA2A">
<createdBy>admin</createdBy>
<createdTime>2015-10-30 09:13:09 UTC</createdTime>
<ownerDesignName>04_recipes</ownerDesignName>
<engineerTo>
<item key="8DCDD79B-691F-B298-73CA-B64A62A3AEEC" value="true"/>
</engineerTo>
<sourcePk>601F2803-D91C-5692-E764-85329B4EE1D7</sourcePk>
<identifying>false</identifying>
<optionalSource>true</optionalSource>
<optionalTarget>false</optionalTarget>
<sourceCardinality>1</sourceCardinality>
<sourceEntity>793CB266-841C-E697-0EA5-7E1769DD141F</sourceEntity>
<targetCardinalityString>*</targetCardinalityString>
<targetEntity>31D7E745-BF20-2475-44D8-43FE2613DC9A</targetEntity>
<transferable>true</transferable>
</Relation>