<?xml version = '1.0' encoding = 'UTF-8'?>
<Relation class="oracle.dbtools.crest.model.design.logical.Relation" name="needs_the_following_ingredient" directorySegmentName="seg_0" id="88DB1E51-A230-58AF-AC2D-21DCC326EAD8">
<createdBy>admin</createdBy>
<createdTime>2015-11-08 15:48:44 UTC</createdTime>
<ownerDesignName>04_recipes</ownerDesignName>
<engineerTo>
<item key="0EBFD2A9-862E-4FAF-F974-306C4D9BEE60" value="true"/>
</engineerTo>
<sourcePk>CCFE77BB-A748-1E92-D990-B4F6E291EF56</sourcePk>
<identifying>true</identifying>
<optionalSource>true</optionalSource>
<optionalTarget>false</optionalTarget>
<sourceCardinality>1</sourceCardinality>
<sourceEntity>3D8375BD-73F6-EE86-87FE-E57C12711FB3</sourceEntity>
<targetCardinalityString>*</targetCardinalityString>
<targetEntity>70A078DF-9EFC-2DF2-99C9-D339861C94C1</targetEntity>
<transferable>true</transferable>
</Relation>