<?xml version = '1.0' encoding = 'UTF-8'?>
<Relation class="oracle.dbtools.crest.model.design.logical.Relation" name="has_property" directorySegmentName="seg_0" id="9862C52A-BE18-1555-57BB-2FADE2E36092">
<createdBy>admin</createdBy>
<createdTime>2015-10-30 15:52:28 UTC</createdTime>
<ownerDesignName>04_recipes</ownerDesignName>
<engineerTo>
<item key="8DCDD79B-691F-B298-73CA-B64A62A3AEEC" value="true"/>
</engineerTo>
<sourcePk>AEE44A97-209D-12FA-AEC6-0DD8128DBA6F</sourcePk>
<identifying>true</identifying>
<optionalSource>true</optionalSource>
<optionalTarget>false</optionalTarget>
<sourceCardinality>1</sourceCardinality>
<sourceEntity>31D7E745-BF20-2475-44D8-43FE2613DC9A</sourceEntity>
<targetCardinalityString>*</targetCardinalityString>
<targetEntity>8F76DA1B-098A-8F2C-1C1A-46DFC01863D9</targetEntity>
<transferable>true</transferable>
</Relation>