<?xml version = '1.0' encoding = 'UTF-8'?>
<Relation class="oracle.dbtools.crest.model.design.logical.Relation" name="is_prepared_or_assembled_based_on" directorySegmentName="seg_0" id="A789EC15-217D-78AF-8D8B-F283183AC1D3">
<createdBy>admin</createdBy>
<createdTime>2015-11-08 15:46:23 UTC</createdTime>
<ownerDesignName>04_recipes</ownerDesignName>
<engineerTo>
<item key="0EBFD2A9-862E-4FAF-F974-306C4D9BEE60" value="true"/>
</engineerTo>
<sourcePk>AEE44A97-209D-12FA-AEC6-0DD8128DBA6F</sourcePk>
<identifying>false</identifying>
<optionalSource>true</optionalSource>
<optionalTarget>false</optionalTarget>
<sourceCardinality>1</sourceCardinality>
<sourceEntity>31D7E745-BF20-2475-44D8-43FE2613DC9A</sourceEntity>
<targetCardinalityString>*</targetCardinalityString>
<targetEntity>3D8375BD-73F6-EE86-87FE-E57C12711FB3</targetEntity>
<transferable>true</transferable>
</Relation>