<?xml version = '1.0' encoding = 'UTF-8'?>
<Relation class="oracle.dbtools.crest.model.design.logical.Relation" name="is_described_by" directorySegmentName="seg_0" id="FADAB7FD-5DF3-394E-58EA-3ED875877EB7">
<createdBy>admin</createdBy>
<createdTime>2015-10-30 15:41:32 UTC</createdTime>
<ownerDesignName>04_recipes</ownerDesignName>
<engineerTo>
<item key="8DCDD79B-691F-B298-73CA-B64A62A3AEEC" value="true"/>
</engineerTo>
<sourcePk>B32EEBF9-827C-88E4-08CF-6D3E068056D7</sourcePk>
<identifying>true</identifying>
<optionalSource>true</optionalSource>
<optionalTarget>false</optionalTarget>
<sourceCardinality>1</sourceCardinality>
<sourceEntity>3A018823-5E70-45BB-B5A4-EDA7E36B82F4</sourceEntity>
<targetCardinalityString>*</targetCardinalityString>
<targetEntity>F5A42B6E-0F4A-204B-E863-FA2EC91CCD0E</targetEntity>
<transferable>true</transferable>
</Relation>