<?xml version = '1.0' encoding = 'UTF-8'?>
<Table class="oracle.dbtools.crest.model.design.relational.Table" directorySegmentName="seg_0" id="1E7B3E58-729A-4576-8125-FF715D196B5D" name="student">
<createdBy>Marin F</createdBy>
<createdTime>2011-08-27 05:58:45 UTC</createdTime>
<generatorID>B4FF9F98-5257-9A42-80A2-A9B7166E7EA5</generatorID>
<ownerDesignName>univ_info_sys_2</ownerDesignName>
<parsed>true</parsed>
<columns itemClass="oracle.dbtools.crest.model.design.relational.Column">
<Column name="stud_code" id="E273940B-A29E-3666-7580-C8DFBE631582">
<createdBy>Marin F</createdBy>
<createdTime>2011-08-27 05:58:45 UTC</createdTime>
<generatorID>0004A8B5-7C2A-C04D-CB5C-BCA8D89DEE8A</generatorID>
<ownerDesignName>univ_info_sys_2</ownerDesignName>
<useDomainConstraints>false</useDomainConstraints>
<use>1</use>
<logicalDatatype>LOGDT024</logicalDatatype>
<dataTypeSize>18</dataTypeSize>
<ownDataTypeParameters>18,,</ownDataTypeParameters>
<previousColumn>false</previousColumn>
</Column>
<Column name="admission_year" id="35B344DE-3E12-FBDC-AD04-1006A8A0C427">
<createdBy>admin</createdBy>
<createdTime>2015-10-26 06:49:25 UTC</createdTime>
<generatorID>576F695C-CD61-8C19-6DDB-6A4597165699</generatorID>
<ownerDesignName>univ_info_sys_2</ownerDesignName>
<useDomainConstraints>false</useDomainConstraints>
<use>1</use>
<logicalDatatype>LOGDT019</logicalDatatype>
<dataTypePrecision>4</dataTypePrecision>
<ownDataTypeParameters>,4,</ownDataTypeParameters>
<autoIncrementCycle>false</autoIncrementCycle>
</Column>
<Column name="current_status" id="1BD71B0C-D5AC-B2B2-ECA3-0D87D0CEBA8B">
<createdBy>admin</createdBy>
<createdTime>2015-10-26 06:49:25 UTC</createdTime>
<generatorID>0067E7E1-147D-9E13-81FA-2BA7733E3DD5</generatorID>
<ownerDesignName>univ_info_sys_2</ownerDesignName>
<nullsAllowed>true</nullsAllowed>
<useDomainConstraints>false</useDomainConstraints>
<use>1</use>
<logicalDatatype>LOGDT037</logicalDatatype>
<dataTypeSize>100</dataTypeSize>
<ownDataTypeParameters>100,,</ownDataTypeParameters>
<autoIncrementCycle>false</autoIncrementCycle>
</Column>
<Column name="person_pers_id" id="99FCEE65-B7CC-CEC0-E8D6-D12F6CB45C63">
<createdBy>admin</createdBy>
<createdTime>2015-10-26 06:49:25 UTC</createdTime>
<generatorID>BD4D9C62-6397-F19A-68C0-766E23044DBD</generatorID>
<ownerDesignName>univ_info_sys_2</ownerDesignName>
<useDomainConstraints>false</useDomainConstraints>
<use>1</use>
<logicalDatatype>LOGDT011</logicalDatatype>
<ownDataTypeParameters>,,</ownDataTypeParameters>
<previousColumn>false</previousColumn>
<autoIncrementCycle>false</autoIncrementCycle>
<associations>
<colAssociation fkAssociation="69F54565-F613-9B7E-FFC9-7B63644F0308" referredColumn="B8499711-02D7-D90C-0588-C52D018E26C1"/>
</associations>
</Column>
<Column name="graduation_year" id="8E79737E-8CB8-00C3-A9BD-B377A875B229">
<createdBy>admin</createdBy>
<createdTime>2015-10-26 06:49:25 UTC</createdTime>
<generatorID>9EFA79D4-952F-E945-F8B9-3856BD4D86DB</generatorID>
<ownerDesignName>univ_info_sys_2</ownerDesignName>
<nullsAllowed>true</nullsAllowed>
<useDomainConstraints>false</useDomainConstraints>
<use>1</use>
<logicalDatatype>LOGDT019</logicalDatatype>
<dataTypePrecision>4</dataTypePrecision>
<ownDataTypeParameters>,4,</ownDataTypeParameters>
<autoIncrementCycle>false</autoIncrementCycle>
</Column>
<Column name="stud_names" id="BAFFAC85-26EF-192A-0E2C-B0F33D7836E0">
<createdBy>Marin F</createdBy>
<createdTime>2011-08-27 05:58:45 UTC</createdTime>
<generatorID>4D3CB76E-EC88-76E7-A60A-08BCAB27DD3B</generatorID>
<ownerDesignName>univ_info_sys_2</ownerDesignName>
<useDomainConstraints>false</useDomainConstraints>
<use>1</use>
<logicalDatatype>LOGDT024</logicalDatatype>
<dataTypeSize>60</dataTypeSize>
<ownDataTypeParameters>60,,</ownDataTypeParameters>
<previousColumn>false</previousColumn>
</Column>
<Column name="stud_address" id="6A0F3B04-7DD1-F7EB-3EB5-5827741E3433">
<createdBy>Marin F</createdBy>
<createdTime>2011-08-27 05:58:45 UTC</createdTime>
<generatorID>17FE611D-91C2-E53A-33E3-80D10CC74C34</generatorID>
<ownerDesignName>univ_info_sys_2</ownerDesignName>
<nullsAllowed>true</nullsAllowed>
<useDomainConstraints>false</useDomainConstraints>
<use>1</use>
<logicalDatatype>LOGDT024</logicalDatatype>
<dataTypeSize>100 CHAR</dataTypeSize>
<ownDataTypeParameters>100 CHAR,,</ownDataTypeParameters>
<previousColumn>false</previousColumn>
</Column>
<Column name="stud_phone" id="5523492A-B4CA-FBA9-3A59-B12440ACD4EE">
<createdBy>Marin F</createdBy>
<createdTime>2011-08-27 05:58:45 UTC</createdTime>
<generatorID>BD9B2873-DA17-3F3B-08B3-81052BB043EC</generatorID>
<ownerDesignName>univ_info_sys_2</ownerDesignName>
<nullsAllowed>true</nullsAllowed>
<useDomainConstraints>false</useDomainConstraints>
<use>1</use>
<logicalDatatype>LOGDT024</logicalDatatype>
<dataTypeSize>30</dataTypeSize>
<ownDataTypeParameters>30,,</ownDataTypeParameters>
<previousColumn>false</previousColumn>
</Column>
<Column name="stud_email" id="AB3D877A-3D85-9B39-1C41-647B0EF22218">
<createdBy>Marin F</createdBy>
<createdTime>2011-08-27 05:58:45 UTC</createdTime>
<generatorID>A5BC174C-1336-3AC4-F47E-889416F53A94</generatorID>
<ownerDesignName>univ_info_sys_2</ownerDesignName>
<nullsAllowed>true</nullsAllowed>
<useDomainConstraints>false</useDomainConstraints>
<use>1</use>
<logicalDatatype>LOGDT024</logicalDatatype>
<dataTypeSize>60</dataTypeSize>
<ownDataTypeParameters>60,,</ownDataTypeParameters>
<previousColumn>false</previousColumn>
</Column>
<Column name="national_pers_code" id="DE909C51-1727-E54D-7CB1-61225B3C7242">
<createdBy>Marin F</createdBy>
<createdTime>2011-08-27 05:58:45 UTC</createdTime>
<generatorID>E11466CE-9390-266B-767D-DE993F81BCAC</generatorID>
<ownerDesignName>univ_info_sys_2</ownerDesignName>
<nullsAllowed>true</nullsAllowed>
<useDomainConstraints>false</useDomainConstraints>
<use>1</use>
<logicalDatatype>LOGDT024</logicalDatatype>
<dataTypeSize>15</dataTypeSize>
<ownDataTypeParameters>15,,</ownDataTypeParameters>
<previousColumn>false</previousColumn>
</Column>
<Column name="stud_genre" id="CE81B3FA-CADE-3618-2A4D-00AE767670F7">
<createdBy>Marin F</createdBy>
<createdTime>2011-08-27 05:58:45 UTC</createdTime>
<generatorID>30FAA6EC-F40A-10CC-EACE-FDCD458C4A83</generatorID>
<ownerDesignName>univ_info_sys_2</ownerDesignName>
<useDomainConstraints>false</useDomainConstraints>
<use>1</use>
<logicalDatatype>LOGDT025</logicalDatatype>
<dataTypeSize>1</dataTypeSize>
<ownDataTypeParameters>1,,</ownDataTypeParameters>
<previousColumn>false</previousColumn>
</Column>
<Column name="study_level" id="315DBCD9-8FA4-5C4D-A519-ECA4DB1F5F2D">
<createdBy>Marin F</createdBy>
<createdTime>2011-08-27 05:58:45 UTC</createdTime>
<generatorID>C887B6A6-CAB8-4BA6-8114-10A8C8A69ABB</generatorID>
<ownerDesignName>univ_info_sys_2</ownerDesignName>
<useDomainConstraints>false</useDomainConstraints>
<use>1</use>
<logicalDatatype>LOGDT018</logicalDatatype>
<ownDataTypeParameters>,,</ownDataTypeParameters>
<previousColumn>false</previousColumn>
<listOfRanges>
<rangeDef class="oracle.dbtools.crest.model.design.constraint.AVT">
<beginValue>1</beginValue>
<endValue>3</endValue>
<description>cele trei cicluri Bologna</description>
</rangeDef>
</listOfRanges>
</Column>
<Column name="study_year" id="DADD96A7-B7C2-D88A-9C0D-41F9CEDB37D5">
<createdBy>Marin F</createdBy>
<createdTime>2011-08-27 05:58:45 UTC</createdTime>
<generatorID>7E728E2E-0BCB-A513-5E72-9C83956B1F6E</generatorID>
<ownerDesignName>univ_info_sys_2</ownerDesignName>
<useDomainConstraints>false</useDomainConstraints>
<use>1</use>
<logicalDatatype>LOGDT018</logicalDatatype>
<defaultValue>1</defaultValue>
<ownDataTypeParameters>,,</ownDataTypeParameters>
<previousColumn>false</previousColumn>
<listOfRanges>
<rangeDef class="oracle.dbtools.crest.model.design.constraint.AVT">
<beginValue>1</beginValue>
<endValue>3</endValue>
</rangeDef>
</listOfRanges>
</Column>
<Column name="course_attendance" id="7624CC8A-9B28-B0E0-7CBF-E10E602764C8">
<createdBy>Marin F</createdBy>
<createdTime>2011-08-27 05:58:45 UTC</createdTime>
<generatorID>46AD0CE0-3753-9F91-0AD2-5DD0FA60372B</generatorID>
<ownerDesignName>univ_info_sys_2</ownerDesignName>
<useDomainConstraints>false</useDomainConstraints>
<use>1</use>
<logicalDatatype>LOGDT024</logicalDatatype>
<dataTypeSize>2</dataTypeSize>
<ownDataTypeParameters>2,,</ownDataTypeParameters>
<previousColumn>false</previousColumn>
</Column>
<Column name="spec_or_module" id="5A43899D-96F8-CD8A-DE4E-2FB73D8F484B">
<createdBy>Marin F</createdBy>
<createdTime>2011-08-27 05:58:45 UTC</createdTime>
<generatorID>F41209FB-9468-28C8-FC5C-6809CD39E269</generatorID>
<ownerDesignName>univ_info_sys_2</ownerDesignName>
<useDomainConstraints>false</useDomainConstraints>
<use>1</use>
<logicalDatatype>LOGDT024</logicalDatatype>
<dataTypeSize>10</dataTypeSize>
<ownDataTypeParameters>10,,</ownDataTypeParameters>
<previousColumn>false</previousColumn>
</Column>
<Column name="lecture_group" id="4AC9155F-02C4-C9EB-C0D7-AE274B638EB0">
<createdBy>Marin F</createdBy>
<createdTime>2011-08-27 05:58:45 UTC</createdTime>
<generatorID>16DACA6E-F396-48B6-FB41-EFE04A0D9B0A</generatorID>
<ownerDesignName>univ_info_sys_2</ownerDesignName>
<useDomainConstraints>false</useDomainConstraints>
<use>1</use>
<logicalDatatype>LOGDT018</logicalDatatype>
<ownDataTypeParameters>,,</ownDataTypeParameters>
<previousColumn>false</previousColumn>
<listOfRanges>
<rangeDef class="oracle.dbtools.crest.model.design.constraint.AVT">
<beginValue>1</beginValue>
<endValue>20</endValue>
</rangeDef>
</listOfRanges>
</Column>
<Column name="labs_group" id="E398CA06-A04F-B285-9D2A-27D563FB26C4">
<createdBy>Marin F</createdBy>
<createdTime>2011-08-27 05:58:45 UTC</createdTime>
<generatorID>3324A338-0EF4-25E8-192F-97DB75692FED</generatorID>
<ownerDesignName>univ_info_sys_2</ownerDesignName>
<useDomainConstraints>false</useDomainConstraints>
<use>1</use>
<logicalDatatype>LOGDT018</logicalDatatype>
<ownDataTypeParameters>,,</ownDataTypeParameters>
<previousColumn>false</previousColumn>
<listOfRanges>
<rangeDef class="oracle.dbtools.crest.model.design.constraint.AVT">
<beginValue>1</beginValue>
<endValue>150</endValue>
</rangeDef>
</listOfRanges>
</Column>
<Column name="code" id="F0E97353-76E4-E4A7-EAB5-E50F14C383D3">
<createdBy>Marin F</createdBy>
<createdTime>2011-08-27 05:58:45 UTC</createdTime>
<generatorID>36B12DA8-DE1E-1A9A-6C33-70EBD2C898DD</generatorID>
<ownerDesignName>univ_info_sys_2</ownerDesignName>
<nullsAllowed>true</nullsAllowed>
<useDomainConstraints>false</useDomainConstraints>
<use>1</use>
<logicalDatatype>LOGDT024</logicalDatatype>
<dataTypeSize>10</dataTypeSize>
<ownDataTypeParameters>10,,</ownDataTypeParameters>
<previousColumn>false</previousColumn>
<associations>
<colAssociation fkAssociation="180866E2-2029-5CDA-3377-0B5EE85B4994" referredColumn="C4A60C0F-C075-4329-1B72-1620D303388C"/>
</associations>
</Column>
</columns>
<indexes itemClass="oracle.dbtools.crest.model.design.relational.Index">
<ind_PK_UK id="363ED973-BC7A-9CAB-4B67-415ABEFD986B" name="students__pkv1">
<createdBy>Marin F</createdBy>
<createdTime>2011-08-27 05:58:45 UTC</createdTime>
<generatorID>8EB3DA33-5C32-DD1F-0334-D8D2EAE23FF5</generatorID>
<ownerDesignName>univ_info_sys_2</ownerDesignName>
<pk>true</pk>
<indexState>Primary Constraint</indexState>
<indexColumnUsage>
<colUsage columnID="E273940B-A29E-3666-7580-C8DFBE631582"/>
</indexColumnUsage>
</ind_PK_UK>
<ind_PK_UK id="3B2343F7-E43D-BDD7-F136-7D29CD01534F" name="is_awarded">
<createdBy>Marin F</createdBy>
<createdTime>2011-08-27 05:58:45 UTC</createdTime>
<generatorID>E8717697-8BF2-E190-8BC4-A364A5723280</generatorID>
<ownerDesignName>univ_info_sys_2</ownerDesignName>
<indexState>Foreign Key</indexState>
<indexColumnUsage>
<colUsage columnID="F0E97353-76E4-E4A7-EAB5-E50F14C383D3"/>
</indexColumnUsage>
</ind_PK_UK>
<ind_PK_UK id="8E2003CB-EF8B-F452-BE94-91827A9102DB" name="is_person_">
<createdBy>admin</createdBy>
<createdTime>2015-10-26 06:49:25 UTC</createdTime>
<generatorID>52910993-8BD7-3864-4ECF-92B0431E78FC</generatorID>
<ownerDesignName>univ_info_sys_2</ownerDesignName>
<indexState>Foreign Key</indexState>
<isSurrogateKey>false</isSurrogateKey>
<indexColumnUsage>
<colUsage columnID="99FCEE65-B7CC-CEC0-E8D6-D12F6CB45C63"/>
</indexColumnUsage>
</ind_PK_UK>
</indexes>
</Table>