<?xml version = '1.0' encoding = 'UTF-8'?>
<Table class="oracle.dbtools.crest.model.design.relational.Table" directorySegmentName="seg_0" id="2893CFF1-4322-2B88-22AE-5DB299E50ECD" name="final_grade">
<createdBy>Marin F</createdBy>
<createdTime>2011-08-27 05:58:45 UTC</createdTime>
<generatorID>A7393D13-AFD4-6C9E-10AA-E292027E4471</generatorID>
<ownerDesignName>univ_info_sys_2</ownerDesignName>
<parsed>true</parsed>
<columns itemClass="oracle.dbtools.crest.model.design.relational.Column">
<Column name="grade" id="D28EB79D-0F03-4663-644A-25D67DEA8268">
<createdBy>Marin F</createdBy>
<createdTime>2011-08-27 05:58:45 UTC</createdTime>
<generatorID>33C309D2-96E9-D65E-BE77-286B63E2E0A2</generatorID>
<ownerDesignName>univ_info_sys_2</ownerDesignName>
<useDomainConstraints>false</useDomainConstraints>
<use>1</use>
<logicalDatatype>LOGDT019</logicalDatatype>
<dataTypePrecision>4</dataTypePrecision>
<dataTypeScale>2</dataTypeScale>
<ownDataTypeParameters>,4,2</ownDataTypeParameters>
<previousColumn>false</previousColumn>
<listOfRanges>
<rangeDef class="oracle.dbtools.crest.model.design.constraint.AVT">
<beginValue>0</beginValue>
<endValue>10</endValue>
</rangeDef>
</listOfRanges>
</Column>
<Column name="stud_code" id="74C9D0A6-9A75-01CB-3633-99B4CCF3F7E8">
<createdBy>Marin F</createdBy>
<createdTime>2011-08-27 05:58:45 UTC</createdTime>
<generatorID>1926FAD4-5798-FFA0-07E8-BD2DA0D29AB9</generatorID>
<ownerDesignName>univ_info_sys_2</ownerDesignName>
<useDomainConstraints>false</useDomainConstraints>
<use>1</use>
<logicalDatatype>LOGDT024</logicalDatatype>
<dataTypeSize>18</dataTypeSize>
<ownDataTypeParameters>18,,</ownDataTypeParameters>
<previousColumn>false</previousColumn>
<associations>
<colAssociation fkAssociation="E9FD24A7-6960-676E-328F-21B7118B2DCC" referredColumn="E273940B-A29E-3666-7580-C8DFBE631582"/>
</associations>
</Column>
<Column name="exam_id" id="ED175F7F-90DB-EA22-B2DE-34F91224B087">
<createdBy>admin</createdBy>
<createdTime>2015-10-26 06:49:25 UTC</createdTime>
<generatorID>484D7384-67C6-5C27-652F-970F466E4AD0</generatorID>
<ownerDesignName>univ_info_sys_2</ownerDesignName>
<useDomainConstraints>false</useDomainConstraints>
<use>1</use>
<logicalDatatype>LOGDT011</logicalDatatype>
<ownDataTypeParameters>,,</ownDataTypeParameters>
<previousColumn>false</previousColumn>
<autoIncrementCycle>false</autoIncrementCycle>
<associations>
<colAssociation fkAssociation="6A53B375-5225-22B9-9B69-CE9CC050FCB3" referredColumn="ECEB4B15-47C7-6B0C-4A13-BEEB58220199"/>
</associations>
</Column>
<Column name="comments" id="5D4EAF5F-8D3B-EC4E-C4B2-CF4C2DB9D793">
<createdBy>admin</createdBy>
<createdTime>2015-10-26 06:49:25 UTC</createdTime>
<generatorID>10E776A0-B7EC-D433-50BA-8BCF227B2159</generatorID>
<ownerDesignName>univ_info_sys_2</ownerDesignName>
<nullsAllowed>true</nullsAllowed>
<useDomainConstraints>false</useDomainConstraints>
<use>1</use>
<logicalDatatype>LOGDT037</logicalDatatype>
<dataTypeSize>50</dataTypeSize>
<ownDataTypeParameters>50,,</ownDataTypeParameters>
<autoIncrementCycle>false</autoIncrementCycle>
</Column>
<Column name="exam_date" id="23B1D282-33A6-8EDF-5A1D-D95D5EB0C357">
<createdBy>Marin F</createdBy>
<createdTime>2011-08-27 05:58:45 UTC</createdTime>
<generatorID>831302D9-E0D6-388E-FB28-F903317D4F14</generatorID>
<ownerDesignName>univ_info_sys_2</ownerDesignName>
<useDomainConstraints>false</useDomainConstraints>
<use>1</use>
<logicalDatatype>LOGDT007</logicalDatatype>
<ownDataTypeParameters>,,</ownDataTypeParameters>
<previousColumn>false</previousColumn>
</Column>
<Column name="course_code" id="1BBCB5A1-2A8F-D9B7-897F-652F16F0A4E8">
<createdBy>Marin F</createdBy>
<createdTime>2011-08-27 05:58:45 UTC</createdTime>
<generatorID>285FA0E2-F8FD-B37E-1BC4-A51A21899B01</generatorID>
<ownerDesignName>univ_info_sys_2</ownerDesignName>
<useDomainConstraints>false</useDomainConstraints>
<use>1</use>
<logicalDatatype>LOGDT024</logicalDatatype>
<dataTypeSize>6</dataTypeSize>
<ownDataTypeParameters>6,,</ownDataTypeParameters>
<previousColumn>false</previousColumn>
<associations>
<colAssociation fkAssociation="7040A25D-049E-337F-C721-89FBAF738389" referredColumn="88205754-A367-72C5-4B78-57EB3B512FB1"/>
</associations>
</Column>
</columns>
<indexes itemClass="oracle.dbtools.crest.model.design.relational.Index">
<ind_PK_UK id="05976140-98CE-45F4-240F-7202A6DE5570" name="exams__pk">
<createdBy>Marin F</createdBy>
<createdTime>2011-08-27 05:58:45 UTC</createdTime>
<generatorID>521483B6-4F9D-3C77-3835-0451CDB8CB54</generatorID>
<ownerDesignName>univ_info_sys_2</ownerDesignName>
<pk>true</pk>
<indexState>Primary Constraint</indexState>
<indexColumnUsage>
<colUsage columnID="74C9D0A6-9A75-01CB-3633-99B4CCF3F7E8"/>
<colUsage columnID="ED175F7F-90DB-EA22-B2DE-34F91224B087"/>
</indexColumnUsage>
</ind_PK_UK>
<ind_PK_UK id="EB484779-D832-D9A3-0DD1-606F38D49BA9" name="was_got_by">
<createdBy>Marin F</createdBy>
<createdTime>2011-08-27 05:58:45 UTC</createdTime>
<generatorID>68EEADA6-8520-8FA8-C56F-8C6595E2B80A</generatorID>
<ownerDesignName>univ_info_sys_2</ownerDesignName>
<indexState>Foreign Key</indexState>
<indexColumnUsage>
<colUsage columnID="74C9D0A6-9A75-01CB-3633-99B4CCF3F7E8"/>
</indexColumnUsage>
</ind_PK_UK>
<ind_PK_UK id="46B6B3A1-9E05-0A95-0E69-2A6CCCA86809" name="is_organized_for">
<createdBy>Marin F</createdBy>
<createdTime>2011-08-27 05:58:45 UTC</createdTime>
<generatorID>C9D726A4-7792-4015-57F4-185A47FFC8F3</generatorID>
<ownerDesignName>univ_info_sys_2</ownerDesignName>
<indexState>Foreign Key</indexState>
<indexColumnUsage>
<colUsage columnID="1BBCB5A1-2A8F-D9B7-897F-652F16F0A4E8"/>
</indexColumnUsage>
</ind_PK_UK>
<ind_PK_UK id="E492081E-ADBC-56CB-030C-80BC55207089" name="was_got_at_">
<createdBy>admin</createdBy>
<createdTime>2015-10-26 06:49:25 UTC</createdTime>
<generatorID>295607FA-52BE-E93C-3736-DC16F668F988</generatorID>
<ownerDesignName>univ_info_sys_2</ownerDesignName>
<indexState>Foreign Key</indexState>
<isSurrogateKey>false</isSurrogateKey>
<indexColumnUsage>
<colUsage columnID="ED175F7F-90DB-EA22-B2DE-34F91224B087"/>
</indexColumnUsage>
</ind_PK_UK>
</indexes>
</Table>