<?xml version = '1.0' encoding = 'UTF-8'?>
<Table class="oracle.dbtools.crest.model.design.relational.Table" directorySegmentName="seg_0" id="332DDD7D-50AB-45CA-B15E-289813DB29B1" name="course_credit_history">
<createdBy>admin</createdBy>
<createdTime>2015-10-26 06:49:25 UTC</createdTime>
<generatorID>BB729FFE-6ADC-EF0D-9D4F-7D839D6FFFBE</generatorID>
<ownerDesignName>univ_info_sys_2</ownerDesignName>
<existDependencyGenerateInDDl>true</existDependencyGenerateInDDl>
<parsed>true</parsed>
<columns itemClass="oracle.dbtools.crest.model.design.relational.Column">
<Column name="n_of_credits" id="3A7589B2-805E-CD5A-54AD-78AF3EB15604">
<createdBy>admin</createdBy>
<createdTime>2015-10-26 06:49:25 UTC</createdTime>
<generatorID>4BE331CA-8683-8A51-7861-F14A4C07FC3C</generatorID>
<ownerDesignName>univ_info_sys_2</ownerDesignName>
<useDomainConstraints>false</useDomainConstraints>
<use>1</use>
<logicalDatatype>LOGDT019</logicalDatatype>
<dataTypePrecision>2</dataTypePrecision>
<ownDataTypeParameters>,2,</ownDataTypeParameters>
<autoIncrementCycle>false</autoIncrementCycle>
</Column>
<Column name="main_study_group_group_id" id="63F30847-9344-DFB7-7CFD-F208E290874C">
<createdBy>admin</createdBy>
<createdTime>2015-10-26 06:49:43 UTC</createdTime>
<generatorID>1F49DD61-B45B-6CA5-9174-6947ED3BFCBA</generatorID>
<ownerDesignName>univ_info_sys_2</ownerDesignName>
<useDomainConstraints>false</useDomainConstraints>
<use>1</use>
<logicalDatatype>LOGDT011</logicalDatatype>
<ownDataTypeParameters>,,</ownDataTypeParameters>
<previousColumn>false</previousColumn>
<autoIncrementCycle>false</autoIncrementCycle>
<associations>
<colAssociation fkAssociation="01CFD6CA-1E32-AB14-35C8-0E86E8AD1F00" referredColumn="7B6052B2-58DA-D27A-2006-8DECFEC8BBB8"/>
</associations>
</Column>
<Column name="course_course_code" id="0C5B334E-5A44-400B-E8A1-62C7ECEB0BA7">
<createdBy>admin</createdBy>
<createdTime>2015-10-26 06:49:43 UTC</createdTime>
<generatorID>8B1316C2-3C7D-8318-2577-435B196E6E35</generatorID>
<ownerDesignName>univ_info_sys_2</ownerDesignName>
<useDomainConstraints>false</useDomainConstraints>
<use>1</use>
<logicalDatatype>LOGDT024</logicalDatatype>
<dataTypeSize>10</dataTypeSize>
<ownDataTypeParameters>10,,</ownDataTypeParameters>
<previousColumn>false</previousColumn>
<autoIncrementCycle>false</autoIncrementCycle>
</Column>
<Column name="comments" id="85CF8194-E660-37DF-D85D-31ACBCD81B9B">
<createdBy>admin</createdBy>
<createdTime>2015-10-26 06:49:25 UTC</createdTime>
<generatorID>42009CCC-54A9-1512-8810-38B6CB97CA0E</generatorID>
<ownerDesignName>univ_info_sys_2</ownerDesignName>
<nullsAllowed>true</nullsAllowed>
<useDomainConstraints>false</useDomainConstraints>
<use>1</use>
<logicalDatatype>LOGDT037</logicalDatatype>
<dataTypeSize>50</dataTypeSize>
<ownDataTypeParameters>50,,</ownDataTypeParameters>
<autoIncrementCycle>false</autoIncrementCycle>
</Column>
<Column name="course_course_code" id="B786264D-E1B5-D4A3-8C48-98104767AB1F">
<createdBy>admin</createdBy>
<createdTime>2015-10-26 06:49:25 UTC</createdTime>
<ownerDesignName>univ_info_sys_2</ownerDesignName>
<useDomainConstraints>false</useDomainConstraints>
<use>1</use>
<logicalDatatype>LOGDT024</logicalDatatype>
<dataTypeSize>10</dataTypeSize>
<ownDataTypeParameters>10,,</ownDataTypeParameters>
<previousColumn>false</previousColumn>
<autoIncrementCycle>false</autoIncrementCycle>
<associations>
<colAssociation fkAssociation="D7EE8FEF-8461-1096-6061-47186D49B2E3" referredColumn="88205754-A367-72C5-4B78-57EB3B512FB1"/>
</associations>
</Column>
</columns>
<indexes itemClass="oracle.dbtools.crest.model.design.relational.Index">
<ind_PK_UK id="88761850-338B-0218-829D-9AFDD84971C0" name="course_credit_history_PK">
<createdBy>admin</createdBy>
<createdTime>2015-10-26 06:49:25 UTC</createdTime>
<generatorID>D3F06223-C372-677D-D7A0-85404C1625D2</generatorID>
<ownerDesignName>univ_info_sys_2</ownerDesignName>
<pk>true</pk>
<indexState>Primary Constraint</indexState>
<isSurrogateKey>false</isSurrogateKey>
<indexColumnUsage>
<colUsage columnID="63F30847-9344-DFB7-7CFD-F208E290874C"/>
<colUsage columnID="0C5B334E-5A44-400B-E8A1-62C7ECEB0BA7"/>
</indexColumnUsage>
</ind_PK_UK>
<ind_PK_UK id="DF4A2442-B449-A758-E489-3B8BF9EE3ABE" name="is_abour_course_">
<createdBy>admin</createdBy>
<createdTime>2015-10-26 06:49:25 UTC</createdTime>
<generatorID>0349CEAC-492D-9A6D-E9C0-48C08B2D0A1B</generatorID>
<ownerDesignName>univ_info_sys_2</ownerDesignName>
<indexState>Foreign Key</indexState>
<isSurrogateKey>false</isSurrogateKey>
<indexColumnUsage>
<colUsage columnID="B786264D-E1B5-D4A3-8C48-98104767AB1F"/>
</indexColumnUsage>
</ind_PK_UK>
<ind_PK_UK id="C2416456-41E0-877A-AA4E-F8F5F23ECE00" name="valid_for_sg">
<createdBy>admin</createdBy>
<createdTime>2015-10-26 06:49:25 UTC</createdTime>
<generatorID>158D50A7-5492-92E6-AA66-B64E22182327</generatorID>
<ownerDesignName>univ_info_sys_2</ownerDesignName>
<indexState>Foreign Key</indexState>
<isSurrogateKey>false</isSurrogateKey>
<indexColumnUsage>
<colUsage columnID="63F30847-9344-DFB7-7CFD-F208E290874C"/>
</indexColumnUsage>
</ind_PK_UK>
</indexes>
</Table>