<?xml version = '1.0' encoding = 'UTF-8'?>
<Table class="oracle.dbtools.crest.model.design.relational.Table" directorySegmentName="seg_0" id="380FC5E3-2F00-A78F-76B2-F07E54A197DD" name="exam">
<createdBy>admin</createdBy>
<createdTime>2015-10-26 06:49:25 UTC</createdTime>
<generatorID>F6C4F527-D42E-0F7E-5072-D8203332D1F8</generatorID>
<ownerDesignName>univ_info_sys_2</ownerDesignName>
<existDependencyGenerateInDDl>true</existDependencyGenerateInDDl>
<parsed>true</parsed>
<columns itemClass="oracle.dbtools.crest.model.design.relational.Column">
<Column name="id" id="ECEB4B15-47C7-6B0C-4A13-BEEB58220199">
<createdBy>admin</createdBy>
<createdTime>2015-10-26 06:49:25 UTC</createdTime>
<generatorID>65176E57-FA8A-0075-A989-453255D5F668</generatorID>
<ownerDesignName>univ_info_sys_2</ownerDesignName>
<useDomainConstraints>false</useDomainConstraints>
<use>1</use>
<logicalDatatype>LOGDT011</logicalDatatype>
<ownDataTypeParameters>,,</ownDataTypeParameters>
<autoIncrementCycle>false</autoIncrementCycle>
</Column>
<Column name="date" id="1B8756D7-56CE-5C7F-7BC3-1954D64FF248">
<createdBy>admin</createdBy>
<createdTime>2015-10-26 06:49:25 UTC</createdTime>
<generatorID>61EB1151-4226-2F90-2D20-466C678A8E3E</generatorID>
<ownerDesignName>univ_info_sys_2</ownerDesignName>
<nullsAllowed>true</nullsAllowed>
<useDomainConstraints>false</useDomainConstraints>
<use>1</use>
<logicalDatatype>LOGDT047</logicalDatatype>
<ownDataTypeParameters>,,</ownDataTypeParameters>
<autoIncrementCycle>false</autoIncrementCycle>
</Column>
<Column name="room" id="7D4AB76B-C6B7-E19D-8289-5272CA0C2B38">
<createdBy>admin</createdBy>
<createdTime>2015-10-26 06:49:25 UTC</createdTime>
<generatorID>1362BA75-5297-5311-7259-61C8833B9E4E</generatorID>
<ownerDesignName>univ_info_sys_2</ownerDesignName>
<nullsAllowed>true</nullsAllowed>
<useDomainConstraints>false</useDomainConstraints>
<use>1</use>
<logicalDatatype>LOGDT024</logicalDatatype>
<dataTypeSize>50</dataTypeSize>
<ownDataTypeParameters>50,,</ownDataTypeParameters>
<autoIncrementCycle>false</autoIncrementCycle>
</Column>
<Column name="lecture_lecture_group" id="9886E0A4-CEED-AC4C-9A70-328C34CBAA90">
<createdBy>admin</createdBy>
<createdTime>2015-10-26 06:49:43 UTC</createdTime>
<generatorID>83BC26B1-6192-E5FC-A42B-55035E5BEC61</generatorID>
<ownerDesignName>univ_info_sys_2</ownerDesignName>
<useDomainConstraints>false</useDomainConstraints>
<use>1</use>
<logicalDatatype>LOGDT018</logicalDatatype>
<ownDataTypeParameters>,,</ownDataTypeParameters>
<previousColumn>false</previousColumn>
<autoIncrementCycle>false</autoIncrementCycle>
</Column>
<Column name="lecture_lecture_group" id="435D80C2-7BD9-6FF1-8ECD-DF1D80594A7F">
<createdBy>admin</createdBy>
<createdTime>2015-10-26 06:49:25 UTC</createdTime>
<ownerDesignName>univ_info_sys_2</ownerDesignName>
<useDomainConstraints>false</useDomainConstraints>
<use>1</use>
<logicalDatatype>LOGDT018</logicalDatatype>
<ownDataTypeParameters>,,</ownDataTypeParameters>
<previousColumn>false</previousColumn>
<autoIncrementCycle>false</autoIncrementCycle>
<associations>
<colAssociation fkAssociation="3EE994C2-9426-2C6C-14E1-EC5BB8910B31" referredColumn="25662094-18AC-83EB-3D60-11F7BDB75238"/>
</associations>
</Column>
</columns>
<indexes itemClass="oracle.dbtools.crest.model.design.relational.Index">
<ind_PK_UK id="BB8D508B-5100-1B5D-DA03-60879B696F91" name="exam_PK">
<createdBy>admin</createdBy>
<createdTime>2015-10-26 06:49:25 UTC</createdTime>
<generatorID>28238D97-6FBC-6D28-8AC4-1BAFDD383D9A</generatorID>
<ownerDesignName>univ_info_sys_2</ownerDesignName>
<pk>true</pk>
<indexState>Primary Constraint</indexState>
<isSurrogateKey>false</isSurrogateKey>
<indexColumnUsage>
<colUsage columnID="ECEB4B15-47C7-6B0C-4A13-BEEB58220199"/>
</indexColumnUsage>
</ind_PK_UK>
<ind_PK_UK id="E65F6909-851B-780E-EC28-C4E6B433ACF4" name="assesses_for">
<createdBy>admin</createdBy>
<createdTime>2015-10-26 06:49:25 UTC</createdTime>
<generatorID>970DCD1F-AC7E-F1A5-B3DD-421344F97684</generatorID>
<ownerDesignName>univ_info_sys_2</ownerDesignName>
<indexState>Foreign Key</indexState>
<isSurrogateKey>false</isSurrogateKey>
<indexColumnUsage>
<colUsage columnID="435D80C2-7BD9-6FF1-8ECD-DF1D80594A7F"/>
</indexColumnUsage>
</ind_PK_UK>
</indexes>
</Table>