<?xml version = '1.0' encoding = 'UTF-8'?>
<Table class="oracle.dbtools.crest.model.design.relational.Table" directorySegmentName="seg_0" id="57585D37-17AF-0EA5-D36D-98588F60DD41" name="academic_holiday">
<createdBy>admin</createdBy>
<createdTime>2015-10-26 06:49:25 UTC</createdTime>
<generatorID>CFD7AA03-F645-1C47-C54F-649B4097B68C</generatorID>
<ownerDesignName>univ_info_sys_2</ownerDesignName>
<existDependencyGenerateInDDl>true</existDependencyGenerateInDDl>
<parsed>true</parsed>
<columns itemClass="oracle.dbtools.crest.model.design.relational.Column">
<Column name="from" id="2DC41499-9DA6-51BD-C012-04F2FA404732">
<createdBy>admin</createdBy>
<createdTime>2015-10-26 06:49:25 UTC</createdTime>
<generatorID>6BB2BAEA-D736-3C8F-320F-2F42BAD37362</generatorID>
<ownerDesignName>univ_info_sys_2</ownerDesignName>
<useDomainConstraints>false</useDomainConstraints>
<use>1</use>
<logicalDatatype>LOGDT007</logicalDatatype>
<ownDataTypeParameters>,,</ownDataTypeParameters>
<autoIncrementCycle>false</autoIncrementCycle>
</Column>
<Column name="until" id="3CC0A3A6-510D-4ADB-B087-E21B7E196639">
<createdBy>admin</createdBy>
<createdTime>2015-10-26 06:49:25 UTC</createdTime>
<generatorID>7B02D8AF-064C-1417-FA74-4E98F6EB0741</generatorID>
<ownerDesignName>univ_info_sys_2</ownerDesignName>
<useDomainConstraints>false</useDomainConstraints>
<use>1</use>
<logicalDatatype>LOGDT007</logicalDatatype>
<ownDataTypeParameters>,,</ownDataTypeParameters>
<autoIncrementCycle>false</autoIncrementCycle>
</Column>
<Column name="name" id="2DF72B1E-223F-856C-6D96-ADF79AD8E3EC">
<createdBy>admin</createdBy>
<createdTime>2015-10-26 06:49:25 UTC</createdTime>
<generatorID>21E0CE5A-8639-58CB-AEAF-AE7FAC4A168C</generatorID>
<ownerDesignName>univ_info_sys_2</ownerDesignName>
<nullsAllowed>true</nullsAllowed>
<useDomainConstraints>false</useDomainConstraints>
<use>1</use>
<ownDataTypeParameters>,,</ownDataTypeParameters>
<autoIncrementCycle>false</autoIncrementCycle>
</Column>
<Column name="academic_year_name" id="D0218FDF-5756-736C-17A8-E4C271BF46AD">
<createdBy>admin</createdBy>
<createdTime>2015-10-26 06:49:43 UTC</createdTime>
<comment>values like &apos;2015-2016&apos;</comment>
<generatorID>AB9C29EB-3AB7-E5F6-316B-0035B34A6408</generatorID>
<ownerDesignName>univ_info_sys_2</ownerDesignName>
<useDomainConstraints>false</useDomainConstraints>
<use>1</use>
<logicalDatatype>LOGDT024</logicalDatatype>
<dataTypeSize>10</dataTypeSize>
<ownDataTypeParameters>10,,</ownDataTypeParameters>
<previousColumn>false</previousColumn>
<autoIncrementCycle>false</autoIncrementCycle>
<associations>
<colAssociation fkAssociation="BCEE53B0-D08B-E263-E26E-D10235536FC8" referredColumn="A90A841C-7D1D-1A9F-6CF8-0D327C641DB5"/>
</associations>
</Column>
</columns>
<indexes itemClass="oracle.dbtools.crest.model.design.relational.Index">
<ind_PK_UK id="64C7D4F4-4B93-B232-CBBB-08C332831638" name="academic_holiday_PK">
<createdBy>admin</createdBy>
<createdTime>2015-10-26 06:49:25 UTC</createdTime>
<generatorID>DEE74E84-0A71-257F-8B3A-AB67109AB20F</generatorID>
<ownerDesignName>univ_info_sys_2</ownerDesignName>
<pk>true</pk>
<indexState>Primary Constraint</indexState>
<isSurrogateKey>false</isSurrogateKey>
<indexColumnUsage>
<colUsage columnID="2DC41499-9DA6-51BD-C012-04F2FA404732"/>
<colUsage columnID="3CC0A3A6-510D-4ADB-B087-E21B7E196639"/>
</indexColumnUsage>
</ind_PK_UK>
<ind_PK_UK id="C3D3E1B1-47DA-4251-2F19-448B2CF1BDB4" name="declared_for_">
<createdBy>admin</createdBy>
<createdTime>2015-10-26 06:49:25 UTC</createdTime>
<generatorID>420089AF-5E49-C5E6-C9E4-FFA467576D46</generatorID>
<ownerDesignName>univ_info_sys_2</ownerDesignName>
<indexState>Foreign Key</indexState>
<isSurrogateKey>false</isSurrogateKey>
<indexColumnUsage>
<colUsage columnID="D0218FDF-5756-736C-17A8-E4C271BF46AD"/>
</indexColumnUsage>
</ind_PK_UK>
</indexes>
</Table>