<?xml version = '1.0' encoding = 'UTF-8'?>
<Table class="oracle.dbtools.crest.model.design.relational.Table" directorySegmentName="seg_0" id="5B2443AB-C0F1-2F9D-CF2E-653F48EE3D38" name="main_study_group">
<createdBy>admin</createdBy>
<createdTime>2015-10-26 06:49:25 UTC</createdTime>
<generatorID>8C16992C-CD75-A137-B770-956F23DA85EF</generatorID>
<ownerDesignName>univ_info_sys_2</ownerDesignName>
<existDependencyGenerateInDDl>true</existDependencyGenerateInDDl>
<parsed>true</parsed>
<columns itemClass="oracle.dbtools.crest.model.design.relational.Column">
<Column name="group_id" id="7B6052B2-58DA-D27A-2006-8DECFEC8BBB8">
<createdBy>admin</createdBy>
<createdTime>2015-10-26 06:49:25 UTC</createdTime>
<generatorID>4A71919C-AE38-B776-C524-D23F9F36D97F</generatorID>
<ownerDesignName>univ_info_sys_2</ownerDesignName>
<useDomainConstraints>false</useDomainConstraints>
<use>1</use>
<logicalDatatype>LOGDT011</logicalDatatype>
<ownDataTypeParameters>,,</ownDataTypeParameters>
<autoIncrementCycle>false</autoIncrementCycle>
</Column>
<Column name="group_abbrev" id="5B7C8FA3-06E0-96CB-ED31-4FEEA6991D90">
<createdBy>admin</createdBy>
<createdTime>2015-10-26 06:49:25 UTC</createdTime>
<generatorID>FAFA347E-7D49-CE0A-4239-4EBE33AB5CE6</generatorID>
<ownerDesignName>univ_info_sys_2</ownerDesignName>
<nullsAllowed>true</nullsAllowed>
<useDomainConstraints>false</useDomainConstraints>
<use>1</use>
<logicalDatatype>LOGDT037</logicalDatatype>
<dataTypeSize>30</dataTypeSize>
<ownDataTypeParameters>30,,</ownDataTypeParameters>
<autoIncrementCycle>false</autoIncrementCycle>
</Column>
<Column name="study_year" id="FC27C472-25D5-FA36-272D-C436C419F124">
<createdBy>admin</createdBy>
<createdTime>2015-10-26 06:49:25 UTC</createdTime>
<generatorID>BEA895F6-E376-6EFD-42F8-41C3E24D55B2</generatorID>
<ownerDesignName>univ_info_sys_2</ownerDesignName>
<useDomainConstraints>false</useDomainConstraints>
<use>1</use>
<logicalDatatype>LOGDT019</logicalDatatype>
<dataTypePrecision>1</dataTypePrecision>
<ownDataTypeParameters>,1,</ownDataTypeParameters>
<autoIncrementCycle>false</autoIncrementCycle>
</Column>
<Column name="course_attendance" id="5D71D9C6-181B-1507-6AC4-C2F95CC341A8">
<createdBy>admin</createdBy>
<createdTime>2015-10-26 06:49:25 UTC</createdTime>
<generatorID>9D1B1F12-F6B1-6884-770A-D6FC288828C3</generatorID>
<ownerDesignName>univ_info_sys_2</ownerDesignName>
<useDomainConstraints>false</useDomainConstraints>
<use>1</use>
<logicalDatatype>LOGDT037</logicalDatatype>
<dataTypeSize>20</dataTypeSize>
<ownDataTypeParameters>20,,</ownDataTypeParameters>
<autoIncrementCycle>false</autoIncrementCycle>
</Column>
<Column name="n_of_lecture_groups" id="8E947EBB-40C2-AA83-7B36-E36A3E5047D0">
<createdBy>admin</createdBy>
<createdTime>2015-10-26 06:49:25 UTC</createdTime>
<generatorID>F1334625-BF2F-2D5D-6479-F60F6D81978A</generatorID>
<ownerDesignName>univ_info_sys_2</ownerDesignName>
<nullsAllowed>true</nullsAllowed>
<useDomainConstraints>false</useDomainConstraints>
<use>1</use>
<logicalDatatype>LOGDT019</logicalDatatype>
<dataTypePrecision>2</dataTypePrecision>
<ownDataTypeParameters>,2,</ownDataTypeParameters>
<autoIncrementCycle>false</autoIncrementCycle>
</Column>
<Column name="n_of_lab_groups" id="1CB50706-714A-B6E9-BD90-E45120D12A4B">
<createdBy>admin</createdBy>
<createdTime>2015-10-26 06:49:25 UTC</createdTime>
<generatorID>89DE2FEC-2C1B-969E-8FC0-E2B99FE0DC4E</generatorID>
<ownerDesignName>univ_info_sys_2</ownerDesignName>
<useDomainConstraints>false</useDomainConstraints>
<use>1</use>
<logicalDatatype>LOGDT019</logicalDatatype>
<dataTypePrecision>2</dataTypePrecision>
<ownDataTypeParameters>,2,</ownDataTypeParameters>
<autoIncrementCycle>false</autoIncrementCycle>
</Column>
<Column name="n_of_students" id="D3AC6CD8-12BD-FF89-6DCF-08CCEDD827D6">
<createdBy>admin</createdBy>
<createdTime>2015-10-26 06:49:25 UTC</createdTime>
<generatorID>641951DC-E7C7-2084-8AD8-1F7AEEEB9162</generatorID>
<ownerDesignName>univ_info_sys_2</ownerDesignName>
<nullsAllowed>true</nullsAllowed>
<useDomainConstraints>false</useDomainConstraints>
<use>1</use>
<ownDataTypeParameters>,,</ownDataTypeParameters>
<autoIncrementCycle>false</autoIncrementCycle>
</Column>
<Column name="academic_year_name" id="3C8392A1-6EBE-A00F-2800-52F1BFF083CD">
<createdBy>admin</createdBy>
<createdTime>2015-10-26 06:49:43 UTC</createdTime>
<comment>values like &apos;2015-2016&apos;</comment>
<generatorID>C56F4DEA-5F40-3ED2-986C-B011D5A99671</generatorID>
<ownerDesignName>univ_info_sys_2</ownerDesignName>
<useDomainConstraints>false</useDomainConstraints>
<use>1</use>
<logicalDatatype>LOGDT024</logicalDatatype>
<dataTypeSize>10</dataTypeSize>
<ownDataTypeParameters>10,,</ownDataTypeParameters>
<previousColumn>false</previousColumn>
<autoIncrementCycle>false</autoIncrementCycle>
<associations>
<colAssociation fkAssociation="BBD63293-F807-70F2-E0CB-6EAA8E5A62A3" referredColumn="A90A841C-7D1D-1A9F-6CF8-0D327C641DB5"/>
</associations>
</Column>
<Column name="programme_prog_code" id="9DFFF317-3D1B-BBEA-74E4-B19516DCBFC5">
<createdBy>admin</createdBy>
<createdTime>2015-10-26 06:49:43 UTC</createdTime>
<generatorID>B4262245-8519-5866-B438-14BD5667A4CE</generatorID>
<ownerDesignName>univ_info_sys_2</ownerDesignName>
<nullsAllowed>true</nullsAllowed>
<useDomainConstraints>false</useDomainConstraints>
<use>1</use>
<logicalDatatype>LOGDT024</logicalDatatype>
<dataTypeSize>20</dataTypeSize>
<ownDataTypeParameters>20,,</ownDataTypeParameters>
<previousColumn>false</previousColumn>
<autoIncrementCycle>false</autoIncrementCycle>
<associations>
<colAssociation fkAssociation="1134F0CA-9778-E6A6-8F2B-30B86B15C00E" referredColumn="DA229C4D-3C94-02AD-244F-28BEA3D3797D"/>
</associations>
</Column>
<Column name="common_bachelor_module_common_bachelor_module_ID" id="778382C4-EC98-6117-9D5B-2BE0BA96C4EF">
<createdBy>admin</createdBy>
<createdTime>2015-10-26 06:49:25 UTC</createdTime>
<ownerDesignName>univ_info_sys_2</ownerDesignName>
<nullsAllowed>true</nullsAllowed>
<useDomainConstraints>false</useDomainConstraints>
<use>1</use>
<logicalDatatype>LOGDT019</logicalDatatype>
<ownDataTypeParameters>,,</ownDataTypeParameters>
<previousColumn>false</previousColumn>
<autoIncrementCycle>false</autoIncrementCycle>
<associations>
<colAssociation fkAssociation="789FAC3D-AA98-2ED0-9B2B-E5F49FE87F43" referredColumn="3F73EC76-79B4-39AC-59B8-0CC52B6EAB12"/>
</associations>
</Column>
</columns>
<indexes itemClass="oracle.dbtools.crest.model.design.relational.Index">
<ind_PK_UK id="5AAA7F37-8214-E779-100A-6219CE286B8C" name="lecture_group_PK">
<createdBy>admin</createdBy>
<createdTime>2015-10-26 06:49:25 UTC</createdTime>
<generatorID>B4B7A40B-D1DA-6F71-0B94-22EAD1F01ABF</generatorID>
<ownerDesignName>univ_info_sys_2</ownerDesignName>
<pk>true</pk>
<indexState>Primary Constraint</indexState>
<isSurrogateKey>false</isSurrogateKey>
<indexColumnUsage>
<colUsage columnID="7B6052B2-58DA-D27A-2006-8DECFEC8BBB8"/>
</indexColumnUsage>
</ind_PK_UK>
<ind_PK_UK id="2F9AA56A-CB3F-06A3-D531-BA79CCCB3E65" name="active_in">
<createdBy>admin</createdBy>
<createdTime>2015-10-26 06:49:25 UTC</createdTime>
<generatorID>D6BCD7E7-6530-42CA-4251-C0473C79055E</generatorID>
<ownerDesignName>univ_info_sys_2</ownerDesignName>
<indexState>Foreign Key</indexState>
<isSurrogateKey>false</isSurrogateKey>
<indexColumnUsage>
<colUsage columnID="3C8392A1-6EBE-A00F-2800-52F1BFF083CD"/>
</indexColumnUsage>
</ind_PK_UK>
<ind_PK_UK id="96FFE14A-82F5-5BBB-983B-47A23E77B077" name="stands_for_common_">
<createdBy>admin</createdBy>
<createdTime>2015-10-26 06:49:25 UTC</createdTime>
<generatorID>6DE44B08-A309-49FC-151C-D147B0F92A04</generatorID>
<ownerDesignName>univ_info_sys_2</ownerDesignName>
<indexState>Foreign Key</indexState>
<isSurrogateKey>false</isSurrogateKey>
<indexColumnUsage>
<colUsage columnID="778382C4-EC98-6117-9D5B-2BE0BA96C4EF"/>
</indexColumnUsage>
</ind_PK_UK>
<ind_PK_UK id="930CCC5A-9C44-2D85-1C16-571265DF5E2A" name="stands_for_spec_">
<createdBy>admin</createdBy>
<createdTime>2015-10-26 06:49:25 UTC</createdTime>
<generatorID>994D9A3A-F2D2-0B4F-D215-BCA4A4ADD299</generatorID>
<ownerDesignName>univ_info_sys_2</ownerDesignName>
<indexState>Foreign Key</indexState>
<isSurrogateKey>false</isSurrogateKey>
<indexColumnUsage>
<colUsage columnID="9DFFF317-3D1B-BBEA-74E4-B19516DCBFC5"/>
</indexColumnUsage>
</ind_PK_UK>
</indexes>
</Table>