<?xml version = '1.0' encoding = 'UTF-8'?>
<Table class="oracle.dbtools.crest.model.design.relational.Table" directorySegmentName="seg_0" id="5B5A2C62-182E-583B-F4F5-77764524FBA8" name="steady_holiday">
<createdBy>admin</createdBy>
<createdTime>2015-10-26 06:49:25 UTC</createdTime>
<generatorID>E01F7D62-3507-6722-0436-D062B7400B2E</generatorID>
<ownerDesignName>univ_info_sys_2</ownerDesignName>
<existDependencyGenerateInDDl>true</existDependencyGenerateInDDl>
<parsed>true</parsed>
<columns itemClass="oracle.dbtools.crest.model.design.relational.Column">
<Column name="month" id="446E1F76-5F81-9338-0E89-D1A630C17D55">
<createdBy>admin</createdBy>
<createdTime>2015-10-26 06:49:25 UTC</createdTime>
<generatorID>C776AF85-1328-C31D-4D74-9DD661202C60</generatorID>
<ownerDesignName>univ_info_sys_2</ownerDesignName>
<useDomainConstraints>false</useDomainConstraints>
<use>1</use>
<logicalDatatype>LOGDT019</logicalDatatype>
<dataTypePrecision>2</dataTypePrecision>
<ownDataTypeParameters>,2,</ownDataTypeParameters>
<autoIncrementCycle>false</autoIncrementCycle>
</Column>
<Column name="day" id="E9C552F8-1AF7-E6C5-DAE8-AE15B446A965">
<createdBy>admin</createdBy>
<createdTime>2015-10-26 06:49:25 UTC</createdTime>
<generatorID>FBA589B2-F05D-A009-8B2E-2C6538B4E6C7</generatorID>
<ownerDesignName>univ_info_sys_2</ownerDesignName>
<useDomainConstraints>false</useDomainConstraints>
<use>1</use>
<logicalDatatype>LOGDT019</logicalDatatype>
<dataTypePrecision>2</dataTypePrecision>
<ownDataTypeParameters>,2,</ownDataTypeParameters>
<autoIncrementCycle>false</autoIncrementCycle>
</Column>
<Column name="holiday_name" id="F19AD480-43D9-4C50-94F9-DB8EBF78AFA2">
<createdBy>admin</createdBy>
<createdTime>2015-10-26 06:49:25 UTC</createdTime>
<generatorID>262DB9B4-8B09-8BD8-DE81-14C72E94DCA9</generatorID>
<ownerDesignName>univ_info_sys_2</ownerDesignName>
<nullsAllowed>true</nullsAllowed>
<useDomainConstraints>false</useDomainConstraints>
<use>1</use>
<logicalDatatype>LOGDT037</logicalDatatype>
<dataTypeSize>50</dataTypeSize>
<ownDataTypeParameters>50,,</ownDataTypeParameters>
<autoIncrementCycle>false</autoIncrementCycle>
</Column>
<Column name="comments" id="4ECD1DFF-588D-CFBD-A763-B42D71849DE6">
<createdBy>admin</createdBy>
<createdTime>2015-10-26 06:49:25 UTC</createdTime>
<generatorID>808F1EE8-1A87-BC4F-4DC9-3592308A92B7</generatorID>
<ownerDesignName>univ_info_sys_2</ownerDesignName>
<nullsAllowed>true</nullsAllowed>
<useDomainConstraints>false</useDomainConstraints>
<use>1</use>
<ownDataTypeParameters>,,</ownDataTypeParameters>
<autoIncrementCycle>false</autoIncrementCycle>
</Column>
<Column name="enactment_date" id="F3889C36-3578-A26A-54BC-3FB35DB53C71">
<createdBy>admin</createdBy>
<createdTime>2015-10-26 06:49:25 UTC</createdTime>
<generatorID>565D46BC-3AEB-C179-89C2-1AEF5F80A172</generatorID>
<ownerDesignName>univ_info_sys_2</ownerDesignName>
<nullsAllowed>true</nullsAllowed>
<useDomainConstraints>false</useDomainConstraints>
<use>1</use>
<logicalDatatype>LOGDT007</logicalDatatype>
<ownDataTypeParameters>,,</ownDataTypeParameters>
<autoIncrementCycle>false</autoIncrementCycle>
</Column>
<Column name="status" id="BC8F378B-0EA7-56FF-6F82-64660B6AD10F">
<createdBy>admin</createdBy>
<createdTime>2015-10-26 06:49:25 UTC</createdTime>
<generatorID>118FC3C4-D82C-D51D-4F49-CF0839A5093E</generatorID>
<ownerDesignName>univ_info_sys_2</ownerDesignName>
<nullsAllowed>true</nullsAllowed>
<useDomainConstraints>false</useDomainConstraints>
<use>1</use>
<logicalDatatype>LOGDT024</logicalDatatype>
<dataTypeSize>20</dataTypeSize>
<ownDataTypeParameters>20,,</ownDataTypeParameters>
<autoIncrementCycle>false</autoIncrementCycle>
</Column>
</columns>
<indexes itemClass="oracle.dbtools.crest.model.design.relational.Index">
<ind_PK_UK id="51174455-BF44-F4DC-F137-56367E287E66" name="steady_holyday_PK">
<createdBy>admin</createdBy>
<createdTime>2015-10-26 06:49:25 UTC</createdTime>
<generatorID>FF813EA7-0F9F-9B7E-5A08-6FCC08E095D0</generatorID>
<ownerDesignName>univ_info_sys_2</ownerDesignName>
<pk>true</pk>
<indexState>Primary Constraint</indexState>
<isSurrogateKey>false</isSurrogateKey>
<indexColumnUsage>
<colUsage columnID="446E1F76-5F81-9338-0E89-D1A630C17D55"/>
<colUsage columnID="E9C552F8-1AF7-E6C5-DAE8-AE15B446A965"/>
</indexColumnUsage>
</ind_PK_UK>
</indexes>
</Table>