<?xml version = '1.0' encoding = 'UTF-8'?>
<Table class="oracle.dbtools.crest.model.design.relational.Table" directorySegmentName="seg_0" id="69285C83-F2F3-9051-F152-403273D18157" name="lecture">
<createdBy>Marin F</createdBy>
<createdTime>2011-08-27 05:58:45 UTC</createdTime>
<generatorID>F928E65A-16C7-4142-BFBD-19F9FCE995B0</generatorID>
<ownerDesignName>univ_info_sys_2</ownerDesignName>
<parsed>true</parsed>
<columns itemClass="oracle.dbtools.crest.model.design.relational.Column">
<Column name="id" id="34D3C727-033E-4114-D511-7017BCFA8DB9">
<createdBy>admin</createdBy>
<createdTime>2015-10-26 06:49:25 UTC</createdTime>
<generatorID>780014A1-FC75-E35A-E94F-A4587343FEC7</generatorID>
<ownerDesignName>univ_info_sys_2</ownerDesignName>
<nullsAllowed>true</nullsAllowed>
<useDomainConstraints>false</useDomainConstraints>
<use>1</use>
<logicalDatatype>LOGDT011</logicalDatatype>
<ownDataTypeParameters>,,</ownDataTypeParameters>
<autoIncrementCycle>false</autoIncrementCycle>
</Column>
<Column name="lecture_group" id="25662094-18AC-83EB-3D60-11F7BDB75238">
<createdBy>Marin F</createdBy>
<createdTime>2011-08-27 05:58:45 UTC</createdTime>
<generatorID>20119DCE-A3F6-A1E5-B3B7-282B2F600366</generatorID>
<ownerDesignName>univ_info_sys_2</ownerDesignName>
<useDomainConstraints>false</useDomainConstraints>
<use>1</use>
<logicalDatatype>LOGDT018</logicalDatatype>
<ownDataTypeParameters>,,</ownDataTypeParameters>
<previousColumn>false</previousColumn>
<listOfRanges>
<rangeDef class="oracle.dbtools.crest.model.design.constraint.AVT">
<beginValue>1</beginValue>
<endValue>20</endValue>
</rangeDef>
</listOfRanges>
</Column>
<Column name="teacher_code" id="96B0D455-DD57-9A07-15CF-D67DEB4AA2F4">
<createdBy>Marin F</createdBy>
<createdTime>2011-08-27 05:58:45 UTC</createdTime>
<generatorID>3D4EE70F-B5A7-4EDC-4E38-9DF38FCB1B98</generatorID>
<ownerDesignName>univ_info_sys_2</ownerDesignName>
<nullsAllowed>true</nullsAllowed>
<useDomainConstraints>false</useDomainConstraints>
<use>1</use>
<logicalDatatype>LOGDT024</logicalDatatype>
<dataTypeSize>5</dataTypeSize>
<ownDataTypeParameters>5,,</ownDataTypeParameters>
<previousColumn>false</previousColumn>
<associations>
<colAssociation fkAssociation="F39C2DE5-1CC9-7F0C-D520-B77EDF5A9793" referredColumn="871F2ADB-27A9-B8A9-4C58-75618C53A7D4"/>
</associations>
</Column>
<Column name="course_code" id="7039D151-E9C0-0692-4F6E-16AEE44B4009">
<createdBy>Marin F</createdBy>
<createdTime>2011-08-27 05:58:45 UTC</createdTime>
<generatorID>0D5FEA4F-C2F4-6ED4-BE2C-C4CC6EEE4D81</generatorID>
<ownerDesignName>univ_info_sys_2</ownerDesignName>
<useDomainConstraints>false</useDomainConstraints>
<use>1</use>
<logicalDatatype>LOGDT024</logicalDatatype>
<dataTypeSize>6</dataTypeSize>
<ownDataTypeParameters>6,,</ownDataTypeParameters>
<previousColumn>false</previousColumn>
<associations>
<colAssociation fkAssociation="CD3865F2-CBDB-0BC8-E974-E1E0F04CEC2D" referredColumn="88205754-A367-72C5-4B78-57EB3B512FB1"/>
</associations>
</Column>
<Column name="main_study_group_group_id" id="A6B039DD-62E1-55EB-931B-E8E73133F0C4">
<createdBy>admin</createdBy>
<createdTime>2015-10-26 06:49:25 UTC</createdTime>
<generatorID>0335B640-F079-CA34-36EF-9052A0D227B8</generatorID>
<ownerDesignName>univ_info_sys_2</ownerDesignName>
<useDomainConstraints>false</useDomainConstraints>
<use>1</use>
<logicalDatatype>LOGDT011</logicalDatatype>
<ownDataTypeParameters>,,</ownDataTypeParameters>
<previousColumn>false</previousColumn>
<autoIncrementCycle>false</autoIncrementCycle>
<associations>
<colAssociation fkAssociation="5C42BD56-FDD7-0B96-F4AE-A82F4A87E3AC" referredColumn="7B6052B2-58DA-D27A-2006-8DECFEC8BBB8"/>
</associations>
</Column>
<Column name="comments" id="250983E4-4C10-F60F-78D8-E65BB62E0415">
<createdBy>admin</createdBy>
<createdTime>2015-10-26 06:49:25 UTC</createdTime>
<generatorID>F8DEC695-A3F2-274B-53B5-A5D2CEDB9914</generatorID>
<ownerDesignName>univ_info_sys_2</ownerDesignName>
<nullsAllowed>true</nullsAllowed>
<useDomainConstraints>false</useDomainConstraints>
<use>1</use>
<logicalDatatype>LOGDT037</logicalDatatype>
<dataTypeSize>100</dataTypeSize>
<ownDataTypeParameters>100,,</ownDataTypeParameters>
<autoIncrementCycle>false</autoIncrementCycle>
</Column>
<Column name="study_level" id="71112B22-E0E1-49D2-BD5A-BB1BAEB51B69">
<createdBy>Marin F</createdBy>
<createdTime>2011-08-27 05:58:45 UTC</createdTime>
<generatorID>2091FD56-DF8B-DF85-8755-9FFA8A838763</generatorID>
<ownerDesignName>univ_info_sys_2</ownerDesignName>
<useDomainConstraints>false</useDomainConstraints>
<use>1</use>
<logicalDatatype>LOGDT018</logicalDatatype>
<ownDataTypeParameters>,,</ownDataTypeParameters>
<previousColumn>false</previousColumn>
<listOfRanges>
<rangeDef class="oracle.dbtools.crest.model.design.constraint.AVT">
<beginValue>1</beginValue>
<endValue>3</endValue>
<description>cele trei cicluri Bologna</description>
</rangeDef>
</listOfRanges>
</Column>
<Column name="study_year" id="9F027AD9-0F93-757E-0F52-B4D92336DBA4">
<createdBy>Marin F</createdBy>
<createdTime>2011-08-27 05:58:45 UTC</createdTime>
<generatorID>CFAA1EE1-0B71-6EF5-629D-13160A871B3E</generatorID>
<ownerDesignName>univ_info_sys_2</ownerDesignName>
<useDomainConstraints>false</useDomainConstraints>
<use>1</use>
<logicalDatatype>LOGDT018</logicalDatatype>
<defaultValue>1</defaultValue>
<ownDataTypeParameters>,,</ownDataTypeParameters>
<previousColumn>false</previousColumn>
<listOfRanges>
<rangeDef class="oracle.dbtools.crest.model.design.constraint.AVT">
<beginValue>1</beginValue>
<endValue>3</endValue>
</rangeDef>
</listOfRanges>
</Column>
<Column name="course_attendance" id="5BAFF79C-9823-65D5-0F31-0BA8ACFCDACA">
<createdBy>Marin F</createdBy>
<createdTime>2011-08-27 05:58:45 UTC</createdTime>
<generatorID>79D1EDB7-3604-86FC-9483-08617B4A124E</generatorID>
<ownerDesignName>univ_info_sys_2</ownerDesignName>
<useDomainConstraints>false</useDomainConstraints>
<use>1</use>
<logicalDatatype>LOGDT024</logicalDatatype>
<ownDataTypeParameters>,,</ownDataTypeParameters>
<previousColumn>false</previousColumn>
</Column>
<Column name="spec_or_module" id="F5B15C33-E13B-2C35-1CC0-F70153CCC12A">
<createdBy>Marin F</createdBy>
<createdTime>2011-08-27 05:58:45 UTC</createdTime>
<generatorID>154AE4AC-EE25-269D-FDA2-03CD19D721B7</generatorID>
<ownerDesignName>univ_info_sys_2</ownerDesignName>
<useDomainConstraints>false</useDomainConstraints>
<use>1</use>
<logicalDatatype>LOGDT024</logicalDatatype>
<dataTypeSize>10</dataTypeSize>
<ownDataTypeParameters>10,,</ownDataTypeParameters>
<previousColumn>false</previousColumn>
</Column>
</columns>
<indexes itemClass="oracle.dbtools.crest.model.design.relational.Index">
<ind_PK_UK id="33494B24-0571-AB0B-A16C-BACD8629E5BA" name="lectures__pk">
<createdBy>Marin F</createdBy>
<createdTime>2011-08-27 05:58:45 UTC</createdTime>
<generatorID>AC9ABE1D-4C26-4D4D-3F9C-E4DC3F0D172A</generatorID>
<ownerDesignName>univ_info_sys_2</ownerDesignName>
<pk>true</pk>
<indexState>Primary Constraint</indexState>
<indexColumnUsage>
<colUsage columnID="25662094-18AC-83EB-3D60-11F7BDB75238"/>
</indexColumnUsage>
</ind_PK_UK>
<ind_PK_UK id="269F1FA1-2863-5E56-D0C5-A9D0C121DB4A" name="teaches_about">
<createdBy>Marin F</createdBy>
<createdTime>2011-08-27 05:58:45 UTC</createdTime>
<generatorID>F085211A-745B-49E9-398F-CE32B8805C04</generatorID>
<ownerDesignName>univ_info_sys_2</ownerDesignName>
<indexState>Foreign Key</indexState>
<indexColumnUsage>
<colUsage columnID="7039D151-E9C0-0692-4F6E-16AEE44B4009"/>
</indexColumnUsage>
</ind_PK_UK>
<ind_PK_UK id="7DFED01B-EACB-678B-18BF-9F5D40AA522E" name="is_taught_by">
<createdBy>Marin F</createdBy>
<createdTime>2011-08-27 05:58:45 UTC</createdTime>
<generatorID>4C93214B-2E77-7FE1-A653-88EE0A12DD9F</generatorID>
<ownerDesignName>univ_info_sys_2</ownerDesignName>
<indexState>Foreign Key</indexState>
<indexColumnUsage>
<colUsage columnID="96B0D455-DD57-9A07-15CF-D67DEB4AA2F4"/>
</indexColumnUsage>
</ind_PK_UK>
<ind_PK_UK id="54E07C4B-479F-50C0-92C0-8CC58E513536" name="taught_for_">
<createdBy>admin</createdBy>
<createdTime>2015-10-26 06:49:25 UTC</createdTime>
<generatorID>C6554D73-CE97-FDB4-6D98-84B35C3DEE16</generatorID>
<ownerDesignName>univ_info_sys_2</ownerDesignName>
<indexState>Foreign Key</indexState>
<isSurrogateKey>false</isSurrogateKey>
<indexColumnUsage>
<colUsage columnID="A6B039DD-62E1-55EB-931B-E8E73133F0C4"/>
</indexColumnUsage>
</ind_PK_UK>
</indexes>
</Table>