<?xml version = '1.0' encoding = 'UTF-8'?>
<Table class="oracle.dbtools.crest.model.design.relational.Table" directorySegmentName="seg_0" id="6E619F81-47A2-0F7E-325E-CDE7FB1864CE" name="teacher">
<createdBy>Marin F</createdBy>
<createdTime>2011-08-27 05:58:45 UTC</createdTime>
<generatorID>764D6DE8-1636-75E3-88F7-03395AE41736</generatorID>
<ownerDesignName>univ_info_sys_2</ownerDesignName>
<parsed>true</parsed>
<columns itemClass="oracle.dbtools.crest.model.design.relational.Column">
<Column name="teacher_code" id="871F2ADB-27A9-B8A9-4C58-75618C53A7D4">
<createdBy>Marin F</createdBy>
<createdTime>2011-08-27 05:58:45 UTC</createdTime>
<generatorID>3447AD76-5D56-7611-D82D-048FEFED29A5</generatorID>
<ownerDesignName>univ_info_sys_2</ownerDesignName>
<useDomainConstraints>false</useDomainConstraints>
<use>1</use>
<logicalDatatype>LOGDT024</logicalDatatype>
<dataTypeSize>5</dataTypeSize>
<ownDataTypeParameters>5,,</ownDataTypeParameters>
<previousColumn>false</previousColumn>
</Column>
<Column name="teacher_name" id="BA26B94A-C846-749A-A92B-DB178B5A6033">
<createdBy>Marin F</createdBy>
<createdTime>2011-08-27 05:58:45 UTC</createdTime>
<generatorID>79BA8302-F415-8566-5B4A-E37F2960BAC9</generatorID>
<ownerDesignName>univ_info_sys_2</ownerDesignName>
<useDomainConstraints>false</useDomainConstraints>
<use>1</use>
<logicalDatatype>LOGDT024</logicalDatatype>
<dataTypeSize>50 CHAR</dataTypeSize>
<ownDataTypeParameters>50 CHAR,,</ownDataTypeParameters>
<previousColumn>false</previousColumn>
</Column>
<Column name="teacher_department" id="F1261455-9801-08D7-11DC-719D1EC863D6">
<createdBy>Marin F</createdBy>
<createdTime>2011-08-27 05:58:45 UTC</createdTime>
<generatorID>5E21C417-49E5-4F62-03CA-239900C1804C</generatorID>
<ownerDesignName>univ_info_sys_2</ownerDesignName>
<nullsAllowed>true</nullsAllowed>
<useDomainConstraints>false</useDomainConstraints>
<use>1</use>
<logicalDatatype>LOGDT024</logicalDatatype>
<dataTypeSize>75 CHAR</dataTypeSize>
<ownDataTypeParameters>75 CHAR,,</ownDataTypeParameters>
<previousColumn>false</previousColumn>
</Column>
<Column name="teacher_sub_department" id="69F00780-A82E-7C6A-82EF-31B9E844F516">
<createdBy>Marin F</createdBy>
<createdTime>2011-08-27 05:58:45 UTC</createdTime>
<generatorID>35FB896F-1E25-2C90-CFC3-EE84D3E25E4A</generatorID>
<ownerDesignName>univ_info_sys_2</ownerDesignName>
<nullsAllowed>true</nullsAllowed>
<useDomainConstraints>false</useDomainConstraints>
<use>1</use>
<logicalDatatype>LOGDT024</logicalDatatype>
<dataTypeSize>50 CHAR</dataTypeSize>
<ownDataTypeParameters>50 CHAR,,</ownDataTypeParameters>
<previousColumn>false</previousColumn>
</Column>
<Column name="teacher_email" id="88E57335-16D3-9625-2E45-662A19EFE74D">
<createdBy>Marin F</createdBy>
<createdTime>2011-08-27 05:58:45 UTC</createdTime>
<generatorID>FFD89D9B-2CEE-5785-715E-D7DE5183FACA</generatorID>
<ownerDesignName>univ_info_sys_2</ownerDesignName>
<nullsAllowed>true</nullsAllowed>
<useDomainConstraints>false</useDomainConstraints>
<use>1</use>
<logicalDatatype>LOGDT024</logicalDatatype>
<dataTypeSize>75</dataTypeSize>
<ownDataTypeParameters>75,,</ownDataTypeParameters>
<previousColumn>false</previousColumn>
</Column>
<Column name="office_phone" id="1B830BC9-E00C-6488-2584-1BCBF92BF87E">
<createdBy>admin</createdBy>
<createdTime>2015-10-22 18:15:48 UTC</createdTime>
<generatorID>FD1A2DCA-A6B1-4613-A963-5C42B42E2DCF</generatorID>
<ownerDesignName>univ_info_sys_2</ownerDesignName>
<nullsAllowed>true</nullsAllowed>
<useDomainConstraints>false</useDomainConstraints>
<use>1</use>
<logicalDatatype>LOGDT024</logicalDatatype>
<dataTypeSize>10</dataTypeSize>
<ownDataTypeParameters>10,,</ownDataTypeParameters>
<autoIncrementCycle>false</autoIncrementCycle>
</Column>
</columns>
<indexes itemClass="oracle.dbtools.crest.model.design.relational.Index">
<ind_PK_UK id="048040CF-B74E-7BCC-48BF-664BF55A1F3C" name="teachers__pk">
<createdBy>Marin F</createdBy>
<createdTime>2011-08-27 05:58:45 UTC</createdTime>
<generatorID>B95CE135-6F04-6889-C058-0DAF0426FD2A</generatorID>
<ownerDesignName>univ_info_sys_2</ownerDesignName>
<pk>true</pk>
<indexState>Primary Constraint</indexState>
<indexColumnUsage>
<colUsage columnID="871F2ADB-27A9-B8A9-4C58-75618C53A7D4"/>
</indexColumnUsage>
</ind_PK_UK>
</indexes>
</Table>