<?xml version = '1.0' encoding = 'UTF-8'?>
<Table class="oracle.dbtools.crest.model.design.relational.Table" directorySegmentName="seg_0" id="7AC4E529-8C77-5E15-9222-716E78A6F3D2" name="scholarship_history">
<createdBy>admin</createdBy>
<createdTime>2015-10-26 06:49:25 UTC</createdTime>
<generatorID>87614176-2AED-0F30-C09C-9CDFFE2A045D</generatorID>
<ownerDesignName>univ_info_sys_2</ownerDesignName>
<existDependencyGenerateInDDl>true</existDependencyGenerateInDDl>
<parsed>true</parsed>
<columns itemClass="oracle.dbtools.crest.model.design.relational.Column">
<Column name="academic_year_name" id="AAD45498-5652-D6BE-6F10-BABA3AA3662D">
<createdBy>admin</createdBy>
<createdTime>2015-10-26 06:49:43 UTC</createdTime>
<comment>values like &apos;2015-2016&apos;</comment>
<generatorID>5344C78B-36C1-3E5C-4E27-C356388391D7</generatorID>
<ownerDesignName>univ_info_sys_2</ownerDesignName>
<useDomainConstraints>false</useDomainConstraints>
<use>1</use>
<logicalDatatype>LOGDT024</logicalDatatype>
<dataTypeSize>10</dataTypeSize>
<ownDataTypeParameters>10,,</ownDataTypeParameters>
<previousColumn>false</previousColumn>
<autoIncrementCycle>false</autoIncrementCycle>
<associations>
<colAssociation fkAssociation="5EA29DBB-C79D-0931-E13A-78D3B76C32A8" referredColumn="A90A841C-7D1D-1A9F-6CF8-0D327C641DB5"/>
</associations>
</Column>
<Column name="scholarship_type_code2" id="565D6CA3-4A44-D44D-80B5-D3243848D26B">
<createdBy>admin</createdBy>
<createdTime>2015-10-26 06:49:43 UTC</createdTime>
<generatorID>82557CBB-1383-6580-8A33-DC6DEA18982D</generatorID>
<ownerDesignName>univ_info_sys_2</ownerDesignName>
<useDomainConstraints>false</useDomainConstraints>
<use>1</use>
<logicalDatatype>LOGDT024</logicalDatatype>
<dataTypeSize>10</dataTypeSize>
<ownDataTypeParameters>10,,</ownDataTypeParameters>
<previousColumn>false</previousColumn>
<autoIncrementCycle>false</autoIncrementCycle>
</Column>
<Column name="montly_amount" id="8903D3E7-74D8-5514-C87F-94B7F467B1F7">
<createdBy>admin</createdBy>
<createdTime>2015-10-26 06:49:25 UTC</createdTime>
<generatorID>42A648D2-2321-ECCC-7EBA-48FCC770E476</generatorID>
<ownerDesignName>univ_info_sys_2</ownerDesignName>
<useDomainConstraints>false</useDomainConstraints>
<use>1</use>
<logicalDatatype>LOGDT019</logicalDatatype>
<dataTypePrecision>6</dataTypePrecision>
<dataTypeScale>2</dataTypeScale>
<ownDataTypeParameters>,6,2</ownDataTypeParameters>
<autoIncrementCycle>false</autoIncrementCycle>
</Column>
<Column name="scholarship_type_code" id="7541DDAE-CAC4-2136-C20C-B7C52B05AB6C">
<createdBy>admin</createdBy>
<createdTime>2015-10-26 06:49:25 UTC</createdTime>
<ownerDesignName>univ_info_sys_2</ownerDesignName>
<useDomainConstraints>false</useDomainConstraints>
<use>1</use>
<logicalDatatype>LOGDT024</logicalDatatype>
<dataTypeSize>10</dataTypeSize>
<ownDataTypeParameters>10,,</ownDataTypeParameters>
<previousColumn>false</previousColumn>
<autoIncrementCycle>false</autoIncrementCycle>
<associations>
<colAssociation fkAssociation="A3F4F06C-BDF7-3D01-8D95-C9A36CD71C32" referredColumn="C4A60C0F-C075-4329-1B72-1620D303388C"/>
</associations>
</Column>
</columns>
<indexes itemClass="oracle.dbtools.crest.model.design.relational.Index">
<ind_PK_UK id="7AA0F048-8146-F05F-B656-8354BD0D854A" name="scholarship_history_PK">
<createdBy>admin</createdBy>
<createdTime>2015-10-26 06:49:25 UTC</createdTime>
<generatorID>7FC0CE9A-850B-3487-2404-53D48AA5478B</generatorID>
<ownerDesignName>univ_info_sys_2</ownerDesignName>
<pk>true</pk>
<indexState>Primary Constraint</indexState>
<isSurrogateKey>false</isSurrogateKey>
<indexColumnUsage>
<colUsage columnID="AAD45498-5652-D6BE-6F10-BABA3AA3662D"/>
<colUsage columnID="565D6CA3-4A44-D44D-80B5-D3243848D26B"/>
</indexColumnUsage>
</ind_PK_UK>
<ind_PK_UK id="7C45C73D-4B24-D19F-D07A-5965F9B7964A" name="is_about_grant_">
<createdBy>admin</createdBy>
<createdTime>2015-10-26 06:49:25 UTC</createdTime>
<generatorID>F33163BD-66FD-4E3D-7736-AA9CCFE50030</generatorID>
<ownerDesignName>univ_info_sys_2</ownerDesignName>
<indexState>Foreign Key</indexState>
<isSurrogateKey>false</isSurrogateKey>
<indexColumnUsage>
<colUsage columnID="7541DDAE-CAC4-2136-C20C-B7C52B05AB6C"/>
</indexColumnUsage>
</ind_PK_UK>
<ind_PK_UK id="631BB63C-FE5D-29A2-9269-C0AB0E371989" name="was_granted_in">
<createdBy>admin</createdBy>
<createdTime>2015-10-26 06:49:25 UTC</createdTime>
<generatorID>8944312C-58E0-1E00-6A3E-5A366E7D082C</generatorID>
<ownerDesignName>univ_info_sys_2</ownerDesignName>
<indexState>Foreign Key</indexState>
<isSurrogateKey>false</isSurrogateKey>
<indexColumnUsage>
<colUsage columnID="AAD45498-5652-D6BE-6F10-BABA3AA3662D"/>
</indexColumnUsage>
</ind_PK_UK>
</indexes>
</Table>