<?xml version = '1.0' encoding = 'UTF-8'?>
<Table class="oracle.dbtools.crest.model.design.relational.Table" directorySegmentName="seg_0" id="7E7E1449-F8DF-F173-5561-1B7B5F184C9B" name="programme">
<createdBy>admin</createdBy>
<createdTime>2015-10-26 06:49:25 UTC</createdTime>
<generatorID>D1492B88-CDFC-2220-91C5-7AB25DC3BF81</generatorID>
<ownerDesignName>univ_info_sys_2</ownerDesignName>
<existDependencyGenerateInDDl>true</existDependencyGenerateInDDl>
<parsed>true</parsed>
<columns itemClass="oracle.dbtools.crest.model.design.relational.Column">
<Column name="prog_code" id="DA229C4D-3C94-02AD-244F-28BEA3D3797D">
<createdBy>admin</createdBy>
<createdTime>2015-10-26 06:49:25 UTC</createdTime>
<generatorID>6D4913F5-C448-961E-7585-AC8233A75B15</generatorID>
<ownerDesignName>univ_info_sys_2</ownerDesignName>
<useDomainConstraints>false</useDomainConstraints>
<use>1</use>
<logicalDatatype>LOGDT024</logicalDatatype>
<dataTypeSize>20</dataTypeSize>
<ownDataTypeParameters>20,,</ownDataTypeParameters>
<autoIncrementCycle>false</autoIncrementCycle>
</Column>
<Column name="prog_name" id="884BBBEC-E043-F5AB-0950-3D74AF497CDD">
<createdBy>admin</createdBy>
<createdTime>2015-10-26 06:49:25 UTC</createdTime>
<generatorID>62494FA4-325A-71F5-B5A4-DA04F7476D93</generatorID>
<ownerDesignName>univ_info_sys_2</ownerDesignName>
<useDomainConstraints>false</useDomainConstraints>
<use>1</use>
<logicalDatatype>LOGDT037</logicalDatatype>
<dataTypeSize>100</dataTypeSize>
<ownDataTypeParameters>100,,</ownDataTypeParameters>
<autoIncrementCycle>false</autoIncrementCycle>
</Column>
<Column name="prog_domain" id="1229ECF8-C711-86A9-C3A3-269F52457C4B">
<createdBy>admin</createdBy>
<createdTime>2015-10-26 06:49:25 UTC</createdTime>
<generatorID>4C11775C-98CA-6958-F657-F2E3595CFDEA</generatorID>
<ownerDesignName>univ_info_sys_2</ownerDesignName>
<useDomainConstraints>false</useDomainConstraints>
<use>1</use>
<logicalDatatype>LOGDT037</logicalDatatype>
<dataTypeSize>100</dataTypeSize>
<ownDataTypeParameters>100,,</ownDataTypeParameters>
<autoIncrementCycle>false</autoIncrementCycle>
</Column>
<Column name="study_level" id="E4577921-C794-FF1E-AD7B-6F6726E4B738">
<createdBy>admin</createdBy>
<createdTime>2015-10-26 06:49:25 UTC</createdTime>
<generatorID>D1E1EB8D-5C49-47A8-9E83-2FEC115E7628</generatorID>
<ownerDesignName>univ_info_sys_2</ownerDesignName>
<useDomainConstraints>false</useDomainConstraints>
<use>1</use>
<logicalDatatype>LOGDT019</logicalDatatype>
<dataTypePrecision>1</dataTypePrecision>
<ownDataTypeParameters>,1,</ownDataTypeParameters>
<autoIncrementCycle>false</autoIncrementCycle>
</Column>
<Column name="has_daily_courses" id="5742AAFC-A386-692E-4E2E-61F84E432586">
<createdBy>admin</createdBy>
<createdTime>2015-10-26 06:49:25 UTC</createdTime>
<generatorID>E09B2AA3-757A-B125-7E4E-A472260DE113</generatorID>
<ownerDesignName>univ_info_sys_2</ownerDesignName>
<useDomainConstraints>false</useDomainConstraints>
<use>1</use>
<logicalDatatype>LOGDT006</logicalDatatype>
<dataTypeSize>1</dataTypeSize>
<ownDataTypeParameters>1,,</ownDataTypeParameters>
<autoIncrementCycle>false</autoIncrementCycle>
</Column>
<Column name="has_distance_courses" id="77B37EB9-578A-7D89-F189-E82B687B59FC">
<createdBy>admin</createdBy>
<createdTime>2015-10-26 06:49:25 UTC</createdTime>
<generatorID>62473A58-D7E4-A77A-ED1B-779181F110A1</generatorID>
<ownerDesignName>univ_info_sys_2</ownerDesignName>
<nullsAllowed>true</nullsAllowed>
<useDomainConstraints>false</useDomainConstraints>
<use>1</use>
<logicalDatatype>LOGDT006</logicalDatatype>
<dataTypeSize>1</dataTypeSize>
<ownDataTypeParameters>1,,</ownDataTypeParameters>
<autoIncrementCycle>false</autoIncrementCycle>
</Column>
<Column name="has_red_freq_courses" id="083D39A6-EDBA-D9C6-394A-DDCE391B7F0F">
<createdBy>admin</createdBy>
<createdTime>2015-10-26 06:49:25 UTC</createdTime>
<generatorID>3F4FEE79-862C-0FE9-1631-65A9D78BE395</generatorID>
<ownerDesignName>univ_info_sys_2</ownerDesignName>
<useDomainConstraints>false</useDomainConstraints>
<use>1</use>
<logicalDatatype>LOGDT006</logicalDatatype>
<dataTypeSize>1</dataTypeSize>
<ownDataTypeParameters>1,,</ownDataTypeParameters>
<autoIncrementCycle>false</autoIncrementCycle>
</Column>
<Column name="established_since" id="6EF6681C-6AE1-0BA3-0513-1EAB9ED2C2D0">
<createdBy>admin</createdBy>
<createdTime>2015-10-26 06:49:25 UTC</createdTime>
<generatorID>65A31D40-E63F-8FBA-6D6E-DA4508CD1187</generatorID>
<ownerDesignName>univ_info_sys_2</ownerDesignName>
<nullsAllowed>true</nullsAllowed>
<useDomainConstraints>false</useDomainConstraints>
<use>1</use>
<logicalDatatype>LOGDT019</logicalDatatype>
<dataTypePrecision>4</dataTypePrecision>
<ownDataTypeParameters>,4,</ownDataTypeParameters>
<autoIncrementCycle>false</autoIncrementCycle>
</Column>
<Column name="comments" id="7B8565F6-D12B-EC51-5D43-49C2EE6A44A4">
<createdBy>admin</createdBy>
<createdTime>2015-10-26 06:49:25 UTC</createdTime>
<generatorID>DFA75020-3346-4AD5-2365-6BE84F9E9D0D</generatorID>
<ownerDesignName>univ_info_sys_2</ownerDesignName>
<nullsAllowed>true</nullsAllowed>
<useDomainConstraints>false</useDomainConstraints>
<use>1</use>
<logicalDatatype>LOGDT037</logicalDatatype>
<dataTypeSize>100</dataTypeSize>
<ownDataTypeParameters>100,,</ownDataTypeParameters>
<autoIncrementCycle>false</autoIncrementCycle>
</Column>
</columns>
<indexes itemClass="oracle.dbtools.crest.model.design.relational.Index">
<ind_PK_UK id="089A64D4-5D8D-1558-7248-5D75EF01DE39" name="programme_PK">
<createdBy>admin</createdBy>
<createdTime>2015-10-26 06:49:25 UTC</createdTime>
<generatorID>45EDC511-B130-7C41-87E7-5DB3D42CAB60</generatorID>
<ownerDesignName>univ_info_sys_2</ownerDesignName>
<pk>true</pk>
<indexState>Primary Constraint</indexState>
<isSurrogateKey>false</isSurrogateKey>
<indexColumnUsage>
<colUsage columnID="DA229C4D-3C94-02AD-244F-28BEA3D3797D"/>
</indexColumnUsage>
</ind_PK_UK>
</indexes>
</Table>