<?xml version = '1.0' encoding = 'UTF-8'?>
<Table class="oracle.dbtools.crest.model.design.relational.Table" directorySegmentName="seg_0" id="90CE4996-5A07-FDF5-E45E-4A7F23FCC191" name="common_module__prog">
<createdBy>admin</createdBy>
<createdTime>2015-10-26 06:49:25 UTC</createdTime>
<generatorID>F2B8A3EE-B55C-7CC4-525E-C1039BE398DC</generatorID>
<ownerDesignName>univ_info_sys_2</ownerDesignName>
<existDependencyGenerateInDDl>true</existDependencyGenerateInDDl>
<parsed>true</parsed>
<columns itemClass="oracle.dbtools.crest.model.design.relational.Column">
<Column name="programme_prog_code" id="05BEF58E-77D2-09F3-EE65-A0161E564CFC">
<createdBy>admin</createdBy>
<createdTime>2015-10-26 06:49:43 UTC</createdTime>
<generatorID>A35FB5EA-B174-0F25-0D77-D38A6278D37F</generatorID>
<ownerDesignName>univ_info_sys_2</ownerDesignName>
<useDomainConstraints>false</useDomainConstraints>
<use>1</use>
<logicalDatatype>LOGDT024</logicalDatatype>
<dataTypeSize>20</dataTypeSize>
<ownDataTypeParameters>20,,</ownDataTypeParameters>
<previousColumn>false</previousColumn>
<autoIncrementCycle>false</autoIncrementCycle>
<associations>
<colAssociation fkAssociation="A5C7E89A-E750-8AF1-5893-93EEE669ABC7" referredColumn="DA229C4D-3C94-02AD-244F-28BEA3D3797D"/>
</associations>
</Column>
<Column name="comments" id="B3E720F2-0324-4507-A270-A9921787CF96">
<createdBy>admin</createdBy>
<createdTime>2015-10-26 06:49:25 UTC</createdTime>
<generatorID>A7C4D4A6-4445-5484-1B1F-28C9A2C2DD6E</generatorID>
<ownerDesignName>univ_info_sys_2</ownerDesignName>
<nullsAllowed>true</nullsAllowed>
<useDomainConstraints>false</useDomainConstraints>
<use>1</use>
<logicalDatatype>LOGDT037</logicalDatatype>
<dataTypeSize>100</dataTypeSize>
<ownDataTypeParameters>100,,</ownDataTypeParameters>
<autoIncrementCycle>false</autoIncrementCycle>
</Column>
<Column name="common_bachelor_module_common_bachelor_module_ID" id="99D2FF9A-3B14-91D4-B91A-F1CE158C4214">
<createdBy>admin</createdBy>
<createdTime>2015-10-26 06:49:25 UTC</createdTime>
<ownerDesignName>univ_info_sys_2</ownerDesignName>
<useDomainConstraints>false</useDomainConstraints>
<use>1</use>
<logicalDatatype>LOGDT019</logicalDatatype>
<ownDataTypeParameters>,,</ownDataTypeParameters>
<previousColumn>false</previousColumn>
<autoIncrementCycle>false</autoIncrementCycle>
<associations>
<colAssociation fkAssociation="E5486B70-A3B0-52E8-F180-4267693E4D77" referredColumn="3F73EC76-79B4-39AC-59B8-0CC52B6EAB12"/>
</associations>
</Column>
</columns>
<indexes itemClass="oracle.dbtools.crest.model.design.relational.Index">
<ind_PK_UK id="79CE7202-A3A6-4540-1FBA-E038577C537F" name="common_module__prog_PK">
<createdBy>admin</createdBy>
<createdTime>2015-10-26 06:49:25 UTC</createdTime>
<generatorID>A965D878-0893-62AE-990F-6CD248BD501F</generatorID>
<ownerDesignName>univ_info_sys_2</ownerDesignName>
<pk>true</pk>
<indexState>Primary Constraint</indexState>
<isSurrogateKey>false</isSurrogateKey>
<indexColumnUsage>
<colUsage columnID="05BEF58E-77D2-09F3-EE65-A0161E564CFC"/>
</indexColumnUsage>
</ind_PK_UK>
<ind_PK_UK id="8D70BC79-4BCD-D55B-751F-68BEDD9DB577" name="common_module_is">
<createdBy>admin</createdBy>
<createdTime>2015-10-26 06:49:25 UTC</createdTime>
<generatorID>D1FDC8E4-4578-A70C-5D13-F56547F8DADB</generatorID>
<ownerDesignName>univ_info_sys_2</ownerDesignName>
<indexState>Foreign Key</indexState>
<isSurrogateKey>false</isSurrogateKey>
<indexColumnUsage>
<colUsage columnID="99D2FF9A-3B14-91D4-B91A-F1CE158C4214"/>
</indexColumnUsage>
</ind_PK_UK>
<ind_PK_UK id="7BF83628-7541-42E6-F46A-B6C3971EFEBB" name="is_for_">
<createdBy>admin</createdBy>
<createdTime>2015-10-26 06:49:25 UTC</createdTime>
<generatorID>E10190B0-65C5-0E79-C2CB-B15380F27491</generatorID>
<ownerDesignName>univ_info_sys_2</ownerDesignName>
<indexState>Foreign Key</indexState>
<isSurrogateKey>false</isSurrogateKey>
<indexColumnUsage>
<colUsage columnID="05BEF58E-77D2-09F3-EE65-A0161E564CFC"/>
</indexColumnUsage>
</ind_PK_UK>
</indexes>
</Table>