<?xml version = '1.0' encoding = 'UTF-8'?>
<Table class="oracle.dbtools.crest.model.design.relational.Table" directorySegmentName="seg_0" id="AEA8EDF8-6565-8C95-99AE-D34269CD7261" name="stud_track">
<createdBy>admin</createdBy>
<createdTime>2015-10-26 06:49:25 UTC</createdTime>
<generatorID>B2D431E1-346D-7391-879A-7F44D2564A08</generatorID>
<ownerDesignName>univ_info_sys_2</ownerDesignName>
<existDependencyGenerateInDDl>true</existDependencyGenerateInDDl>
<parsed>true</parsed>
<columns itemClass="oracle.dbtools.crest.model.design.relational.Column">
<Column name="student_stud_code2" id="4C7C3CDD-6BC1-5967-2A21-85B9104FF3FE">
<createdBy>admin</createdBy>
<createdTime>2015-10-26 06:49:43 UTC</createdTime>
<generatorID>9726E2CD-DDE5-AE04-FCA8-3EFDB9C56CB4</generatorID>
<ownerDesignName>univ_info_sys_2</ownerDesignName>
<useDomainConstraints>false</useDomainConstraints>
<use>1</use>
<logicalDatatype>LOGDT024</logicalDatatype>
<dataTypeSize>18</dataTypeSize>
<ownDataTypeParameters>18,,</ownDataTypeParameters>
<previousColumn>false</previousColumn>
<autoIncrementCycle>false</autoIncrementCycle>
</Column>
<Column name="main_study_group_group_id" id="288A3A9E-8C53-1174-FD90-6A7442CD9E9A">
<createdBy>admin</createdBy>
<createdTime>2015-10-26 06:49:43 UTC</createdTime>
<generatorID>8F3FD76E-4FFC-7E24-FB87-346E0FB9DB6C</generatorID>
<ownerDesignName>univ_info_sys_2</ownerDesignName>
<useDomainConstraints>false</useDomainConstraints>
<use>1</use>
<logicalDatatype>LOGDT011</logicalDatatype>
<ownDataTypeParameters>,,</ownDataTypeParameters>
<previousColumn>false</previousColumn>
<autoIncrementCycle>false</autoIncrementCycle>
<associations>
<colAssociation fkAssociation="9B7BF0BB-8585-2FB2-2C0E-091745CB711B" referredColumn="7B6052B2-58DA-D27A-2006-8DECFEC8BBB8"/>
</associations>
</Column>
<Column name="comments" id="7D2ECF2A-8975-7B96-6E32-D28D5264C738">
<createdBy>admin</createdBy>
<createdTime>2015-10-26 06:49:25 UTC</createdTime>
<generatorID>50A69488-5502-AE59-E1C4-34C99B364A36</generatorID>
<ownerDesignName>univ_info_sys_2</ownerDesignName>
<nullsAllowed>true</nullsAllowed>
<useDomainConstraints>false</useDomainConstraints>
<use>1</use>
<logicalDatatype>LOGDT037</logicalDatatype>
<dataTypeSize>200</dataTypeSize>
<ownDataTypeParameters>200,,</ownDataTypeParameters>
<autoIncrementCycle>false</autoIncrementCycle>
</Column>
<Column name="lecture_group" id="C55E1C58-1820-1418-B076-97501D33EC3D">
<createdBy>admin</createdBy>
<createdTime>2015-10-26 06:49:25 UTC</createdTime>
<generatorID>A51191F5-848D-B5A1-574F-CFB71F90C845</generatorID>
<ownerDesignName>univ_info_sys_2</ownerDesignName>
<nullsAllowed>true</nullsAllowed>
<useDomainConstraints>false</useDomainConstraints>
<use>1</use>
<logicalDatatype>LOGDT019</logicalDatatype>
<dataTypePrecision>2</dataTypePrecision>
<ownDataTypeParameters>,2,</ownDataTypeParameters>
<autoIncrementCycle>false</autoIncrementCycle>
</Column>
<Column name="lab_group" id="9FE39650-48A2-59BE-1CCC-669AC444C31A">
<createdBy>admin</createdBy>
<createdTime>2015-10-26 06:49:25 UTC</createdTime>
<generatorID>6F2E2014-CBB7-DA47-C302-40EDAD427821</generatorID>
<ownerDesignName>univ_info_sys_2</ownerDesignName>
<nullsAllowed>true</nullsAllowed>
<useDomainConstraints>false</useDomainConstraints>
<use>1</use>
<logicalDatatype>LOGDT019</logicalDatatype>
<dataTypePrecision>2</dataTypePrecision>
<ownDataTypeParameters>,2,</ownDataTypeParameters>
<autoIncrementCycle>false</autoIncrementCycle>
</Column>
<Column name="scholarship_type_code2" id="FEE1F19E-C032-3615-8C52-FF0C3652DB16">
<createdBy>admin</createdBy>
<createdTime>2015-10-26 06:49:43 UTC</createdTime>
<generatorID>D2D2E6D3-CB71-6880-C407-52FBA167837A</generatorID>
<ownerDesignName>univ_info_sys_2</ownerDesignName>
<useDomainConstraints>false</useDomainConstraints>
<use>1</use>
<logicalDatatype>LOGDT024</logicalDatatype>
<dataTypeSize>10</dataTypeSize>
<ownDataTypeParameters>10,,</ownDataTypeParameters>
<previousColumn>false</previousColumn>
<autoIncrementCycle>false</autoIncrementCycle>
</Column>
<Column name="student_stud_code" id="36EC2538-A525-591C-4123-0123F8F8DC61">
<createdBy>admin</createdBy>
<createdTime>2015-10-26 06:49:25 UTC</createdTime>
<ownerDesignName>univ_info_sys_2</ownerDesignName>
<useDomainConstraints>false</useDomainConstraints>
<use>1</use>
<logicalDatatype>LOGDT024</logicalDatatype>
<dataTypeSize>18</dataTypeSize>
<ownDataTypeParameters>18,,</ownDataTypeParameters>
<previousColumn>false</previousColumn>
<autoIncrementCycle>false</autoIncrementCycle>
<associations>
<colAssociation fkAssociation="661920BD-B544-7E1E-FBB6-77214E787EF1" referredColumn="E273940B-A29E-3666-7580-C8DFBE631582"/>
</associations>
</Column>
<Column name="scholarship_type_code" id="B596B697-E70C-FCC9-125B-348BC9ED9ECB">
<createdBy>admin</createdBy>
<createdTime>2015-10-26 06:49:25 UTC</createdTime>
<ownerDesignName>univ_info_sys_2</ownerDesignName>
<useDomainConstraints>false</useDomainConstraints>
<use>1</use>
<logicalDatatype>LOGDT024</logicalDatatype>
<dataTypeSize>10</dataTypeSize>
<ownDataTypeParameters>10,,</ownDataTypeParameters>
<previousColumn>false</previousColumn>
<autoIncrementCycle>false</autoIncrementCycle>
<associations>
<colAssociation fkAssociation="B2732D9C-019D-2CEB-8568-B43EB33B3ABF" referredColumn="C4A60C0F-C075-4329-1B72-1620D303388C"/>
</associations>
</Column>
</columns>
<indexes itemClass="oracle.dbtools.crest.model.design.relational.Index">
<ind_PK_UK id="834EAF7F-C27C-6825-1FC1-A02FCF6E0509" name="stud_track_PK">
<createdBy>admin</createdBy>
<createdTime>2015-10-26 06:49:25 UTC</createdTime>
<generatorID>8AA7840E-68F7-B0E6-CAC9-82288B075065</generatorID>
<ownerDesignName>univ_info_sys_2</ownerDesignName>
<pk>true</pk>
<indexState>Primary Constraint</indexState>
<isSurrogateKey>false</isSurrogateKey>
<indexColumnUsage>
<colUsage columnID="4C7C3CDD-6BC1-5967-2A21-85B9104FF3FE"/>
<colUsage columnID="288A3A9E-8C53-1174-FD90-6A7442CD9E9A"/>
</indexColumnUsage>
</ind_PK_UK>
<ind_PK_UK id="15D0FC7E-2899-DC9A-F877-F2B64F5780C6" name="enrolled_in">
<createdBy>admin</createdBy>
<createdTime>2015-10-26 06:49:25 UTC</createdTime>
<generatorID>FFB62D98-C62B-F675-44FF-79692E77E3EE</generatorID>
<ownerDesignName>univ_info_sys_2</ownerDesignName>
<indexState>Foreign Key</indexState>
<isSurrogateKey>false</isSurrogateKey>
<indexColumnUsage>
<colUsage columnID="288A3A9E-8C53-1174-FD90-6A7442CD9E9A"/>
</indexColumnUsage>
</ind_PK_UK>
<ind_PK_UK id="1DB5E5D7-CE18-626E-ABE6-7EAA3BA636E9" name="is_about_">
<createdBy>admin</createdBy>
<createdTime>2015-10-26 06:49:25 UTC</createdTime>
<generatorID>9E0AA252-8EDD-62B3-20E1-EED248CAC8B8</generatorID>
<ownerDesignName>univ_info_sys_2</ownerDesignName>
<indexState>Foreign Key</indexState>
<isSurrogateKey>false</isSurrogateKey>
<indexColumnUsage>
<colUsage columnID="36EC2538-A525-591C-4123-0123F8F8DC61"/>
</indexColumnUsage>
</ind_PK_UK>
<ind_PK_UK id="0BF09385-E52D-5C3E-2B60-B1B743759502" name="was_granted_">
<createdBy>admin</createdBy>
<createdTime>2015-10-26 06:49:25 UTC</createdTime>
<generatorID>F6A02D53-EAF8-7585-BD90-3E00D0049133</generatorID>
<ownerDesignName>univ_info_sys_2</ownerDesignName>
<indexState>Foreign Key</indexState>
<isSurrogateKey>false</isSurrogateKey>
<indexColumnUsage>
<colUsage columnID="B596B697-E70C-FCC9-125B-348BC9ED9ECB"/>
</indexColumnUsage>
</ind_PK_UK>
</indexes>
</Table>