<?xml version = '1.0' encoding = 'UTF-8'?>
<Relation class="oracle.dbtools.crest.model.design.logical.Relation" name="is_prod_bought" directorySegmentName="seg_0" id="081EDC47-108F-9DC3-94F3-855546864C0D">
<createdBy>admin</createdBy>
<createdTime>2015-11-10 06:36:05 UTC</createdTime>
<ownerDesignName>07c_Products_bought_products_offered</ownerDesignName>
<sourcePk>98B0CC1C-CABC-01BF-431C-FE0F561E7B33</sourcePk>
<identifying>true</identifying>
<optionalSource>true</optionalSource>
<optionalTarget>false</optionalTarget>
<sourceCardinality>1</sourceCardinality>
<sourceEntity>9B643DE7-AE99-9E3E-B7F8-CD5D91D01CAC</sourceEntity>
<targetCardinalityString>*</targetCardinalityString>
<targetEntity>1DB30C75-0803-3C4E-BB55-246616825502</targetEntity>
<transferable>true</transferable>
</Relation>