<?xml version = '1.0' encoding = 'UTF-8'?>
<Relation class="oracle.dbtools.crest.model.design.logical.Relation" name="is_offered_in_offer" directorySegmentName="seg_0" id="2E33616F-6E81-FBBB-EE2B-9EBCC723928B">
<createdBy>admin</createdBy>
<createdTime>2015-11-10 08:36:39 UTC</createdTime>
<ownerDesignName>07c_Products_bought_products_offered</ownerDesignName>
<sourcePk>98B0CC1C-CABC-01BF-431C-FE0F561E7B33</sourcePk>
<identifying>true</identifying>
<optionalSource>true</optionalSource>
<optionalTarget>false</optionalTarget>
<sourceCardinality>1</sourceCardinality>
<sourceEntity>9B643DE7-AE99-9E3E-B7F8-CD5D91D01CAC</sourceEntity>
<targetCardinalityString>*</targetCardinalityString>
<targetEntity>7A9794E8-5952-B956-F1DF-C86F40E39C56</targetEntity>
<transferable>true</transferable>
</Relation>