<?xml version = '1.0' encoding = 'UTF-8'?>
<Relation class="oracle.dbtools.crest.model.design.logical.Relation" name="contains_prod_offered" directorySegmentName="seg_0" id="494DC964-643F-6CDA-864A-540519033EAD">
<createdBy>admin</createdBy>
<createdTime>2015-11-10 08:38:17 UTC</createdTime>
<ownerDesignName>07c_Products_bought_products_offered</ownerDesignName>
<sourcePk>97908D7B-294A-42F7-F884-2946BABB43ED</sourcePk>
<identifying>true</identifying>
<optionalSource>true</optionalSource>
<optionalTarget>false</optionalTarget>
<sourceCardinality>1</sourceCardinality>
<sourceEntity>1DB30C75-0803-3C4E-BB55-246616825502</sourceEntity>
<targetCardinalityString>*</targetCardinalityString>
<targetEntity>7A9794E8-5952-B956-F1DF-C86F40E39C56</targetEntity>
<transferable>true</transferable>
</Relation>