<?xml version = '1.0' encoding = 'UTF-8'?>
<Relation class="oracle.dbtools.crest.model.design.logical.Relation" name="has_montly_stats" directorySegmentName="seg_0" id="58D22822-17DE-E93C-8D0C-0080DAFE466C">
<createdBy>admin</createdBy>
<createdTime>2015-10-30 05:25:03 UTC</createdTime>
<ownerDesignName>07c_Products_bought_products_offered</ownerDesignName>
<sourcePk>E60967B1-E1BA-9D43-DC8F-53D3CDBBEAC0</sourcePk>
<identifying>true</identifying>
<optionalSource>true</optionalSource>
<optionalTarget>false</optionalTarget>
<sourceCardinality>1</sourceCardinality>
<sourceEntity>862CD71F-8ACA-33A5-6C24-FBA4AC6FAA7F</sourceEntity>
<targetCardinalityString>*</targetCardinalityString>
<targetEntity>98FAA55C-153A-349F-307F-0311159CE1E1</targetEntity>
<transferable>true</transferable>
</Relation>