<?xml version = '1.0' encoding = 'UTF-8'?>
<Relation class="oracle.dbtools.crest.model.design.logical.Relation" name="is_applied_in" directorySegmentName="seg_0" id="8D0FBF94-2DE7-519F-98AE-5140D0EC8001">
<createdBy>admin</createdBy>
<createdTime>2015-11-10 06:05:40 UTC</createdTime>
<ownerDesignName>07c_Products_bought_products_offered</ownerDesignName>
<sourcePk>55C4EC96-F03C-2C90-F3EC-575C3F91071F</sourcePk>
<identifying>false</identifying>
<optionalSource>true</optionalSource>
<optionalTarget>false</optionalTarget>
<sourceCardinality>1</sourceCardinality>
<sourceEntity>75C61227-6223-EF7A-2B52-8C82567AC2E6</sourceEntity>
<targetCardinalityString>*</targetCardinalityString>
<targetEntity>9B6DCC06-4F09-1244-27C0-C0BE0CEF865A</targetEntity>
<transferable>true</transferable>
</Relation>