<?xml version = '1.0' encoding = 'UTF-8'?>
<Relation class="oracle.dbtools.crest.model.design.logical.Relation" name="contains_prod_bought" directorySegmentName="seg_0" id="9D8EAC1E-EAC0-B824-60CB-5CE8A0E03DD9">
<createdBy>admin</createdBy>
<createdTime>2015-11-10 08:37:59 UTC</createdTime>
<ownerDesignName>07c_Products_bought_products_offered</ownerDesignName>
<sourcePk>97908D7B-294A-42F7-F884-2946BABB43ED</sourcePk>
<identifying>true</identifying>
<optionalSource>true</optionalSource>
<optionalTarget>false</optionalTarget>
<sourceCardinality>1</sourceCardinality>
<sourceEntity>1DB30C75-0803-3C4E-BB55-246616825502</sourceEntity>
<targetCardinalityString>*</targetCardinalityString>
<targetEntity>46AED0BC-29FA-03D8-910F-D28ADB892A77</targetEntity>
<transferable>true</transferable>
</Relation>