<?xml version = '1.0' encoding = 'UTF-8'?>
<Relation class="oracle.dbtools.crest.model.design.logical.Relation" name="is_bought_in_offer" directorySegmentName="seg_0" id="DBF8CB15-F1A6-1827-3F74-1355C7E28493">
<createdBy>admin</createdBy>
<createdTime>2015-11-10 08:36:20 UTC</createdTime>
<ownerDesignName>07c_Products_bought_products_offered</ownerDesignName>
<sourcePk>98B0CC1C-CABC-01BF-431C-FE0F561E7B33</sourcePk>
<identifying>true</identifying>
<optionalSource>true</optionalSource>
<optionalTarget>false</optionalTarget>
<sourceCardinality>1</sourceCardinality>
<sourceEntity>9B643DE7-AE99-9E3E-B7F8-CD5D91D01CAC</sourceEntity>
<targetCardinalityString>*</targetCardinalityString>
<targetEntity>46AED0BC-29FA-03D8-910F-D28ADB892A77</targetEntity>
<transferable>true</transferable>
</Relation>