<?xml version = '1.0' encoding = 'UTF-8'?>
<Relation class="oracle.dbtools.crest.model.design.logical.Relation" name="can_be_subject_of_" directorySegmentName="seg_0" id="E7FFA077-44AC-87FA-065E-BFAA11FE6881">
<createdBy>admin</createdBy>
<createdTime>2015-10-29 12:41:21 UTC</createdTime>
<ownerDesignName>07c_Products_bought_products_offered</ownerDesignName>
<sourcePk>D0B2DB68-6D9E-659C-A596-16AA379526BF</sourcePk>
<identifying>false</identifying>
<optionalSource>true</optionalSource>
<optionalTarget>false</optionalTarget>
<sourceCardinality>1</sourceCardinality>
<sourceEntity>9B6DCC06-4F09-1244-27C0-C0BE0CEF865A</sourceEntity>
<targetCardinalityString>1</targetCardinalityString>
<targetEntity>159E3FB7-784F-F485-ADB8-DF20348E0DB5</targetEntity>
<transferable>true</transferable>
</Relation>