<?xml version = '1.0' encoding = 'UTF-8'?>
<Relation class="oracle.dbtools.crest.model.design.logical.Relation" name="its_i_th_stop_is" directorySegmentName="seg_0" id="37FC1BEE-D723-1130-22CC-4F3CC809466D">
<createdBy>admin</createdBy>
<createdTime>2015-11-16 08:08:55 UTC</createdTime>
<ownerDesignName>09b_routes</ownerDesignName>
<engineerTo>
<item key="B2066FEA-2EB7-E6B1-13B1-47381F99176D" value="true"/>
</engineerTo>
<sourcePk>F7FD150A-2563-7046-1F1C-36FE92E4F9CE</sourcePk>
<identifying>true</identifying>
<optionalSource>true</optionalSource>
<optionalTarget>false</optionalTarget>
<sourceCardinality>1</sourceCardinality>
<sourceEntity>696BFCA8-1F84-3914-250C-B8DAB10EEF19</sourceEntity>
<targetCardinalityString>*</targetCardinalityString>
<targetEntity>30381E6D-38CD-CBD6-A9D8-6DBCEE9BEBAB</targetEntity>
<transferable>true</transferable>
</Relation>