<?xml version = '1.0' encoding = 'UTF-8'?>
<Relation class="oracle.dbtools.crest.model.design.logical.Relation" name="has" directorySegmentName="seg_0" id="453E0446-810E-21D1-C01F-2BF28419FDBD">
<createdBy>admin</createdBy>
<createdTime>2015-11-16 07:57:15 UTC</createdTime>
<ownerDesignName>09b_routes</ownerDesignName>
<engineerTo>
<item key="B2066FEA-2EB7-E6B1-13B1-47381F99176D" value="true"/>
</engineerTo>
<sourcePk>0B454A08-8F6B-CDE1-4126-16029B9F960A</sourcePk>
<identifying>false</identifying>
<optionalSource>true</optionalSource>
<optionalTarget>false</optionalTarget>
<sourceCardinality>1</sourceCardinality>
<sourceEntity>9C0AA00A-C153-164C-2576-95D78692A2C1</sourceEntity>
<targetCardinalityString>*</targetCardinalityString>
<targetEntity>86090696-46A2-BC08-7643-58117B1969C7</targetEntity>
<transferable>true</transferable>
</Relation>