<?xml version = '1.0' encoding = 'UTF-8'?>
<Relation class="oracle.dbtools.crest.model.design.logical.Relation" name="fromv2" directorySegmentName="seg_0" id="ED264942-1A28-9CA5-1069-F8D437AC08A2">
<createdBy>admin</createdBy>
<createdTime>2015-11-16 08:07:35 UTC</createdTime>
<ownerDesignName>09b_routes</ownerDesignName>
<engineerTo>
<item key="B2066FEA-2EB7-E6B1-13B1-47381F99176D" value="true"/>
</engineerTo>
<sourcePk>A8458510-3286-508F-E174-6AFF9CE03691</sourcePk>
<identifying>true</identifying>
<optionalSource>true</optionalSource>
<optionalTarget>false</optionalTarget>
<sourceCardinality>1</sourceCardinality>
<sourceEntity>86090696-46A2-BC08-7643-58117B1969C7</sourceEntity>
<targetCardinalityString>*</targetCardinalityString>
<targetEntity>859ACD1F-61FF-A75D-A8BC-8A3B3FFD0285</targetEntity>
<transferable>true</transferable>
</Relation>