<?xml version = '1.0' encoding = 'UTF-8'?>
<Relation class="oracle.dbtools.crest.model.design.logical.Relation" name="is_equivalent_to" directorySegmentName="seg_0" id="1862BC83-BCCB-ED4B-994C-F36D823BA101">
<createdBy>admin</createdBy>
<createdTime>2015-10-30 09:04:36 UTC</createdTime>
<ownerDesignName>02b_package_of_items_v2</ownerDesignName>
<engineerTo>
<item key="2C5E84CB-0FD6-FB15-1982-89650C3ECADC" value="true"/>
</engineerTo>
<sourcePk>601F2803-D91C-5692-E764-85329B4EE1D7</sourcePk>
<identifying>true</identifying>
<optionalSource>true</optionalSource>
<optionalTarget>false</optionalTarget>
<sourceCardinality>1</sourceCardinality>
<sourceEntity>793CB266-841C-E697-0EA5-7E1769DD141F</sourceEntity>
<targetCardinalityString>*</targetCardinalityString>
<targetEntity>7E75DEE9-D0BA-6329-13ED-64D64B66A936</targetEntity>
<transferable>true</transferable>
</Relation>