<?xml version = '1.0' encoding = 'UTF-8'?>
<Relation class="oracle.dbtools.crest.model.design.logical.Relation" name="can_appear_in" directorySegmentName="seg_0" id="5691A718-A83F-9A5B-BD32-403CBD9A10D6">
<createdBy>admin</createdBy>
<createdTime>2015-10-30 09:09:31 UTC</createdTime>
<ownerDesignName>02b_package_of_items_v2</ownerDesignName>
<engineerTo>
<item key="8BD80427-BA40-B74B-5878-AD66E0970AC5" value="true"/>
</engineerTo>
<sourcePk>4D753783-EE60-9C7A-F46E-4B765A25D824</sourcePk>
<arc>77637BBB-A7AE-1283-FA26-28A69E9180DA</arc>
<identifying>false</identifying>
<optionalSource>true</optionalSource>
<optionalTarget>false</optionalTarget>
<sourceCardinality>1</sourceCardinality>
<sourceEntity>6714288E-718D-93ED-B0E2-57C7129971D9</sourceEntity>
<targetCardinalityString>*</targetCardinalityString>
<targetEntity>F83C1949-608D-81D4-5FB2-16FF9D499229</targetEntity>
<transferable>true</transferable>
</Relation>