<?xml version = '1.0' encoding = 'UTF-8'?>
<Relation class="oracle.dbtools.crest.model.design.logical.Relation" name="contains_serv" directorySegmentName="seg_0" id="695E4908-9FB9-3723-0AE8-AD86E545B6B8">
<createdBy>admin</createdBy>
<createdTime>2015-10-30 09:42:06 UTC</createdTime>
<ownerDesignName>02b_package_of_items_v2</ownerDesignName>
<engineerTo>
<item key="0E4378BC-D649-173E-6F57-F65BC592410F" value="true"/>
</engineerTo>
<sourcePk>4D753783-EE60-9C7A-F46E-4B765A25D824</sourcePk>
<identifying>true</identifying>
<optionalSource>true</optionalSource>
<optionalTarget>false</optionalTarget>
<sourceCardinality>1</sourceCardinality>
<sourceEntity>6714288E-718D-93ED-B0E2-57C7129971D9</sourceEntity>
<targetCardinalityString>*</targetCardinalityString>
<targetEntity>45070F58-A924-B8D5-B816-FBD9324FE702</targetEntity>
<transferable>true</transferable>
</Relation>