<?xml version = '1.0' encoding = 'UTF-8'?>
<Relation class="oracle.dbtools.crest.model.design.logical.Relation" name="occurs_in" directorySegmentName="seg_0" id="8583661B-49B5-9C48-8C5B-7920C35F4216">
<createdBy>admin</createdBy>
<createdTime>2015-10-30 08:42:34 UTC</createdTime>
<ownerDesignName>02b_package_of_items_v2</ownerDesignName>
<engineerTo>
<item key="8BD80427-BA40-B74B-5878-AD66E0970AC5" value="true"/>
</engineerTo>
<sourcePk>E55947F8-3963-CDF5-AA8F-8C4E30F129D4</sourcePk>
<arc>77637BBB-A7AE-1283-FA26-28A69E9180DA</arc>
<identifying>false</identifying>
<optionalSource>true</optionalSource>
<optionalTarget>false</optionalTarget>
<sourceCardinality>1</sourceCardinality>
<sourceEntity>CE438035-A1E7-668F-8CE2-5917FDEDD9D3</sourceEntity>
<targetCardinalityString>*</targetCardinalityString>
<targetEntity>F83C1949-608D-81D4-5FB2-16FF9D499229</targetEntity>
<transferable>true</transferable>
</Relation>