<?xml version = '1.0' encoding = 'UTF-8'?>
<Relation class="oracle.dbtools.crest.model.design.logical.Relation" name="contains_pack" directorySegmentName="seg_0" id="AFE66F4D-1E8C-7BBA-80EF-E9DB3938137D">
<createdBy>admin</createdBy>
<createdTime>2015-10-30 09:43:18 UTC</createdTime>
<ownerDesignName>02b_package_of_items_v2</ownerDesignName>
<engineerTo>
<item key="0E4378BC-D649-173E-6F57-F65BC592410F" value="true"/>
</engineerTo>
<sourcePk>4D753783-EE60-9C7A-F46E-4B765A25D824</sourcePk>
<identifying>true</identifying>
<optionalSource>true</optionalSource>
<optionalTarget>false</optionalTarget>
<sourceCardinality>1</sourceCardinality>
<sourceEntity>6714288E-718D-93ED-B0E2-57C7129971D9</sourceEntity>
<targetCardinalityString>*</targetCardinalityString>
<targetEntity>F7DBC332-3636-01B3-E819-E426D5A0534D</targetEntity>
<transferable>true</transferable>
</Relation>