<?xml version = '1.0' encoding = 'UTF-8'?>
<Relation class="oracle.dbtools.crest.model.design.logical.Relation" name="contains_prod" directorySegmentName="seg_0" id="D5B6866F-980B-5E62-67FC-D495FB512EAD">
<createdBy>admin</createdBy>
<createdTime>2015-10-30 09:15:22 UTC</createdTime>
<ownerDesignName>02b_package_of_items_v2</ownerDesignName>
<engineerTo>
<item key="0E4378BC-D649-173E-6F57-F65BC592410F" value="true"/>
</engineerTo>
<sourcePk>4D753783-EE60-9C7A-F46E-4B765A25D824</sourcePk>
<identifying>true</identifying>
<optionalSource>true</optionalSource>
<optionalTarget>false</optionalTarget>
<sourceCardinality>1</sourceCardinality>
<sourceEntity>6714288E-718D-93ED-B0E2-57C7129971D9</sourceEntity>
<targetCardinalityString>*</targetCardinalityString>
<targetEntity>1E945C45-520D-0A35-47CD-081A22B04051</targetEntity>
<transferable>true</transferable>
</Relation>