<?xml version = '1.0' encoding = 'UTF-8'?>
<FKIndexAssociation class="oracle.dbtools.crest.model.design.relational.FKIndexAssociation" directorySegmentName="seg_1" id="1CC97C49-E1BF-58BD-F1D5-7CBEC395BDFB" containerWithKeyObject="2D2B90C6-D0EB-9EB9-0A1F-44CF14BBECD0" localFKIndex="B58CD956-7EE8-DBD1-6E8C-340F878F93B8" name="sends">
<createdBy>marinfotache</createdBy>
<createdTime>2018-10-25 18:54:52 UTC</createdTime>
<generatorID>17C5ACCD-04B4-F549-10FF-E1AE0CA70BBE</generatorID>
<ownerDesignName>catering_1</ownerDesignName>
<referredTableLongName>customer</referredTableLongName>
<deleteRule>NO ACTION</deleteRule>
<referredTableID>F5F29057-003C-C0A6-C80E-11611B4639BF</referredTableID>
<keyObject>C519B614-8887-216F-9E5F-8FD5A4834DE8</keyObject>
<referredKeyID>C519B614-8887-216F-9E5F-8FD5A4834DE8</referredKeyID>
<mandatory>true</mandatory>
<refColNames>customer_ID</refColNames>
<transferable>true</transferable>
<rely>false</rely>
<columnDependencyConstraintGenerateInDDL>true</columnDependencyConstraintGenerateInDDL>
</FKIndexAssociation>