<?xml version = '1.0' encoding = 'UTF-8'?>
<FKIndexAssociation class="oracle.dbtools.crest.model.design.relational.FKIndexAssociation" directorySegmentName="seg_1" id="5D2647D1-5CF8-E29D-A852-B2670BA3F59E" containerWithKeyObject="58EA05EB-1583-70B6-A53B-9DF784D13AB3" localFKIndex="A4AFE037-832B-8D92-CF69-3D97511CC9FF" name="refers_to_order_">
<createdBy>marinfotache</createdBy>
<createdTime>2018-10-25 18:54:52 UTC</createdTime>
<generatorID>EA955EF5-4765-8683-A39B-55C949CCBEE7</generatorID>
<ownerDesignName>catering_1</ownerDesignName>
<referredTableLongName>invoice</referredTableLongName>
<deleteRule>NO ACTION</deleteRule>
<referredTableID>8BA4A4E8-9E01-7BBD-9F3D-AB1F215BB28E</referredTableID>
<keyObject>05212DC9-A351-386C-302A-382BB25B29B7</keyObject>
<referredKeyID>05212DC9-A351-386C-302A-382BB25B29B7</referredKeyID>
<mandatory>true</mandatory>
<refColNames>invoice_ID</refColNames>
<transferable>true</transferable>
<rely>false</rely>
<columnDependencyConstraintGenerateInDDL>true</columnDependencyConstraintGenerateInDDL>
</FKIndexAssociation>