<?xml version = '1.0' encoding = 'UTF-8'?>
<FKIndexAssociation class="oracle.dbtools.crest.model.design.relational.FKIndexAssociation" directorySegmentName="seg_1" id="76E8F8ED-F410-038B-DE96-2730E75B0CCE" containerWithKeyObject="B1BD8FE2-0ABD-8FFE-57BF-6870885071BC" localFKIndex="CBDF1EE8-31EF-62D0-3793-45B7CDA08FAE" name="responsible_for">
<createdBy>marinfotache</createdBy>
<createdTime>2018-10-25 18:54:52 UTC</createdTime>
<generatorID>EA10DA18-FD07-ACC0-0EA3-0C1F5BBE508F</generatorID>
<ownerDesignName>catering_1</ownerDesignName>
<referredTableLongName>order</referredTableLongName>
<deleteRule>NO ACTION</deleteRule>
<referredTableID>2D2B90C6-D0EB-9EB9-0A1F-44CF14BBECD0</referredTableID>
<keyObject>701E225B-CC15-DB10-977E-A647EE261BD5</keyObject>
<referredKeyID>701E225B-CC15-DB10-977E-A647EE261BD5</referredKeyID>
<mandatory>true</mandatory>
<refColNames>order_ID1</refColNames>
<transferable>true</transferable>
<rely>false</rely>
<columnDependencyConstraintGenerateInDDL>true</columnDependencyConstraintGenerateInDDL>
</FKIndexAssociation>