<?xml version = '1.0' encoding = 'UTF-8'?>
<FKIndexAssociation class="oracle.dbtools.crest.model.design.relational.FKIndexAssociation" directorySegmentName="seg_1" id="BD6F3931-B40A-DA4C-997D-9974FD7C901F" containerWithKeyObject="B1BD8FE2-0ABD-8FFE-57BF-6870885071BC" localFKIndex="B6C8A565-D8DE-8EA1-69EB-3254195555A5" name="responsible_is">
<createdBy>marinfotache</createdBy>
<createdTime>2018-10-25 18:54:52 UTC</createdTime>
<generatorID>D2FB2005-B74A-819A-E749-0C7B5AA9633B</generatorID>
<ownerDesignName>catering_1</ownerDesignName>
<referredTableLongName>employee</referredTableLongName>
<deleteRule>NO ACTION</deleteRule>
<referredTableID>91AAC3F8-0105-0FF8-A5C4-84222110E2D6</referredTableID>
<keyObject>F312E266-7000-07F6-9876-F9390D9CE591</keyObject>
<referredKeyID>F312E266-7000-07F6-9876-F9390D9CE591</referredKeyID>
<mandatory>true</mandatory>
<refColNames>employee_ID</refColNames>
<transferable>true</transferable>
<rely>false</rely>
<columnDependencyConstraintGenerateInDDL>true</columnDependencyConstraintGenerateInDDL>
</FKIndexAssociation>