<?xml version = '1.0' encoding = 'UTF-8'?>
<FKIndexAssociation class="oracle.dbtools.crest.model.design.relational.FKIndexAssociation" directorySegmentName="seg_1" id="C51F0563-7F3E-08B0-BFAF-A6E39597ED05" containerWithKeyObject="00A037BA-AD7E-C531-1588-1A40CAF0D4BE" localFKIndex="0948B83A-ABE3-620A-A81F-570523026A5E" name="returned_product_is">
<createdBy>marinfotache</createdBy>
<createdTime>2018-10-25 18:54:52 UTC</createdTime>
<generatorID>E86549E0-E326-422E-1FF8-77FF83E0AF75</generatorID>
<ownerDesignName>catering_1</ownerDesignName>
<referredTableLongName>product</referredTableLongName>
<deleteRule>NO ACTION</deleteRule>
<referredTableID>126168C2-EB38-5117-435D-188C872D43B3</referredTableID>
<keyObject>3AFFA1EB-4CF2-C3D1-6651-9C7D8510E118</keyObject>
<referredKeyID>3AFFA1EB-4CF2-C3D1-6651-9C7D8510E118</referredKeyID>
<mandatory>true</mandatory>
<refColNames>product_ID</refColNames>
<transferable>true</transferable>
<rely>false</rely>
<columnDependencyConstraintGenerateInDDL>true</columnDependencyConstraintGenerateInDDL>
</FKIndexAssociation>