<?xml version = '1.0' encoding = 'UTF-8'?>
<FKIndexAssociation class="oracle.dbtools.crest.model.design.relational.FKIndexAssociation" directorySegmentName="seg_1" id="E7A5CFE0-DC3A-782A-4D9C-A2E0907DA521" containerWithKeyObject="1A0BABC6-DA4D-F78C-045D-53799D47E5FC" localFKIndex="416FF0F1-20DF-C2AA-9BA8-36BC2AD6843F" name="prod_deliveried_by">
<createdBy>marinfotache</createdBy>
<createdTime>2018-10-25 18:54:52 UTC</createdTime>
<generatorID>3A009CF8-5641-AC29-3070-6926BB375D8C</generatorID>
<ownerDesignName>catering_1</ownerDesignName>
<referredTableLongName>product</referredTableLongName>
<deleteRule>NO ACTION</deleteRule>
<referredTableID>126168C2-EB38-5117-435D-188C872D43B3</referredTableID>
<keyObject>3AFFA1EB-4CF2-C3D1-6651-9C7D8510E118</keyObject>
<referredKeyID>3AFFA1EB-4CF2-C3D1-6651-9C7D8510E118</referredKeyID>
<mandatory>true</mandatory>
<refColNames>product_ID</refColNames>
<transferable>true</transferable>
<rely>false</rely>
<columnDependencyConstraintGenerateInDDL>true</columnDependencyConstraintGenerateInDDL>
</FKIndexAssociation>