<?xml version = '1.0' encoding = 'UTF-8'?>
<FKIndexAssociation class="oracle.dbtools.crest.model.design.relational.FKIndexAssociation" directorySegmentName="seg_1" id="F3E15D72-3FD0-C945-59C4-B9D3AA34D765" containerWithKeyObject="0047B65F-DD8A-3F7C-4D83-823AD5D2CF5A" localFKIndex="34D79419-0FBC-7DB2-624B-5AE96DC1764E" name="refers_to_v2">
<createdBy>marinfotache</createdBy>
<createdTime>2018-10-25 18:54:52 UTC</createdTime>
<generatorID>24DD7E8D-2AD4-465B-6D4C-669F69225A12</generatorID>
<ownerDesignName>catering_1</ownerDesignName>
<referredTableLongName>order</referredTableLongName>
<deleteRule>NO ACTION</deleteRule>
<referredTableID>2D2B90C6-D0EB-9EB9-0A1F-44CF14BBECD0</referredTableID>
<keyObject>701E225B-CC15-DB10-977E-A647EE261BD5</keyObject>
<referredKeyID>701E225B-CC15-DB10-977E-A647EE261BD5</referredKeyID>
<mandatory>true</mandatory>
<refColNames>order_ID1</refColNames>
<transferable>true</transferable>
<rely>false</rely>
<columnDependencyConstraintGenerateInDDL>true</columnDependencyConstraintGenerateInDDL>
</FKIndexAssociation>