<?xml version = '1.0' encoding = 'UTF-8'?>
<Entity class="oracle.dbtools.crest.model.design.logical.Entity" directorySegmentName="seg_0" id="6B13F4F6-76DA-ED4E-331A-25BA2E073417" name="arc">
<createdBy>admin</createdBy>
<createdTime>2015-11-10 15:45:12 UTC</createdTime>
<ownerDesignName>09a_basic_graph</ownerDesignName>
<engineerTo>
<item key="B2066FEA-2EB7-E6B1-13B1-47381F99176D" value="true"/>
</engineerTo>
<adequatelyNormalized>NO</adequatelyNormalized>
<expectedVolumes>0</expectedVolumes>
<fwdEngineeringStrategyName>Single Table</fwdEngineeringStrategyName>
<growthPercent>0</growthPercent>
<growthType>Year</growthType>
<maxVolumes>9999999</maxVolumes>
<minVolumes>0</minVolumes>
<normalForm>Third</normalForm>
<preferredAbbreviation>arcs</preferredAbbreviation>
<attributes itemClass="oracle.dbtools.crest.model.design.logical.Attribute">
<Attribute name="distance" id="5A12E1DC-27FB-0199-3BD0-2B244671E4E0">
<createdBy>admin</createdBy>
<createdTime>2015-11-16 07:40:39 UTC</createdTime>
<ownerDesignName>09a_basic_graph</ownerDesignName>
<engineerTo>
<item key="B2066FEA-2EB7-E6B1-13B1-47381F99176D" value="true"/>
</engineerTo>
<nullsAllowed>true</nullsAllowed>
<useDomainConstraints>false</useDomainConstraints>
<use>1</use>
<logicalDatatype>LOGDT019</logicalDatatype>
<dataTypePrecision>10</dataTypePrecision>
<dataTypeScale>2</dataTypeScale>
<ownDataTypeParameters>,10,2</ownDataTypeParameters>
</Attribute>
<Attribute name="dt_start" id="0E25D864-4DE2-704E-086B-0EAF57015CBC">
<createdBy>admin</createdBy>
<createdTime>2015-11-10 15:46:36 UTC</createdTime>
<ownerDesignName>09a_basic_graph</ownerDesignName>
<engineerTo>
<item key="B2066FEA-2EB7-E6B1-13B1-47381F99176D" value="true"/>
</engineerTo>
<useDomainConstraints>false</useDomainConstraints>
<use>1</use>
<logicalDatatype>LOGDT047</logicalDatatype>
<ownDataTypeParameters>,,</ownDataTypeParameters>
</Attribute>
<Attribute name="st_stop" id="63EC02D3-E98F-FBCA-9405-F772F2C59101">
<createdBy>admin</createdBy>
<createdTime>2015-11-10 15:46:52 UTC</createdTime>
<ownerDesignName>09a_basic_graph</ownerDesignName>
<engineerTo>
<item key="B2066FEA-2EB7-E6B1-13B1-47381F99176D" value="true"/>
</engineerTo>
<nullsAllowed>true</nullsAllowed>
<useDomainConstraints>false</useDomainConstraints>
<use>1</use>
<logicalDatatype>LOGDT047</logicalDatatype>
<ownDataTypeParameters>,,</ownDataTypeParameters>
</Attribute>
<Attribute name="comments" id="51450A37-4458-A35B-BDE3-6F4AB44D08A2">
<createdBy>admin</createdBy>
<createdTime>2015-11-10 15:47:08 UTC</createdTime>
<ownerDesignName>09a_basic_graph</ownerDesignName>
<engineerTo>
<item key="B2066FEA-2EB7-E6B1-13B1-47381F99176D" value="true"/>
</engineerTo>
<nullsAllowed>true</nullsAllowed>
<useDomainConstraints>false</useDomainConstraints>
<use>1</use>
<logicalDatatype>LOGDT037</logicalDatatype>
<dataTypeSize>100</dataTypeSize>
<ownDataTypeParameters>100,,</ownDataTypeParameters>
</Attribute>
<Attribute name="node_id" id="0F3B1CA7-8503-DEFC-5845-A7886B616015">
<createdBy>admin</createdBy>
<createdTime>2015-11-10 15:48:05 UTC</createdTime>
<generatorID>B4173E1E-F578-6A72-B3A3-9210D4F76136</generatorID>
<ownerDesignName>09a_basic_graph</ownerDesignName>
<engineerTo>
<item key="B2066FEA-2EB7-E6B1-13B1-47381F99176D" value="true"/>
</engineerTo>
<referedAttribute>D639822F-1AC6-6948-A0CF-560288CE22F2</referedAttribute>
<useDomainConstraints>false</useDomainConstraints>
<use>1</use>
<logicalDatatype>LOGDT011</logicalDatatype>
<ownDataTypeParameters>,,</ownDataTypeParameters>
</Attribute>
<Attribute name="node_id1" id="97E19DA2-8C9F-43CE-C7E6-694C27C270A3">
<createdBy>admin</createdBy>
<createdTime>2015-11-10 15:48:59 UTC</createdTime>
<generatorID>028FBF69-D019-900F-03CF-ADFBB99D81BC</generatorID>
<ownerDesignName>09a_basic_graph</ownerDesignName>
<engineerTo>
<item key="B2066FEA-2EB7-E6B1-13B1-47381F99176D" value="true"/>
</engineerTo>
<referedAttribute>D639822F-1AC6-6948-A0CF-560288CE22F2</referedAttribute>
<useDomainConstraints>false</useDomainConstraints>
<use>1</use>
<logicalDatatype>LOGDT011</logicalDatatype>
<ownDataTypeParameters>,,</ownDataTypeParameters>
</Attribute>
</attributes>
<identifiers itemClass="oracle.dbtools.crest.model.design.logical.CandidateKey">
<identifier id="E7802180-AF4A-4CDD-AC36-6447854981CE" name="subordination PK">
<createdBy>admin</createdBy>
<createdTime>2015-11-10 15:46:29 UTC</createdTime>
<ownerDesignName>09a_basic_graph</ownerDesignName>
<engineerTo>
<item key="B2066FEA-2EB7-E6B1-13B1-47381F99176D" value="true"/>
</engineerTo>
<pk>true</pk>
<usedAttributes>
<attributeRef>0E25D864-4DE2-704E-086B-0EAF57015CBC</attributeRef>
<attributeRef>0F3B1CA7-8503-DEFC-5845-A7886B616015</attributeRef>
<attributeRef>97E19DA2-8C9F-43CE-C7E6-694C27C270A3</attributeRef>
</usedAttributes>
</identifier>
</identifiers>
</Entity>