<?xml version = '1.0' encoding = 'UTF-8'?>
<Arc class="oracle.dbtools.crest.model.design.logical.Arc" directorySegmentName="seg_0" id="1C92DD39-CCAE-A0B0-A5BA-9E16BBFA5236" name="Arc_3">
<createdBy>marinfotache</createdBy>
<createdTime>2020-12-02 14:38:00 UTC</createdTime>
<ownerDesignName>biblioteca</ownerDesignName>
<engineerTo>
<item key="E874FA34-F69C-1A94-790E-C646ACF7ED04" value="true"/>
</engineerTo>
<entity>DB85FB77-F866-A688-6B84-68E56C2910C7</entity>
<relations>
<relationID>C0BD7F9D-B7B2-25AF-5C3B-559300005856</relationID>
<relationID>50AAEFFD-5E24-EF4A-8065-F064A4DCF917</relationID>
</relations>
</Arc>