<?xml version = '1.0' encoding = 'UTF-8'?>
<Arc class="oracle.dbtools.crest.model.design.logical.Arc" directorySegmentName="seg_0" id="C75538B0-5E36-869B-A4DA-ABC91A93F8B2" name="Arc_2">
<createdBy>marinfotache</createdBy>
<createdTime>2020-12-02 14:32:30 UTC</createdTime>
<ownerDesignName>biblioteca</ownerDesignName>
<engineerTo>
<item key="E874FA34-F69C-1A94-790E-C646ACF7ED04" value="true"/>
</engineerTo>
<entity>5E82FA31-9980-7F4A-1E69-C94D2ED08AC5</entity>
<relations>
<relationID>6AC4CD76-CE13-E6A5-BB38-05384E74FC45</relationID>
<relationID>2056F65C-71B0-CA16-7196-428C06B71731</relationID>
<relationID>1FD16678-ED2A-E100-6944-BD2417E219B9</relationID>
</relations>
</Arc>