<?xml version = '1.0' encoding = 'UTF-8'?>
<Arc class="oracle.dbtools.crest.model.design.logical.Arc" directorySegmentName="seg_0" id="DC4E3781-64EC-F161-E843-F070B8BC548B" name="Arc_1">
<createdBy>marinfotache</createdBy>
<createdTime>2020-12-02 14:26:19 UTC</createdTime>
<ownerDesignName>biblioteca</ownerDesignName>
<engineerTo>
<item key="E874FA34-F69C-1A94-790E-C646ACF7ED04" value="true"/>
</engineerTo>
<entity>8968D11A-699E-B4E3-C407-0991190DE5F2</entity>
<relations>
<relationID>5328084E-F78E-240B-E8EB-E3A98F5B574C</relationID>
<relationID>6391FFFE-5038-15B9-7026-9705AE2D88E5</relationID>
</relations>
</Arc>