<?xml version = '1.0' encoding = 'UTF-8'?>
<Entity class="oracle.dbtools.crest.model.design.logical.Entity" directorySegmentName="seg_0" id="06902F0C-6FC1-1C4D-A263-369F659301BF" name="timetable_item">
<createdBy>admin</createdBy>
<createdTime>2015-11-16 08:40:26 UTC</createdTime>
<ownerDesignName>09c_timetables</ownerDesignName>
<engineerTo>
<item key="B2066FEA-2EB7-E6B1-13B1-47381F99176D" value="true"/>
</engineerTo>
<adequatelyNormalized>NO</adequatelyNormalized>
<expectedVolumes>0</expectedVolumes>
<fwdEngineeringStrategyName>Single Table</fwdEngineeringStrategyName>
<growthPercent>0</growthPercent>
<growthType>Year</growthType>
<maxVolumes>9999999</maxVolumes>
<minVolumes>0</minVolumes>
<normalForm>Third</normalForm>
<preferredAbbreviation>timetable_items</preferredAbbreviation>
<attributes itemClass="oracle.dbtools.crest.model.design.logical.Attribute">
<Attribute name="tt_item_id" id="FE5236F3-7E26-5BFC-B635-D44381032465">
<createdBy>admin</createdBy>
<createdTime>2015-11-16 08:46:07 UTC</createdTime>
<ownerDesignName>09c_timetables</ownerDesignName>
<engineerTo>
<item key="B2066FEA-2EB7-E6B1-13B1-47381F99176D" value="true"/>
</engineerTo>
<useDomainConstraints>false</useDomainConstraints>
<use>1</use>
<logicalDatatype>LOGDT011</logicalDatatype>
<ownDataTypeParameters>,,</ownDataTypeParameters>
</Attribute>
<Attribute name="tt_item_label" id="D3DE3A18-04CB-D9FD-52D3-431DFE070EB8">
<createdBy>admin</createdBy>
<createdTime>2015-11-16 08:46:21 UTC</createdTime>
<ownerDesignName>09c_timetables</ownerDesignName>
<engineerTo>
<item key="B2066FEA-2EB7-E6B1-13B1-47381F99176D" value="true"/>
</engineerTo>
<useDomainConstraints>false</useDomainConstraints>
<use>1</use>
<logicalDatatype>LOGDT037</logicalDatatype>
<dataTypeSize>100</dataTypeSize>
<ownDataTypeParameters>100,,</ownDataTypeParameters>
</Attribute>
<Attribute name="tt_item_status" id="6EBCA69A-1641-6780-BDAA-150490114194">
<createdBy>admin</createdBy>
<createdTime>2015-11-16 08:46:58 UTC</createdTime>
<ownerDesignName>09c_timetables</ownerDesignName>
<engineerTo>
<item key="B2066FEA-2EB7-E6B1-13B1-47381F99176D" value="true"/>
</engineerTo>
<nullsAllowed>true</nullsAllowed>
<useDomainConstraints>false</useDomainConstraints>
<use>1</use>
<ownDataTypeParameters>,,</ownDataTypeParameters>
</Attribute>
<Attribute name="frequency" id="423DA02D-18D9-9EB9-20A0-AE759EDDFFF3">
<createdBy>admin</createdBy>
<createdTime>2015-11-16 08:47:21 UTC</createdTime>
<ownerDesignName>09c_timetables</ownerDesignName>
<engineerTo>
<item key="B2066FEA-2EB7-E6B1-13B1-47381F99176D" value="true"/>
</engineerTo>
<useDomainConstraints>false</useDomainConstraints>
<use>1</use>
<logicalDatatype>LOGDT037</logicalDatatype>
<dataTypeSize>50</dataTypeSize>
<ownDataTypeParameters>50,,</ownDataTypeParameters>
</Attribute>
<Attribute name="departure_time" id="90064762-F87B-3C4E-36F3-BD5617A7C002">
<createdBy>admin</createdBy>
<createdTime>2015-11-16 08:47:41 UTC</createdTime>
<ownerDesignName>09c_timetables</ownerDesignName>
<engineerTo>
<item key="B2066FEA-2EB7-E6B1-13B1-47381F99176D" value="true"/>
</engineerTo>
<nullsAllowed>true</nullsAllowed>
<useDomainConstraints>false</useDomainConstraints>
<use>1</use>
<logicalDatatype>LOGDT014</logicalDatatype>
<ownDataTypeParameters>,,</ownDataTypeParameters>
</Attribute>
<Attribute name="tt_id" id="5C5AF0AA-8E2E-CDCF-1A87-51F6587BD0EB">
<createdBy>admin</createdBy>
<createdTime>2015-11-16 08:48:18 UTC</createdTime>
<generatorID>62DDE928-69E3-EFB2-0C94-9F9AD718B8B3</generatorID>
<ownerDesignName>09c_timetables</ownerDesignName>
<engineerTo>
<item key="B2066FEA-2EB7-E6B1-13B1-47381F99176D" value="true"/>
</engineerTo>
<referedAttribute>C62098A9-57F6-DDAB-3CF6-37D9A352ADDF</referedAttribute>
<useDomainConstraints>false</useDomainConstraints>
<use>1</use>
<logicalDatatype>LOGDT011</logicalDatatype>
<ownDataTypeParameters>,,</ownDataTypeParameters>
</Attribute>
<Attribute name="veh_type_id" id="8A4BB635-CF21-801E-7E4C-07411EBF5AD2">
<createdBy>admin</createdBy>
<createdTime>2015-11-16 08:51:18 UTC</createdTime>
<generatorID>548BAB9C-FDB4-A9A9-0298-B0551F8CC3BA</generatorID>
<ownerDesignName>09c_timetables</ownerDesignName>
<engineerTo>
<item key="B2066FEA-2EB7-E6B1-13B1-47381F99176D" value="true"/>
</engineerTo>
<referedAttribute>80AAF0F4-884B-2B29-1731-008D9FEA8AE2</referedAttribute>
<useDomainConstraints>false</useDomainConstraints>
<use>1</use>
<logicalDatatype>LOGDT011</logicalDatatype>
<ownDataTypeParameters>,,</ownDataTypeParameters>
</Attribute>
<Attribute name="route_id" id="54A189C9-CC36-43AC-0440-4A7A9AD335FF">
<createdBy>admin</createdBy>
<createdTime>2015-11-16 09:13:04 UTC</createdTime>
<generatorID>622C4A27-75D4-CF6F-D558-35D9F9E120C5</generatorID>
<ownerDesignName>09c_timetables</ownerDesignName>
<engineerTo>
<item key="B2066FEA-2EB7-E6B1-13B1-47381F99176D" value="true"/>
</engineerTo>
<referedAttribute>070359F0-DF99-395B-632E-91D4425A5056</referedAttribute>
<useDomainConstraints>false</useDomainConstraints>
<use>1</use>
<logicalDatatype>LOGDT011</logicalDatatype>
<ownDataTypeParameters>,,</ownDataTypeParameters>
</Attribute>
</attributes>
<identifiers itemClass="oracle.dbtools.crest.model.design.logical.CandidateKey">
<identifier id="3551069B-FD44-9FC9-96F8-D1F765900549" name="timetable_item PK">
<createdBy>admin</createdBy>
<createdTime>2015-11-16 08:46:18 UTC</createdTime>
<ownerDesignName>09c_timetables</ownerDesignName>
<engineerTo>
<item key="B2066FEA-2EB7-E6B1-13B1-47381F99176D" value="true"/>
</engineerTo>
<pk>true</pk>
<usedAttributes>
<attributeRef>FE5236F3-7E26-5BFC-B635-D44381032465</attributeRef>
</usedAttributes>
</identifier>
</identifiers>
</Entity>