<?xml version = '1.0' encoding = 'UTF-8'?>
<Entity class="oracle.dbtools.crest.model.design.logical.Entity" directorySegmentName="seg_0" id="2638F776-8947-70E0-0893-CBE5318C3734" name="irregular_tt_item">
<createdBy>admin</createdBy>
<createdTime>2015-11-16 08:52:17 UTC</createdTime>
<ownerDesignName>09c_timetables</ownerDesignName>
<engineerTo>
<item key="B2066FEA-2EB7-E6B1-13B1-47381F99176D" value="true"/>
</engineerTo>
<adequatelyNormalized>NO</adequatelyNormalized>
<expectedVolumes>0</expectedVolumes>
<fwdEngineeringStrategyName>Single Table</fwdEngineeringStrategyName>
<growthPercent>0</growthPercent>
<growthType>Year</growthType>
<maxVolumes>9999999</maxVolumes>
<minVolumes>0</minVolumes>
<normalForm>Third</normalForm>
<preferredAbbreviation>irregular_tt_items</preferredAbbreviation>
<attributes itemClass="oracle.dbtools.crest.model.design.logical.Attribute">
<Attribute name="tt_item_id" id="259DB725-1480-1B45-CBF7-4AE3BDC0F001">
<createdBy>admin</createdBy>
<createdTime>2015-11-16 08:55:45 UTC</createdTime>
<generatorID>AFD2A76F-06A2-D23A-BDAD-FF3DB23AC687</generatorID>
<ownerDesignName>09c_timetables</ownerDesignName>
<engineerTo>
<item key="B2066FEA-2EB7-E6B1-13B1-47381F99176D" value="true"/>
</engineerTo>
<referedAttribute>FE5236F3-7E26-5BFC-B635-D44381032465</referedAttribute>
<useDomainConstraints>false</useDomainConstraints>
<use>1</use>
<logicalDatatype>LOGDT011</logicalDatatype>
<ownDataTypeParameters>,,</ownDataTypeParameters>
</Attribute>
<Attribute name="operates_from" id="89F8CA25-2882-BA82-6018-C6947B216784">
<createdBy>admin</createdBy>
<createdTime>2015-11-16 08:56:07 UTC</createdTime>
<ownerDesignName>09c_timetables</ownerDesignName>
<engineerTo>
<item key="B2066FEA-2EB7-E6B1-13B1-47381F99176D" value="true"/>
</engineerTo>
<useDomainConstraints>false</useDomainConstraints>
<use>1</use>
<logicalDatatype>LOGDT047</logicalDatatype>
<ownDataTypeParameters>,,</ownDataTypeParameters>
</Attribute>
<Attribute name="operates_until" id="10034FA0-A53F-B644-6AC0-EA5E41C7FF31">
<createdBy>admin</createdBy>
<createdTime>2015-11-16 08:56:15 UTC</createdTime>
<ownerDesignName>09c_timetables</ownerDesignName>
<engineerTo>
<item key="B2066FEA-2EB7-E6B1-13B1-47381F99176D" value="true"/>
</engineerTo>
<useDomainConstraints>false</useDomainConstraints>
<use>1</use>
<logicalDatatype>LOGDT047</logicalDatatype>
<ownDataTypeParameters>,,</ownDataTypeParameters>
</Attribute>
<Attribute name="comments" id="3064869C-AA9D-6ABC-3654-28D694067E46">
<createdBy>admin</createdBy>
<createdTime>2015-11-16 08:56:26 UTC</createdTime>
<ownerDesignName>09c_timetables</ownerDesignName>
<engineerTo>
<item key="B2066FEA-2EB7-E6B1-13B1-47381F99176D" value="true"/>
</engineerTo>
<nullsAllowed>true</nullsAllowed>
<useDomainConstraints>false</useDomainConstraints>
<use>1</use>
<logicalDatatype>LOGDT047</logicalDatatype>
<dataTypePrecision>100</dataTypePrecision>
<ownDataTypeParameters>,100,</ownDataTypeParameters>
</Attribute>
</attributes>
<identifiers itemClass="oracle.dbtools.crest.model.design.logical.CandidateKey">
<identifier id="F8AB11C1-8080-7396-FA94-17EC12551C94" name="irregular_tt_item PK">
<createdBy>admin</createdBy>
<createdTime>2015-11-16 08:55:45 UTC</createdTime>
<ownerDesignName>09c_timetables</ownerDesignName>
<engineerTo>
<item key="B2066FEA-2EB7-E6B1-13B1-47381F99176D" value="true"/>
</engineerTo>
<pk>true</pk>
<usedAttributes>
<attributeRef>259DB725-1480-1B45-CBF7-4AE3BDC0F001</attributeRef>
<attributeRef>89F8CA25-2882-BA82-6018-C6947B216784</attributeRef>
</usedAttributes>
</identifier>
</identifiers>
</Entity>