<?xml version = '1.0' encoding = 'UTF-8'?>
<Entity class="oracle.dbtools.crest.model.design.logical.Entity" directorySegmentName="seg_0" id="30381E6D-38CD-CBD6-A9D8-6DBCEE9BEBAB" name="route_stop">
<createdBy>admin</createdBy>
<createdTime>2015-11-16 08:01:19 UTC</createdTime>
<ownerDesignName>09c_timetables</ownerDesignName>
<engineerTo>
<item key="B2066FEA-2EB7-E6B1-13B1-47381F99176D" value="true"/>
</engineerTo>
<adequatelyNormalized>NO</adequatelyNormalized>
<expectedVolumes>0</expectedVolumes>
<fwdEngineeringStrategyName>Single Table</fwdEngineeringStrategyName>
<growthPercent>0</growthPercent>
<growthType>Year</growthType>
<maxVolumes>9999999</maxVolumes>
<minVolumes>0</minVolumes>
<normalForm>Third</normalForm>
<preferredAbbreviation>route_stops</preferredAbbreviation>
<attributes itemClass="oracle.dbtools.crest.model.design.logical.Attribute">
<Attribute name="stop_no" id="118C60B5-2C79-029C-4DB3-9B640D380E1C">
<createdBy>admin</createdBy>
<createdTime>2015-11-16 08:01:36 UTC</createdTime>
<ownerDesignName>09c_timetables</ownerDesignName>
<engineerTo>
<item key="B2066FEA-2EB7-E6B1-13B1-47381F99176D" value="true"/>
</engineerTo>
<useDomainConstraints>false</useDomainConstraints>
<use>1</use>
<logicalDatatype>LOGDT011</logicalDatatype>
<ownDataTypeParameters>,,</ownDataTypeParameters>
</Attribute>
<Attribute name="route_id" id="7DACBCDC-2D93-B00D-8B45-02D943C8DA39">
<createdBy>admin</createdBy>
<createdTime>2015-11-16 08:08:55 UTC</createdTime>
<generatorID>37FC1BEE-D723-1130-22CC-4F3CC809466D</generatorID>
<ownerDesignName>09c_timetables</ownerDesignName>
<engineerTo>
<item key="B2066FEA-2EB7-E6B1-13B1-47381F99176D" value="true"/>
</engineerTo>
<referedAttribute>070359F0-DF99-395B-632E-91D4425A5056</referedAttribute>
<useDomainConstraints>false</useDomainConstraints>
<use>1</use>
<logicalDatatype>LOGDT011</logicalDatatype>
<ownDataTypeParameters>,,</ownDataTypeParameters>
</Attribute>
<Attribute name="station_label" id="718C2491-4B7D-9A59-FDFC-3D353010BF39">
<createdBy>admin</createdBy>
<createdTime>2015-11-16 08:09:47 UTC</createdTime>
<generatorID>E016AE1B-FC48-1EDA-27A1-EAA046A88B1E</generatorID>
<ownerDesignName>09c_timetables</ownerDesignName>
<engineerTo>
<item key="B2066FEA-2EB7-E6B1-13B1-47381F99176D" value="true"/>
</engineerTo>
<referedAttribute>06A45AE6-A3DD-B6E3-AC5E-DBA21A8A05F5</referedAttribute>
<useDomainConstraints>false</useDomainConstraints>
<use>1</use>
<logicalDatatype>LOGDT037</logicalDatatype>
<dataTypeSize>50</dataTypeSize>
<ownDataTypeParameters>50,,</ownDataTypeParameters>
</Attribute>
<Attribute name="minutes_from_departure" id="C7918954-0CA5-2E36-98C8-BD4563EA8CA4">
<createdBy>admin</createdBy>
<createdTime>2015-11-16 08:12:09 UTC</createdTime>
<ownerDesignName>09c_timetables</ownerDesignName>
<engineerTo>
<item key="B2066FEA-2EB7-E6B1-13B1-47381F99176D" value="true"/>
</engineerTo>
<nullsAllowed>true</nullsAllowed>
<useDomainConstraints>false</useDomainConstraints>
<use>1</use>
<logicalDatatype>LOGDT011</logicalDatatype>
<ownDataTypeParameters>,,</ownDataTypeParameters>
</Attribute>
<Attribute name="distance_from_departure" id="E739321E-3253-5706-B035-C3AA1B59BD91">
<createdBy>admin</createdBy>
<createdTime>2015-11-16 08:12:55 UTC</createdTime>
<ownerDesignName>09c_timetables</ownerDesignName>
<engineerTo>
<item key="B2066FEA-2EB7-E6B1-13B1-47381F99176D" value="true"/>
</engineerTo>
<nullsAllowed>true</nullsAllowed>
<useDomainConstraints>false</useDomainConstraints>
<use>1</use>
<logicalDatatype>LOGDT011</logicalDatatype>
<ownDataTypeParameters>,,</ownDataTypeParameters>
</Attribute>
<Attribute name="comments" id="C0BC2165-49B2-CE93-D789-152DC4AF6D5A">
<createdBy>admin</createdBy>
<createdTime>2015-11-16 08:13:17 UTC</createdTime>
<ownerDesignName>09c_timetables</ownerDesignName>
<engineerTo>
<item key="B2066FEA-2EB7-E6B1-13B1-47381F99176D" value="true"/>
</engineerTo>
<nullsAllowed>true</nullsAllowed>
<useDomainConstraints>false</useDomainConstraints>
<use>1</use>
<logicalDatatype>LOGDT037</logicalDatatype>
<dataTypeSize>100</dataTypeSize>
<ownDataTypeParameters>100,,</ownDataTypeParameters>
</Attribute>
</attributes>
<identifiers itemClass="oracle.dbtools.crest.model.design.logical.CandidateKey">
<identifier id="8A96BFF9-B508-B35F-4333-9D3CB589AFC9" name="route_stop PK">
<createdBy>admin</createdBy>
<createdTime>2015-11-16 08:01:44 UTC</createdTime>
<ownerDesignName>09c_timetables</ownerDesignName>
<engineerTo>
<item key="B2066FEA-2EB7-E6B1-13B1-47381F99176D" value="true"/>
</engineerTo>
<pk>true</pk>
<usedAttributes>
<attributeRef>118C60B5-2C79-029C-4DB3-9B640D380E1C</attributeRef>
<attributeRef>7DACBCDC-2D93-B00D-8B45-02D943C8DA39</attributeRef>
<attributeRef>718C2491-4B7D-9A59-FDFC-3D353010BF39</attributeRef>
</usedAttributes>
</identifier>
</identifiers>
</Entity>