<?xml version = '1.0' encoding = 'UTF-8'?>
<Entity class="oracle.dbtools.crest.model.design.logical.Entity" directorySegmentName="seg_0" id="8FD693E5-97FF-C9F3-6441-CEC1121D5E77" name="holiday_operation">
<createdBy>admin</createdBy>
<createdTime>2015-11-16 09:06:50 UTC</createdTime>
<ownerDesignName>09c_timetables</ownerDesignName>
<engineerTo>
<item key="B2066FEA-2EB7-E6B1-13B1-47381F99176D" value="true"/>
</engineerTo>
<adequatelyNormalized>NO</adequatelyNormalized>
<expectedVolumes>0</expectedVolumes>
<fwdEngineeringStrategyName>Single Table</fwdEngineeringStrategyName>
<growthPercent>0</growthPercent>
<growthType>Year</growthType>
<maxVolumes>9999999</maxVolumes>
<minVolumes>0</minVolumes>
<normalForm>Third</normalForm>
<preferredAbbreviation>holiday_operation</preferredAbbreviation>
<attributes itemClass="oracle.dbtools.crest.model.design.logical.Attribute">
<Attribute name="operates_or_not" id="E635EDBC-01A7-5A4B-6238-F605D07D06E4">
<createdBy>admin</createdBy>
<createdTime>2015-11-16 09:07:10 UTC</createdTime>
<ownerDesignName>09c_timetables</ownerDesignName>
<engineerTo>
<item key="B2066FEA-2EB7-E6B1-13B1-47381F99176D" value="true"/>
</engineerTo>
<useDomainConstraints>false</useDomainConstraints>
<use>1</use>
<logicalDatatype>LOGDT037</logicalDatatype>
<dataTypeSize>20</dataTypeSize>
<ownDataTypeParameters>20,,</ownDataTypeParameters>
</Attribute>
<Attribute name="month" id="C24C4FF5-629A-0D42-ED65-FE3F594DB4D0">
<createdBy>admin</createdBy>
<createdTime>2015-11-16 09:07:53 UTC</createdTime>
<generatorID>2C18DBCF-B5A6-8068-3E54-DCEFB0868B03</generatorID>
<ownerDesignName>09c_timetables</ownerDesignName>
<engineerTo>
<item key="B2066FEA-2EB7-E6B1-13B1-47381F99176D" value="true"/>
</engineerTo>
<referedAttribute>3C0EEF0D-DC96-5B1F-85ED-EAF7DE582E9E</referedAttribute>
<useDomainConstraints>false</useDomainConstraints>
<use>1</use>
<logicalDatatype>LOGDT019</logicalDatatype>
<dataTypePrecision>2</dataTypePrecision>
<ownDataTypeParameters>,2,</ownDataTypeParameters>
</Attribute>
<Attribute name="day" id="E24F7B3E-9122-1E33-0F4A-8B0A0F403031">
<createdBy>admin</createdBy>
<createdTime>2015-11-16 09:07:53 UTC</createdTime>
<generatorID>2C18DBCF-B5A6-8068-3E54-DCEFB0868B03</generatorID>
<ownerDesignName>09c_timetables</ownerDesignName>
<engineerTo>
<item key="B2066FEA-2EB7-E6B1-13B1-47381F99176D" value="true"/>
</engineerTo>
<referedAttribute>A67A0845-1215-C38A-C5E8-F86221D28E53</referedAttribute>
<useDomainConstraints>false</useDomainConstraints>
<use>1</use>
<logicalDatatype>LOGDT019</logicalDatatype>
<dataTypePrecision>2</dataTypePrecision>
<ownDataTypeParameters>,2,</ownDataTypeParameters>
</Attribute>
<Attribute name="date" id="539063ED-A408-5321-C1E6-4ABD5D54AD9F">
<createdBy>admin</createdBy>
<createdTime>2015-11-16 09:09:05 UTC</createdTime>
<generatorID>710FD00C-C14F-CE48-CDB8-8AA983754B7A</generatorID>
<ownerDesignName>09c_timetables</ownerDesignName>
<engineerTo>
<item key="B2066FEA-2EB7-E6B1-13B1-47381F99176D" value="true"/>
</engineerTo>
<referedAttribute>364AC83F-EA7E-DD80-E1F6-ADC77A564BE2</referedAttribute>
<useDomainConstraints>false</useDomainConstraints>
<use>1</use>
<logicalDatatype>LOGDT007</logicalDatatype>
<ownDataTypeParameters>,,</ownDataTypeParameters>
</Attribute>
<Attribute name="tt_item_id" id="48578F77-5C12-5F23-1B52-90E0EB1E5C2A">
<createdBy>admin</createdBy>
<createdTime>2015-11-16 09:11:14 UTC</createdTime>
<generatorID>AC7F3EAC-3B9D-F535-EDE3-34EC1E3D96CD</generatorID>
<ownerDesignName>09c_timetables</ownerDesignName>
<engineerTo>
<item key="B2066FEA-2EB7-E6B1-13B1-47381F99176D" value="true"/>
</engineerTo>
<referedAttribute>FE5236F3-7E26-5BFC-B635-D44381032465</referedAttribute>
<useDomainConstraints>false</useDomainConstraints>
<use>1</use>
<logicalDatatype>LOGDT011</logicalDatatype>
<ownDataTypeParameters>,,</ownDataTypeParameters>
</Attribute>
</attributes>
<identifiers itemClass="oracle.dbtools.crest.model.design.logical.CandidateKey">
<identifier id="723EF9A8-1198-0FCD-D5C9-1B88E31E7C90" name="holiday_operation PK">
<createdBy>admin</createdBy>
<createdTime>2015-11-16 09:07:53 UTC</createdTime>
<ownerDesignName>09c_timetables</ownerDesignName>
<engineerTo>
<item key="B2066FEA-2EB7-E6B1-13B1-47381F99176D" value="true"/>
</engineerTo>
<pk>true</pk>
<usedAttributes>
<attributeRef>C24C4FF5-629A-0D42-ED65-FE3F594DB4D0</attributeRef>
<attributeRef>E24F7B3E-9122-1E33-0F4A-8B0A0F403031</attributeRef>
<attributeRef>539063ED-A408-5321-C1E6-4ABD5D54AD9F</attributeRef>
<attributeRef>48578F77-5C12-5F23-1B52-90E0EB1E5C2A</attributeRef>
</usedAttributes>
</identifier>
</identifiers>
</Entity>