<?xml version = '1.0' encoding = 'UTF-8'?>
<Entity class="oracle.dbtools.crest.model.design.logical.Entity" directorySegmentName="seg_0" id="9FFCBE3D-9E65-7807-C1C8-A4BD512514A1" name="timetable_detail">
<createdBy>admin</createdBy>
<createdTime>2015-11-16 08:43:24 UTC</createdTime>
<ownerDesignName>09c_timetables</ownerDesignName>
<engineerTo>
<item key="B2066FEA-2EB7-E6B1-13B1-47381F99176D" value="true"/>
</engineerTo>
<adequatelyNormalized>NO</adequatelyNormalized>
<expectedVolumes>0</expectedVolumes>
<fwdEngineeringStrategyName>Single Table</fwdEngineeringStrategyName>
<growthPercent>0</growthPercent>
<growthType>Year</growthType>
<maxVolumes>9999999</maxVolumes>
<minVolumes>0</minVolumes>
<normalForm>Third</normalForm>
<preferredAbbreviation>timetable_details</preferredAbbreviation>
<attributes itemClass="oracle.dbtools.crest.model.design.logical.Attribute">
<Attribute name="tt_item_id" id="8CCB7628-78B9-75A0-86B3-3AC8C3936B5E">
<createdBy>admin</createdBy>
<createdTime>2015-11-16 09:15:28 UTC</createdTime>
<generatorID>B28FE0F3-6EE1-646C-2FA1-5E599B3C42A8</generatorID>
<ownerDesignName>09c_timetables</ownerDesignName>
<engineerTo>
<item key="B2066FEA-2EB7-E6B1-13B1-47381F99176D" value="true"/>
</engineerTo>
<referedAttribute>FE5236F3-7E26-5BFC-B635-D44381032465</referedAttribute>
<useDomainConstraints>false</useDomainConstraints>
<use>1</use>
<logicalDatatype>LOGDT011</logicalDatatype>
<ownDataTypeParameters>,,</ownDataTypeParameters>
</Attribute>
<Attribute name="arrives_at" id="FC810D1D-0619-7EEC-91E4-09571D1EC596">
<createdBy>admin</createdBy>
<createdTime>2015-11-16 09:16:18 UTC</createdTime>
<ownerDesignName>09c_timetables</ownerDesignName>
<engineerTo>
<item key="B2066FEA-2EB7-E6B1-13B1-47381F99176D" value="true"/>
</engineerTo>
<useDomainConstraints>false</useDomainConstraints>
<use>1</use>
<logicalDatatype>LOGDT047</logicalDatatype>
<ownDataTypeParameters>,,</ownDataTypeParameters>
</Attribute>
<Attribute name="stop_minutes" id="8F976EA3-BA7E-F79D-4B93-0F4E2811606E">
<createdBy>admin</createdBy>
<createdTime>2015-11-16 09:17:04 UTC</createdTime>
<ownerDesignName>09c_timetables</ownerDesignName>
<engineerTo>
<item key="B2066FEA-2EB7-E6B1-13B1-47381F99176D" value="true"/>
</engineerTo>
<useDomainConstraints>false</useDomainConstraints>
<use>1</use>
<logicalDatatype>LOGDT011</logicalDatatype>
<ownDataTypeParameters>,,</ownDataTypeParameters>
</Attribute>
<Attribute name="stop_no1" id="406196F2-874E-94E9-2F6C-6D2A85BE61C8">
<createdBy>admin</createdBy>
<createdTime>2015-11-16 09:23:08 UTC</createdTime>
<generatorID>02DA4AC7-8F40-AF24-F610-07A9331E3828</generatorID>
<ownerDesignName>09c_timetables</ownerDesignName>
<engineerTo>
<item key="B2066FEA-2EB7-E6B1-13B1-47381F99176D" value="true"/>
</engineerTo>
<referedAttribute>118C60B5-2C79-029C-4DB3-9B640D380E1C</referedAttribute>
<useDomainConstraints>false</useDomainConstraints>
<use>1</use>
<logicalDatatype>LOGDT011</logicalDatatype>
<ownDataTypeParameters>,,</ownDataTypeParameters>
</Attribute>
<Attribute name="route_id" id="FB82BDC0-78F4-6B79-3849-1FEADBE5A443">
<createdBy>admin</createdBy>
<createdTime>2015-11-16 09:23:08 UTC</createdTime>
<generatorID>02DA4AC7-8F40-AF24-F610-07A9331E3828</generatorID>
<ownerDesignName>09c_timetables</ownerDesignName>
<engineerTo>
<item key="B2066FEA-2EB7-E6B1-13B1-47381F99176D" value="true"/>
</engineerTo>
<referedAttribute>7DACBCDC-2D93-B00D-8B45-02D943C8DA39</referedAttribute>
<useDomainConstraints>false</useDomainConstraints>
<use>1</use>
<logicalDatatype>LOGDT011</logicalDatatype>
<ownDataTypeParameters>,,</ownDataTypeParameters>
</Attribute>
<Attribute name="station_label" id="E6098731-40F4-1E50-FE0A-F00FBC58C4E0">
<createdBy>admin</createdBy>
<createdTime>2015-11-16 09:23:08 UTC</createdTime>
<generatorID>02DA4AC7-8F40-AF24-F610-07A9331E3828</generatorID>
<ownerDesignName>09c_timetables</ownerDesignName>
<engineerTo>
<item key="B2066FEA-2EB7-E6B1-13B1-47381F99176D" value="true"/>
</engineerTo>
<referedAttribute>718C2491-4B7D-9A59-FDFC-3D353010BF39</referedAttribute>
<useDomainConstraints>false</useDomainConstraints>
<use>1</use>
<logicalDatatype>LOGDT037</logicalDatatype>
<dataTypeSize>50</dataTypeSize>
<ownDataTypeParameters>50,,</ownDataTypeParameters>
</Attribute>
</attributes>
<identifiers itemClass="oracle.dbtools.crest.model.design.logical.CandidateKey">
<identifier id="6DE556A8-7768-6FF2-AB3D-2B8A7FA73FA8" name="timetable_detail PK">
<createdBy>admin</createdBy>
<createdTime>2015-11-16 09:15:28 UTC</createdTime>
<ownerDesignName>09c_timetables</ownerDesignName>
<engineerTo>
<item key="B2066FEA-2EB7-E6B1-13B1-47381F99176D" value="true"/>
</engineerTo>
<pk>true</pk>
<usedAttributes>
<attributeRef>8CCB7628-78B9-75A0-86B3-3AC8C3936B5E</attributeRef>
<attributeRef>406196F2-874E-94E9-2F6C-6D2A85BE61C8</attributeRef>
<attributeRef>FB82BDC0-78F4-6B79-3849-1FEADBE5A443</attributeRef>
<attributeRef>E6098731-40F4-1E50-FE0A-F00FBC58C4E0</attributeRef>
</usedAttributes>
</identifier>
</identifiers>
</Entity>