<?xml version = '1.0' encoding = 'UTF-8'?>
<Entity class="oracle.dbtools.crest.model.design.logical.Entity" directorySegmentName="seg_0" id="AEFA9EC5-0835-56E9-E59A-986E222FAD45" name="suspension">
<createdBy>admin</createdBy>
<createdTime>2015-11-16 09:01:25 UTC</createdTime>
<ownerDesignName>09c_timetables</ownerDesignName>
<engineerTo>
<item key="B2066FEA-2EB7-E6B1-13B1-47381F99176D" value="true"/>
</engineerTo>
<adequatelyNormalized>NO</adequatelyNormalized>
<expectedVolumes>0</expectedVolumes>
<fwdEngineeringStrategyName>Single Table</fwdEngineeringStrategyName>
<growthPercent>0</growthPercent>
<growthType>Year</growthType>
<maxVolumes>9999999</maxVolumes>
<minVolumes>0</minVolumes>
<normalForm>Third</normalForm>
<preferredAbbreviation>suspensions</preferredAbbreviation>
<attributes itemClass="oracle.dbtools.crest.model.design.logical.Attribute">
<Attribute name="suspension_start_date" id="8B77F741-4EB0-7E1C-87AD-FC318E232B94">
<createdBy>admin</createdBy>
<createdTime>2015-11-16 09:01:42 UTC</createdTime>
<ownerDesignName>09c_timetables</ownerDesignName>
<engineerTo>
<item key="B2066FEA-2EB7-E6B1-13B1-47381F99176D" value="true"/>
</engineerTo>
<useDomainConstraints>false</useDomainConstraints>
<use>1</use>
<logicalDatatype>LOGDT007</logicalDatatype>
<ownDataTypeParameters>,,</ownDataTypeParameters>
</Attribute>
<Attribute name="suspension_end_date" id="6E411A6D-614B-B51C-78B5-5603290378FC">
<createdBy>admin</createdBy>
<createdTime>2015-11-16 09:02:09 UTC</createdTime>
<ownerDesignName>09c_timetables</ownerDesignName>
<engineerTo>
<item key="B2066FEA-2EB7-E6B1-13B1-47381F99176D" value="true"/>
</engineerTo>
<useDomainConstraints>false</useDomainConstraints>
<use>1</use>
<logicalDatatype>LOGDT007</logicalDatatype>
<ownDataTypeParameters>,,</ownDataTypeParameters>
</Attribute>
<Attribute name="comments" id="FA68091D-416E-EE4D-57D7-9B2014C19C2A">
<createdBy>admin</createdBy>
<createdTime>2015-11-16 09:02:29 UTC</createdTime>
<ownerDesignName>09c_timetables</ownerDesignName>
<engineerTo>
<item key="B2066FEA-2EB7-E6B1-13B1-47381F99176D" value="true"/>
</engineerTo>
<nullsAllowed>true</nullsAllowed>
<useDomainConstraints>false</useDomainConstraints>
<use>1</use>
<logicalDatatype>LOGDT037</logicalDatatype>
<dataTypeSize>100</dataTypeSize>
<ownDataTypeParameters>100,,</ownDataTypeParameters>
</Attribute>
<Attribute name="tt_item_id" id="D524420E-D352-35E5-5A49-A9F7734F013C">
<createdBy>admin</createdBy>
<createdTime>2015-11-16 09:02:55 UTC</createdTime>
<generatorID>1C3A3503-971C-62A0-7BD8-4E1C790AD215</generatorID>
<ownerDesignName>09c_timetables</ownerDesignName>
<engineerTo>
<item key="B2066FEA-2EB7-E6B1-13B1-47381F99176D" value="true"/>
</engineerTo>
<referedAttribute>FE5236F3-7E26-5BFC-B635-D44381032465</referedAttribute>
<useDomainConstraints>false</useDomainConstraints>
<use>1</use>
<logicalDatatype>LOGDT011</logicalDatatype>
<ownDataTypeParameters>,,</ownDataTypeParameters>
</Attribute>
</attributes>
<identifiers itemClass="oracle.dbtools.crest.model.design.logical.CandidateKey">
<identifier id="7665637E-CEBF-2448-0BD8-12C9D598A672" name="suspension PK">
<createdBy>admin</createdBy>
<createdTime>2015-11-16 09:02:07 UTC</createdTime>
<ownerDesignName>09c_timetables</ownerDesignName>
<engineerTo>
<item key="B2066FEA-2EB7-E6B1-13B1-47381F99176D" value="true"/>
</engineerTo>
<pk>true</pk>
<usedAttributes>
<attributeRef>8B77F741-4EB0-7E1C-87AD-FC318E232B94</attributeRef>
<attributeRef>D524420E-D352-35E5-5A49-A9F7734F013C</attributeRef>
</usedAttributes>
</identifier>
</identifiers>
</Entity>