<?xml version = '1.0' encoding = 'UTF-8'?>
<Table class="oracle.dbtools.crest.model.design.relational.Table" directorySegmentName="seg_0" id="09ECC3CD-A878-66E2-40B9-CD81A7D750FF" name="contacts">
<createdBy>admin</createdBy>
<createdTime>2015-10-27 07:24:10 UTC</createdTime>
<generatorID>B5901E4F-FE16-8497-C6FA-77254367AE09</generatorID>
<ownerDesignName>sales_1_solution_1</ownerDesignName>
<existDependencyGenerateInDDl>true</existDependencyGenerateInDDl>
<parsed>true</parsed>
<columns itemClass="oracle.dbtools.crest.model.design.relational.Column">
<Column name="cust_id" id="00EDCEF6-DA54-3B40-3703-CB038BAAABBE">
<createdBy>admin</createdBy>
<createdTime>2015-10-27 07:24:10 UTC</createdTime>
<generatorID>73794A30-CD37-0D4D-533E-6B427D4EA48B</generatorID>
<ownerDesignName>sales_1_solution_1</ownerDesignName>
<useDomainConstraints>false</useDomainConstraints>
<use>1</use>
<logicalDatatype>LOGDT011</logicalDatatype>
<ownDataTypeParameters>,,</ownDataTypeParameters>
<previousColumn>false</previousColumn>
<autoIncrementCycle>false</autoIncrementCycle>
<associations>
<colAssociation fkAssociation="4399EDF7-5EE6-D554-4AEE-FEA668444E41" referredColumn="ED8BC49A-BB40-3565-0980-7C448DD10B78"/>
</associations>
</Column>
<Column name="position" id="BA44FC4D-4AFA-03B2-46A6-8C8BF8AA904C">
<createdBy>admin</createdBy>
<createdTime>2015-10-27 07:24:10 UTC</createdTime>
<generatorID>4B37ADE0-FD0E-03AF-E06D-95652CCDFBC7</generatorID>
<ownerDesignName>sales_1_solution_1</ownerDesignName>
<constraintName>ck_functie</constraintName>
<useDomainConstraints>false</useDomainConstraints>
<use>1</use>
<logicalDatatype>LOGDT037</logicalDatatype>
<dataTypeSize>50</dataTypeSize>
<checkConstraint>
<implementationDef dbType="Oracle Database 10g" definition="SUBSTR(functie,1,1) = UPPER(SUBSTR(functie,1,1))"/>
</checkConstraint>
<ownDataTypeParameters>50,,</ownDataTypeParameters>
<autoIncrementCycle>false</autoIncrementCycle>
</Column>
<Column name="pers_id" id="89ED344D-C4B3-C6B0-5766-41D25A87E9CE">
<createdBy>admin</createdBy>
<createdTime>2015-10-27 07:24:10 UTC</createdTime>
<generatorID>B5C8C18F-DC22-9889-3967-C807BEEED585</generatorID>
<ownerDesignName>sales_1_solution_1</ownerDesignName>
<useDomainConstraints>false</useDomainConstraints>
<use>1</use>
<logicalDatatype>LOGDT011</logicalDatatype>
<ownDataTypeParameters>,,</ownDataTypeParameters>
<previousColumn>false</previousColumn>
<autoIncrementCycle>false</autoIncrementCycle>
<associations>
<colAssociation fkAssociation="FE0311E7-318D-970D-DDAE-8AB228D597B0" referredColumn="1FBE58D9-D9ED-F09D-866B-0C6958086A5D"/>
</associations>
</Column>
</columns>
<indexes itemClass="oracle.dbtools.crest.model.design.relational.Index">
<ind_PK_UK id="A6C0ED42-EA80-5734-5591-CCE629C3ED6A" name="contacts_PK">
<createdBy>admin</createdBy>
<createdTime>2015-10-27 07:24:10 UTC</createdTime>
<generatorID>BF91D145-C35E-82EA-E981-BA2DF0FBC233</generatorID>
<ownerDesignName>sales_1_solution_1</ownerDesignName>
<pk>true</pk>
<indexState>Primary Constraint</indexState>
<isSurrogateKey>false</isSurrogateKey>
<indexColumnUsage>
<colUsage columnID="00EDCEF6-DA54-3B40-3703-CB038BAAABBE"/>
<colUsage columnID="BA44FC4D-4AFA-03B2-46A6-8C8BF8AA904C"/>
<colUsage columnID="89ED344D-C4B3-C6B0-5766-41D25A87E9CE"/>
</indexColumnUsage>
</ind_PK_UK>
<ind_PK_UK id="C291F936-467A-0743-C171-2E0456B29F2C" name="contacts_people_FK">
<createdBy>admin</createdBy>
<createdTime>2015-10-27 07:24:10 UTC</createdTime>
<generatorID>6F42A286-0894-7836-2315-203EE65990C9</generatorID>
<ownerDesignName>sales_1_solution_1</ownerDesignName>
<indexState>Foreign Key</indexState>
<isSurrogateKey>false</isSurrogateKey>
<indexColumnUsage>
<colUsage columnID="89ED344D-C4B3-C6B0-5766-41D25A87E9CE"/>
</indexColumnUsage>
</ind_PK_UK>
<ind_PK_UK id="CDE17F83-C307-3CEF-BFE5-3510FDD555EF" name="contacts_customers_FK">
<createdBy>admin</createdBy>
<createdTime>2015-10-27 07:24:10 UTC</createdTime>
<generatorID>C8A70461-C856-4D8C-9F97-C9F252DDEE62</generatorID>
<ownerDesignName>sales_1_solution_1</ownerDesignName>
<indexState>Foreign Key</indexState>
<isSurrogateKey>false</isSurrogateKey>
<indexColumnUsage>
<colUsage columnID="00EDCEF6-DA54-3B40-3703-CB038BAAABBE"/>
</indexColumnUsage>
</ind_PK_UK>
</indexes>
</Table>