<?xml version = '1.0' encoding = 'UTF-8'?>
<Table class="oracle.dbtools.crest.model.design.relational.Table" directorySegmentName="seg_0" id="3B2EF651-E022-DD21-B462-64C39DEA1687" name="people">
<createdBy>admin</createdBy>
<createdTime>2015-10-27 07:24:10 UTC</createdTime>
<generatorID>42A4EF6E-85D7-F909-8C66-C3CB408774D5</generatorID>
<ownerDesignName>sales_1_solution_1</ownerDesignName>
<existDependencyGenerateInDDl>true</existDependencyGenerateInDDl>
<parsed>true</parsed>
<columns itemClass="oracle.dbtools.crest.model.design.relational.Column">
<Column name="pers_id" id="1FBE58D9-D9ED-F09D-866B-0C6958086A5D">
<createdBy>admin</createdBy>
<createdTime>2015-10-27 07:24:10 UTC</createdTime>
<generatorID>42B177E8-B3B3-4EF4-28FD-46D0AD056E15</generatorID>
<ownerDesignName>sales_1_solution_1</ownerDesignName>
<useDomainConstraints>false</useDomainConstraints>
<use>1</use>
<logicalDatatype>LOGDT011</logicalDatatype>
<ownDataTypeParameters>,,</ownDataTypeParameters>
<autoIncrementCycle>false</autoIncrementCycle>
</Column>
<Column name="pers_national_code" id="399038F7-8E70-8FCE-DDBA-2DC27C9CE75F">
<createdBy>admin</createdBy>
<createdTime>2015-10-27 07:24:10 UTC</createdTime>
<generatorID>95D8A25D-B5F8-B40B-CB8F-1342EAD2D5EB</generatorID>
<ownerDesignName>sales_1_solution_1</ownerDesignName>
<constraintName>ck_pers_national_code</constraintName>
<useDomainConstraints>false</useDomainConstraints>
<use>1</use>
<logicalDatatype>LOGDT025</logicalDatatype>
<dataTypeSize>13</dataTypeSize>
<checkConstraint>
<implementationDef dbType="Oracle Database 10g" definition="cnp=LTRIM(UPPER(cnp))"/>
</checkConstraint>
<ownDataTypeParameters>13,,</ownDataTypeParameters>
<autoIncrementCycle>false</autoIncrementCycle>
</Column>
<Column name="pers_family_name" id="3FF76B48-C197-EE19-9654-6FE9830170DF">
<createdBy>admin</createdBy>
<createdTime>2015-10-27 07:24:10 UTC</createdTime>
<generatorID>E04B4E4C-06FE-F8C8-A0C4-D64DDBB90505</generatorID>
<ownerDesignName>sales_1_solution_1</ownerDesignName>
<constraintName>ck_nume</constraintName>
<useDomainConstraints>false</useDomainConstraints>
<use>1</use>
<logicalDatatype>LOGDT037</logicalDatatype>
<dataTypeSize>75 CHAR</dataTypeSize>
<checkConstraint>
<implementationDef dbType="Oracle Database 10g" definition="nume=LTRIM(INITCAP(nume))"/>
</checkConstraint>
<ownDataTypeParameters>75 CHAR,,</ownDataTypeParameters>
<autoIncrementCycle>false</autoIncrementCycle>
</Column>
<Column name="pers_first_name" id="2A098949-5AFC-5904-5635-9810387872A4">
<createdBy>admin</createdBy>
<createdTime>2015-10-27 07:24:10 UTC</createdTime>
<generatorID>03ABD381-0B66-A00F-21BF-710D28A384AB</generatorID>
<ownerDesignName>sales_1_solution_1</ownerDesignName>
<constraintName>ck_prenume</constraintName>
<useDomainConstraints>false</useDomainConstraints>
<use>1</use>
<logicalDatatype>LOGDT037</logicalDatatype>
<dataTypeSize>50</dataTypeSize>
<checkConstraint>
<implementationDef dbType="Oracle Database 10g" definition="prenume=LTRIM(INITCAP(prenume))"/>
</checkConstraint>
<ownDataTypeParameters>50,,</ownDataTypeParameters>
<autoIncrementCycle>false</autoIncrementCycle>
</Column>
<Column name="pers_address" id="346CC02B-5364-E8D7-BE95-ECA1195C6373">
<createdBy>admin</createdBy>
<createdTime>2015-10-27 07:24:10 UTC</createdTime>
<generatorID>50FFDECF-BE6E-0D58-B7F2-14A02659DCBC</generatorID>
<ownerDesignName>sales_1_solution_1</ownerDesignName>
<constraintName>ck_adresa_persoane</constraintName>
<nullsAllowed>true</nullsAllowed>
<useDomainConstraints>false</useDomainConstraints>
<use>1</use>
<logicalDatatype>LOGDT037</logicalDatatype>
<dataTypeSize>100 CHAR</dataTypeSize>
<checkConstraint>
<implementationDef dbType="Oracle Database 10g" definition="SUBSTR(adresa,1,1) = UPPER(SUBSTR(adresa,1,1))"/>
</checkConstraint>
<ownDataTypeParameters>100 CHAR,,</ownDataTypeParameters>
<autoIncrementCycle>false</autoIncrementCycle>
</Column>
<Column name="pers_genre" id="88D364DC-ED3E-8675-C1BF-1C0B326DE7FB">
<createdBy>admin</createdBy>
<createdTime>2015-10-27 07:24:10 UTC</createdTime>
<generatorID>296CEA97-88BB-F4A8-4E44-FDD98FDCC806</generatorID>
<ownerDesignName>sales_1_solution_1</ownerDesignName>
<constraintName>CK_SEX</constraintName>
<useDomainConstraints>false</useDomainConstraints>
<use>1</use>
<logicalDatatype>LOGDT025</logicalDatatype>
<dataTypeSize>1</dataTypeSize>
<checkConstraint>
<implementationDef dbType="Oracle Database 10g" definition="SEX IN (&apos;F&apos;,&apos;B&apos;)"/>
</checkConstraint>
<defaultValue>&apos;B&apos;</defaultValue>
<ownDataTypeParameters>1,,</ownDataTypeParameters>
<autoIncrementCycle>false</autoIncrementCycle>
</Column>
<Column name="post_code" id="0FB557D2-716A-FED4-1059-6287D939974E">
<createdBy>admin</createdBy>
<createdTime>2015-10-27 07:24:10 UTC</createdTime>
<generatorID>A734DE4C-0A66-A877-1A84-FB910E38014A</generatorID>
<ownerDesignName>sales_1_solution_1</ownerDesignName>
<nullsAllowed>true</nullsAllowed>
<useDomainConstraints>false</useDomainConstraints>
<use>1</use>
<logicalDatatype>LOGDT025</logicalDatatype>
<ownDataTypeParameters>,,</ownDataTypeParameters>
<previousColumn>false</previousColumn>
<autoIncrementCycle>false</autoIncrementCycle>
<associations>
<colAssociation fkAssociation="5BA12D5C-30AF-233C-F281-C3C7335EB374" referredColumn="AA6E6831-FB26-7DB5-6F41-99628BA16382"/>
</associations>
</Column>
<Column name="home_phone" id="14817635-011D-850C-6F7C-F01883781AFC">
<createdBy>admin</createdBy>
<createdTime>2015-10-27 07:24:10 UTC</createdTime>
<generatorID>1951253C-A7FE-A00D-DD3D-DCCF6AC482F5</generatorID>
<ownerDesignName>sales_1_solution_1</ownerDesignName>
<nullsAllowed>true</nullsAllowed>
<useDomainConstraints>false</useDomainConstraints>
<use>1</use>
<logicalDatatype>LOGDT025</logicalDatatype>
<dataTypeSize>10</dataTypeSize>
<ownDataTypeParameters>10,,</ownDataTypeParameters>
<autoIncrementCycle>false</autoIncrementCycle>
</Column>
<Column name="office_phine" id="AD0939D9-517F-56F7-725C-6680623476AA">
<createdBy>admin</createdBy>
<createdTime>2015-10-27 07:24:10 UTC</createdTime>
<generatorID>CD4A64AB-132C-B2C5-01AA-E2F05A8BEDDB</generatorID>
<ownerDesignName>sales_1_solution_1</ownerDesignName>
<nullsAllowed>true</nullsAllowed>
<useDomainConstraints>false</useDomainConstraints>
<use>1</use>
<logicalDatatype>LOGDT025</logicalDatatype>
<dataTypeSize>10</dataTypeSize>
<ownDataTypeParameters>10,,</ownDataTypeParameters>
<autoIncrementCycle>false</autoIncrementCycle>
</Column>
<Column name="mobile_phone" id="82398F6F-6A81-A8B9-2C88-9A0085C9901D">
<createdBy>admin</createdBy>
<createdTime>2015-10-27 07:24:10 UTC</createdTime>
<generatorID>81114D74-ACE3-CF24-8CDA-17C8445025AC</generatorID>
<ownerDesignName>sales_1_solution_1</ownerDesignName>
<nullsAllowed>true</nullsAllowed>
<useDomainConstraints>false</useDomainConstraints>
<use>1</use>
<logicalDatatype>LOGDT025</logicalDatatype>
<dataTypeSize>10</dataTypeSize>
<ownDataTypeParameters>10,,</ownDataTypeParameters>
<autoIncrementCycle>false</autoIncrementCycle>
</Column>
<Column name="pers_email" id="1EA1D66E-7C9F-206C-0FFF-AE4FC53EEF73">
<createdBy>admin</createdBy>
<createdTime>2015-10-27 07:24:10 UTC</createdTime>
<generatorID>60A79B74-9D30-DE8A-5265-1241113732F1</generatorID>
<ownerDesignName>sales_1_solution_1</ownerDesignName>
<nullsAllowed>true</nullsAllowed>
<useDomainConstraints>false</useDomainConstraints>
<use>1</use>
<logicalDatatype>LOGDT024</logicalDatatype>
<dataTypeSize>50</dataTypeSize>
<ownDataTypeParameters>50,,</ownDataTypeParameters>
<autoIncrementCycle>false</autoIncrementCycle>
</Column>
<Column name="office_email" id="3540CF1E-45FD-29F6-856B-7D80CBFC2215">
<createdBy>admin</createdBy>
<createdTime>2015-10-27 07:24:10 UTC</createdTime>
<generatorID>6D139426-E347-1C77-9A8F-2033A12C0566</generatorID>
<ownerDesignName>sales_1_solution_1</ownerDesignName>
<nullsAllowed>true</nullsAllowed>
<useDomainConstraints>false</useDomainConstraints>
<use>1</use>
<logicalDatatype>LOGDT024</logicalDatatype>
<dataTypeSize>75</dataTypeSize>
<ownDataTypeParameters>75,,</ownDataTypeParameters>
<autoIncrementCycle>false</autoIncrementCycle>
</Column>
</columns>
<indexes itemClass="oracle.dbtools.crest.model.design.relational.Index">
<ind_PK_UK id="A6F34F30-4162-AC12-2F69-3BC27019F749" name="people_PK">
<createdBy>admin</createdBy>
<createdTime>2015-10-27 07:24:10 UTC</createdTime>
<generatorID>B66462AC-8968-44C6-1CDF-D5FEDBCB8AAB</generatorID>
<ownerDesignName>sales_1_solution_1</ownerDesignName>
<pk>true</pk>
<indexState>Primary Constraint</indexState>
<isSurrogateKey>false</isSurrogateKey>
<indexColumnUsage>
<colUsage columnID="1FBE58D9-D9ED-F09D-866B-0C6958086A5D"/>
</indexColumnUsage>
</ind_PK_UK>
<ind_PK_UK id="C49BA7ED-3DC0-8465-A5B2-9A23A61A9D13" name="people_pers_national_code_UN">
<createdBy>admin</createdBy>
<createdTime>2015-10-27 07:24:10 UTC</createdTime>
<generatorID>63710710-FB9C-666B-BDB9-5E52EE13CE46</generatorID>
<ownerDesignName>sales_1_solution_1</ownerDesignName>
<indexState>Unique Constraint</indexState>
<isSurrogateKey>false</isSurrogateKey>
<indexColumnUsage>
<colUsage columnID="399038F7-8E70-8FCE-DDBA-2DC27C9CE75F"/>
</indexColumnUsage>
</ind_PK_UK>
<ind_PK_UK id="4C360EC1-C5E0-E976-CE1D-6872B573EB2B" name="people_postal_codes_FK">
<createdBy>admin</createdBy>
<createdTime>2015-10-27 07:24:10 UTC</createdTime>
<generatorID>8C1FC7B8-6660-31CC-55EE-8BE19F7D8F4F</generatorID>
<ownerDesignName>sales_1_solution_1</ownerDesignName>
<indexState>Foreign Key</indexState>
<isSurrogateKey>false</isSurrogateKey>
<indexColumnUsage>
<colUsage columnID="0FB557D2-716A-FED4-1059-6287D939974E"/>
</indexColumnUsage>
</ind_PK_UK>
</indexes>
</Table>