<?xml version = '1.0' encoding = 'UTF-8'?>
<Table class="oracle.dbtools.crest.model.design.relational.Table" directorySegmentName="seg_0" id="DB4C276D-F357-0A90-B73B-6F2182AE0671" name="invoice_details">
<createdBy>admin</createdBy>
<createdTime>2015-10-27 07:24:10 UTC</createdTime>
<generatorID>AE183615-38B5-05D7-B4D4-C0A36668DC81</generatorID>
<ownerDesignName>sales_1_solution_1</ownerDesignName>
<existDependencyGenerateInDDl>true</existDependencyGenerateInDDl>
<parsed>true</parsed>
<columns itemClass="oracle.dbtools.crest.model.design.relational.Column">
<Column name="invoice_id" id="4D46E5CE-A015-8D86-7FDE-99F186CF33A3">
<createdBy>admin</createdBy>
<createdTime>2015-10-27 07:24:10 UTC</createdTime>
<generatorID>FB06227C-EDF1-2369-E0EF-A6041F5FE960</generatorID>
<ownerDesignName>sales_1_solution_1</ownerDesignName>
<useDomainConstraints>false</useDomainConstraints>
<use>1</use>
<logicalDatatype>LOGDT011</logicalDatatype>
<ownDataTypeParameters>,,</ownDataTypeParameters>
<previousColumn>false</previousColumn>
<autoIncrementCycle>false</autoIncrementCycle>
<associations>
<colAssociation fkAssociation="34A0B267-EC47-4BEA-C826-B4DF7B291DA2" referredColumn="9E56DDEB-166C-5F1B-2896-6DBDD0C036C4"/>
</associations>
</Column>
<Column name="row_number" id="EA826D12-A8F0-1EC1-E897-0D603D7AFDA1">
<createdBy>admin</createdBy>
<createdTime>2015-10-27 07:24:10 UTC</createdTime>
<generatorID>3B9414C7-4687-A4CC-2CA1-644805AC6167</generatorID>
<ownerDesignName>sales_1_solution_1</ownerDesignName>
<constraintName>ck_linie</constraintName>
<useDomainConstraints>false</useDomainConstraints>
<use>1</use>
<logicalDatatype>LOGDT042</logicalDatatype>
<checkConstraint>
<implementationDef dbType="Oracle Database 10g" definition="linie &gt; 0"/>
</checkConstraint>
<ownDataTypeParameters>,,</ownDataTypeParameters>
<autoIncrementCycle>false</autoIncrementCycle>
</Column>
<Column name="quantity" id="B219B397-EA7C-BD8A-B291-8523B3B73CA7">
<createdBy>admin</createdBy>
<createdTime>2015-10-27 07:24:10 UTC</createdTime>
<generatorID>0BC4EDB1-0834-9749-082D-419662A21509</generatorID>
<ownerDesignName>sales_1_solution_1</ownerDesignName>
<useDomainConstraints>false</useDomainConstraints>
<use>1</use>
<logicalDatatype>LOGDT019</logicalDatatype>
<dataTypePrecision>10</dataTypePrecision>
<dataTypeScale>3</dataTypeScale>
<ownDataTypeParameters>,10,3</ownDataTypeParameters>
<autoIncrementCycle>false</autoIncrementCycle>
</Column>
<Column name="unit_price" id="6AE91482-ECE7-CAFC-587C-26B41BDC1EA6">
<createdBy>admin</createdBy>
<createdTime>2015-10-27 07:24:10 UTC</createdTime>
<generatorID>B1343FEA-FB7D-2E3F-FD0E-99C4516F5B22</generatorID>
<ownerDesignName>sales_1_solution_1</ownerDesignName>
<useDomainConstraints>false</useDomainConstraints>
<use>1</use>
<logicalDatatype>LOGDT019</logicalDatatype>
<dataTypePrecision>8</dataTypePrecision>
<dataTypeScale>2</dataTypeScale>
<ownDataTypeParameters>,8,2</ownDataTypeParameters>
<autoIncrementCycle>false</autoIncrementCycle>
</Column>
<Column name="product_id" id="A5ECA4E5-3560-0FB9-A299-774BCFF5221E">
<createdBy>admin</createdBy>
<createdTime>2015-10-27 07:24:10 UTC</createdTime>
<generatorID>19016841-DAB5-A040-19BD-5FE0FF0CFCB4</generatorID>
<ownerDesignName>sales_1_solution_1</ownerDesignName>
<useDomainConstraints>false</useDomainConstraints>
<use>1</use>
<logicalDatatype>LOGDT011</logicalDatatype>
<ownDataTypeParameters>,,</ownDataTypeParameters>
<previousColumn>false</previousColumn>
<autoIncrementCycle>false</autoIncrementCycle>
<associations>
<colAssociation fkAssociation="EF5D2FEB-79F1-2B5D-B021-380693F1CA0C" referredColumn="4270221C-561A-D69E-38F1-C278BA40139B"/>
</associations>
</Column>
</columns>
<indexes itemClass="oracle.dbtools.crest.model.design.relational.Index">
<ind_PK_UK id="2E4DCD73-0605-0E1F-B358-64C906417243" name="invoice_details_PK">
<createdBy>admin</createdBy>
<createdTime>2015-10-27 07:24:10 UTC</createdTime>
<generatorID>C23FB1C8-9526-9315-2F2A-5F2D47415535</generatorID>
<ownerDesignName>sales_1_solution_1</ownerDesignName>
<pk>true</pk>
<indexState>Primary Constraint</indexState>
<isSurrogateKey>false</isSurrogateKey>
<indexColumnUsage>
<colUsage columnID="4D46E5CE-A015-8D86-7FDE-99F186CF33A3"/>
<colUsage columnID="EA826D12-A8F0-1EC1-E897-0D603D7AFDA1"/>
</indexColumnUsage>
</ind_PK_UK>
<ind_PK_UK id="CA904893-12F1-769E-DB20-AB1E80979323" name="invoice_details_products_FK">
<createdBy>admin</createdBy>
<createdTime>2015-10-27 07:24:10 UTC</createdTime>
<generatorID>A29855C0-B8E0-9AB1-939F-006BD29DD707</generatorID>
<ownerDesignName>sales_1_solution_1</ownerDesignName>
<indexState>Foreign Key</indexState>
<isSurrogateKey>false</isSurrogateKey>
<indexColumnUsage>
<colUsage columnID="A5ECA4E5-3560-0FB9-A299-774BCFF5221E"/>
</indexColumnUsage>
</ind_PK_UK>
<ind_PK_UK id="9E74A614-EB01-FC7A-3A29-CD996346E608" name="invoice_details_invoices_FK">
<createdBy>admin</createdBy>
<createdTime>2015-10-27 07:24:10 UTC</createdTime>
<generatorID>FDA6341C-BE50-5CE3-3821-644B4FD1FDCC</generatorID>
<ownerDesignName>sales_1_solution_1</ownerDesignName>
<indexState>Foreign Key</indexState>
<isSurrogateKey>false</isSurrogateKey>
<indexColumnUsage>
<colUsage columnID="4D46E5CE-A015-8D86-7FDE-99F186CF33A3"/>
</indexColumnUsage>
</ind_PK_UK>
</indexes>
</Table>