<?xml version = '1.0' encoding = 'UTF-8'?>
<Table class="oracle.dbtools.crest.model.design.relational.Table" directorySegmentName="seg_0" id="E601E9D6-94E7-9D48-BA68-AE834CA36F7F" name="products_vat_history">
<createdBy>admin</createdBy>
<createdTime>2015-10-27 07:24:10 UTC</createdTime>
<generatorID>1EED0582-C8A3-77F1-9D89-D235291ECF21</generatorID>
<ownerDesignName>sales_1_solution_1</ownerDesignName>
<existDependencyGenerateInDDl>true</existDependencyGenerateInDDl>
<parsed>true</parsed>
<columns itemClass="oracle.dbtools.crest.model.design.relational.Column">
<Column name="from" id="F75F4518-8E3F-03F0-42F5-C0F89D546DF0">
<createdBy>admin</createdBy>
<createdTime>2015-10-27 07:24:10 UTC</createdTime>
<generatorID>6E7476B4-F26C-229D-DEEA-131768C8B965</generatorID>
<ownerDesignName>sales_1_solution_1</ownerDesignName>
<useDomainConstraints>false</useDomainConstraints>
<use>1</use>
<logicalDatatype>LOGDT007</logicalDatatype>
<ownDataTypeParameters>,,</ownDataTypeParameters>
<autoIncrementCycle>false</autoIncrementCycle>
</Column>
<Column name="until" id="5FA1871E-FA9A-7736-F132-147CA97F4C0D">
<createdBy>admin</createdBy>
<createdTime>2015-10-27 07:24:10 UTC</createdTime>
<generatorID>101B894A-1095-B9AA-E768-5CB32D1F036D</generatorID>
<ownerDesignName>sales_1_solution_1</ownerDesignName>
<nullsAllowed>true</nullsAllowed>
<useDomainConstraints>false</useDomainConstraints>
<use>1</use>
<logicalDatatype>LOGDT007</logicalDatatype>
<ownDataTypeParameters>,,</ownDataTypeParameters>
<autoIncrementCycle>false</autoIncrementCycle>
</Column>
<Column name="vat_percent" id="EC29228F-F751-F3C4-4D31-20CDD0861259">
<createdBy>admin</createdBy>
<createdTime>2015-10-27 07:24:10 UTC</createdTime>
<generatorID>ACF2AAC6-0D44-DC19-3F38-10FDAF33A89A</generatorID>
<ownerDesignName>sales_1_solution_1</ownerDesignName>
<useDomainConstraints>false</useDomainConstraints>
<use>1</use>
<logicalDatatype>LOGDT019</logicalDatatype>
<dataTypePrecision>4</dataTypePrecision>
<dataTypeScale>2</dataTypeScale>
<ownDataTypeParameters>,4,2</ownDataTypeParameters>
<autoIncrementCycle>false</autoIncrementCycle>
</Column>
<Column name="products_products_ID" id="90BFD631-63A4-9056-85D2-251CBC1C7AA5">
<createdBy>admin</createdBy>
<createdTime>2015-10-27 07:24:10 UTC</createdTime>
<ownerDesignName>sales_1_solution_1</ownerDesignName>
<useDomainConstraints>false</useDomainConstraints>
<use>1</use>
<logicalDatatype>LOGDT019</logicalDatatype>
<ownDataTypeParameters>,,</ownDataTypeParameters>
<previousColumn>false</previousColumn>
<autoIncrementCycle>false</autoIncrementCycle>
<associations>
<colAssociation fkAssociation="1E22E82D-CE67-3020-521F-1AC4D12A4E88" referredColumn="E31A15F3-1AED-D811-C2E8-26D4D05BD6ED"/>
</associations>
</Column>
</columns>
<indexes itemClass="oracle.dbtools.crest.model.design.relational.Index">
<ind_PK_UK id="F2621F53-51CB-D764-4F21-B5E9B38F97E6" name="products_vat_history_PK">
<createdBy>admin</createdBy>
<createdTime>2015-10-27 07:24:10 UTC</createdTime>
<generatorID>68FAC486-B191-8B34-3C46-0DA152C2008A</generatorID>
<ownerDesignName>sales_1_solution_1</ownerDesignName>
<pk>true</pk>
<indexState>Primary Constraint</indexState>
<isSurrogateKey>false</isSurrogateKey>
<indexColumnUsage>
<colUsage columnID="F75F4518-8E3F-03F0-42F5-C0F89D546DF0"/>
<colUsage columnID="90BFD631-63A4-9056-85D2-251CBC1C7AA5"/>
</indexColumnUsage>
</ind_PK_UK>
<ind_PK_UK id="809A2BAE-9D8C-E84F-9A4E-C531677BCFC2" name="products_vat_history_products_FK">
<createdBy>admin</createdBy>
<createdTime>2015-10-27 07:24:10 UTC</createdTime>
<generatorID>2B997CC7-A67E-6EE0-4A82-7200798CD0AD</generatorID>
<ownerDesignName>sales_1_solution_1</ownerDesignName>
<indexState>Foreign Key</indexState>
<isSurrogateKey>false</isSurrogateKey>
<indexColumnUsage>
<colUsage columnID="90BFD631-63A4-9056-85D2-251CBC1C7AA5"/>
</indexColumnUsage>
</ind_PK_UK>
</indexes>
</Table>