<?xml version = '1.0' encoding = 'UTF-8'?>
<Entity class="oracle.dbtools.crest.model.design.logical.Entity" directorySegmentName="seg_0" id="A7393D13-AFD4-6C9E-10AA-E292027E4471" name="exam">
<createdBy>Marin F</createdBy>
<createdTime>2011-08-27 05:22:36 UTC</createdTime>
<ownerDesignName>univ_info_sys_1</ownerDesignName>
<engineerTo>
<item key="7DC5ACBD-6F41-89E8-51E1-ACF29009D487" value="true"/>
</engineerTo>
<adequatelyNormalized>NO</adequatelyNormalized>
<expectedVolumes>0</expectedVolumes>
<fwdEngineeringStrategyName>Single Table</fwdEngineeringStrategyName>
<growthPercent>0</growthPercent>
<growthType>Year</growthType>
<maxVolumes>9999999</maxVolumes>
<minVolumes>0</minVolumes>
<normalForm>Third</normalForm>
<preferredAbbreviation>exams</preferredAbbreviation>
<attributes itemClass="oracle.dbtools.crest.model.design.logical.Attribute">
<Attribute name="exam_date" id="831302D9-E0D6-388E-FB28-F903317D4F14">
<createdBy>Marin F</createdBy>
<createdTime>2011-08-27 05:22:44 UTC</createdTime>
<ownerDesignName>univ_info_sys_1</ownerDesignName>
<engineerTo>
<item key="7DC5ACBD-6F41-89E8-51E1-ACF29009D487" value="true"/>
</engineerTo>
<useDomainConstraints>false</useDomainConstraints>
<use>1</use>
<logicalDatatype>LOGDT007</logicalDatatype>
<ownDataTypeParameters>,,</ownDataTypeParameters>
</Attribute>
<Attribute name="grade" id="33C309D2-96E9-D65E-BE77-286B63E2E0A2">
<createdBy>Marin F</createdBy>
<createdTime>2011-08-27 05:23:06 UTC</createdTime>
<ownerDesignName>univ_info_sys_1</ownerDesignName>
<engineerTo>
<item key="7DC5ACBD-6F41-89E8-51E1-ACF29009D487" value="true"/>
</engineerTo>
<useDomainConstraints>false</useDomainConstraints>
<use>1</use>
<logicalDatatype>LOGDT018</logicalDatatype>
<ownDataTypeParameters>,,</ownDataTypeParameters>
<listOfRanges>
<rangeDef class="oracle.dbtools.crest.model.design.constraint.AVT">
<beginValue>0</beginValue>
<endValue>10</endValue>
</rangeDef>
</listOfRanges>
</Attribute>
<Attribute name="stud_code" id="1926FAD4-5798-FFA0-07E8-BD2DA0D29AB9">
<createdBy>Marin F</createdBy>
<createdTime>2011-08-27 05:35:26 UTC</createdTime>
<generatorID>68EEADA6-8520-8FA8-C56F-8C6595E2B80A</generatorID>
<ownerDesignName>univ_info_sys_1</ownerDesignName>
<engineerTo>
<item key="7DC5ACBD-6F41-89E8-51E1-ACF29009D487" value="true"/>
</engineerTo>
<referedAttribute>0004A8B5-7C2A-C04D-CB5C-BCA8D89DEE8A</referedAttribute>
<useDomainConstraints>false</useDomainConstraints>
<use>1</use>
<logicalDatatype>LOGDT024</logicalDatatype>
<dataTypeSize>18</dataTypeSize>
<ownDataTypeParameters>18,,</ownDataTypeParameters>
</Attribute>
<Attribute name="course_code" id="285FA0E2-F8FD-B37E-1BC4-A51A21899B01">
<createdBy>Marin F</createdBy>
<createdTime>2011-08-27 05:37:13 UTC</createdTime>
<generatorID>C9D726A4-7792-4015-57F4-185A47FFC8F3</generatorID>
<ownerDesignName>univ_info_sys_1</ownerDesignName>
<engineerTo>
<item key="7DC5ACBD-6F41-89E8-51E1-ACF29009D487" value="true"/>
</engineerTo>
<referedAttribute>B0A67509-375D-51CB-8313-8DA320C2F553</referedAttribute>
<useDomainConstraints>false</useDomainConstraints>
<use>1</use>
<logicalDatatype>LOGDT024</logicalDatatype>
<dataTypeSize>6</dataTypeSize>
<ownDataTypeParameters>6,,</ownDataTypeParameters>
</Attribute>
</attributes>
<identifiers itemClass="oracle.dbtools.crest.model.design.logical.CandidateKey">
<identifier id="521483B6-4F9D-3C77-3835-0451CDB8CB54" name="exams__pk">
<createdBy>Marin F</createdBy>
<createdTime>2011-08-27 05:23:04 UTC</createdTime>
<ownerDesignName>univ_info_sys_1</ownerDesignName>
<engineerTo>
<item key="7DC5ACBD-6F41-89E8-51E1-ACF29009D487" value="true"/>
</engineerTo>
<pk>true</pk>
<newElementsIDs>831302D9-E0D6-388E-FB28-F903317D4F14,68EEADA6-8520-8FA8-C56F-8C6595E2B80A,C9D726A4-7792-4015-57F4-185A47FFC8F3</newElementsIDs>
<usedAttributes>
<attributeRef>831302D9-E0D6-388E-FB28-F903317D4F14</attributeRef>
<attributeRef>1926FAD4-5798-FFA0-07E8-BD2DA0D29AB9</attributeRef>
<attributeRef>285FA0E2-F8FD-B37E-1BC4-A51A21899B01</attributeRef>
</usedAttributes>
</identifier>
</identifiers>
</Entity>