<?xml version = '1.0' encoding = 'UTF-8'?>
<Entity class="oracle.dbtools.crest.model.design.logical.Entity" directorySegmentName="seg_0" id="B4FF9F98-5257-9A42-80A2-A9B7166E7EA5" name="student">
<createdBy>Marin F</createdBy>
<createdTime>2011-08-27 04:59:32 UTC</createdTime>
<ownerDesignName>univ_info_sys_1</ownerDesignName>
<engineerTo>
<item key="7DC5ACBD-6F41-89E8-51E1-ACF29009D487" value="true"/>
</engineerTo>
<adequatelyNormalized>NO</adequatelyNormalized>
<expectedVolumes>0</expectedVolumes>
<fwdEngineeringStrategyName>Single Table</fwdEngineeringStrategyName>
<growthPercent>0</growthPercent>
<growthType>Year</growthType>
<maxVolumes>9999999</maxVolumes>
<minVolumes>0</minVolumes>
<normalForm>Third</normalForm>
<preferredAbbreviation>students</preferredAbbreviation>
<attributes itemClass="oracle.dbtools.crest.model.design.logical.Attribute">
<Attribute name="stud_code" id="0004A8B5-7C2A-C04D-CB5C-BCA8D89DEE8A">
<createdBy>Marin F</createdBy>
<createdTime>2011-08-27 05:10:54 UTC</createdTime>
<ownerDesignName>univ_info_sys_1</ownerDesignName>
<engineerTo>
<item key="7DC5ACBD-6F41-89E8-51E1-ACF29009D487" value="true"/>
</engineerTo>
<useDomainConstraints>false</useDomainConstraints>
<use>1</use>
<logicalDatatype>LOGDT024</logicalDatatype>
<dataTypeSize>18</dataTypeSize>
<ownDataTypeParameters>18,,</ownDataTypeParameters>
</Attribute>
<Attribute name="stud_names" id="4D3CB76E-EC88-76E7-A60A-08BCAB27DD3B">
<createdBy>Marin F</createdBy>
<createdTime>2011-08-27 05:11:02 UTC</createdTime>
<ownerDesignName>univ_info_sys_1</ownerDesignName>
<engineerTo>
<item key="7DC5ACBD-6F41-89E8-51E1-ACF29009D487" value="true"/>
</engineerTo>
<useDomainConstraints>false</useDomainConstraints>
<use>1</use>
<logicalDatatype>LOGDT024</logicalDatatype>
<dataTypeSize>60</dataTypeSize>
<ownDataTypeParameters>60,,</ownDataTypeParameters>
</Attribute>
<Attribute name="stud_address" id="17FE611D-91C2-E53A-33E3-80D10CC74C34">
<createdBy>Marin F</createdBy>
<createdTime>2011-08-27 05:11:35 UTC</createdTime>
<ownerDesignName>univ_info_sys_1</ownerDesignName>
<engineerTo>
<item key="7DC5ACBD-6F41-89E8-51E1-ACF29009D487" value="true"/>
</engineerTo>
<nullsAllowed>true</nullsAllowed>
<useDomainConstraints>false</useDomainConstraints>
<use>1</use>
<logicalDatatype>LOGDT024</logicalDatatype>
<dataTypeSize>100 CHAR</dataTypeSize>
<ownDataTypeParameters>100 CHAR,,</ownDataTypeParameters>
</Attribute>
<Attribute name="stud_phone" id="BD9B2873-DA17-3F3B-08B3-81052BB043EC">
<createdBy>Marin F</createdBy>
<createdTime>2011-08-27 05:11:41 UTC</createdTime>
<ownerDesignName>univ_info_sys_1</ownerDesignName>
<engineerTo>
<item key="7DC5ACBD-6F41-89E8-51E1-ACF29009D487" value="true"/>
</engineerTo>
<nullsAllowed>true</nullsAllowed>
<useDomainConstraints>false</useDomainConstraints>
<use>1</use>
<logicalDatatype>LOGDT024</logicalDatatype>
<dataTypeSize>30</dataTypeSize>
<ownDataTypeParameters>30,,</ownDataTypeParameters>
</Attribute>
<Attribute name="stud_email" id="A5BC174C-1336-3AC4-F47E-889416F53A94">
<createdBy>Marin F</createdBy>
<createdTime>2011-08-27 05:11:47 UTC</createdTime>
<ownerDesignName>univ_info_sys_1</ownerDesignName>
<engineerTo>
<item key="7DC5ACBD-6F41-89E8-51E1-ACF29009D487" value="true"/>
</engineerTo>
<nullsAllowed>true</nullsAllowed>
<useDomainConstraints>false</useDomainConstraints>
<use>1</use>
<logicalDatatype>LOGDT024</logicalDatatype>
<dataTypeSize>60</dataTypeSize>
<ownDataTypeParameters>60,,</ownDataTypeParameters>
</Attribute>
<Attribute name="national_pers_code" id="E11466CE-9390-266B-767D-DE993F81BCAC">
<createdBy>Marin F</createdBy>
<createdTime>2011-08-27 05:12:02 UTC</createdTime>
<ownerDesignName>univ_info_sys_1</ownerDesignName>
<engineerTo>
<item key="7DC5ACBD-6F41-89E8-51E1-ACF29009D487" value="true"/>
</engineerTo>
<nullsAllowed>true</nullsAllowed>
<useDomainConstraints>false</useDomainConstraints>
<use>1</use>
<logicalDatatype>LOGDT024</logicalDatatype>
<dataTypeSize>15</dataTypeSize>
<ownDataTypeParameters>15,,</ownDataTypeParameters>
</Attribute>
<Attribute name="stud_genre" id="30FAA6EC-F40A-10CC-EACE-FDCD458C4A83">
<createdBy>Marin F</createdBy>
<createdTime>2011-08-27 05:12:15 UTC</createdTime>
<ownerDesignName>univ_info_sys_1</ownerDesignName>
<engineerTo>
<item key="7DC5ACBD-6F41-89E8-51E1-ACF29009D487" value="true"/>
</engineerTo>
<useDomainConstraints>false</useDomainConstraints>
<use>1</use>
<logicalDatatype>LOGDT025</logicalDatatype>
<dataTypeSize>1</dataTypeSize>
<ownDataTypeParameters>1,,</ownDataTypeParameters>
</Attribute>
<Attribute name="study_level" id="C887B6A6-CAB8-4BA6-8114-10A8C8A69ABB">
<createdBy>Marin F</createdBy>
<createdTime>2011-08-27 05:12:44 UTC</createdTime>
<ownerDesignName>univ_info_sys_1</ownerDesignName>
<engineerTo>
<item key="7DC5ACBD-6F41-89E8-51E1-ACF29009D487" value="true"/>
</engineerTo>
<useDomainConstraints>false</useDomainConstraints>
<use>1</use>
<logicalDatatype>LOGDT018</logicalDatatype>
<ownDataTypeParameters>,,</ownDataTypeParameters>
<listOfRanges>
<rangeDef class="oracle.dbtools.crest.model.design.constraint.AVT">
<beginValue>1</beginValue>
<endValue>3</endValue>
<description>cele trei cicluri Bologna</description>
</rangeDef>
</listOfRanges>
</Attribute>
<Attribute name="study_year" id="7E728E2E-0BCB-A513-5E72-9C83956B1F6E">
<createdBy>Marin F</createdBy>
<createdTime>2011-08-27 05:12:57 UTC</createdTime>
<ownerDesignName>univ_info_sys_1</ownerDesignName>
<engineerTo>
<item key="7DC5ACBD-6F41-89E8-51E1-ACF29009D487" value="true"/>
</engineerTo>
<useDomainConstraints>false</useDomainConstraints>
<use>1</use>
<logicalDatatype>LOGDT018</logicalDatatype>
<defaultValue>1</defaultValue>
<ownDataTypeParameters>,,</ownDataTypeParameters>
<listOfRanges>
<rangeDef class="oracle.dbtools.crest.model.design.constraint.AVT">
<beginValue>1</beginValue>
<endValue>3</endValue>
</rangeDef>
</listOfRanges>
</Attribute>
<Attribute name="course_attendance" id="46AD0CE0-3753-9F91-0AD2-5DD0FA60372B">
<createdBy>Marin F</createdBy>
<createdTime>2011-08-27 05:13:03 UTC</createdTime>
<ownerDesignName>univ_info_sys_1</ownerDesignName>
<engineerTo>
<item key="7DC5ACBD-6F41-89E8-51E1-ACF29009D487" value="true"/>
</engineerTo>
<useDomainConstraints>false</useDomainConstraints>
<use>1</use>
<logicalDatatype>LOGDT024</logicalDatatype>
<dataTypeSize>2</dataTypeSize>
<ownDataTypeParameters>2,,</ownDataTypeParameters>
</Attribute>
<Attribute name="spec_or_module" id="F41209FB-9468-28C8-FC5C-6809CD39E269">
<createdBy>Marin F</createdBy>
<createdTime>2011-08-27 05:13:19 UTC</createdTime>
<ownerDesignName>univ_info_sys_1</ownerDesignName>
<engineerTo>
<item key="7DC5ACBD-6F41-89E8-51E1-ACF29009D487" value="true"/>
</engineerTo>
<useDomainConstraints>false</useDomainConstraints>
<use>1</use>
<logicalDatatype>LOGDT024</logicalDatatype>
<dataTypeSize>10</dataTypeSize>
<ownDataTypeParameters>10,,</ownDataTypeParameters>
</Attribute>
<Attribute name="lecture_group" id="16DACA6E-F396-48B6-FB41-EFE04A0D9B0A">
<createdBy>Marin F</createdBy>
<createdTime>2011-08-27 05:13:54 UTC</createdTime>
<ownerDesignName>univ_info_sys_1</ownerDesignName>
<engineerTo>
<item key="7DC5ACBD-6F41-89E8-51E1-ACF29009D487" value="true"/>
</engineerTo>
<useDomainConstraints>false</useDomainConstraints>
<use>1</use>
<logicalDatatype>LOGDT018</logicalDatatype>
<ownDataTypeParameters>,,</ownDataTypeParameters>
<listOfRanges>
<rangeDef class="oracle.dbtools.crest.model.design.constraint.AVT">
<beginValue>1</beginValue>
<endValue>20</endValue>
</rangeDef>
</listOfRanges>
</Attribute>
<Attribute name="labs_group" id="3324A338-0EF4-25E8-192F-97DB75692FED">
<createdBy>Marin F</createdBy>
<createdTime>2011-08-27 05:14:11 UTC</createdTime>
<ownerDesignName>univ_info_sys_1</ownerDesignName>
<engineerTo>
<item key="7DC5ACBD-6F41-89E8-51E1-ACF29009D487" value="true"/>
</engineerTo>
<useDomainConstraints>false</useDomainConstraints>
<use>1</use>
<logicalDatatype>LOGDT018</logicalDatatype>
<ownDataTypeParameters>,,</ownDataTypeParameters>
<listOfRanges>
<rangeDef class="oracle.dbtools.crest.model.design.constraint.AVT">
<beginValue>1</beginValue>
<endValue>150</endValue>
</rangeDef>
</listOfRanges>
</Attribute>
<Attribute name="code" id="36B12DA8-DE1E-1A9A-6C33-70EBD2C898DD">
<createdBy>Marin F</createdBy>
<createdTime>2011-08-27 05:57:24 UTC</createdTime>
<generatorID>E8717697-8BF2-E190-8BC4-A364A5723280</generatorID>
<ownerDesignName>univ_info_sys_1</ownerDesignName>
<engineerTo>
<item key="7DC5ACBD-6F41-89E8-51E1-ACF29009D487" value="true"/>
</engineerTo>
<nullsAllowed>true</nullsAllowed>
<referedAttribute>49C4BB42-7F74-324A-88BA-F667BAF7EFC9</referedAttribute>
<useDomainConstraints>false</useDomainConstraints>
<use>1</use>
<logicalDatatype>LOGDT024</logicalDatatype>
<dataTypeSize>10</dataTypeSize>
<ownDataTypeParameters>10,,</ownDataTypeParameters>
</Attribute>
</attributes>
<identifiers itemClass="oracle.dbtools.crest.model.design.logical.CandidateKey">
<identifier id="8EB3DA33-5C32-DD1F-0334-D8D2EAE23FF5" name="students__pk">
<createdBy>Marin F</createdBy>
<createdTime>2011-08-27 05:17:50 UTC</createdTime>
<ownerDesignName>univ_info_sys_1</ownerDesignName>
<engineerTo>
<item key="7DC5ACBD-6F41-89E8-51E1-ACF29009D487" value="true"/>
</engineerTo>
<pk>true</pk>
<newElementsIDs>0004A8B5-7C2A-C04D-CB5C-BCA8D89DEE8A</newElementsIDs>
<usedAttributes>
<attributeRef>0004A8B5-7C2A-C04D-CB5C-BCA8D89DEE8A</attributeRef>
</usedAttributes>
</identifier>
</identifiers>
</Entity>