<?xml version = '1.0' encoding = 'UTF-8'?>
<Entity class="oracle.dbtools.crest.model.design.logical.Entity" directorySegmentName="seg_0" id="F928E65A-16C7-4142-BFBD-19F9FCE995B0" name="lecture">
<createdBy>Marin F</createdBy>
<createdTime>2011-08-27 05:23:24 UTC</createdTime>
<ownerDesignName>univ_info_sys_1</ownerDesignName>
<engineerTo>
<item key="7DC5ACBD-6F41-89E8-51E1-ACF29009D487" value="true"/>
</engineerTo>
<adequatelyNormalized>NO</adequatelyNormalized>
<expectedVolumes>0</expectedVolumes>
<fwdEngineeringStrategyName>Single Table</fwdEngineeringStrategyName>
<growthPercent>0</growthPercent>
<growthType>Year</growthType>
<maxVolumes>9999999</maxVolumes>
<minVolumes>0</minVolumes>
<normalForm>Third</normalForm>
<preferredAbbreviation>lectures</preferredAbbreviation>
<attributes itemClass="oracle.dbtools.crest.model.design.logical.Attribute">
<Attribute name="study_level" id="2091FD56-DF8B-DF85-8755-9FFA8A838763">
<createdBy>Marin F</createdBy>
<createdTime>2011-08-27 05:23:48 UTC</createdTime>
<ownerDesignName>univ_info_sys_1</ownerDesignName>
<engineerTo>
<item key="7DC5ACBD-6F41-89E8-51E1-ACF29009D487" value="true"/>
</engineerTo>
<useDomainConstraints>false</useDomainConstraints>
<use>1</use>
<logicalDatatype>LOGDT018</logicalDatatype>
<ownDataTypeParameters>,,</ownDataTypeParameters>
<listOfRanges>
<rangeDef class="oracle.dbtools.crest.model.design.constraint.AVT">
<beginValue>1</beginValue>
<endValue>3</endValue>
<description>cele trei cicluri Bologna</description>
</rangeDef>
</listOfRanges>
</Attribute>
<Attribute name="study_year" id="CFAA1EE1-0B71-6EF5-629D-13160A871B3E">
<createdBy>Marin F</createdBy>
<createdTime>2011-08-27 05:23:54 UTC</createdTime>
<ownerDesignName>univ_info_sys_1</ownerDesignName>
<engineerTo>
<item key="7DC5ACBD-6F41-89E8-51E1-ACF29009D487" value="true"/>
</engineerTo>
<useDomainConstraints>false</useDomainConstraints>
<use>1</use>
<logicalDatatype>LOGDT018</logicalDatatype>
<defaultValue>1</defaultValue>
<ownDataTypeParameters>,,</ownDataTypeParameters>
<listOfRanges>
<rangeDef class="oracle.dbtools.crest.model.design.constraint.AVT">
<beginValue>1</beginValue>
<endValue>3</endValue>
</rangeDef>
</listOfRanges>
</Attribute>
<Attribute name="course_attendance" id="79D1EDB7-3604-86FC-9483-08617B4A124E">
<createdBy>Marin F</createdBy>
<createdTime>2011-08-27 05:24:06 UTC</createdTime>
<ownerDesignName>univ_info_sys_1</ownerDesignName>
<engineerTo>
<item key="7DC5ACBD-6F41-89E8-51E1-ACF29009D487" value="true"/>
</engineerTo>
<useDomainConstraints>false</useDomainConstraints>
<use>1</use>
<logicalDatatype>LOGDT024</logicalDatatype>
<ownDataTypeParameters>,,</ownDataTypeParameters>
</Attribute>
<Attribute name="spec_or_module" id="154AE4AC-EE25-269D-FDA2-03CD19D721B7">
<createdBy>Marin F</createdBy>
<createdTime>2011-08-27 05:24:10 UTC</createdTime>
<ownerDesignName>univ_info_sys_1</ownerDesignName>
<engineerTo>
<item key="7DC5ACBD-6F41-89E8-51E1-ACF29009D487" value="true"/>
</engineerTo>
<useDomainConstraints>false</useDomainConstraints>
<use>1</use>
<logicalDatatype>LOGDT024</logicalDatatype>
<dataTypeSize>10</dataTypeSize>
<ownDataTypeParameters>10,,</ownDataTypeParameters>
</Attribute>
<Attribute name="lecture_group" id="20119DCE-A3F6-A1E5-B3B7-282B2F600366">
<createdBy>Marin F</createdBy>
<createdTime>2011-08-27 05:24:19 UTC</createdTime>
<ownerDesignName>univ_info_sys_1</ownerDesignName>
<engineerTo>
<item key="7DC5ACBD-6F41-89E8-51E1-ACF29009D487" value="true"/>
</engineerTo>
<useDomainConstraints>false</useDomainConstraints>
<use>1</use>
<logicalDatatype>LOGDT018</logicalDatatype>
<ownDataTypeParameters>,,</ownDataTypeParameters>
<listOfRanges>
<rangeDef class="oracle.dbtools.crest.model.design.constraint.AVT">
<beginValue>1</beginValue>
<endValue>20</endValue>
</rangeDef>
</listOfRanges>
</Attribute>
<Attribute name="teacher_code" id="3D4EE70F-B5A7-4EDC-4E38-9DF38FCB1B98">
<createdBy>Marin F</createdBy>
<createdTime>2011-08-27 05:44:28 UTC</createdTime>
<generatorID>4C93214B-2E77-7FE1-A653-88EE0A12DD9F</generatorID>
<ownerDesignName>univ_info_sys_1</ownerDesignName>
<engineerTo>
<item key="7DC5ACBD-6F41-89E8-51E1-ACF29009D487" value="true"/>
</engineerTo>
<nullsAllowed>true</nullsAllowed>
<referedAttribute>3447AD76-5D56-7611-D82D-048FEFED29A5</referedAttribute>
<useDomainConstraints>false</useDomainConstraints>
<use>1</use>
<logicalDatatype>LOGDT024</logicalDatatype>
<dataTypeSize>5</dataTypeSize>
<ownDataTypeParameters>5,,</ownDataTypeParameters>
</Attribute>
<Attribute name="course_code" id="0D5FEA4F-C2F4-6ED4-BE2C-C4CC6EEE4D81">
<createdBy>Marin F</createdBy>
<createdTime>2011-08-27 05:46:05 UTC</createdTime>
<generatorID>F085211A-745B-49E9-398F-CE32B8805C04</generatorID>
<ownerDesignName>univ_info_sys_1</ownerDesignName>
<engineerTo>
<item key="7DC5ACBD-6F41-89E8-51E1-ACF29009D487" value="true"/>
</engineerTo>
<referedAttribute>B0A67509-375D-51CB-8313-8DA320C2F553</referedAttribute>
<useDomainConstraints>false</useDomainConstraints>
<use>1</use>
<logicalDatatype>LOGDT024</logicalDatatype>
<dataTypeSize>6</dataTypeSize>
<ownDataTypeParameters>6,,</ownDataTypeParameters>
</Attribute>
</attributes>
<identifiers itemClass="oracle.dbtools.crest.model.design.logical.CandidateKey">
<identifier id="AC9ABE1D-4C26-4D4D-3F9C-E4DC3F0D172A" name="lectures__pk">
<createdBy>Marin F</createdBy>
<createdTime>2011-08-27 05:43:58 UTC</createdTime>
<ownerDesignName>univ_info_sys_1</ownerDesignName>
<engineerTo>
<item key="7DC5ACBD-6F41-89E8-51E1-ACF29009D487" value="true"/>
</engineerTo>
<pk>true</pk>
<newElementsIDs>2091FD56-DF8B-DF85-8755-9FFA8A838763,CFAA1EE1-0B71-6EF5-629D-13160A871B3E,79D1EDB7-3604-86FC-9483-08617B4A124E,154AE4AC-EE25-269D-FDA2-03CD19D721B7,20119DCE-A3F6-A1E5-B3B7-282B2F600366,F085211A-745B-49E9-398F-CE32B8805C04</newElementsIDs>
<usedAttributes>
<attributeRef>2091FD56-DF8B-DF85-8755-9FFA8A838763</attributeRef>
<attributeRef>CFAA1EE1-0B71-6EF5-629D-13160A871B3E</attributeRef>
<attributeRef>79D1EDB7-3604-86FC-9483-08617B4A124E</attributeRef>
<attributeRef>154AE4AC-EE25-269D-FDA2-03CD19D721B7</attributeRef>
<attributeRef>20119DCE-A3F6-A1E5-B3B7-282B2F600366</attributeRef>
<attributeRef>0D5FEA4F-C2F4-6ED4-BE2C-C4CC6EEE4D81</attributeRef>
</usedAttributes>
</identifier>
</identifiers>
</Entity>