<?xml version = '1.0' encoding = 'UTF-8'?>
<Table class="oracle.dbtools.crest.model.design.relational.Table" directorySegmentName="seg_0" id="47777B37-D773-11C1-3140-A7E7FB8CAFA3" name="cancelled_invoices">
<createdBy>admin</createdBy>
<createdTime>2015-10-30 06:33:26 UTC</createdTime>
<generatorID>52BD976E-8A14-57A3-2AF6-630E2EFDA1E7</generatorID>
<ownerDesignName>sales_5</ownerDesignName>
<existDependencyGenerateInDDl>true</existDependencyGenerateInDDl>
<parsed>true</parsed>
<columns itemClass="oracle.dbtools.crest.model.design.relational.Column">
<Column name="cancellation_dt" id="6B3EB080-3DD0-971B-3D33-7F82BC49256D">
<createdBy>admin</createdBy>
<createdTime>2015-10-30 06:33:26 UTC</createdTime>
<generatorID>5C321BB5-9B05-701A-C317-246D32D62CF4</generatorID>
<ownerDesignName>sales_5</ownerDesignName>
<useDomainConstraints>false</useDomainConstraints>
<use>1</use>
<logicalDatatype>LOGDT047</logicalDatatype>
<ownDataTypeParameters>,,</ownDataTypeParameters>
<autoIncrementCycle>false</autoIncrementCycle>
</Column>
<Column name="comments" id="ADECEC38-4416-F5BB-E0AE-BFE0130A398F">
<createdBy>admin</createdBy>
<createdTime>2015-10-30 06:33:26 UTC</createdTime>
<generatorID>077EA897-9B50-E7D4-69C3-5B70DDC29737</generatorID>
<ownerDesignName>sales_5</ownerDesignName>
<nullsAllowed>true</nullsAllowed>
<useDomainConstraints>false</useDomainConstraints>
<use>1</use>
<logicalDatatype>LOGDT037</logicalDatatype>
<dataTypeSize>100</dataTypeSize>
<ownDataTypeParameters>100,,</ownDataTypeParameters>
<autoIncrementCycle>false</autoIncrementCycle>
</Column>
<Column name="invoice_id" id="ADAB1029-3B2C-5E13-1983-DCDA013EE308">
<createdBy>admin</createdBy>
<createdTime>2015-10-30 06:33:26 UTC</createdTime>
<generatorID>2DBC507C-31B4-83B1-23E6-F2169C675DC9</generatorID>
<ownerDesignName>sales_5</ownerDesignName>
<useDomainConstraints>false</useDomainConstraints>
<use>1</use>
<logicalDatatype>LOGDT011</logicalDatatype>
<ownDataTypeParameters>,,</ownDataTypeParameters>
<previousColumn>false</previousColumn>
<autoIncrementCycle>false</autoIncrementCycle>
<associations>
<colAssociation fkAssociation="308FFC6C-DA35-810F-E10A-E2E4005361F6" referredColumn="57F70249-77FE-3F35-7525-85E1C4BDF7FE"/>
</associations>
</Column>
</columns>
<indexes itemClass="oracle.dbtools.crest.model.design.relational.Index">
<ind_PK_UK id="5C07DF26-B9AE-D88E-95C7-BE76593BAFBB" name="cancelled_invoices_PK">
<createdBy>admin</createdBy>
<createdTime>2015-10-30 06:33:26 UTC</createdTime>
<generatorID>F9D0699B-31BD-3924-074E-49BC442F5833</generatorID>
<ownerDesignName>sales_5</ownerDesignName>
<pk>true</pk>
<indexState>Primary Constraint</indexState>
<isSurrogateKey>false</isSurrogateKey>
<indexColumnUsage>
<colUsage columnID="ADAB1029-3B2C-5E13-1983-DCDA013EE308"/>
</indexColumnUsage>
</ind_PK_UK>
<ind_PK_UK id="23C20E1C-CD26-EB5A-B6D8-656D716433EF" name="cancelled_invoices_invoices_FK">
<createdBy>admin</createdBy>
<createdTime>2015-10-30 06:33:26 UTC</createdTime>
<generatorID>7D2AD5BB-9026-8B35-F7CF-C8103C4BC4B7</generatorID>
<ownerDesignName>sales_5</ownerDesignName>
<indexState>Foreign Key</indexState>
<isSurrogateKey>false</isSurrogateKey>
<indexColumnUsage>
<colUsage columnID="ADAB1029-3B2C-5E13-1983-DCDA013EE308"/>
</indexColumnUsage>
</ind_PK_UK>
</indexes>
</Table>