<?xml version = '1.0' encoding = 'UTF-8'?>
<Table class="oracle.dbtools.crest.model.design.relational.Table" directorySegmentName="seg_0" id="4C2F60F6-C0EC-54EE-9A2A-6F6C03D3B233" name="customer_montly_stats">
<createdBy>admin</createdBy>
<createdTime>2015-10-30 06:33:26 UTC</createdTime>
<generatorID>98FAA55C-153A-349F-307F-0311159CE1E1</generatorID>
<ownerDesignName>sales_5</ownerDesignName>
<existDependencyGenerateInDDl>true</existDependencyGenerateInDDl>
<parsed>true</parsed>
<columns itemClass="oracle.dbtools.crest.model.design.relational.Column">
<Column name="cust_id" id="259EC8A2-36D4-F5E2-2395-D01EB0CB45B9">
<createdBy>admin</createdBy>
<createdTime>2015-10-30 06:33:26 UTC</createdTime>
<generatorID>BFBECC06-FBFD-12DC-E85A-C00425BA2A81</generatorID>
<ownerDesignName>sales_5</ownerDesignName>
<useDomainConstraints>false</useDomainConstraints>
<use>1</use>
<logicalDatatype>LOGDT011</logicalDatatype>
<ownDataTypeParameters>,,</ownDataTypeParameters>
<previousColumn>false</previousColumn>
<autoIncrementCycle>false</autoIncrementCycle>
<associations>
<colAssociation fkAssociation="DCB9C2EE-B861-71B9-7043-C1C90D0CEEC1" referredColumn="F1D17DE0-7D12-EFBF-36F7-DBFF84B3EBAF"/>
</associations>
</Column>
<Column name="year" id="5DB79023-D713-6C01-0DA1-8A5BC3DBF770">
<createdBy>admin</createdBy>
<createdTime>2015-10-30 06:33:26 UTC</createdTime>
<generatorID>E855D6BF-224E-DB8F-D8D8-FCC6B1140384</generatorID>
<ownerDesignName>sales_5</ownerDesignName>
<useDomainConstraints>false</useDomainConstraints>
<use>1</use>
<logicalDatatype>LOGDT019</logicalDatatype>
<dataTypePrecision>4</dataTypePrecision>
<ownDataTypeParameters>,4,</ownDataTypeParameters>
<previousColumn>false</previousColumn>
<autoIncrementCycle>false</autoIncrementCycle>
<associations>
<colAssociation fkAssociation="4B4AD838-8657-AC10-3773-1A702F66AA7D" referredColumn="229DCEF2-8532-E12D-3A0C-97329B49056D"/>
</associations>
</Column>
<Column name="month" id="AA89FFB7-7A52-1275-4BC5-588C59566875">
<createdBy>admin</createdBy>
<createdTime>2015-10-30 06:33:26 UTC</createdTime>
<generatorID>64A85DCF-1EE3-786B-2760-A97A56E347B6</generatorID>
<ownerDesignName>sales_5</ownerDesignName>
<useDomainConstraints>false</useDomainConstraints>
<use>1</use>
<logicalDatatype>LOGDT019</logicalDatatype>
<dataTypePrecision>2</dataTypePrecision>
<ownDataTypeParameters>,2,</ownDataTypeParameters>
<previousColumn>false</previousColumn>
<autoIncrementCycle>false</autoIncrementCycle>
<associations>
<colAssociation fkAssociation="4B4AD838-8657-AC10-3773-1A702F66AA7D" referredColumn="403603E7-E9AA-4C11-FAE7-CC6E323E16C8"/>
</associations>
</Column>
<Column name="sales" id="873D67F7-916F-E589-15B6-6135F483C895">
<createdBy>admin</createdBy>
<createdTime>2015-10-30 06:33:26 UTC</createdTime>
<generatorID>3408869F-6CAD-B615-CBA4-DB15B2D4B1FD</generatorID>
<ownerDesignName>sales_5</ownerDesignName>
<useDomainConstraints>false</useDomainConstraints>
<use>1</use>
<logicalDatatype>LOGDT019</logicalDatatype>
<dataTypePrecision>14</dataTypePrecision>
<dataTypeScale>2</dataTypeScale>
<ownDataTypeParameters>,14,2</ownDataTypeParameters>
<autoIncrementCycle>false</autoIncrementCycle>
</Column>
<Column name="refusals" id="E50CC2C5-E72C-3A57-7AD7-EC3BBDB06D83">
<createdBy>admin</createdBy>
<createdTime>2015-10-30 06:33:26 UTC</createdTime>
<generatorID>505C3ED3-7FF9-E804-2C35-92586DDDB096</generatorID>
<ownerDesignName>sales_5</ownerDesignName>
<useDomainConstraints>false</useDomainConstraints>
<use>1</use>
<logicalDatatype>LOGDT019</logicalDatatype>
<dataTypePrecision>14</dataTypePrecision>
<dataTypeScale>2</dataTypeScale>
<ownDataTypeParameters>,14,2</ownDataTypeParameters>
<autoIncrementCycle>false</autoIncrementCycle>
</Column>
<Column name="cancellations" id="41AC4F6E-E5D7-E73B-ED33-582E77661E79">
<createdBy>admin</createdBy>
<createdTime>2015-10-30 06:33:26 UTC</createdTime>
<generatorID>9D3476A9-F8F1-A522-80C3-ECFC6A4B974E</generatorID>
<ownerDesignName>sales_5</ownerDesignName>
<useDomainConstraints>false</useDomainConstraints>
<use>1</use>
<logicalDatatype>LOGDT019</logicalDatatype>
<dataTypePrecision>14</dataTypePrecision>
<dataTypeScale>2</dataTypeScale>
<ownDataTypeParameters>,14,2</ownDataTypeParameters>
<autoIncrementCycle>false</autoIncrementCycle>
</Column>
<Column name="received" id="9C70C457-417C-8B30-B9EE-13469258F8A2">
<createdBy>admin</createdBy>
<createdTime>2015-10-30 06:33:26 UTC</createdTime>
<generatorID>A52C90CA-671E-DEA2-3353-02A91EAB4F8F</generatorID>
<ownerDesignName>sales_5</ownerDesignName>
<useDomainConstraints>false</useDomainConstraints>
<use>1</use>
<logicalDatatype>LOGDT019</logicalDatatype>
<dataTypePrecision>14</dataTypePrecision>
<dataTypeScale>2</dataTypeScale>
<ownDataTypeParameters>,14,2</ownDataTypeParameters>
<autoIncrementCycle>false</autoIncrementCycle>
</Column>
</columns>
<indexes itemClass="oracle.dbtools.crest.model.design.relational.Index">
<ind_PK_UK id="1127125D-0B51-1299-3447-F9AA9AB433FA" name="customer_montly_stats_PK">
<createdBy>admin</createdBy>
<createdTime>2015-10-30 06:33:26 UTC</createdTime>
<generatorID>8108EFB3-9798-9CEA-A058-004756AE649D</generatorID>
<ownerDesignName>sales_5</ownerDesignName>
<pk>true</pk>
<indexState>Primary Constraint</indexState>
<isSurrogateKey>false</isSurrogateKey>
<indexColumnUsage>
<colUsage columnID="259EC8A2-36D4-F5E2-2395-D01EB0CB45B9"/>
<colUsage columnID="5DB79023-D713-6C01-0DA1-8A5BC3DBF770"/>
<colUsage columnID="AA89FFB7-7A52-1275-4BC5-588C59566875"/>
</indexColumnUsage>
</ind_PK_UK>
<ind_PK_UK id="DA129691-3FC5-C744-440A-E52BF923D777" name="customer_montly_stats_months_FK">
<createdBy>admin</createdBy>
<createdTime>2015-10-30 06:33:26 UTC</createdTime>
<generatorID>2DC15E09-67BA-D635-873E-EF619E27F9D3</generatorID>
<ownerDesignName>sales_5</ownerDesignName>
<indexState>Foreign Key</indexState>
<isSurrogateKey>false</isSurrogateKey>
<indexColumnUsage>
<colUsage columnID="5DB79023-D713-6C01-0DA1-8A5BC3DBF770"/>
<colUsage columnID="AA89FFB7-7A52-1275-4BC5-588C59566875"/>
</indexColumnUsage>
</ind_PK_UK>
<ind_PK_UK id="CC04F449-542B-4BF0-E204-E1681512C485" name="customer_montly_stats_customers_FK">
<createdBy>admin</createdBy>
<createdTime>2015-10-30 06:33:26 UTC</createdTime>
<generatorID>58D22822-17DE-E93C-8D0C-0080DAFE466C</generatorID>
<ownerDesignName>sales_5</ownerDesignName>
<indexState>Foreign Key</indexState>
<isSurrogateKey>false</isSurrogateKey>
<indexColumnUsage>
<colUsage columnID="259EC8A2-36D4-F5E2-2395-D01EB0CB45B9"/>
</indexColumnUsage>
</ind_PK_UK>
</indexes>
</Table>