<?xml version = '1.0' encoding = 'UTF-8'?>
<Table class="oracle.dbtools.crest.model.design.relational.Table" directorySegmentName="seg_0" id="554C27FA-1AE7-9D88-0B78-2EBEDA476FEF" name="invoices">
<createdBy>admin</createdBy>
<createdTime>2015-10-30 06:33:26 UTC</createdTime>
<generatorID>9B6DCC06-4F09-1244-27C0-C0BE0CEF865A</generatorID>
<ownerDesignName>sales_5</ownerDesignName>
<existDependencyGenerateInDDl>true</existDependencyGenerateInDDl>
<parsed>true</parsed>
<columns itemClass="oracle.dbtools.crest.model.design.relational.Column">
<Column name="invoice_id" id="57F70249-77FE-3F35-7525-85E1C4BDF7FE">
<createdBy>admin</createdBy>
<createdTime>2015-10-30 06:33:26 UTC</createdTime>
<generatorID>C90220F5-6B91-8896-D28C-2F28CE7009D2</generatorID>
<ownerDesignName>sales_5</ownerDesignName>
<useDomainConstraints>false</useDomainConstraints>
<use>1</use>
<logicalDatatype>LOGDT011</logicalDatatype>
<ownDataTypeParameters>,,</ownDataTypeParameters>
<autoIncrementCycle>false</autoIncrementCycle>
</Column>
<Column name="invoice_number" id="25FB4319-B94A-8EE5-7099-4E67EEF9D3EA">
<createdBy>admin</createdBy>
<createdTime>2015-10-30 06:33:26 UTC</createdTime>
<generatorID>7F0AE5DB-EB56-2E35-7AAF-501C6F1DA2DD</generatorID>
<ownerDesignName>sales_5</ownerDesignName>
<useDomainConstraints>false</useDomainConstraints>
<use>1</use>
<logicalDatatype>LOGDT011</logicalDatatype>
<ownDataTypeParameters>,,</ownDataTypeParameters>
<autoIncrementCycle>false</autoIncrementCycle>
</Column>
<Column name="invoice_date" id="EEEA3B83-3C81-55E5-0392-E71B3EEA9A59">
<createdBy>admin</createdBy>
<createdTime>2015-10-30 06:33:26 UTC</createdTime>
<generatorID>F53E5B56-08E6-AF80-C44E-79CBD3DB33D1</generatorID>
<ownerDesignName>sales_5</ownerDesignName>
<useDomainConstraints>false</useDomainConstraints>
<use>1</use>
<logicalDatatype>LOGDT007</logicalDatatype>
<ownDataTypeParameters>,,</ownDataTypeParameters>
<autoIncrementCycle>false</autoIncrementCycle>
</Column>
<Column name="cust_id" id="C65F818F-23D0-B0B0-2B96-93712C63FC4E">
<createdBy>admin</createdBy>
<createdTime>2015-10-30 06:33:26 UTC</createdTime>
<generatorID>F41CCC80-5626-3100-D6D2-D7830E59077A</generatorID>
<ownerDesignName>sales_5</ownerDesignName>
<useDomainConstraints>false</useDomainConstraints>
<use>1</use>
<logicalDatatype>LOGDT011</logicalDatatype>
<ownDataTypeParameters>,,</ownDataTypeParameters>
<previousColumn>false</previousColumn>
<autoIncrementCycle>false</autoIncrementCycle>
<associations>
<colAssociation fkAssociation="58C9E953-C77C-0B24-B71C-2877D82C152F" referredColumn="F1D17DE0-7D12-EFBF-36F7-DBFF84B3EBAF"/>
</associations>
</Column>
<Column name="comments" id="BCD56C29-6880-40F6-12C7-12BE0D4670C8">
<createdBy>admin</createdBy>
<createdTime>2015-10-30 06:33:26 UTC</createdTime>
<generatorID>57B3A592-EB2C-A732-C0CD-6462234C160D</generatorID>
<ownerDesignName>sales_5</ownerDesignName>
<nullsAllowed>true</nullsAllowed>
<useDomainConstraints>false</useDomainConstraints>
<use>1</use>
<logicalDatatype>LOGDT037</logicalDatatype>
<dataTypeSize>300 CHAR</dataTypeSize>
<ownDataTypeParameters>300 CHAR,,</ownDataTypeParameters>
<autoIncrementCycle>false</autoIncrementCycle>
</Column>
<Column name="invoice_VAT" id="FBF3A870-D785-1CC8-9BDF-74645B011D85">
<createdBy>admin</createdBy>
<createdTime>2015-10-30 06:33:26 UTC</createdTime>
<generatorID>A08347F0-21AA-CB15-6C2A-413467005D97</generatorID>
<ownerDesignName>sales_5</ownerDesignName>
<useDomainConstraints>false</useDomainConstraints>
<use>1</use>
<logicalDatatype>LOGDT019</logicalDatatype>
<dataTypePrecision>12</dataTypePrecision>
<dataTypeScale>2</dataTypeScale>
<ownDataTypeParameters>,12,2</ownDataTypeParameters>
<autoIncrementCycle>false</autoIncrementCycle>
</Column>
<Column name="invoice_amount" id="2EB38C6B-7826-0204-71FD-225B8D6C6386">
<createdBy>admin</createdBy>
<createdTime>2015-10-30 06:33:26 UTC</createdTime>
<generatorID>F8936AC6-6524-F7F4-854A-BC695CB37C12</generatorID>
<ownerDesignName>sales_5</ownerDesignName>
<useDomainConstraints>false</useDomainConstraints>
<use>1</use>
<logicalDatatype>LOGDT019</logicalDatatype>
<dataTypePrecision>12</dataTypePrecision>
<dataTypeScale>2</dataTypeScale>
<ownDataTypeParameters>,12,2</ownDataTypeParameters>
<autoIncrementCycle>false</autoIncrementCycle>
</Column>
<Column name="amount_received" id="DE35FA65-FD96-95D9-2939-E5167E369C12">
<createdBy>admin</createdBy>
<createdTime>2015-10-30 06:33:26 UTC</createdTime>
<generatorID>BE162D39-4BCA-C5F6-0941-49C2B8CBB94A</generatorID>
<ownerDesignName>sales_5</ownerDesignName>
<useDomainConstraints>false</useDomainConstraints>
<use>1</use>
<logicalDatatype>LOGDT019</logicalDatatype>
<dataTypePrecision>12</dataTypePrecision>
<dataTypeScale>2</dataTypeScale>
<ownDataTypeParameters>,12,2</ownDataTypeParameters>
<autoIncrementCycle>false</autoIncrementCycle>
</Column>
<Column name="amount_refused" id="8D3D3D3F-05C0-0DD7-7508-ACE82531B49C">
<createdBy>admin</createdBy>
<createdTime>2015-10-30 06:33:26 UTC</createdTime>
<generatorID>97336AC8-0BC1-B464-A0A6-63DD75E21A84</generatorID>
<ownerDesignName>sales_5</ownerDesignName>
<useDomainConstraints>false</useDomainConstraints>
<use>1</use>
<logicalDatatype>LOGDT019</logicalDatatype>
<dataTypePrecision>12</dataTypePrecision>
<dataTypeScale>2</dataTypeScale>
<ownDataTypeParameters>,12,2</ownDataTypeParameters>
<autoIncrementCycle>false</autoIncrementCycle>
</Column>
<Column name="n_or_rows" id="1B789D25-269F-ECF5-08FE-DCA8530BCB46">
<createdBy>admin</createdBy>
<createdTime>2015-10-30 06:33:26 UTC</createdTime>
<generatorID>E8CE0D55-7BC7-CF8C-A303-A734E0829189</generatorID>
<ownerDesignName>sales_5</ownerDesignName>
<useDomainConstraints>false</useDomainConstraints>
<use>1</use>
<logicalDatatype>LOGDT011</logicalDatatype>
<ownDataTypeParameters>,,</ownDataTypeParameters>
<autoIncrementCycle>false</autoIncrementCycle>
</Column>
<Column name="is_closed" id="BB8B001D-C501-7EE7-50F6-6E84349862A2">
<createdBy>admin</createdBy>
<createdTime>2015-10-30 06:33:26 UTC</createdTime>
<generatorID>CA3906DA-6686-AA04-3BD8-DFA1DB249AA6</generatorID>
<ownerDesignName>sales_5</ownerDesignName>
<constraintName>ck_invoice_is_closed</constraintName>
<useDomainConstraints>false</useDomainConstraints>
<use>1</use>
<logicalDatatype>LOGDT006</logicalDatatype>
<defaultValue>No</defaultValue>
<ownDataTypeParameters>,,</ownDataTypeParameters>
<autoIncrementCycle>false</autoIncrementCycle>
</Column>
<Column name="invoice_status" id="7DF19ECB-B79A-2F1C-2DE8-2C4B2855969D">
<createdBy>admin</createdBy>
<createdTime>2015-10-30 06:33:26 UTC</createdTime>
<generatorID>2BAE6FC0-860D-27B5-D436-46DD6B0CBFD0</generatorID>
<ownerDesignName>sales_5</ownerDesignName>
<nullsAllowed>true</nullsAllowed>
<useDomainConstraints>false</useDomainConstraints>
<use>1</use>
<logicalDatatype>LOGDT037</logicalDatatype>
<dataTypeSize>50</dataTypeSize>
<ownDataTypeParameters>50,,</ownDataTypeParameters>
<autoIncrementCycle>false</autoIncrementCycle>
</Column>
</columns>
<indexes itemClass="oracle.dbtools.crest.model.design.relational.Index">
<ind_PK_UK id="3563657F-14B7-230B-AC0F-4517E0B844EA" name="invoices_PK">
<createdBy>admin</createdBy>
<createdTime>2015-10-30 06:33:26 UTC</createdTime>
<generatorID>D0B2DB68-6D9E-659C-A596-16AA379526BF</generatorID>
<ownerDesignName>sales_5</ownerDesignName>
<pk>true</pk>
<indexState>Primary Constraint</indexState>
<isSurrogateKey>false</isSurrogateKey>
<indexColumnUsage>
<colUsage columnID="57F70249-77FE-3F35-7525-85E1C4BDF7FE"/>
</indexColumnUsage>
</ind_PK_UK>
<ind_PK_UK id="1C3ABB28-5E91-B16C-A810-78F23393A169" name="invoices_customers_FK">
<createdBy>admin</createdBy>
<createdTime>2015-10-30 06:33:26 UTC</createdTime>
<generatorID>3887E4B0-99D7-4D22-8E5D-DB276E64F678</generatorID>
<ownerDesignName>sales_5</ownerDesignName>
<indexState>Foreign Key</indexState>
<isSurrogateKey>false</isSurrogateKey>
<indexColumnUsage>
<colUsage columnID="C65F818F-23D0-B0B0-2B96-93712C63FC4E"/>
</indexColumnUsage>
</ind_PK_UK>
</indexes>
</Table>