<?xml version = '1.0' encoding = 'UTF-8'?>
<Table class="oracle.dbtools.crest.model.design.relational.Table" directorySegmentName="seg_0" id="5C7181FE-420D-93C3-73F2-44A1322ED931" name="product_montly_stats">
<createdBy>admin</createdBy>
<createdTime>2015-10-30 06:33:26 UTC</createdTime>
<generatorID>E86EF5B1-3F8F-5AEC-6943-16093FDE25CF</generatorID>
<ownerDesignName>sales_5</ownerDesignName>
<existDependencyGenerateInDDl>true</existDependencyGenerateInDDl>
<parsed>true</parsed>
<columns itemClass="oracle.dbtools.crest.model.design.relational.Column">
<Column name="sales" id="97C2A6B1-2D95-F1C8-AB86-3E789731D429">
<createdBy>admin</createdBy>
<createdTime>2015-10-30 06:33:26 UTC</createdTime>
<generatorID>AAC582BE-DF3A-BCB3-B7C7-088DFF163081</generatorID>
<ownerDesignName>sales_5</ownerDesignName>
<useDomainConstraints>false</useDomainConstraints>
<use>1</use>
<logicalDatatype>LOGDT019</logicalDatatype>
<dataTypePrecision>12</dataTypePrecision>
<dataTypeScale>2</dataTypeScale>
<ownDataTypeParameters>,12,2</ownDataTypeParameters>
<autoIncrementCycle>false</autoIncrementCycle>
</Column>
<Column name="refusals" id="F2DE9A6A-E99B-868E-90D5-1EECD9A3E39D">
<createdBy>admin</createdBy>
<createdTime>2015-10-30 06:33:26 UTC</createdTime>
<generatorID>BDAC4A73-B0DF-2614-AFE2-3B64CA6B8D87</generatorID>
<ownerDesignName>sales_5</ownerDesignName>
<useDomainConstraints>false</useDomainConstraints>
<use>1</use>
<logicalDatatype>LOGDT019</logicalDatatype>
<dataTypePrecision>12</dataTypePrecision>
<dataTypeScale>2</dataTypeScale>
<ownDataTypeParameters>,12,2</ownDataTypeParameters>
<autoIncrementCycle>false</autoIncrementCycle>
</Column>
<Column name="cancellations" id="0B37A79D-7FF7-4955-6CF6-92E01A9FFA17">
<createdBy>admin</createdBy>
<createdTime>2015-10-30 06:33:26 UTC</createdTime>
<generatorID>73A65DD7-4181-00C8-7815-31A4D4404CB5</generatorID>
<ownerDesignName>sales_5</ownerDesignName>
<useDomainConstraints>false</useDomainConstraints>
<use>1</use>
<logicalDatatype>LOGDT019</logicalDatatype>
<dataTypePrecision>12</dataTypePrecision>
<dataTypeScale>2</dataTypeScale>
<ownDataTypeParameters>,12,2</ownDataTypeParameters>
<autoIncrementCycle>false</autoIncrementCycle>
</Column>
<Column name="received" id="56B2EF5F-B4CD-FCBE-9DD8-9EDDD11F2A6B">
<createdBy>admin</createdBy>
<createdTime>2015-10-30 06:33:26 UTC</createdTime>
<generatorID>46888713-A2DD-3F83-9B14-833DDB8CF257</generatorID>
<ownerDesignName>sales_5</ownerDesignName>
<useDomainConstraints>false</useDomainConstraints>
<use>1</use>
<logicalDatatype>LOGDT019</logicalDatatype>
<dataTypePrecision>12</dataTypePrecision>
<dataTypeScale>2</dataTypeScale>
<ownDataTypeParameters>,12,2</ownDataTypeParameters>
<autoIncrementCycle>false</autoIncrementCycle>
</Column>
<Column name="product_id" id="2DED014E-991C-F2A3-5BAF-9E5AC375839B">
<createdBy>admin</createdBy>
<createdTime>2015-10-30 06:33:26 UTC</createdTime>
<generatorID>475D7A5C-BF2B-7A6A-A2AB-79B8D925E86E</generatorID>
<ownerDesignName>sales_5</ownerDesignName>
<useDomainConstraints>false</useDomainConstraints>
<use>1</use>
<logicalDatatype>LOGDT011</logicalDatatype>
<ownDataTypeParameters>,,</ownDataTypeParameters>
<previousColumn>false</previousColumn>
<autoIncrementCycle>false</autoIncrementCycle>
<associations>
<colAssociation fkAssociation="E0B6057D-9DAE-9FEE-0155-B54FD61995B4" referredColumn="DF307234-F431-1152-FB04-5EC9BFFC7AA6"/>
</associations>
</Column>
<Column name="year" id="3443EFDB-28DD-38A1-4CC9-04FB561D9661">
<createdBy>admin</createdBy>
<createdTime>2015-10-30 06:33:26 UTC</createdTime>
<generatorID>B67B74F8-4DD9-5D5D-DACF-97D41CC55B17</generatorID>
<ownerDesignName>sales_5</ownerDesignName>
<useDomainConstraints>false</useDomainConstraints>
<use>1</use>
<logicalDatatype>LOGDT019</logicalDatatype>
<dataTypePrecision>4</dataTypePrecision>
<ownDataTypeParameters>,4,</ownDataTypeParameters>
<previousColumn>false</previousColumn>
<autoIncrementCycle>false</autoIncrementCycle>
<associations>
<colAssociation fkAssociation="130A87F8-99F4-6B7E-869C-D7EADBC80BBB" referredColumn="229DCEF2-8532-E12D-3A0C-97329B49056D"/>
</associations>
</Column>
<Column name="month" id="4AD1C409-07B6-616F-E628-B555D394D142">
<createdBy>admin</createdBy>
<createdTime>2015-10-30 06:33:26 UTC</createdTime>
<generatorID>C24D6B32-8AB0-036C-B41D-C40350B61FB1</generatorID>
<ownerDesignName>sales_5</ownerDesignName>
<useDomainConstraints>false</useDomainConstraints>
<use>1</use>
<logicalDatatype>LOGDT019</logicalDatatype>
<dataTypePrecision>2</dataTypePrecision>
<ownDataTypeParameters>,2,</ownDataTypeParameters>
<previousColumn>false</previousColumn>
<autoIncrementCycle>false</autoIncrementCycle>
<associations>
<colAssociation fkAssociation="130A87F8-99F4-6B7E-869C-D7EADBC80BBB" referredColumn="403603E7-E9AA-4C11-FAE7-CC6E323E16C8"/>
</associations>
</Column>
</columns>
<indexes itemClass="oracle.dbtools.crest.model.design.relational.Index">
<ind_PK_UK id="B1BDCAF2-79A4-4FE6-7EBF-44EC1ADD93E7" name="product_montly_stats_PK">
<createdBy>admin</createdBy>
<createdTime>2015-10-30 06:33:26 UTC</createdTime>
<generatorID>477542DB-EBDA-9444-0DC9-4EAC23156F38</generatorID>
<ownerDesignName>sales_5</ownerDesignName>
<pk>true</pk>
<indexState>Primary Constraint</indexState>
<isSurrogateKey>false</isSurrogateKey>
<indexColumnUsage>
<colUsage columnID="2DED014E-991C-F2A3-5BAF-9E5AC375839B"/>
<colUsage columnID="3443EFDB-28DD-38A1-4CC9-04FB561D9661"/>
<colUsage columnID="4AD1C409-07B6-616F-E628-B555D394D142"/>
</indexColumnUsage>
</ind_PK_UK>
<ind_PK_UK id="4795653A-5325-6F65-011C-25D6515F8AB9" name="product_montly_stats_months_FK">
<createdBy>admin</createdBy>
<createdTime>2015-10-30 06:33:26 UTC</createdTime>
<generatorID>AA5D1984-FB1D-A844-1D48-1557DD1B109A</generatorID>
<ownerDesignName>sales_5</ownerDesignName>
<indexState>Foreign Key</indexState>
<isSurrogateKey>false</isSurrogateKey>
<indexColumnUsage>
<colUsage columnID="3443EFDB-28DD-38A1-4CC9-04FB561D9661"/>
<colUsage columnID="4AD1C409-07B6-616F-E628-B555D394D142"/>
</indexColumnUsage>
</ind_PK_UK>
<ind_PK_UK id="1A480906-D839-8FFA-BD78-DD17F55C94BC" name="product_montly_stats_products_FK">
<createdBy>admin</createdBy>
<createdTime>2015-10-30 06:33:26 UTC</createdTime>
<generatorID>08EB082B-1F6E-B511-CB1F-66F5D235BF07</generatorID>
<ownerDesignName>sales_5</ownerDesignName>
<indexState>Foreign Key</indexState>
<isSurrogateKey>false</isSurrogateKey>
<indexColumnUsage>
<colUsage columnID="2DED014E-991C-F2A3-5BAF-9E5AC375839B"/>
</indexColumnUsage>
</ind_PK_UK>
</indexes>
</Table>