<?xml version = '1.0' encoding = 'UTF-8'?>
<Table class="oracle.dbtools.crest.model.design.relational.Table" directorySegmentName="seg_0" id="707C70EA-6856-5D07-318E-F81970B7298C" name="former_contacts">
<createdBy>admin</createdBy>
<createdTime>2015-10-30 06:33:26 UTC</createdTime>
<generatorID>33FDE9F3-576F-7146-A3D1-ADA28F1E6B78</generatorID>
<ownerDesignName>sales_5</ownerDesignName>
<existDependencyGenerateInDDl>true</existDependencyGenerateInDDl>
<parsed>true</parsed>
<columns itemClass="oracle.dbtools.crest.model.design.relational.Column">
<Column name="from" id="847C935A-DF07-07E3-4C8A-98940FA9EE75">
<createdBy>admin</createdBy>
<createdTime>2015-10-30 06:33:26 UTC</createdTime>
<generatorID>BB479D6D-8306-F8A1-8D78-9FCAD2950685</generatorID>
<ownerDesignName>sales_5</ownerDesignName>
<useDomainConstraints>false</useDomainConstraints>
<use>1</use>
<logicalDatatype>LOGDT007</logicalDatatype>
<ownDataTypeParameters>,,</ownDataTypeParameters>
<autoIncrementCycle>false</autoIncrementCycle>
</Column>
<Column name="to" id="26B76498-350D-4FD1-FE1E-D33C06558A32">
<createdBy>admin</createdBy>
<createdTime>2015-10-30 06:33:26 UTC</createdTime>
<generatorID>62A86773-BCE3-B46F-0F35-603CC5F0540A</generatorID>
<ownerDesignName>sales_5</ownerDesignName>
<useDomainConstraints>false</useDomainConstraints>
<use>1</use>
<logicalDatatype>LOGDT007</logicalDatatype>
<ownDataTypeParameters>,,</ownDataTypeParameters>
<autoIncrementCycle>false</autoIncrementCycle>
</Column>
<Column name="position" id="9D6D3116-8F51-885B-127E-0CF123478B88">
<createdBy>admin</createdBy>
<createdTime>2015-10-30 06:33:26 UTC</createdTime>
<generatorID>53C8192F-B137-8D72-D5D7-C044FAA6F35C</generatorID>
<ownerDesignName>sales_5</ownerDesignName>
<useDomainConstraints>false</useDomainConstraints>
<use>1</use>
<logicalDatatype>LOGDT037</logicalDatatype>
<dataTypeSize>50</dataTypeSize>
<ownDataTypeParameters>50,,</ownDataTypeParameters>
<autoIncrementCycle>false</autoIncrementCycle>
</Column>
<Column name="comments" id="5BA7BA73-11C3-12DB-6ADD-5DB24D149CE3">
<createdBy>admin</createdBy>
<createdTime>2015-10-30 06:33:26 UTC</createdTime>
<generatorID>238A3042-5873-A8A4-07FB-6B5912AD86F1</generatorID>
<ownerDesignName>sales_5</ownerDesignName>
<nullsAllowed>true</nullsAllowed>
<useDomainConstraints>false</useDomainConstraints>
<use>1</use>
<logicalDatatype>LOGDT037</logicalDatatype>
<dataTypeSize>100</dataTypeSize>
<ownDataTypeParameters>100,,</ownDataTypeParameters>
<autoIncrementCycle>false</autoIncrementCycle>
</Column>
<Column name="pers_id" id="FCCA4DD1-7984-BF81-C704-244617A1295C">
<createdBy>admin</createdBy>
<createdTime>2015-10-30 06:33:26 UTC</createdTime>
<generatorID>CF588C65-868E-122B-EA0D-7E94EFF7E6DF</generatorID>
<ownerDesignName>sales_5</ownerDesignName>
<useDomainConstraints>false</useDomainConstraints>
<use>1</use>
<logicalDatatype>LOGDT011</logicalDatatype>
<ownDataTypeParameters>,,</ownDataTypeParameters>
<previousColumn>false</previousColumn>
<autoIncrementCycle>false</autoIncrementCycle>
<associations>
<colAssociation fkAssociation="48A77CAF-B7EB-40E5-6D91-D96015877463" referredColumn="2BA59378-4FDB-DF8F-3AD6-CF17C7FF0278"/>
</associations>
</Column>
<Column name="cust_id" id="31E0AA8B-3895-5E39-E96F-C5AF378B0B5E">
<createdBy>admin</createdBy>
<createdTime>2015-10-30 06:33:26 UTC</createdTime>
<generatorID>F40F2ABA-F063-312E-A8EC-A854BF1A736F</generatorID>
<ownerDesignName>sales_5</ownerDesignName>
<useDomainConstraints>false</useDomainConstraints>
<use>1</use>
<logicalDatatype>LOGDT011</logicalDatatype>
<ownDataTypeParameters>,,</ownDataTypeParameters>
<previousColumn>false</previousColumn>
<autoIncrementCycle>false</autoIncrementCycle>
<associations>
<colAssociation fkAssociation="25873A56-D6D8-3989-8088-311A35771E9D" referredColumn="F1D17DE0-7D12-EFBF-36F7-DBFF84B3EBAF"/>
</associations>
</Column>
</columns>
<indexes itemClass="oracle.dbtools.crest.model.design.relational.Index">
<ind_PK_UK id="19607D36-595F-9B1D-F584-772E524FEBA7" name="former_contacts_PK">
<createdBy>admin</createdBy>
<createdTime>2015-10-30 06:33:26 UTC</createdTime>
<generatorID>01EAE0E3-D8AF-8907-E589-DBA2104F3A70</generatorID>
<ownerDesignName>sales_5</ownerDesignName>
<pk>true</pk>
<indexState>Primary Constraint</indexState>
<isSurrogateKey>false</isSurrogateKey>
<indexColumnUsage>
<colUsage columnID="FCCA4DD1-7984-BF81-C704-244617A1295C"/>
<colUsage columnID="31E0AA8B-3895-5E39-E96F-C5AF378B0B5E"/>
<colUsage columnID="847C935A-DF07-07E3-4C8A-98940FA9EE75"/>
</indexColumnUsage>
</ind_PK_UK>
<ind_PK_UK id="25C7B44A-7D4A-8ED2-89B4-71B1A34D90CD" name="former_contacts_customers_FK">
<createdBy>admin</createdBy>
<createdTime>2015-10-30 06:33:26 UTC</createdTime>
<generatorID>34A37B5B-544C-2D89-9AA4-162A2F3AA375</generatorID>
<ownerDesignName>sales_5</ownerDesignName>
<indexState>Foreign Key</indexState>
<isSurrogateKey>false</isSurrogateKey>
<indexColumnUsage>
<colUsage columnID="31E0AA8B-3895-5E39-E96F-C5AF378B0B5E"/>
</indexColumnUsage>
</ind_PK_UK>
<ind_PK_UK id="E503BAA5-9D89-49C6-BB06-3BE6CE792393" name="former_contacts_people_FK">
<createdBy>admin</createdBy>
<createdTime>2015-10-30 06:33:26 UTC</createdTime>
<generatorID>B4FE6DAF-4B3F-DC93-501E-907D8D4A2E0D</generatorID>
<ownerDesignName>sales_5</ownerDesignName>
<indexState>Foreign Key</indexState>
<isSurrogateKey>false</isSurrogateKey>
<indexColumnUsage>
<colUsage columnID="FCCA4DD1-7984-BF81-C704-244617A1295C"/>
</indexColumnUsage>
</ind_PK_UK>
</indexes>
</Table>