<?xml version = '1.0' encoding = 'UTF-8'?>
<Table class="oracle.dbtools.crest.model.design.relational.Table" directorySegmentName="seg_0" id="AFA89944-B869-8F22-6AE5-29E3450F7A47" name="current_contacts">
<createdBy>admin</createdBy>
<createdTime>2015-10-30 06:33:26 UTC</createdTime>
<generatorID>B5901E4F-FE16-8497-C6FA-77254367AE09</generatorID>
<ownerDesignName>sales_5</ownerDesignName>
<existDependencyGenerateInDDl>true</existDependencyGenerateInDDl>
<parsed>true</parsed>
<columns itemClass="oracle.dbtools.crest.model.design.relational.Column">
<Column name="cust_id" id="3ABB3FA4-6240-8088-AC98-74FD4E9EF902">
<createdBy>admin</createdBy>
<createdTime>2015-10-30 06:33:26 UTC</createdTime>
<generatorID>73794A30-CD37-0D4D-533E-6B427D4EA48B</generatorID>
<ownerDesignName>sales_5</ownerDesignName>
<useDomainConstraints>false</useDomainConstraints>
<use>1</use>
<logicalDatatype>LOGDT011</logicalDatatype>
<ownDataTypeParameters>,,</ownDataTypeParameters>
<previousColumn>false</previousColumn>
<autoIncrementCycle>false</autoIncrementCycle>
<associations>
<colAssociation fkAssociation="83B1D369-4DC1-8320-D874-E0588A7D299A" referredColumn="F1D17DE0-7D12-EFBF-36F7-DBFF84B3EBAF"/>
</associations>
</Column>
<Column name="position" id="85CA0064-B1D1-5683-0606-35B50359A3AC">
<createdBy>admin</createdBy>
<createdTime>2015-10-30 06:33:26 UTC</createdTime>
<generatorID>4B37ADE0-FD0E-03AF-E06D-95652CCDFBC7</generatorID>
<ownerDesignName>sales_5</ownerDesignName>
<constraintName>ck_functie</constraintName>
<useDomainConstraints>false</useDomainConstraints>
<use>1</use>
<logicalDatatype>LOGDT037</logicalDatatype>
<dataTypeSize>50</dataTypeSize>
<checkConstraint>
<implementationDef dbType="Oracle Database 10g" definition="SUBSTR(functie,1,1) = UPPER(SUBSTR(functie,1,1))"/>
</checkConstraint>
<ownDataTypeParameters>50,,</ownDataTypeParameters>
<autoIncrementCycle>false</autoIncrementCycle>
</Column>
<Column name="start_date" id="34D330AA-6295-007C-E493-99CD26B5023C">
<createdBy>admin</createdBy>
<createdTime>2015-10-30 06:33:26 UTC</createdTime>
<generatorID>80F8BCAC-02FA-3505-1BCF-10B2DB035925</generatorID>
<ownerDesignName>sales_5</ownerDesignName>
<useDomainConstraints>false</useDomainConstraints>
<use>1</use>
<logicalDatatype>LOGDT007</logicalDatatype>
<ownDataTypeParameters>,,</ownDataTypeParameters>
<autoIncrementCycle>false</autoIncrementCycle>
</Column>
<Column name="pers_id" id="83BA0802-C6C7-7B70-4902-6FD0AB16EFC1">
<createdBy>admin</createdBy>
<createdTime>2015-10-30 06:33:26 UTC</createdTime>
<generatorID>B5C8C18F-DC22-9889-3967-C807BEEED585</generatorID>
<ownerDesignName>sales_5</ownerDesignName>
<useDomainConstraints>false</useDomainConstraints>
<use>1</use>
<logicalDatatype>LOGDT011</logicalDatatype>
<ownDataTypeParameters>,,</ownDataTypeParameters>
<previousColumn>false</previousColumn>
<autoIncrementCycle>false</autoIncrementCycle>
<associations>
<colAssociation fkAssociation="28181D07-3715-CD58-F59C-1A3D354B8CCC" referredColumn="2BA59378-4FDB-DF8F-3AD6-CF17C7FF0278"/>
</associations>
</Column>
</columns>
<indexes itemClass="oracle.dbtools.crest.model.design.relational.Index">
<ind_PK_UK id="1799B0DA-EF43-B953-D182-3B578F341752" name="current_contacts_PK">
<createdBy>admin</createdBy>
<createdTime>2015-10-30 06:33:26 UTC</createdTime>
<generatorID>BF91D145-C35E-82EA-E981-BA2DF0FBC233</generatorID>
<ownerDesignName>sales_5</ownerDesignName>
<pk>true</pk>
<indexState>Primary Constraint</indexState>
<isSurrogateKey>false</isSurrogateKey>
<indexColumnUsage>
<colUsage columnID="3ABB3FA4-6240-8088-AC98-74FD4E9EF902"/>
<colUsage columnID="85CA0064-B1D1-5683-0606-35B50359A3AC"/>
<colUsage columnID="83BA0802-C6C7-7B70-4902-6FD0AB16EFC1"/>
</indexColumnUsage>
</ind_PK_UK>
<ind_PK_UK id="56E56B3E-1FA9-DB50-B367-08E62E838810" name="current_contacts_people_FK">
<createdBy>admin</createdBy>
<createdTime>2015-10-30 06:33:26 UTC</createdTime>
<generatorID>6F42A286-0894-7836-2315-203EE65990C9</generatorID>
<ownerDesignName>sales_5</ownerDesignName>
<indexState>Foreign Key</indexState>
<isSurrogateKey>false</isSurrogateKey>
<indexColumnUsage>
<colUsage columnID="83BA0802-C6C7-7B70-4902-6FD0AB16EFC1"/>
</indexColumnUsage>
</ind_PK_UK>
<ind_PK_UK id="D5628A4E-9134-C862-144A-4121A5617BBF" name="current_contacts_customers_FK">
<createdBy>admin</createdBy>
<createdTime>2015-10-30 06:33:26 UTC</createdTime>
<generatorID>C8A70461-C856-4D8C-9F97-C9F252DDEE62</generatorID>
<ownerDesignName>sales_5</ownerDesignName>
<indexState>Foreign Key</indexState>
<isSurrogateKey>false</isSurrogateKey>
<indexColumnUsage>
<colUsage columnID="3ABB3FA4-6240-8088-AC98-74FD4E9EF902"/>
</indexColumnUsage>
</ind_PK_UK>
</indexes>
</Table>