<?xml version = '1.0' encoding = 'UTF-8'?>
<Table class="oracle.dbtools.crest.model.design.relational.Table" directorySegmentName="seg_0" id="B6CB2767-3F18-1B2E-4504-13EA2D778203" name="receipt_details">
<createdBy>admin</createdBy>
<createdTime>2015-10-30 06:33:26 UTC</createdTime>
<generatorID>B70CD4E1-34A8-9F6C-A3CF-403C1A0B635E</generatorID>
<ownerDesignName>sales_5</ownerDesignName>
<existDependencyGenerateInDDl>true</existDependencyGenerateInDDl>
<parsed>true</parsed>
<columns itemClass="oracle.dbtools.crest.model.design.relational.Column">
<Column name="receipt_id" id="02DEB495-0EAA-D624-D9A2-C60F43C16933">
<createdBy>admin</createdBy>
<createdTime>2015-10-30 06:33:26 UTC</createdTime>
<generatorID>F1DA05D9-C570-6F7E-733E-923398ED6586</generatorID>
<ownerDesignName>sales_5</ownerDesignName>
<useDomainConstraints>false</useDomainConstraints>
<use>1</use>
<logicalDatatype>LOGDT011</logicalDatatype>
<ownDataTypeParameters>,,</ownDataTypeParameters>
<previousColumn>false</previousColumn>
<autoIncrementCycle>false</autoIncrementCycle>
<associations>
<colAssociation fkAssociation="7AE78DE2-2174-1284-EC76-146F59075FD5" referredColumn="999A8B92-4D0D-9782-4CEC-1677764557BB"/>
</associations>
</Column>
<Column name="invoice_id" id="E5721C42-95F7-790A-DB3B-9F5F1FE7C4C8">
<createdBy>admin</createdBy>
<createdTime>2015-10-30 06:33:26 UTC</createdTime>
<generatorID>0C14151E-D4EE-ADA2-1872-555172A66F23</generatorID>
<ownerDesignName>sales_5</ownerDesignName>
<useDomainConstraints>false</useDomainConstraints>
<use>1</use>
<logicalDatatype>LOGDT011</logicalDatatype>
<ownDataTypeParameters>,,</ownDataTypeParameters>
<previousColumn>false</previousColumn>
<autoIncrementCycle>false</autoIncrementCycle>
<associations>
<colAssociation fkAssociation="5A460F17-1CFC-4D40-6258-BF0E7C0CF374" referredColumn="57F70249-77FE-3F35-7525-85E1C4BDF7FE"/>
</associations>
</Column>
<Column name="amount" id="D7749395-0799-60D3-78D4-3FCB63DD9FCF">
<createdBy>admin</createdBy>
<createdTime>2015-10-30 06:33:26 UTC</createdTime>
<generatorID>7B263314-88C8-4CD6-147B-D25C8B94984A</generatorID>
<ownerDesignName>sales_5</ownerDesignName>
<useDomainConstraints>false</useDomainConstraints>
<use>1</use>
<logicalDatatype>LOGDT019</logicalDatatype>
<dataTypePrecision>10</dataTypePrecision>
<dataTypeScale>2</dataTypeScale>
<ownDataTypeParameters>,10,2</ownDataTypeParameters>
<autoIncrementCycle>false</autoIncrementCycle>
</Column>
</columns>
<indexes itemClass="oracle.dbtools.crest.model.design.relational.Index">
<ind_PK_UK id="154976C1-6573-BEE3-F993-D904FE6A1AFA" name="receipt_details_PK">
<createdBy>admin</createdBy>
<createdTime>2015-10-30 06:33:26 UTC</createdTime>
<generatorID>833AF945-D4D6-7A94-3F15-626CF5B39775</generatorID>
<ownerDesignName>sales_5</ownerDesignName>
<pk>true</pk>
<indexState>Primary Constraint</indexState>
<isSurrogateKey>false</isSurrogateKey>
<indexColumnUsage>
<colUsage columnID="E5721C42-95F7-790A-DB3B-9F5F1FE7C4C8"/>
<colUsage columnID="02DEB495-0EAA-D624-D9A2-C60F43C16933"/>
</indexColumnUsage>
</ind_PK_UK>
<ind_PK_UK id="946AA323-7AE4-C562-E80C-BD9FAC662F84" name="receipt_details_receipts_FK">
<createdBy>admin</createdBy>
<createdTime>2015-10-30 06:33:26 UTC</createdTime>
<generatorID>3DC8AEB8-57D3-AFB7-FCE8-7F08DCC93164</generatorID>
<ownerDesignName>sales_5</ownerDesignName>
<indexState>Foreign Key</indexState>
<isSurrogateKey>false</isSurrogateKey>
<indexColumnUsage>
<colUsage columnID="02DEB495-0EAA-D624-D9A2-C60F43C16933"/>
</indexColumnUsage>
</ind_PK_UK>
<ind_PK_UK id="B0F26777-85DE-52DE-550A-96E20806FFF2" name="receipt_details_invoices_FK">
<createdBy>admin</createdBy>
<createdTime>2015-10-30 06:33:26 UTC</createdTime>
<generatorID>BFF71C8D-60AE-DDB3-E312-B35FE343EFE9</generatorID>
<ownerDesignName>sales_5</ownerDesignName>
<indexState>Foreign Key</indexState>
<isSurrogateKey>false</isSurrogateKey>
<indexColumnUsage>
<colUsage columnID="E5721C42-95F7-790A-DB3B-9F5F1FE7C4C8"/>
</indexColumnUsage>
</ind_PK_UK>
</indexes>
</Table>