<?xml version = '1.0' encoding = 'UTF-8'?>
<Table class="oracle.dbtools.crest.model.design.relational.Table" directorySegmentName="seg_0" id="C2517DB5-3ACE-F57A-6C60-AAAC5EE1F646" name="customers">
<createdBy>admin</createdBy>
<createdTime>2015-10-30 06:33:26 UTC</createdTime>
<generatorID>862CD71F-8ACA-33A5-6C24-FBA4AC6FAA7F</generatorID>
<ownerDesignName>sales_5</ownerDesignName>
<existDependencyGenerateInDDl>true</existDependencyGenerateInDDl>
<parsed>true</parsed>
<columns itemClass="oracle.dbtools.crest.model.design.relational.Column">
<Column name="cust_id" id="F1D17DE0-7D12-EFBF-36F7-DBFF84B3EBAF">
<createdBy>admin</createdBy>
<createdTime>2015-10-30 06:33:26 UTC</createdTime>
<generatorID>2AFA42D8-7657-95E2-24C9-EAD0A6A58C85</generatorID>
<ownerDesignName>sales_5</ownerDesignName>
<constraintName>ck_codcl</constraintName>
<useDomainConstraints>false</useDomainConstraints>
<use>1</use>
<logicalDatatype>LOGDT011</logicalDatatype>
<checkConstraint>
<implementationDef dbType="Oracle Database 10g" definition="codcl &gt; 1000"/>
</checkConstraint>
<ownDataTypeParameters>,,</ownDataTypeParameters>
<autoIncrementCycle>false</autoIncrementCycle>
</Column>
<Column name="cust_name" id="4C133213-521E-1208-CBBB-745F3048C8A2">
<createdBy>admin</createdBy>
<createdTime>2015-10-30 06:33:26 UTC</createdTime>
<generatorID>8FE652B1-0E25-82BC-E1C8-8F89790E4727</generatorID>
<ownerDesignName>sales_5</ownerDesignName>
<constraintName>ck_dencl</constraintName>
<useDomainConstraints>false</useDomainConstraints>
<use>1</use>
<logicalDatatype>LOGDT037</logicalDatatype>
<dataTypeSize>50 CHAR</dataTypeSize>
<checkConstraint>
<implementationDef dbType="Oracle Database 10g" definition="SUBSTR(dencl,1,1) = UPPER(SUBSTR(dencl,1,1))"/>
</checkConstraint>
<ownDataTypeParameters>50 CHAR,,</ownDataTypeParameters>
<autoIncrementCycle>false</autoIncrementCycle>
</Column>
<Column name="fiscal_code" id="2D79B52D-3047-F8BD-889F-28EAF083AD87">
<createdBy>admin</createdBy>
<createdTime>2015-10-30 06:33:26 UTC</createdTime>
<generatorID>C174B5ED-CF9B-2370-E4DF-056866113481</generatorID>
<ownerDesignName>sales_5</ownerDesignName>
<constraintName>ck_codfiscal</constraintName>
<useDomainConstraints>false</useDomainConstraints>
<use>1</use>
<logicalDatatype>LOGDT024</logicalDatatype>
<dataTypeSize>20</dataTypeSize>
<checkConstraint>
<implementationDef dbType="Oracle Database 10g" definition="SUBSTR(codfiscal,1,1) = UPPER(SUBSTR(codfiscal,1,1))"/>
</checkConstraint>
<ownDataTypeParameters>20,,</ownDataTypeParameters>
<autoIncrementCycle>false</autoIncrementCycle>
</Column>
<Column name="cust_address" id="D9BF1700-1B60-7FA9-F511-3F53F2151F61">
<createdBy>admin</createdBy>
<createdTime>2015-10-30 06:33:26 UTC</createdTime>
<generatorID>6E8B9ECB-D5BD-9A84-B2EB-507CDA7CC90D</generatorID>
<ownerDesignName>sales_5</ownerDesignName>
<constraintName>ck_adresa_clienti</constraintName>
<nullsAllowed>true</nullsAllowed>
<useDomainConstraints>false</useDomainConstraints>
<use>1</use>
<logicalDatatype>LOGDT037</logicalDatatype>
<dataTypeSize>100 CHAR</dataTypeSize>
<checkConstraint>
<implementationDef dbType="Oracle Database 10g" definition="SUBSTR(adresa,1,1) = UPPER(SUBSTR(adresa,1,1))"/>
</checkConstraint>
<ownDataTypeParameters>100 CHAR,,</ownDataTypeParameters>
<autoIncrementCycle>false</autoIncrementCycle>
</Column>
<Column name="post_code" id="6A594F63-4373-9EB8-8D14-96962077F101">
<createdBy>admin</createdBy>
<createdTime>2015-10-30 06:33:26 UTC</createdTime>
<generatorID>41EC7E6E-A994-FD29-FDFC-D469072332D8</generatorID>
<ownerDesignName>sales_5</ownerDesignName>
<useDomainConstraints>false</useDomainConstraints>
<use>1</use>
<logicalDatatype>LOGDT025</logicalDatatype>
<ownDataTypeParameters>,,</ownDataTypeParameters>
<previousColumn>false</previousColumn>
<autoIncrementCycle>false</autoIncrementCycle>
<associations>
<colAssociation fkAssociation="75A31B02-017D-7B6A-C4B7-CBA7702A0DA9" referredColumn="36741ED8-F946-D8BE-A0FF-2E2E878AEF34"/>
</associations>
</Column>
<Column name="cust_phone" id="B1BC5110-4AD1-A902-DEE3-13C050D5AA97">
<createdBy>admin</createdBy>
<createdTime>2015-10-30 06:33:26 UTC</createdTime>
<generatorID>222D5DE6-BE26-EF66-3ABF-9B17844D3792</generatorID>
<ownerDesignName>sales_5</ownerDesignName>
<nullsAllowed>true</nullsAllowed>
<useDomainConstraints>false</useDomainConstraints>
<use>1</use>
<logicalDatatype>LOGDT025</logicalDatatype>
<dataTypeSize>10</dataTypeSize>
<ownDataTypeParameters>10,,</ownDataTypeParameters>
<autoIncrementCycle>false</autoIncrementCycle>
</Column>
<Column name="cust_email" id="F3EA80C1-40BC-3B42-6C74-0D39BDB47C5E">
<createdBy>admin</createdBy>
<createdTime>2015-10-30 06:33:26 UTC</createdTime>
<generatorID>3627791F-18A4-3815-4AD5-CB1526DEE7B1</generatorID>
<ownerDesignName>sales_5</ownerDesignName>
<nullsAllowed>true</nullsAllowed>
<useDomainConstraints>false</useDomainConstraints>
<use>1</use>
<logicalDatatype>LOGDT024</logicalDatatype>
<dataTypeSize>70</dataTypeSize>
<ownDataTypeParameters>70,,</ownDataTypeParameters>
<autoIncrementCycle>false</autoIncrementCycle>
</Column>
<Column name="current_balance" id="437B64D4-224D-604F-03C3-2D8CA56A26BB">
<createdBy>admin</createdBy>
<createdTime>2015-10-30 06:33:26 UTC</createdTime>
<generatorID>89385036-F51B-ADBA-63D6-9CE594DB6D5E</generatorID>
<ownerDesignName>sales_5</ownerDesignName>
<useDomainConstraints>false</useDomainConstraints>
<use>1</use>
<logicalDatatype>LOGDT019</logicalDatatype>
<dataTypePrecision>12</dataTypePrecision>
<dataTypeScale>2</dataTypeScale>
<ownDataTypeParameters>,12,2</ownDataTypeParameters>
<autoIncrementCycle>false</autoIncrementCycle>
</Column>
</columns>
<indexes itemClass="oracle.dbtools.crest.model.design.relational.Index">
<ind_PK_UK id="48F3C6E6-B399-D827-B4A6-C40205ED05E5" name="customers_PK">
<createdBy>admin</createdBy>
<createdTime>2015-10-30 06:33:26 UTC</createdTime>
<generatorID>E60967B1-E1BA-9D43-DC8F-53D3CDBBEAC0</generatorID>
<ownerDesignName>sales_5</ownerDesignName>
<pk>true</pk>
<indexState>Primary Constraint</indexState>
<isSurrogateKey>false</isSurrogateKey>
<indexColumnUsage>
<colUsage columnID="F1D17DE0-7D12-EFBF-36F7-DBFF84B3EBAF"/>
</indexColumnUsage>
</ind_PK_UK>
<ind_PK_UK id="898053D9-C1FA-15D9-1B89-1082F30DEB3E" name="customers_postal_codes_FK">
<createdBy>admin</createdBy>
<createdTime>2015-10-30 06:33:26 UTC</createdTime>
<generatorID>041CAC65-CEE4-CBF4-1D2E-12DF8E5B7D4E</generatorID>
<ownerDesignName>sales_5</ownerDesignName>
<indexState>Foreign Key</indexState>
<isSurrogateKey>false</isSurrogateKey>
<indexColumnUsage>
<colUsage columnID="6A594F63-4373-9EB8-8D14-96962077F101"/>
</indexColumnUsage>
</ind_PK_UK>
</indexes>
</Table>