<?xml version = '1.0' encoding = 'UTF-8'?>
<Table class="oracle.dbtools.crest.model.design.relational.Table" directorySegmentName="seg_0" id="E10C5802-C245-A857-D054-C21FD3EFD358" name="refusals">
<createdBy>admin</createdBy>
<createdTime>2015-10-30 06:33:26 UTC</createdTime>
<generatorID>159E3FB7-784F-F485-ADB8-DF20348E0DB5</generatorID>
<ownerDesignName>sales_5</ownerDesignName>
<existDependencyGenerateInDDl>true</existDependencyGenerateInDDl>
<parsed>true</parsed>
<columns itemClass="oracle.dbtools.crest.model.design.relational.Column">
<Column name="refusal_id" id="4B757835-C85E-1B78-D468-0421469F7AD4">
<createdBy>admin</createdBy>
<createdTime>2015-10-30 06:33:26 UTC</createdTime>
<generatorID>122DE09A-859B-AD9F-AFF1-8C90BDB8D23A</generatorID>
<ownerDesignName>sales_5</ownerDesignName>
<useDomainConstraints>false</useDomainConstraints>
<use>1</use>
<logicalDatatype>LOGDT011</logicalDatatype>
<ownDataTypeParameters>,,</ownDataTypeParameters>
<autoIncrementCycle>false</autoIncrementCycle>
</Column>
<Column name="refusal_dt" id="B007D056-0024-DA62-7BF5-9B78B5A4DDF8">
<createdBy>admin</createdBy>
<createdTime>2015-10-30 06:33:26 UTC</createdTime>
<generatorID>5014AAB3-8222-B1E9-1AEB-4171E353B6BF</generatorID>
<ownerDesignName>sales_5</ownerDesignName>
<nullsAllowed>true</nullsAllowed>
<useDomainConstraints>false</useDomainConstraints>
<use>1</use>
<logicalDatatype>LOGDT047</logicalDatatype>
<ownDataTypeParameters>,,</ownDataTypeParameters>
<autoIncrementCycle>false</autoIncrementCycle>
</Column>
<Column name="refusal_amount" id="9FA13CF7-AF49-C033-CB37-A4A09EA368A5">
<createdBy>admin</createdBy>
<createdTime>2015-10-30 06:33:26 UTC</createdTime>
<generatorID>933B019D-88E9-377A-D713-E661D8EE1D5C</generatorID>
<ownerDesignName>sales_5</ownerDesignName>
<useDomainConstraints>false</useDomainConstraints>
<use>1</use>
<logicalDatatype>LOGDT019</logicalDatatype>
<dataTypePrecision>12</dataTypePrecision>
<dataTypeScale>2</dataTypeScale>
<ownDataTypeParameters>,12,2</ownDataTypeParameters>
<autoIncrementCycle>false</autoIncrementCycle>
</Column>
<Column name="invoice_id" id="DC6A8C8E-D3C0-279E-A9A9-1D1651E93D8E">
<createdBy>admin</createdBy>
<createdTime>2015-10-30 06:33:26 UTC</createdTime>
<generatorID>27FA4400-B494-1AFF-3C04-56BBDB22A597</generatorID>
<ownerDesignName>sales_5</ownerDesignName>
<useDomainConstraints>false</useDomainConstraints>
<use>1</use>
<logicalDatatype>LOGDT011</logicalDatatype>
<ownDataTypeParameters>,,</ownDataTypeParameters>
<previousColumn>false</previousColumn>
<autoIncrementCycle>false</autoIncrementCycle>
<associations>
<colAssociation fkAssociation="A15CEC0E-19CB-4EC0-91BC-5A7A4CAA1FA0" referredColumn="57F70249-77FE-3F35-7525-85E1C4BDF7FE"/>
</associations>
</Column>
</columns>
<indexes itemClass="oracle.dbtools.crest.model.design.relational.Index">
<ind_PK_UK id="184588B5-66A7-5979-9F4E-55AE965A26D0" name="refusals_PK">
<createdBy>admin</createdBy>
<createdTime>2015-10-30 06:33:26 UTC</createdTime>
<generatorID>31454341-9A3F-122F-DF1B-F70D08C1230C</generatorID>
<ownerDesignName>sales_5</ownerDesignName>
<pk>true</pk>
<indexState>Primary Constraint</indexState>
<isSurrogateKey>false</isSurrogateKey>
<indexColumnUsage>
<colUsage columnID="4B757835-C85E-1B78-D468-0421469F7AD4"/>
</indexColumnUsage>
</ind_PK_UK>
<ind_PK_UK id="6A2D5644-19DB-408E-19A9-BB506C6C01B9" name="refusals__IDX">
<createdBy>admin</createdBy>
<createdTime>2015-10-30 06:33:26 UTC</createdTime>
<ownerDesignName>sales_5</ownerDesignName>
<indexState>Unique Plain Index</indexState>
<isSurrogateKey>false</isSurrogateKey>
<relationGeneratorID>E7FFA077-44AC-87FA-065E-BFAA11FE6881</relationGeneratorID>
<indexColumnUsage>
<colUsage columnID="DC6A8C8E-D3C0-279E-A9A9-1D1651E93D8E"/>
</indexColumnUsage>
</ind_PK_UK>
<ind_PK_UK id="A31191A9-542B-B8D1-B95A-FC4F2999E2DF" name="refusals_invoices_FK">
<createdBy>admin</createdBy>
<createdTime>2015-10-30 06:33:26 UTC</createdTime>
<generatorID>E7FFA077-44AC-87FA-065E-BFAA11FE6881</generatorID>
<ownerDesignName>sales_5</ownerDesignName>
<indexState>Foreign Key</indexState>
<isSurrogateKey>false</isSurrogateKey>
<indexColumnUsage>
<colUsage columnID="DC6A8C8E-D3C0-279E-A9A9-1D1651E93D8E"/>
</indexColumnUsage>
</ind_PK_UK>
</indexes>
</Table>