<?xml version = '1.0' encoding = 'UTF-8'?>
<Table class="oracle.dbtools.crest.model.design.relational.Table" directorySegmentName="seg_0" id="EFA3D096-B511-6B45-CC3C-D18E5A8C7FEE" name="refused_products">
<createdBy>admin</createdBy>
<createdTime>2015-10-30 06:33:26 UTC</createdTime>
<generatorID>70249285-81D3-E5EF-EA1B-3DA98C418470</generatorID>
<ownerDesignName>sales_5</ownerDesignName>
<existDependencyGenerateInDDl>true</existDependencyGenerateInDDl>
<parsed>true</parsed>
<columns itemClass="oracle.dbtools.crest.model.design.relational.Column">
<Column name="refused_quantity" id="413F1654-3A16-9B06-BE8F-E1454CE43116">
<createdBy>admin</createdBy>
<createdTime>2015-10-30 06:33:26 UTC</createdTime>
<generatorID>2C2CBBCC-45A8-0AC3-52B7-1269552E29F8</generatorID>
<ownerDesignName>sales_5</ownerDesignName>
<useDomainConstraints>false</useDomainConstraints>
<use>1</use>
<logicalDatatype>LOGDT019</logicalDatatype>
<dataTypePrecision>10</dataTypePrecision>
<dataTypeScale>3</dataTypeScale>
<ownDataTypeParameters>,10,3</ownDataTypeParameters>
<autoIncrementCycle>false</autoIncrementCycle>
</Column>
<Column name="refusal_reason" id="78C3B722-9776-40E6-7DEC-354E829AA16D">
<createdBy>admin</createdBy>
<createdTime>2015-10-30 06:33:26 UTC</createdTime>
<generatorID>B9D26D07-BA9D-143D-8442-CB0672D8DC91</generatorID>
<ownerDesignName>sales_5</ownerDesignName>
<nullsAllowed>true</nullsAllowed>
<useDomainConstraints>false</useDomainConstraints>
<use>1</use>
<logicalDatatype>LOGDT037</logicalDatatype>
<dataTypeSize>100</dataTypeSize>
<ownDataTypeParameters>100,,</ownDataTypeParameters>
<autoIncrementCycle>false</autoIncrementCycle>
</Column>
<Column name="refused_unit_price" id="BAF851DA-80ED-A247-6A3E-B8A2EA7DFA94">
<createdBy>admin</createdBy>
<createdTime>2015-10-30 06:33:26 UTC</createdTime>
<generatorID>0902E5D0-FA24-759D-BB47-CA949AFD2A18</generatorID>
<ownerDesignName>sales_5</ownerDesignName>
<nullsAllowed>true</nullsAllowed>
<useDomainConstraints>false</useDomainConstraints>
<use>1</use>
<logicalDatatype>LOGDT019</logicalDatatype>
<dataTypePrecision>9</dataTypePrecision>
<dataTypeScale>2</dataTypeScale>
<ownDataTypeParameters>,9,2</ownDataTypeParameters>
<autoIncrementCycle>false</autoIncrementCycle>
</Column>
<Column name="product_id" id="816307F7-5149-BF38-5D4F-DCDF7FEB4F9C">
<createdBy>admin</createdBy>
<createdTime>2015-10-30 06:33:26 UTC</createdTime>
<generatorID>AB8A3077-16F3-93A0-A316-23057C0AA826</generatorID>
<ownerDesignName>sales_5</ownerDesignName>
<useDomainConstraints>false</useDomainConstraints>
<use>1</use>
<logicalDatatype>LOGDT011</logicalDatatype>
<ownDataTypeParameters>,,</ownDataTypeParameters>
<previousColumn>false</previousColumn>
<autoIncrementCycle>false</autoIncrementCycle>
<associations>
<colAssociation fkAssociation="B4355F3D-8F43-990B-B3CD-CA72A9C9C6AE" referredColumn="DF307234-F431-1152-FB04-5EC9BFFC7AA6"/>
</associations>
</Column>
<Column name="refusal_id" id="DAEA589F-C1D4-2173-BBEA-FEDA333C3593">
<createdBy>admin</createdBy>
<createdTime>2015-10-30 06:33:26 UTC</createdTime>
<generatorID>8FC38CCA-80A4-A3D3-FFD7-23A6E5FFAE7E</generatorID>
<ownerDesignName>sales_5</ownerDesignName>
<useDomainConstraints>false</useDomainConstraints>
<use>1</use>
<logicalDatatype>LOGDT011</logicalDatatype>
<ownDataTypeParameters>,,</ownDataTypeParameters>
<previousColumn>false</previousColumn>
<autoIncrementCycle>false</autoIncrementCycle>
<associations>
<colAssociation fkAssociation="53BE1053-DEF2-9ADB-4987-830568510D06" referredColumn="4B757835-C85E-1B78-D468-0421469F7AD4"/>
</associations>
</Column>
</columns>
<indexes itemClass="oracle.dbtools.crest.model.design.relational.Index">
<ind_PK_UK id="84332EFA-6A95-76D8-7E19-6373EE060BC8" name="refused_products_PK">
<createdBy>admin</createdBy>
<createdTime>2015-10-30 06:33:26 UTC</createdTime>
<generatorID>DA28FB5A-263A-207F-A2BC-05F618826B9F</generatorID>
<ownerDesignName>sales_5</ownerDesignName>
<pk>true</pk>
<indexState>Primary Constraint</indexState>
<isSurrogateKey>false</isSurrogateKey>
<indexColumnUsage>
<colUsage columnID="816307F7-5149-BF38-5D4F-DCDF7FEB4F9C"/>
<colUsage columnID="DAEA589F-C1D4-2173-BBEA-FEDA333C3593"/>
</indexColumnUsage>
</ind_PK_UK>
<ind_PK_UK id="4F6C0556-25EA-307D-800E-D47EAF9E8445" name="refused_products_refusals_FK">
<createdBy>admin</createdBy>
<createdTime>2015-10-30 06:33:26 UTC</createdTime>
<generatorID>8616D814-14C5-793F-6448-01B5887F92E3</generatorID>
<ownerDesignName>sales_5</ownerDesignName>
<indexState>Foreign Key</indexState>
<isSurrogateKey>false</isSurrogateKey>
<indexColumnUsage>
<colUsage columnID="DAEA589F-C1D4-2173-BBEA-FEDA333C3593"/>
</indexColumnUsage>
</ind_PK_UK>
<ind_PK_UK id="7B25C913-0A31-BC6A-C751-F60B7E553848" name="refused_products_products_FK">
<createdBy>admin</createdBy>
<createdTime>2015-10-30 06:33:26 UTC</createdTime>
<generatorID>8C27B7DD-45FA-8245-524F-9A753EC7EF80</generatorID>
<ownerDesignName>sales_5</ownerDesignName>
<indexState>Foreign Key</indexState>
<isSurrogateKey>false</isSurrogateKey>
<indexColumnUsage>
<colUsage columnID="816307F7-5149-BF38-5D4F-DCDF7FEB4F9C"/>
</indexColumnUsage>
</ind_PK_UK>
</indexes>
</Table>