<?xml version = '1.0' encoding = 'UTF-8'?>
<Diagram class="oracle.dbtools.crest.swingui.relational.DPVRelational" name="Relational_1" id="0DCDA40B-E671-9AE1-66C8-6C60A2A1503A">
<createdBy>admin</createdBy>
<modifiedBy>admin</modifiedBy>
<createdTime>2015-10-30 09:21:48 UTC</createdTime>
<autoRoute>false</autoRoute>
<boxInbox>true</boxInbox>
<showLegend>false</showLegend>
<showLabels>false</showLabels>
<showRelAttributes>false</showRelAttributes>
<gridEnabled>false</gridEnabled>
<showGrid>false</showGrid>
<diagramColor>-1</diagramColor>
<display>false</display>
<notation>1</notation>
<objectViews>
<OView class="oracle.dbtools.crest.swingui.relational.TVTable" oid="1E62BDCF-4B37-0FCE-AA70-D2D94FE3B6E8" otype="Table" vid="CFBE8098-7947-9DFB-36A9-27D6E13408D3">
<hideElementsInCurrentOnly>false</hideElementsInCurrentOnly>
<bounds x="528" y="183" width="335" height="212"/>
</OView>
<OView class="oracle.dbtools.crest.swingui.relational.TVTable" oid="346461F5-0C67-65EA-DF62-6A61B12264E3" otype="Table" vid="7A05AEB4-E0DA-B6E2-8D4E-8F9590598B72">
<hideElementsInCurrentOnly>false</hideElementsInCurrentOnly>
<bounds x="545" y="3" width="354" height="126"/>
</OView>
<OView class="oracle.dbtools.crest.swingui.relational.TVTable" oid="3508D598-4E8A-6921-6F15-3B134B325417" otype="Table" vid="5EF858F4-FBFD-50EB-BC02-2965DF609D18">
<hideElementsInCurrentOnly>false</hideElementsInCurrentOnly>
<bounds x="832" y="494" width="308" height="121"/>
</OView>
<OView class="oracle.dbtools.crest.swingui.relational.TVTable" oid="35504855-694A-8EC2-DF9C-2629EC187937" otype="Table" vid="B6E4DC11-843E-938C-D97C-875BE5764C6D">
<hideElementsInCurrentOnly>false</hideElementsInCurrentOnly>
<bounds x="17" y="22" width="449" height="130"/>
</OView>
<OView class="oracle.dbtools.crest.swingui.relational.TVTable" oid="7E348040-F8EF-3D60-0CCE-D83E9A06F0EB" otype="Table" vid="42EC5255-1C88-3414-17AB-B473B11CA2AA">
<hideElementsInCurrentOnly>false</hideElementsInCurrentOnly>
<bounds x="956" y="14" width="230" height="105"/>
</OView>
<OView class="oracle.dbtools.crest.swingui.relational.TVTable" oid="89F1AAAD-6120-11AC-7738-9D490CE86C75" otype="Table" vid="6994AA37-6681-3EFF-3FBF-C67645D150F9">
<hideElementsInCurrentOnly>false</hideElementsInCurrentOnly>
<bounds x="21" y="318" width="213" height="120"/>
</OView>
<OView class="oracle.dbtools.crest.swingui.relational.TVTable" oid="A5CA3461-558F-9EF9-20D9-4AC1AE3CE4DB" otype="Table" vid="CEE0CD25-F923-89C6-FAA2-D5126765FE61">
<hideElementsInCurrentOnly>false</hideElementsInCurrentOnly>
<bounds x="942" y="230" width="289" height="191"/>
</OView>
<OView class="oracle.dbtools.crest.swingui.relational.TVTable" oid="AEBA3279-B297-DDA4-DF4B-FEA98B7EB228" otype="Table" vid="23EC32C6-0F49-E92B-8071-DF49C99F731F">
<hideElementsInCurrentOnly>false</hideElementsInCurrentOnly>
<bounds x="258" y="219" width="206" height="97"/>
</OView>
<OView class="oracle.dbtools.crest.swingui.relational.TVTable" oid="BDEC25E7-C53F-6EE2-833E-2044CB60E765" otype="Table" vid="B8F8E162-11A7-4C1D-DEC1-293E00F22EF9">
<hideElementsInCurrentOnly>false</hideElementsInCurrentOnly>
<bounds x="518" y="585" width="238" height="109"/>
</OView>
<OView class="oracle.dbtools.crest.swingui.relational.TVTable" oid="D58708DB-0DEA-0C31-F5D0-FAECFB103D7D" otype="Table" vid="D1A5CF5E-FCE0-11ED-3DE5-210978DDCB43">
<hideElementsInCurrentOnly>false</hideElementsInCurrentOnly>
<bounds x="319" y="403" width="306" height="134"/>
</OView>
<OView class="oracle.dbtools.crest.swingui.relational.TVTable" oid="F4377B52-7899-00EC-40F9-8A8EC325B90A" otype="Table" vid="9461086B-99BF-0466-A7D9-A0F89500EF7C">
<hideElementsInCurrentOnly>false</hideElementsInCurrentOnly>
<bounds x="160" y="603" width="227" height="91"/>
</OView>
</objectViews>
<connectors>
<Connector class="oracle.dbtools.crest.swingui.relational.TVFKRelation" oid="0A698F2D-8D0C-2E85-BFCF-2DCBA8AFFD51" otype="FKIndexAssociation" vid_source="6994AA37-6681-3EFF-3FBF-C67645D150F9" vid_target="CFBE8098-7947-9DFB-36A9-27D6E13408D3">
<hideElementsInCurrentOnly>false</hideElementsInCurrentOnly>
<backgroundColor>-16777216</backgroundColor>
<lineWidth>1</lineWidth>
<points>
<point x="234" y="356"/>
<point x="528" y="356"/>
</points>
</Connector>
<Connector class="oracle.dbtools.crest.swingui.relational.TVFKRelation" oid="12D44980-2440-DEF3-AC80-4ABEE99FA161" otype="FKIndexAssociation" vid_source="D1A5CF5E-FCE0-11ED-3DE5-210978DDCB43" vid_target="9461086B-99BF-0466-A7D9-A0F89500EF7C">
<hideElementsInCurrentOnly>false</hideElementsInCurrentOnly>
<backgroundColor>-16777216</backgroundColor>
<lineWidth>1</lineWidth>
<points>
<point x="353" y="537"/>
<point x="353" y="603"/>
</points>
</Connector>
<Connector class="oracle.dbtools.crest.swingui.relational.TVFKRelation" oid="17D6716E-F64D-EEC3-1047-5E1D23A2230B" otype="FKIndexAssociation" vid_source="5EF858F4-FBFD-50EB-BC02-2965DF609D18" vid_target="CEE0CD25-F923-89C6-FAA2-D5126765FE61">
<hideElementsInCurrentOnly>false</hideElementsInCurrentOnly>
<backgroundColor>-16777216</backgroundColor>
<lineWidth>1</lineWidth>
<points>
<point x="1041" y="494"/>
<point x="1041" y="421"/>
</points>
</Connector>
<Connector class="oracle.dbtools.crest.swingui.relational.TVFKRelation" oid="56595C20-1139-D456-7F31-1668EDE38464" otype="FKIndexAssociation" vid_source="CFBE8098-7947-9DFB-36A9-27D6E13408D3" vid_target="7A05AEB4-E0DA-B6E2-8D4E-8F9590598B72">
<hideElementsInCurrentOnly>false</hideElementsInCurrentOnly>
<backgroundColor>-16777216</backgroundColor>
<lineWidth>1</lineWidth>
<points>
<point x="704" y="183"/>
<point x="704" y="129"/>
</points>
</Connector>
<Connector class="oracle.dbtools.crest.swingui.relational.TVFKRelation" oid="5BF3652F-8BEE-402A-DE93-464657B5D661" otype="FKIndexAssociation" vid_source="42EC5255-1C88-3414-17AB-B473B11CA2AA" vid_target="7A05AEB4-E0DA-B6E2-8D4E-8F9590598B72">
<hideElementsInCurrentOnly>false</hideElementsInCurrentOnly>
<backgroundColor>-16777216</backgroundColor>
<lineWidth>1</lineWidth>
<points>
<point x="956" y="66"/>
<point x="899" y="66"/>
</points>
</Connector>
<Connector class="oracle.dbtools.crest.swingui.relational.TVFKRelation" oid="6A3E8E0C-9316-3193-E173-68FC44F734F5" otype="FKIndexAssociation" vid_source="CFBE8098-7947-9DFB-36A9-27D6E13408D3" vid_target="CEE0CD25-F923-89C6-FAA2-D5126765FE61">
<hideElementsInCurrentOnly>false</hideElementsInCurrentOnly>
<backgroundColor>-16777216</backgroundColor>
<lineWidth>1</lineWidth>
<points>
<point x="863" y="312"/>
<point x="942" y="312"/>
</points>
</Connector>
<Connector class="oracle.dbtools.crest.swingui.relational.TVFKRelation" oid="6D7B8221-3F18-38A4-5AFD-299205B92B6C" otype="FKIndexAssociation" vid_source="23EC32C6-0F49-E92B-8071-DF49C99F731F" vid_target="B6E4DC11-843E-938C-D97C-875BE5764C6D">
<hideElementsInCurrentOnly>false</hideElementsInCurrentOnly>
<backgroundColor>-16777216</backgroundColor>
<lineWidth>1</lineWidth>
<points>
<point x="361" y="219"/>
<point x="361" y="152"/>
</points>
</Connector>
<Connector class="oracle.dbtools.crest.swingui.relational.TVFKRelation" oid="734B1B78-7D57-40F7-83B3-09CBC7639AAB" otype="FKIndexAssociation" vid_source="23EC32C6-0F49-E92B-8071-DF49C99F731F" vid_target="B6E4DC11-843E-938C-D97C-875BE5764C6D">
<hideElementsInCurrentOnly>false</hideElementsInCurrentOnly>
<backgroundColor>-16777216</backgroundColor>
<lineWidth>1</lineWidth>
<points>
<point x="376" y="219"/>
<point x="376" y="152"/>
</points>
</Connector>
<Connector class="oracle.dbtools.crest.swingui.relational.TVFKRelation" oid="9945F8C6-00C5-F7FA-961F-BE347CA49EE6" otype="FKIndexAssociation" vid_source="D1A5CF5E-FCE0-11ED-3DE5-210978DDCB43" vid_target="CEE0CD25-F923-89C6-FAA2-D5126765FE61">
<hideElementsInCurrentOnly>false</hideElementsInCurrentOnly>
<backgroundColor>-16777216</backgroundColor>
<lineWidth>1</lineWidth>
<points>
<point x="625" y="412"/>
<point x="942" y="412"/>
</points>
</Connector>
<Connector class="oracle.dbtools.crest.swingui.relational.TVFKRelation" oid="B55DCCB3-8F9E-D221-0DB5-8E2AD5BD91B1" otype="FKIndexAssociation" vid_source="6994AA37-6681-3EFF-3FBF-C67645D150F9" vid_target="D1A5CF5E-FCE0-11ED-3DE5-210978DDCB43">
<hideElementsInCurrentOnly>false</hideElementsInCurrentOnly>
<backgroundColor>-16777216</backgroundColor>
<lineWidth>1</lineWidth>
<points>
<point x="234" y="420"/>
<point x="319" y="420"/>
</points>
</Connector>
<Connector class="oracle.dbtools.crest.swingui.relational.TVFKRelation" oid="B7A44B8B-8B31-70E7-3536-523DB79FE3D6" otype="FKIndexAssociation" vid_source="D1A5CF5E-FCE0-11ED-3DE5-210978DDCB43" vid_target="B8F8E162-11A7-4C1D-DEC1-293E00F22EF9">
<hideElementsInCurrentOnly>false</hideElementsInCurrentOnly>
<backgroundColor>-16777216</backgroundColor>
<lineWidth>1</lineWidth>
<points>
<point x="571" y="537"/>
<point x="571" y="585"/>
</points>
</Connector>
<Connector class="oracle.dbtools.crest.swingui.relational.TVFKRelation" oid="C45FBE1C-EB62-B394-90F0-FF06E1BB4714" otype="FKIndexAssociation" vid_source="23EC32C6-0F49-E92B-8071-DF49C99F731F" vid_target="CFBE8098-7947-9DFB-36A9-27D6E13408D3">
<hideElementsInCurrentOnly>false</hideElementsInCurrentOnly>
<backgroundColor>-16777216</backgroundColor>
<lineWidth>1</lineWidth>
<points>
<point x="464" y="282"/>
<point x="528" y="282"/>
</points>
</Connector>
<Connector class="oracle.dbtools.crest.swingui.relational.TVFKRelation" oid="D89BBF3B-AF07-FB61-53EE-FDAB9A2E0E1A" otype="FKIndexAssociation" vid_source="23EC32C6-0F49-E92B-8071-DF49C99F731F" vid_target="CFBE8098-7947-9DFB-36A9-27D6E13408D3">
<hideElementsInCurrentOnly>false</hideElementsInCurrentOnly>
<backgroundColor>-16777216</backgroundColor>
<lineWidth>1</lineWidth>
<points>
<point x="464" y="267"/>
<point x="528" y="267"/>
</points>
</Connector>
<Connector class="oracle.dbtools.crest.swingui.relational.TVFKRelation" oid="ED8CB87A-C898-4234-458A-2E94D24A2BAD" otype="FKIndexAssociation" vid_source="42EC5255-1C88-3414-17AB-B473B11CA2AA" vid_target="CEE0CD25-F923-89C6-FAA2-D5126765FE61">
<hideElementsInCurrentOnly>false</hideElementsInCurrentOnly>
<backgroundColor>-16777216</backgroundColor>
<lineWidth>1</lineWidth>
<points>
<point x="1071" y="119"/>
<point x="1071" y="230"/>
</points>
</Connector>
</connectors>
<arcs>
<Arc class="oracle.dbtools.crest.swingui.relational.TVFKArc" oid="876F476F-CC2C-FBD0-31DA-57474B6FDE23" otype="FKArc" vid="48FC9AC3-2E31-2954-DDA9-B991918F5744">
<hideElementsInCurrentOnly>false</hideElementsInCurrentOnly>
<bounds x="922" y="210" width="329" height="231"/>
</Arc>
<Arc class="oracle.dbtools.crest.swingui.relational.TVFKArc" oid="BA13174F-E424-BE4A-281F-002BE3EC622C" otype="FKArc" vid="7D409331-B2DA-8250-0D29-45682237985C">
<hideElementsInCurrentOnly>false</hideElementsInCurrentOnly>
<bounds x="299" y="383" width="346" height="174"/>
</Arc>
</arcs>
</Diagram>