<?xml version = '1.0' encoding = 'UTF-8'?>
<Diagram class="oracle.dbtools.crest.swingui.relational.DPVRelational" name="Relational_1" id="0DCDA40B-E671-9AE1-66C8-6C60A2A1503A">
<createdBy>admin</createdBy>
<modifiedBy>admin</modifiedBy>
<createdTime>2015-10-30 09:21:48 UTC</createdTime>
<autoRoute>false</autoRoute>
<boxInbox>true</boxInbox>
<showLegend>false</showLegend>
<showLabels>false</showLabels>
<showRelAttributes>false</showRelAttributes>
<gridEnabled>false</gridEnabled>
<showGrid>false</showGrid>
<diagramColor>-1</diagramColor>
<display>false</display>
<notation>1</notation>
<objectViews>
<OView class="oracle.dbtools.crest.swingui.relational.TVTable" oid="06FBD710-1E29-7E8D-0509-64BFC567C0D2" otype="Table" vid="AC6CD409-4E0F-9984-0413-C42EE34CCEAF">
<hideElementsInCurrentOnly>false</hideElementsInCurrentOnly>
<bounds x="298" y="160" width="258" height="206"/>
</OView>
<OView class="oracle.dbtools.crest.swingui.relational.TVTable" oid="0FAE4188-A3B9-476C-FE64-C3A67A64F0B6" otype="Table" vid="199AF42B-660D-1577-4856-7B6CEEF38506">
<hideElementsInCurrentOnly>false</hideElementsInCurrentOnly>
<bounds x="17" y="480" width="146" height="100"/>
</OView>
<OView class="oracle.dbtools.crest.swingui.relational.TVTable" oid="101C8779-1890-B1C5-D85E-4B611D2B4233" otype="Table" vid="3D892469-0E69-3330-355B-229B0E9B9406">
<hideElementsInCurrentOnly>false</hideElementsInCurrentOnly>
<bounds x="611" y="160" width="219" height="96"/>
</OView>
<OView class="oracle.dbtools.crest.swingui.relational.TVTable" oid="3AE06AE6-D8A9-E8FC-284B-A7865A762C0A" otype="Table" vid="8E92F893-2C32-3E34-8379-87301051E7C8">
<hideElementsInCurrentOnly>false</hideElementsInCurrentOnly>
<bounds x="521" y="0" width="272" height="115"/>
</OView>
<OView class="oracle.dbtools.crest.swingui.relational.TVTable" oid="70A3E1F5-CBB7-F680-76B0-8D0224BDADEA" otype="Table" vid="71E17D2E-BEDD-B785-C1F5-36BFF92FC9EA">
<hideElementsInCurrentOnly>false</hideElementsInCurrentOnly>
<bounds x="36" y="142" width="200" height="83"/>
</OView>
<OView class="oracle.dbtools.crest.swingui.relational.TVTable" oid="7AB4BB66-15A6-9072-698D-3F2C6D4B6EE8" otype="Table" vid="02A2CE4A-9618-13FD-C2C4-D41D03E51305">
<hideElementsInCurrentOnly>false</hideElementsInCurrentOnly>
<bounds x="606" y="290" width="222" height="173"/>
</OView>
<OView class="oracle.dbtools.crest.swingui.relational.TVTable" oid="8138FC80-7995-5D5E-AEA3-E10F95003B6A" otype="Table" vid="0585870F-DED3-F526-A37B-CE2FFC50EDE6">
<hideElementsInCurrentOnly>false</hideElementsInCurrentOnly>
<bounds x="173" y="477" width="140" height="105"/>
</OView>
<OView class="oracle.dbtools.crest.swingui.relational.TVTable" oid="8ED195DD-61E5-78E9-DD8D-74E696F84514" otype="Table" vid="77806FD6-F1EC-0C22-E3CE-5A0A9502112E">
<hideElementsInCurrentOnly>false</hideElementsInCurrentOnly>
<bounds x="28" y="310" width="212" height="129"/>
</OView>
<OView class="oracle.dbtools.crest.swingui.relational.TVTable" oid="B8189681-0F7B-FAC3-2D8B-C582FD44DD5F" otype="Table" vid="E526E46A-E8E0-DBC4-26A2-E10792796497">
<hideElementsInCurrentOnly>false</hideElementsInCurrentOnly>
<bounds x="370" y="5" width="125" height="87"/>
</OView>
<OView class="oracle.dbtools.crest.swingui.relational.TVTable" oid="E8111B6D-1BE7-6934-F5F0-940317F2249E" otype="Table" vid="C17BCB41-71A8-C162-BC6E-546A5EDD217B">
<hideElementsInCurrentOnly>false</hideElementsInCurrentOnly>
<bounds x="354" y="391" width="185" height="114"/>
</OView>
<OView class="oracle.dbtools.crest.swingui.relational.TVTable" oid="F9C21273-F49E-C3CC-EEA0-226DB841ADFB" otype="Table" vid="26CAC382-C93A-88BA-E6B3-D0C0D66D9220">
<hideElementsInCurrentOnly>false</hideElementsInCurrentOnly>
<bounds x="17" y="4" width="311" height="128"/>
</OView>
</objectViews>
<connectors>
<Connector class="oracle.dbtools.crest.swingui.relational.TVFKRelation" oid="0153EF04-0850-22D6-2B38-013AE44B77A3" otype="FKIndexAssociation" vid_source="AC6CD409-4E0F-9984-0413-C42EE34CCEAF" vid_target="8E92F893-2C32-3E34-8379-87301051E7C8">
<hideElementsInCurrentOnly>false</hideElementsInCurrentOnly>
<lineWidth>1</lineWidth>
<points>
<point x="538" y="160"/>
<point x="538" y="115"/>
</points>
</Connector>
<Connector class="oracle.dbtools.crest.swingui.relational.TVFKRelation" oid="24F82B99-05CE-EA21-6D22-78F20495EE7C" otype="FKIndexAssociation" vid_source="E526E46A-E8E0-DBC4-26A2-E10792796497" vid_target="AC6CD409-4E0F-9984-0413-C42EE34CCEAF">
<hideElementsInCurrentOnly>false</hideElementsInCurrentOnly>
<lineWidth>1</lineWidth>
<points>
<point x="442" y="92"/>
<point x="442" y="160"/>
</points>
</Connector>
<Connector class="oracle.dbtools.crest.swingui.relational.TVFKRelation" oid="30A00555-CBB9-A38E-B507-E5447528F90B" otype="FKIndexAssociation" vid_source="E526E46A-E8E0-DBC4-26A2-E10792796497" vid_target="AC6CD409-4E0F-9984-0413-C42EE34CCEAF">
<hideElementsInCurrentOnly>false</hideElementsInCurrentOnly>
<lineWidth>1</lineWidth>
<points>
<point x="432" y="92"/>
<point x="432" y="160"/>
</points>
</Connector>
<Connector class="oracle.dbtools.crest.swingui.relational.TVFKRelation" oid="5156F8FB-8747-E692-5732-AE8880F7C2D8" otype="FKIndexAssociation" vid_source="71E17D2E-BEDD-B785-C1F5-36BFF92FC9EA" vid_target="77806FD6-F1EC-0C22-E3CE-5A0A9502112E">
<hideElementsInCurrentOnly>false</hideElementsInCurrentOnly>
<lineWidth>1</lineWidth>
<points>
<point x="136" y="225"/>
<point x="136" y="310"/>
</points>
</Connector>
<Connector class="oracle.dbtools.crest.swingui.relational.TVFKRelation" oid="5933475C-0CC6-949D-1010-58CEFB89DDA7" otype="FKIndexAssociation" vid_source="77806FD6-F1EC-0C22-E3CE-5A0A9502112E" vid_target="199AF42B-660D-1577-4856-7B6CEEF38506">
<hideElementsInCurrentOnly>false</hideElementsInCurrentOnly>
<lineWidth>1</lineWidth>
<points>
<point x="95" y="439"/>
<point x="95" y="480"/>
</points>
</Connector>
<Connector class="oracle.dbtools.crest.swingui.relational.TVFKRelation" oid="73810B83-DE76-DFE2-AA2E-4EFD5954DF67" otype="FKIndexAssociation" vid_source="77806FD6-F1EC-0C22-E3CE-5A0A9502112E" vid_target="0585870F-DED3-F526-A37B-CE2FFC50EDE6">
<hideElementsInCurrentOnly>false</hideElementsInCurrentOnly>
<lineWidth>1</lineWidth>
<points>
<point x="206" y="439"/>
<point x="206" y="477"/>
</points>
</Connector>
<Connector class="oracle.dbtools.crest.swingui.relational.TVFKRelation" oid="78966098-DBAD-BE31-FBAE-B93328D23C93" otype="FKIndexAssociation" vid_source="77806FD6-F1EC-0C22-E3CE-5A0A9502112E" vid_target="02A2CE4A-9618-13FD-C2C4-D41D03E51305">
<hideElementsInCurrentOnly>false</hideElementsInCurrentOnly>
<lineWidth>1</lineWidth>
<points>
<point x="240" y="374"/>
<point x="606" y="374"/>
</points>
</Connector>
<Connector class="oracle.dbtools.crest.swingui.relational.TVFKRelation" oid="8C9166A5-DBB9-E471-BB45-1A467BC58FE0" otype="FKIndexAssociation" vid_source="71E17D2E-BEDD-B785-C1F5-36BFF92FC9EA" vid_target="AC6CD409-4E0F-9984-0413-C42EE34CCEAF">
<hideElementsInCurrentOnly>false</hideElementsInCurrentOnly>
<lineWidth>1</lineWidth>
<points>
<point x="236" y="192"/>
<point x="298" y="192"/>
</points>
</Connector>
<Connector class="oracle.dbtools.crest.swingui.relational.TVFKRelation" oid="9D901952-8FE1-BC26-E411-3104AB11FB32" otype="FKIndexAssociation" vid_source="3D892469-0E69-3330-355B-229B0E9B9406" vid_target="8E92F893-2C32-3E34-8379-87301051E7C8">
<hideElementsInCurrentOnly>false</hideElementsInCurrentOnly>
<lineWidth>1</lineWidth>
<points>
<point x="702" y="160"/>
<point x="702" y="115"/>
</points>
</Connector>
<Connector class="oracle.dbtools.crest.swingui.relational.TVFKRelation" oid="A3B2207C-6A5D-981C-72F7-1B0E03F60190" otype="FKIndexAssociation" vid_source="C17BCB41-71A8-C162-BC6E-546A5EDD217B" vid_target="02A2CE4A-9618-13FD-C2C4-D41D03E51305">
<hideElementsInCurrentOnly>false</hideElementsInCurrentOnly>
<lineWidth>1</lineWidth>
<points>
<point x="539" y="427"/>
<point x="606" y="427"/>
</points>
</Connector>
<Connector class="oracle.dbtools.crest.swingui.relational.TVFKRelation" oid="B082762E-8308-7537-4FCE-29507AD0EA59" otype="FKIndexAssociation" vid_source="E526E46A-E8E0-DBC4-26A2-E10792796497" vid_target="26CAC382-C93A-88BA-E6B3-D0C0D66D9220">
<hideElementsInCurrentOnly>false</hideElementsInCurrentOnly>
<lineWidth>1</lineWidth>
<points>
<point x="370" y="58"/>
<point x="328" y="58"/>
</points>
</Connector>
<Connector class="oracle.dbtools.crest.swingui.relational.TVFKRelation" oid="C0A3E7F4-ED6F-5453-E394-7AEC0739567D" otype="FKIndexAssociation" vid_source="E526E46A-E8E0-DBC4-26A2-E10792796497" vid_target="26CAC382-C93A-88BA-E6B3-D0C0D66D9220">
<hideElementsInCurrentOnly>false</hideElementsInCurrentOnly>
<lineWidth>1</lineWidth>
<points>
<point x="370" y="48"/>
<point x="328" y="48"/>
</points>
</Connector>
<Connector class="oracle.dbtools.crest.swingui.relational.TVFKRelation" oid="F06D6A2D-71C8-EDAD-6630-15488070AB50" otype="FKIndexAssociation" vid_source="3D892469-0E69-3330-355B-229B0E9B9406" vid_target="02A2CE4A-9618-13FD-C2C4-D41D03E51305">
<hideElementsInCurrentOnly>false</hideElementsInCurrentOnly>
<lineWidth>1</lineWidth>
<points>
<point x="719" y="256"/>
<point x="719" y="290"/>
</points>
</Connector>
<Connector class="oracle.dbtools.crest.swingui.relational.TVFKRelation" oid="FDA3BA21-CE0E-3128-7F81-371F75250393" otype="FKIndexAssociation" vid_source="AC6CD409-4E0F-9984-0413-C42EE34CCEAF" vid_target="02A2CE4A-9618-13FD-C2C4-D41D03E51305">
<hideElementsInCurrentOnly>false</hideElementsInCurrentOnly>
<lineWidth>1</lineWidth>
<points>
<point x="556" y="328"/>
<point x="606" y="328"/>
</points>
</Connector>
</connectors>
<arcs>
<Arc class="oracle.dbtools.crest.swingui.relational.TVFKArc" oid="A43BE121-17FE-1109-9893-A165F8A92776" otype="FKArc" vid="CC8F27B8-53C7-6830-0ED7-3F60A3711DA8">
<hideElementsInCurrentOnly>false</hideElementsInCurrentOnly>
<bounds x="8" y="290" width="252" height="169"/>
</Arc>
</arcs>
</Diagram>