<?xml version = '1.0' encoding = 'UTF-8'?>
<Diagram class="oracle.dbtools.crest.swingui.relational.DPVRelational" name="Relational_1" id="DBE9DFBE-F010-70EF-EA50-F935215199C0">
<createdBy>admin</createdBy>
<modifiedBy>admin</modifiedBy>
<createdTime>2015-10-29 09:30:45 UTC</createdTime>
<autoRoute>false</autoRoute>
<boxInbox>true</boxInbox>
<showLegend>false</showLegend>
<showLabels>false</showLabels>
<showRelAttributes>false</showRelAttributes>
<gridEnabled>false</gridEnabled>
<showGrid>false</showGrid>
<diagramColor>-1</diagramColor>
<display>false</display>
<notation>1</notation>
<objectViews>
<OView class="oracle.dbtools.crest.swingui.relational.TVTable" oid="13488242-AF58-3C12-5BF9-E97C5C839092" otype="Table" vid="09BA7D59-DCAE-9850-FC23-305BD2E2EA70">
<hideElementsInCurrentOnly>false</hideElementsInCurrentOnly>
<bounds x="17" y="11" width="177" height="234"/>
</OView>
<OView class="oracle.dbtools.crest.swingui.relational.TVTable" oid="16D5D7FD-EC9B-7F7B-DC24-07DE9A1FF5A0" otype="Table" vid="403A8376-196A-7F5F-2B15-4B71AF35FA0D">
<hideElementsInCurrentOnly>false</hideElementsInCurrentOnly>
<bounds x="353" y="4" width="138" height="97"/>
</OView>
<OView class="oracle.dbtools.crest.swingui.relational.TVTable" oid="1C5D1DB1-A955-1669-5DC0-B483A0AB1026" otype="Table" vid="7E831BF8-B6B3-09F3-4A86-9E6EE27BDE8F">
<hideElementsInCurrentOnly>false</hideElementsInCurrentOnly>
<bounds x="511" y="10" width="158" height="102"/>
</OView>
<OView class="oracle.dbtools.crest.swingui.relational.TVTable" oid="670D114E-A93A-291D-03B7-5801B92E6C7F" otype="Table" vid="2100228D-5DB7-AB70-8135-260D924A199E">
<hideElementsInCurrentOnly>false</hideElementsInCurrentOnly>
<bounds x="173" y="294" width="140" height="155"/>
</OView>
<OView class="oracle.dbtools.crest.swingui.relational.TVTable" oid="6C057560-DDDC-7B71-13E3-73552B0009EE" otype="Table" vid="A1ABBAA6-7194-B445-FA5A-4069E58714E0">
<hideElementsInCurrentOnly>false</hideElementsInCurrentOnly>
<bounds x="582" y="318" width="209" height="131"/>
</OView>
<OView class="oracle.dbtools.crest.swingui.relational.TVTable" oid="73FC895A-A83F-B857-83C0-D5265141E39C" otype="Table" vid="CF3F094F-C7D1-DB60-4387-AC2092B647A8">
<hideElementsInCurrentOnly>false</hideElementsInCurrentOnly>
<bounds x="380" y="319" width="157" height="170"/>
</OView>
<OView class="oracle.dbtools.crest.swingui.relational.TVTable" oid="8BE01988-3F7F-DFF7-CDB0-AA8BC3E89EBB" otype="Table" vid="16118037-C62E-5B2A-A40B-FC0011A2409C">
<hideElementsInCurrentOnly>false</hideElementsInCurrentOnly>
<bounds x="18" y="259" width="111" height="122"/>
</OView>
<OView class="oracle.dbtools.crest.swingui.relational.TVTable" oid="A6270738-9D4F-4DD8-10FA-5084578C60B0" otype="Table" vid="43E111B7-FA8C-700B-6502-9805C4EAAF4E">
<hideElementsInCurrentOnly>false</hideElementsInCurrentOnly>
<bounds x="574" y="146" width="163" height="124"/>
</OView>
<OView class="oracle.dbtools.crest.swingui.relational.TVTable" oid="AA401D1F-7D75-686C-C636-0ED812720D31" otype="Table" vid="4394C2A2-86C6-3A32-9718-87EA981E00F6">
<hideElementsInCurrentOnly>false</hideElementsInCurrentOnly>
<bounds x="237" y="133" width="120" height="113"/>
</OView>
<OView class="oracle.dbtools.crest.swingui.relational.TVTable" oid="BD1EB9EB-96A5-0B64-ED7B-E69B6BA4C07C" otype="Table" vid="D1368259-FA0A-9D6B-A94D-922F28772953">
<hideElementsInCurrentOnly>false</hideElementsInCurrentOnly>
<bounds x="402" y="133" width="146" height="154"/>
</OView>
</objectViews>
<connectors>
<Connector class="oracle.dbtools.crest.swingui.relational.TVFKRelation" oid="040FFAC3-BBA5-571E-93F7-385FC74620DC" otype="FKIndexAssociation" vid_source="403A8376-196A-7F5F-2B15-4B71AF35FA0D" vid_target="09BA7D59-DCAE-9850-FC23-305BD2E2EA70">
<hideElementsInCurrentOnly>false</hideElementsInCurrentOnly>
<backgroundColor>-16777216</backgroundColor>
<lineWidth>1</lineWidth>
<points>
<point x="353" y="56"/>
<point x="194" y="56"/>
</points>
</Connector>
<Connector class="oracle.dbtools.crest.swingui.relational.TVFKRelation" oid="1EFE4A22-9981-901A-65F8-9E21C50C79E3" otype="FKIndexAssociation" vid_source="CF3F094F-C7D1-DB60-4387-AC2092B647A8" vid_target="A1ABBAA6-7194-B445-FA5A-4069E58714E0">
<hideElementsInCurrentOnly>false</hideElementsInCurrentOnly>
<backgroundColor>-16777216</backgroundColor>
<lineWidth>1</lineWidth>
<points>
<point x="537" y="384"/>
<point x="582" y="384"/>
</points>
</Connector>
<Connector class="oracle.dbtools.crest.swingui.relational.TVFKRelation" oid="2F6905FC-E71B-2CD5-4804-7764AE6722E2" otype="FKIndexAssociation" vid_source="09BA7D59-DCAE-9850-FC23-305BD2E2EA70" vid_target="4394C2A2-86C6-3A32-9718-87EA981E00F6">
<hideElementsInCurrentOnly>false</hideElementsInCurrentOnly>
<backgroundColor>-16777216</backgroundColor>
<lineWidth>1</lineWidth>
<points>
<point x="194" y="189"/>
<point x="237" y="189"/>
</points>
</Connector>
<Connector class="oracle.dbtools.crest.swingui.relational.TVFKRelation" oid="305A3CBD-6A17-3ADE-E6AE-E5DA1678E10D" otype="FKIndexAssociation" vid_source="403A8376-196A-7F5F-2B15-4B71AF35FA0D" vid_target="D1368259-FA0A-9D6B-A94D-922F28772953">
<hideElementsInCurrentOnly>false</hideElementsInCurrentOnly>
<backgroundColor>-16777216</backgroundColor>
<lineWidth>1</lineWidth>
<points>
<point x="446" y="101"/>
<point x="446" y="133"/>
</points>
</Connector>
<Connector class="oracle.dbtools.crest.swingui.relational.TVFKRelation" oid="3C828DC3-D5ED-06C0-37FD-C52472FA76A0" otype="FKIndexAssociation" vid_source="16118037-C62E-5B2A-A40B-FC0011A2409C" vid_target="2100228D-5DB7-AB70-8135-260D924A199E">
<hideElementsInCurrentOnly>false</hideElementsInCurrentOnly>
<backgroundColor>-16777216</backgroundColor>
<lineWidth>1</lineWidth>
<points>
<point x="129" y="337"/>
<point x="173" y="337"/>
</points>
</Connector>
<Connector class="oracle.dbtools.crest.swingui.relational.TVFKRelation" oid="3F8BC8C6-EAA9-7A3B-FF0C-F79052F5C12F" otype="FKIndexAssociation" vid_source="7E831BF8-B6B3-09F3-4A86-9E6EE27BDE8F" vid_target="403A8376-196A-7F5F-2B15-4B71AF35FA0D">
<hideElementsInCurrentOnly>false</hideElementsInCurrentOnly>
<backgroundColor>-16777216</backgroundColor>
<lineWidth>1</lineWidth>
<points>
<point x="511" y="55"/>
<point x="491" y="55"/>
</points>
</Connector>
<Connector class="oracle.dbtools.crest.swingui.relational.TVFKRelation" oid="4BB3CEF0-6C1E-4C6C-B2C2-C4D50526AE08" otype="FKIndexAssociation" vid_source="D1368259-FA0A-9D6B-A94D-922F28772953" vid_target="CF3F094F-C7D1-DB60-4387-AC2092B647A8">
<hideElementsInCurrentOnly>false</hideElementsInCurrentOnly>
<backgroundColor>-16777216</backgroundColor>
<lineWidth>1</lineWidth>
<points>
<point x="469" y="287"/>
<point x="469" y="319"/>
</points>
</Connector>
<Connector class="oracle.dbtools.crest.swingui.relational.TVFKRelation" oid="AF8A9B57-5F7B-1AF2-40DA-9B7588FEE257" otype="FKIndexAssociation" vid_source="D1368259-FA0A-9D6B-A94D-922F28772953" vid_target="4394C2A2-86C6-3A32-9718-87EA981E00F6">
<hideElementsInCurrentOnly>false</hideElementsInCurrentOnly>
<backgroundColor>-16777216</backgroundColor>
<lineWidth>1</lineWidth>
<points>
<point x="402" y="189"/>
<point x="357" y="189"/>
</points>
</Connector>
<Connector class="oracle.dbtools.crest.swingui.relational.TVFKRelation" oid="BCB030E0-B372-CFE6-9F03-44DCB37A5F7B" otype="FKIndexAssociation" vid_source="43E111B7-FA8C-700B-6502-9805C4EAAF4E" vid_target="A1ABBAA6-7194-B445-FA5A-4069E58714E0">
<hideElementsInCurrentOnly>false</hideElementsInCurrentOnly>
<backgroundColor>-16777216</backgroundColor>
<lineWidth>1</lineWidth>
<points>
<point x="659" y="270"/>
<point x="659" y="318"/>
</points>
</Connector>
<Connector class="oracle.dbtools.crest.swingui.relational.TVFKRelation" oid="E252B1EB-F679-1FB5-4163-E6A6BFA8F11F" otype="FKIndexAssociation" vid_source="CF3F094F-C7D1-DB60-4387-AC2092B647A8" vid_target="2100228D-5DB7-AB70-8135-260D924A199E">
<hideElementsInCurrentOnly>false</hideElementsInCurrentOnly>
<backgroundColor>-16777216</backgroundColor>
<lineWidth>1</lineWidth>
<points>
<point x="380" y="384"/>
<point x="313" y="384"/>
</points>
</Connector>
</connectors>
</Diagram>