<?xml version = '1.0' encoding = 'UTF-8'?>
<Relation class="oracle.dbtools.crest.model.design.logical.Relation" name="is_reached" directorySegmentName="seg_0" id="02DA4AC7-8F40-AF24-F610-07A9331E3828">
<createdBy>admin</createdBy>
<createdTime>2015-11-16 09:23:08 UTC</createdTime>
<ownerDesignName>09c_timetables</ownerDesignName>
<engineerTo>
<item key="B2066FEA-2EB7-E6B1-13B1-47381F99176D" value="true"/>
</engineerTo>
<sourcePk>8A96BFF9-B508-B35F-4333-9D3CB589AFC9</sourcePk>
<identifying>true</identifying>
<optionalSource>true</optionalSource>
<optionalTarget>false</optionalTarget>
<sourceCardinality>1</sourceCardinality>
<sourceEntity>30381E6D-38CD-CBD6-A9D8-6DBCEE9BEBAB</sourceEntity>
<targetCardinalityString>*</targetCardinalityString>
<targetEntity>9FFCBE3D-9E65-7807-C1C8-A4BD512514A1</targetEntity>
<transferable>true</transferable>
</Relation>