<?xml version = '1.0' encoding = 'UTF-8'?>
<Relation class="oracle.dbtools.crest.model.design.logical.Relation" name="is_suspended_between" directorySegmentName="seg_0" id="1C3A3503-971C-62A0-7BD8-4E1C790AD215">
<createdBy>admin</createdBy>
<createdTime>2015-11-16 09:02:55 UTC</createdTime>
<ownerDesignName>09c_timetables</ownerDesignName>
<engineerTo>
<item key="B2066FEA-2EB7-E6B1-13B1-47381F99176D" value="true"/>
</engineerTo>
<sourcePk>3551069B-FD44-9FC9-96F8-D1F765900549</sourcePk>
<identifying>true</identifying>
<optionalSource>true</optionalSource>
<optionalTarget>false</optionalTarget>
<sourceCardinality>1</sourceCardinality>
<sourceEntity>06902F0C-6FC1-1C4D-A263-369F659301BF</sourceEntity>
<targetCardinalityString>*</targetCardinalityString>
<targetEntity>AEFA9EC5-0835-56E9-E59A-986E222FAD45</targetEntity>
<transferable>true</transferable>
</Relation>