<?xml version = '1.0' encoding = 'UTF-8'?>
<Relation class="oracle.dbtools.crest.model.design.logical.Relation" name="for_which_fh_regime_is_defined" directorySegmentName="seg_0" id="2C18DBCF-B5A6-8068-3E54-DCEFB0868B03">
<createdBy>admin</createdBy>
<createdTime>2015-11-16 09:07:53 UTC</createdTime>
<ownerDesignName>09c_timetables</ownerDesignName>
<engineerTo>
<item key="B2066FEA-2EB7-E6B1-13B1-47381F99176D" value="true"/>
</engineerTo>
<sourcePk>648539B6-F97E-57F8-A196-D8FEBAF2C0DD</sourcePk>
<identifying>true</identifying>
<optionalSource>true</optionalSource>
<optionalTarget>false</optionalTarget>
<sourceCardinality>1</sourceCardinality>
<sourceEntity>BCEDB0CB-1A89-7680-C37A-2C4266FAF076</sourceEntity>
<targetCardinalityString>*</targetCardinalityString>
<targetEntity>8FD693E5-97FF-C9F3-6441-CEC1121D5E77</targetEntity>
<transferable>true</transferable>
</Relation>