<?xml version = '1.0' encoding = 'UTF-8'?>
<Relation class="oracle.dbtools.crest.model.design.logical.Relation" name="tov2" directorySegmentName="seg_0" id="32FBA94C-E9DA-C4BF-0F17-102E59204570">
<createdBy>admin</createdBy>
<createdTime>2015-11-16 08:07:45 UTC</createdTime>
<ownerDesignName>09c_timetables</ownerDesignName>
<engineerTo>
<item key="B2066FEA-2EB7-E6B1-13B1-47381F99176D" value="true"/>
</engineerTo>
<sourcePk>A8458510-3286-508F-E174-6AFF9CE03691</sourcePk>
<identifying>true</identifying>
<optionalSource>true</optionalSource>
<optionalTarget>false</optionalTarget>
<sourceCardinality>1</sourceCardinality>
<sourceEntity>86090696-46A2-BC08-7643-58117B1969C7</sourceEntity>
<targetCardinalityString>*</targetCardinalityString>
<targetEntity>859ACD1F-61FF-A75D-A8BC-8A3B3FFD0285</targetEntity>
<transferable>true</transferable>
</Relation>