<?xml version = '1.0' encoding = 'UTF-8'?>
<Relation class="oracle.dbtools.crest.model.design.logical.Relation" name="is_assigned_to" directorySegmentName="seg_0" id="548BAB9C-FDB4-A9A9-0298-B0551F8CC3BA">
<createdBy>admin</createdBy>
<createdTime>2015-11-16 08:51:18 UTC</createdTime>
<ownerDesignName>09c_timetables</ownerDesignName>
<engineerTo>
<item key="B2066FEA-2EB7-E6B1-13B1-47381F99176D" value="true"/>
</engineerTo>
<sourcePk>B9EAE2B4-AAEC-6C93-5221-3A1E1FCFDAE4</sourcePk>
<identifying>false</identifying>
<optionalSource>true</optionalSource>
<optionalTarget>false</optionalTarget>
<sourceCardinality>1</sourceCardinality>
<sourceEntity>2AA342A2-74DD-13DD-E418-46689AFE496A</sourceEntity>
<targetCardinalityString>*</targetCardinalityString>
<targetEntity>06902F0C-6FC1-1C4D-A263-369F659301BF</targetEntity>
<transferable>true</transferable>
</Relation>