<?xml version = '1.0' encoding = 'UTF-8'?>
<Relation class="oracle.dbtools.crest.model.design.logical.Relation" name="is_the_path_for" directorySegmentName="seg_0" id="622C4A27-75D4-CF6F-D558-35D9F9E120C5">
<createdBy>admin</createdBy>
<createdTime>2015-11-16 09:13:04 UTC</createdTime>
<ownerDesignName>09c_timetables</ownerDesignName>
<engineerTo>
<item key="B2066FEA-2EB7-E6B1-13B1-47381F99176D" value="true"/>
</engineerTo>
<sourcePk>F7FD150A-2563-7046-1F1C-36FE92E4F9CE</sourcePk>
<identifying>false</identifying>
<optionalSource>true</optionalSource>
<optionalTarget>false</optionalTarget>
<sourceCardinality>1</sourceCardinality>
<sourceEntity>696BFCA8-1F84-3914-250C-B8DAB10EEF19</sourceEntity>
<targetCardinalityString>*</targetCardinalityString>
<targetEntity>06902F0C-6FC1-1C4D-A263-369F659301BF</targetEntity>
<transferable>true</transferable>
</Relation>