<?xml version = '1.0' encoding = 'UTF-8'?>
<Relation class="oracle.dbtools.crest.model.design.logical.Relation" name="is_composed_of" directorySegmentName="seg_0" id="62DDE928-69E3-EFB2-0C94-9F9AD718B8B3">
<createdBy>admin</createdBy>
<createdTime>2015-11-16 08:48:18 UTC</createdTime>
<ownerDesignName>09c_timetables</ownerDesignName>
<engineerTo>
<item key="B2066FEA-2EB7-E6B1-13B1-47381F99176D" value="true"/>
</engineerTo>
<sourcePk>F16E8F0A-74BE-6857-CB18-3E5D0F0E2382</sourcePk>
<identifying>false</identifying>
<optionalSource>true</optionalSource>
<optionalTarget>false</optionalTarget>
<sourceCardinality>1</sourceCardinality>
<sourceEntity>68263689-A8DC-C93E-2AD1-05FA5535E0FC</sourceEntity>
<targetCardinalityString>*</targetCardinalityString>
<targetEntity>06902F0C-6FC1-1C4D-A263-369F659301BF</targetEntity>
<transferable>true</transferable>
</Relation>