<?xml version = '1.0' encoding = 'UTF-8'?>
<Relation class="oracle.dbtools.crest.model.design.logical.Relation" name="for_which_vh_regime_is_defined" directorySegmentName="seg_0" id="710FD00C-C14F-CE48-CDB8-8AA983754B7A">
<createdBy>admin</createdBy>
<createdTime>2015-11-16 09:09:05 UTC</createdTime>
<ownerDesignName>09c_timetables</ownerDesignName>
<engineerTo>
<item key="B2066FEA-2EB7-E6B1-13B1-47381F99176D" value="true"/>
</engineerTo>
<sourcePk>9A81D433-04B1-D3BA-5232-A9E2474AE44E</sourcePk>
<identifying>true</identifying>
<optionalSource>true</optionalSource>
<optionalTarget>false</optionalTarget>
<sourceCardinality>1</sourceCardinality>
<sourceEntity>13B78776-BF02-853E-E5D6-2B610A8357D5</sourceEntity>
<targetCardinalityString>*</targetCardinalityString>
<targetEntity>8FD693E5-97FF-C9F3-6441-CEC1121D5E77</targetEntity>
<transferable>true</transferable>
</Relation>