<?xml version = '1.0' encoding = 'UTF-8'?>
<Relation class="oracle.dbtools.crest.model.design.logical.Relation" name="exceptions_holidays" directorySegmentName="seg_0" id="AC7F3EAC-3B9D-F535-EDE3-34EC1E3D96CD">
<createdBy>admin</createdBy>
<createdTime>2015-11-16 09:11:14 UTC</createdTime>
<ownerDesignName>09c_timetables</ownerDesignName>
<engineerTo>
<item key="B2066FEA-2EB7-E6B1-13B1-47381F99176D" value="true"/>
</engineerTo>
<sourcePk>3551069B-FD44-9FC9-96F8-D1F765900549</sourcePk>
<identifying>true</identifying>
<optionalSource>true</optionalSource>
<optionalTarget>false</optionalTarget>
<sourceCardinality>1</sourceCardinality>
<sourceEntity>06902F0C-6FC1-1C4D-A263-369F659301BF</sourceEntity>
<targetCardinalityString>*</targetCardinalityString>
<targetEntity>8FD693E5-97FF-C9F3-6441-CEC1121D5E77</targetEntity>
<transferable>true</transferable>
</Relation>