<?xml version = '1.0' encoding = 'UTF-8'?>
<Relation class="oracle.dbtools.crest.model.design.logical.Relation" name="is_valid_between" directorySegmentName="seg_0" id="AFD2A76F-06A2-D23A-BDAD-FF3DB23AC687">
<createdBy>admin</createdBy>
<createdTime>2015-11-16 08:55:45 UTC</createdTime>
<ownerDesignName>09c_timetables</ownerDesignName>
<engineerTo>
<item key="B2066FEA-2EB7-E6B1-13B1-47381F99176D" value="true"/>
</engineerTo>
<sourcePk>3551069B-FD44-9FC9-96F8-D1F765900549</sourcePk>
<identifying>true</identifying>
<optionalSource>true</optionalSource>
<optionalTarget>false</optionalTarget>
<sourceCardinality>1</sourceCardinality>
<sourceEntity>06902F0C-6FC1-1C4D-A263-369F659301BF</sourceEntity>
<targetCardinalityString>*</targetCardinalityString>
<targetEntity>2638F776-8947-70E0-0893-CBE5318C3734</targetEntity>
<transferable>true</transferable>
</Relation>