<?xml version = '1.0' encoding = 'UTF-8'?>
<Relation class="oracle.dbtools.crest.model.design.logical.Relation" name="stops_at" directorySegmentName="seg_0" id="B28FE0F3-6EE1-646C-2FA1-5E599B3C42A8">
<createdBy>admin</createdBy>
<createdTime>2015-11-16 09:15:28 UTC</createdTime>
<ownerDesignName>09c_timetables</ownerDesignName>
<engineerTo>
<item key="B2066FEA-2EB7-E6B1-13B1-47381F99176D" value="true"/>
</engineerTo>
<sourcePk>3551069B-FD44-9FC9-96F8-D1F765900549</sourcePk>
<identifying>true</identifying>
<optionalSource>true</optionalSource>
<optionalTarget>false</optionalTarget>
<sourceCardinality>1</sourceCardinality>
<sourceEntity>06902F0C-6FC1-1C4D-A263-369F659301BF</sourceEntity>
<targetCardinalityString>*</targetCardinalityString>
<targetEntity>9FFCBE3D-9E65-7807-C1C8-A4BD512514A1</targetEntity>
<transferable>true</transferable>
</Relation>