<?xml version = '1.0' encoding = 'UTF-8'?>
<Relation class="oracle.dbtools.crest.model.design.logical.Relation" name="is_a_stop_in" directorySegmentName="seg_0" id="E016AE1B-FC48-1EDA-27A1-EAA046A88B1E">
<createdBy>admin</createdBy>
<createdTime>2015-11-16 08:09:47 UTC</createdTime>
<ownerDesignName>09c_timetables</ownerDesignName>
<engineerTo>
<item key="B2066FEA-2EB7-E6B1-13B1-47381F99176D" value="true"/>
</engineerTo>
<sourcePk>A8458510-3286-508F-E174-6AFF9CE03691</sourcePk>
<identifying>true</identifying>
<optionalSource>true</optionalSource>
<optionalTarget>false</optionalTarget>
<sourceCardinality>1</sourceCardinality>
<sourceEntity>86090696-46A2-BC08-7643-58117B1969C7</sourceEntity>
<targetCardinalityString>*</targetCardinalityString>
<targetEntity>30381E6D-38CD-CBD6-A9D8-6DBCEE9BEBAB</targetEntity>
<transferable>true</transferable>
</Relation>