<?xml version = '1.0' encoding = 'UTF-8'?>
<FKIndexAssociation class="oracle.dbtools.crest.model.design.relational.FKIndexAssociation" directorySegmentName="seg_0" id="05863C19-1EB2-6471-33FD-D172A57C2086" containerWithKeyObject="6496588B-B813-BB77-ADA7-24CDE54BA62A" localFKIndex="801EED53-CFFB-6987-D980-4602D41B3A3B" name="coordinates">
<createdBy>marinfotache</createdBy>
<createdTime>2018-10-25 18:54:52 UTC</createdTime>
<generatorID>6A686C51-B1DC-7AA4-D7D3-4BE3F2BA3F71</generatorID>
<ownerDesignName>catering_1</ownerDesignName>
<referredTableLongName>employee</referredTableLongName>
<deleteRule>NO ACTION</deleteRule>
<referredTableID>91AAC3F8-0105-0FF8-A5C4-84222110E2D6</referredTableID>
<keyObject>F312E266-7000-07F6-9876-F9390D9CE591</keyObject>
<referredKeyID>F312E266-7000-07F6-9876-F9390D9CE591</referredKeyID>
<mandatory>true</mandatory>
<refColNames>employee_ID</refColNames>
<transferable>true</transferable>
<rely>false</rely>
<columnDependencyConstraintGenerateInDDL>true</columnDependencyConstraintGenerateInDDL>
</FKIndexAssociation>