<?xml version = '1.0' encoding = 'UTF-8'?>
<FKIndexAssociation class="oracle.dbtools.crest.model.design.relational.FKIndexAssociation" directorySegmentName="seg_0" id="10B98DDD-ABD1-84E5-780D-CEB6518D99E8" containerWithKeyObject="9A58F465-C422-6FFF-8C7C-E9F08226CA01" localFKIndex="66BC3A26-2AD6-2619-BA2F-9AF6FC07904A" name="can_displace">
<createdBy>marinfotache</createdBy>
<createdTime>2018-10-25 18:54:52 UTC</createdTime>
<generatorID>93C9E9D2-3F85-5512-1B80-4F2FD6249DF6</generatorID>
<ownerDesignName>catering_1</ownerDesignName>
<referredTableLongName>delivery</referredTableLongName>
<deleteRule>NO ACTION</deleteRule>
<referredTableID>ECF2B736-223A-412A-4E5D-AB9C7A0C52BC</referredTableID>
<keyObject>CCA0B71C-F39C-47FA-F37D-2646DD8E24CA</keyObject>
<referredKeyID>CCA0B71C-F39C-47FA-F37D-2646DD8E24CA</referredKeyID>
<mandatory>true</mandatory>
<refColNames>delivery_ID1</refColNames>
<transferable>true</transferable>
<rely>false</rely>
<columnDependencyConstraintGenerateInDDL>true</columnDependencyConstraintGenerateInDDL>
</FKIndexAssociation>