<?xml version = '1.0' encoding = 'UTF-8'?>
<FKIndexAssociation class="oracle.dbtools.crest.model.design.relational.FKIndexAssociation" directorySegmentName="seg_0" id="1C2A9DC0-C75A-CB66-047D-7D80B9D2E02F" containerWithKeyObject="D23AAE97-CC32-E524-5FF9-FCADDC6CF23C" localFKIndex="79912058-D0D6-6C87-7481-B960B35213D8" name="is_driver_of">
<createdBy>marinfotache</createdBy>
<createdTime>2018-10-25 18:54:52 UTC</createdTime>
<generatorID>8656097F-5FF0-F820-3C88-CADA7ECF5EB3</generatorID>
<ownerDesignName>catering_1</ownerDesignName>
<referredTableLongName>employee</referredTableLongName>
<deleteRule>NO ACTION</deleteRule>
<referredTableID>91AAC3F8-0105-0FF8-A5C4-84222110E2D6</referredTableID>
<keyObject>F312E266-7000-07F6-9876-F9390D9CE591</keyObject>
<referredKeyID>F312E266-7000-07F6-9876-F9390D9CE591</referredKeyID>
<mandatory>true</mandatory>
<refColNames>employee_ID</refColNames>
<transferable>true</transferable>
<rely>false</rely>
<columnDependencyConstraintGenerateInDDL>true</columnDependencyConstraintGenerateInDDL>
</FKIndexAssociation>