<?xml version = '1.0' encoding = 'UTF-8'?>
<FKIndexAssociation class="oracle.dbtools.crest.model.design.relational.FKIndexAssociation" directorySegmentName="seg_0" id="21A54632-E7E9-4CB7-5DBE-6D9D294F08DD" containerWithKeyObject="0047B65F-DD8A-3F7C-4D83-823AD5D2CF5A" localFKIndex="DCD45491-0950-A5AE-216F-E7B3F464B48A" name="is_fulfilled">
<createdBy>marinfotache</createdBy>
<createdTime>2018-10-25 18:54:52 UTC</createdTime>
<generatorID>29A72459-50D9-3F1E-8E22-1C81EEFB3F40</generatorID>
<ownerDesignName>catering_1</ownerDesignName>
<referredTableLongName>contract</referredTableLongName>
<deleteRule>NO ACTION</deleteRule>
<referredTableID>B57AA917-9E1E-8D94-AB7C-2811A26583F8</referredTableID>
<keyObject>55392E75-9D7B-EEB7-7BBD-3EB70779549A</keyObject>
<referredKeyID>55392E75-9D7B-EEB7-7BBD-3EB70779549A</referredKeyID>
<mandatory>true</mandatory>
<refColNames>contract_ID1</refColNames>
<transferable>true</transferable>
<rely>false</rely>
<columnDependencyConstraintGenerateInDDL>true</columnDependencyConstraintGenerateInDDL>
</FKIndexAssociation>