<?xml version = '1.0' encoding = 'UTF-8'?>
<FKIndexAssociation class="oracle.dbtools.crest.model.design.relational.FKIndexAssociation" directorySegmentName="seg_0" id="257D7F9A-F954-64AF-1BFB-CCB23E63C7D7" containerWithKeyObject="A4EC436F-AD54-CAD6-B6DE-E34264FC9E0C" localFKIndex="F7B1EC6C-4ACE-1A9D-6A30-7E6A51F62C62" name="part_of">
<createdBy>marinfotache</createdBy>
<createdTime>2018-10-25 18:54:52 UTC</createdTime>
<generatorID>A08003CF-1145-B1FE-33A0-69CA99C9D4A6</generatorID>
<ownerDesignName>catering_1</ownerDesignName>
<referredTableLongName>receipt</referredTableLongName>
<arc>13AB1E3A-540D-8CEA-F1E1-7FB290394AD9</arc>
<deleteRule>NO ACTION</deleteRule>
<referredTableID>94887A13-99BB-5D4B-FA4C-366FA6D9977B</referredTableID>
<keyObject>2654A9ED-23A9-F162-9E13-D444FB6273BD</keyObject>
<referredKeyID>2654A9ED-23A9-F162-9E13-D444FB6273BD</referredKeyID>
<mandatory>true</mandatory>
<refColNames>receipt_ID1</refColNames>
<transferable>true</transferable>
<rely>false</rely>
<columnDependencyConstraintGenerateInDDL>true</columnDependencyConstraintGenerateInDDL>
</FKIndexAssociation>