<?xml version = '1.0' encoding = 'UTF-8'?>
<FKIndexAssociation class="oracle.dbtools.crest.model.design.relational.FKIndexAssociation" directorySegmentName="seg_0" id="49843C4D-CFD1-C903-9CF6-D1BF01C916CF" containerWithKeyObject="9103726E-1A28-A894-8E92-57C559A8C2C7" localFKIndex="6DE382CC-80DA-CF28-E69E-CC3453B232C9" name="an_ingredient">
<createdBy>marinfotache</createdBy>
<createdTime>2018-10-25 18:54:52 UTC</createdTime>
<generatorID>83FC4D13-492D-431C-FDB1-C96BF3BE477A</generatorID>
<ownerDesignName>catering_1</ownerDesignName>
<referredTableLongName>product</referredTableLongName>
<deleteRule>NO ACTION</deleteRule>
<referredTableID>126168C2-EB38-5117-435D-188C872D43B3</referredTableID>
<keyObject>3AFFA1EB-4CF2-C3D1-6651-9C7D8510E118</keyObject>
<referredKeyID>3AFFA1EB-4CF2-C3D1-6651-9C7D8510E118</referredKeyID>
<mandatory>true</mandatory>
<refColNames>product_ID</refColNames>
<transferable>true</transferable>
<rely>false</rely>
<columnDependencyConstraintGenerateInDDL>true</columnDependencyConstraintGenerateInDDL>
</FKIndexAssociation>