<?xml version = '1.0' encoding = 'UTF-8'?>
<FKIndexAssociation class="oracle.dbtools.crest.model.design.relational.FKIndexAssociation" directorySegmentName="seg_0" id="64EEB1CC-264A-CC05-B235-1C93C0A16314" containerWithKeyObject="6496588B-B813-BB77-ADA7-24CDE54BA62A" localFKIndex="2D315FE5-5984-FCA2-7426-4573163934C0" name="could_by_returned_with">
<createdBy>marinfotache</createdBy>
<createdTime>2018-10-25 18:54:52 UTC</createdTime>
<generatorID>3527152B-F5DE-819E-5DE3-03AA751BF6FF</generatorID>
<ownerDesignName>catering_1</ownerDesignName>
<referredTableLongName>order</referredTableLongName>
<deleteRule>NO ACTION</deleteRule>
<referredTableID>2D2B90C6-D0EB-9EB9-0A1F-44CF14BBECD0</referredTableID>
<keyObject>701E225B-CC15-DB10-977E-A647EE261BD5</keyObject>
<referredKeyID>701E225B-CC15-DB10-977E-A647EE261BD5</referredKeyID>
<mandatory>true</mandatory>
<refColNames>order_ID1</refColNames>
<transferable>true</transferable>
<rely>false</rely>
<columnDependencyConstraintGenerateInDDL>true</columnDependencyConstraintGenerateInDDL>
</FKIndexAssociation>