<?xml version = '1.0' encoding = 'UTF-8'?>
<FKIndexAssociation class="oracle.dbtools.crest.model.design.relational.FKIndexAssociation" directorySegmentName="seg_0" id="6F495B09-4713-EDE6-102D-00FBDD01815A" containerWithKeyObject="D23AAE97-CC32-E524-5FF9-FCADDC6CF23C" localFKIndex="99051CC4-0FF2-92B5-335F-357A083D4311" name="carries">
<createdBy>marinfotache</createdBy>
<createdTime>2018-10-25 18:54:52 UTC</createdTime>
<generatorID>7ED6C746-5727-9C44-CBC9-031A88163386</generatorID>
<ownerDesignName>catering_1</ownerDesignName>
<referredTableLongName>vehicle</referredTableLongName>
<deleteRule>NO ACTION</deleteRule>
<referredTableID>A14C2B5E-54AA-B58F-80DA-F204E1254B36</referredTableID>
<keyObject>4A8AF890-8B33-F33D-5CA4-AA6FA0149D9D</keyObject>
<referredKeyID>4A8AF890-8B33-F33D-5CA4-AA6FA0149D9D</referredKeyID>
<mandatory>true</mandatory>
<refColNames>vehicle_ID1</refColNames>
<transferable>true</transferable>
<rely>false</rely>
<columnDependencyConstraintGenerateInDDL>true</columnDependencyConstraintGenerateInDDL>
</FKIndexAssociation>