<?xml version = '1.0' encoding = 'UTF-8'?>
<FKIndexAssociation class="oracle.dbtools.crest.model.design.relational.FKIndexAssociation" directorySegmentName="seg_0" id="78A48961-D3DD-B7BB-1570-BA84FF470A49" containerWithKeyObject="F9F3867C-1D68-102A-9450-5F0F08FBC343" localFKIndex="60AA4655-0CB4-4D17-7EEA-04F56D3C3C2E" name="could_contain_">
<createdBy>marinfotache</createdBy>
<createdTime>2018-10-25 18:54:52 UTC</createdTime>
<generatorID>84BADA27-5BD1-CBE5-681C-CD553836E537</generatorID>
<ownerDesignName>catering_1</ownerDesignName>
<referredTableLongName>delivery</referredTableLongName>
<deleteRule>NO ACTION</deleteRule>
<referredTableID>ECF2B736-223A-412A-4E5D-AB9C7A0C52BC</referredTableID>
<keyObject>CCA0B71C-F39C-47FA-F37D-2646DD8E24CA</keyObject>
<referredKeyID>CCA0B71C-F39C-47FA-F37D-2646DD8E24CA</referredKeyID>
<mandatory>true</mandatory>
<refColNames>delivery_ID1</refColNames>
<transferable>true</transferable>
<rely>false</rely>
<columnDependencyConstraintGenerateInDDL>true</columnDependencyConstraintGenerateInDDL>
</FKIndexAssociation>