<?xml version = '1.0' encoding = 'UTF-8'?>
<FKIndexAssociation class="oracle.dbtools.crest.model.design.relational.FKIndexAssociation" directorySegmentName="seg_0" id="7F392E5D-384F-1A37-472A-0412AA683309" containerWithKeyObject="F9F3867C-1D68-102A-9450-5F0F08FBC343" localFKIndex="07F22349-5D8A-B5E3-D43C-09F89F985C93" name="can_be_rejected">
<createdBy>marinfotache</createdBy>
<createdTime>2018-10-25 18:54:52 UTC</createdTime>
<generatorID>73B89CC3-EEE5-DA4C-FC77-3FD8E4623B2D</generatorID>
<ownerDesignName>catering_1</ownerDesignName>
<referredTableLongName>product</referredTableLongName>
<deleteRule>NO ACTION</deleteRule>
<referredTableID>126168C2-EB38-5117-435D-188C872D43B3</referredTableID>
<keyObject>3AFFA1EB-4CF2-C3D1-6651-9C7D8510E118</keyObject>
<referredKeyID>3AFFA1EB-4CF2-C3D1-6651-9C7D8510E118</referredKeyID>
<mandatory>true</mandatory>
<refColNames>product_ID</refColNames>
<transferable>true</transferable>
<rely>false</rely>
<columnDependencyConstraintGenerateInDDL>true</columnDependencyConstraintGenerateInDDL>
</FKIndexAssociation>