<?xml version = '1.0' encoding = 'UTF-8'?>
<FKIndexAssociation class="oracle.dbtools.crest.model.design.relational.FKIndexAssociation" directorySegmentName="seg_0" id="83EE11BA-24AC-037A-C5DC-2994824F3DFF" containerWithKeyObject="20E40DB1-23D7-4D29-3392-30F5F1B882B9" localFKIndex="6DA0AC50-ECD3-67D6-E1A0-6D6681235AD6" name="is_cancelled_with">
<createdBy>marinfotache</createdBy>
<createdTime>2018-10-25 18:54:52 UTC</createdTime>
<generatorID>5ED3C2AB-9E15-0925-2C63-4ECC85CF2EC2</generatorID>
<ownerDesignName>catering_1</ownerDesignName>
<referredTableLongName>order</referredTableLongName>
<deleteRule>NO ACTION</deleteRule>
<referredTableID>2D2B90C6-D0EB-9EB9-0A1F-44CF14BBECD0</referredTableID>
<keyObject>701E225B-CC15-DB10-977E-A647EE261BD5</keyObject>
<referredKeyID>701E225B-CC15-DB10-977E-A647EE261BD5</referredKeyID>
<mandatory>true</mandatory>
<refColNames>order_ID1</refColNames>
<transferable>true</transferable>
<rely>false</rely>
<columnDependencyConstraintGenerateInDDL>true</columnDependencyConstraintGenerateInDDL>
</FKIndexAssociation>