<?xml version = '1.0' encoding = 'UTF-8'?>
<FKIndexAssociation class="oracle.dbtools.crest.model.design.relational.FKIndexAssociation" directorySegmentName="seg_0" id="85C87797-A1A4-BFF0-C751-3DAB99B2E675" containerWithKeyObject="B57AA917-9E1E-8D94-AB7C-2811A26583F8" localFKIndex="63BF0CBA-EC50-423A-CDCC-AAC6B645A9D2" name="agrees">
<createdBy>marinfotache</createdBy>
<createdTime>2018-10-25 18:54:52 UTC</createdTime>
<generatorID>F12632CF-81EB-B560-BCC4-1CF1316329F2</generatorID>
<ownerDesignName>catering_1</ownerDesignName>
<referredTableLongName>customer</referredTableLongName>
<deleteRule>NO ACTION</deleteRule>
<referredTableID>F5F29057-003C-C0A6-C80E-11611B4639BF</referredTableID>
<keyObject>C519B614-8887-216F-9E5F-8FD5A4834DE8</keyObject>
<referredKeyID>C519B614-8887-216F-9E5F-8FD5A4834DE8</referredKeyID>
<mandatory>true</mandatory>
<refColNames>customer_ID</refColNames>
<transferable>true</transferable>
<rely>false</rely>
<columnDependencyConstraintGenerateInDDL>true</columnDependencyConstraintGenerateInDDL>
</FKIndexAssociation>