<?xml version = '1.0' encoding = 'UTF-8'?>
<FKIndexAssociation class="oracle.dbtools.crest.model.design.relational.FKIndexAssociation" directorySegmentName="seg_0" id="882EA0D5-A308-DEF3-F676-DD44D37F0085" containerWithKeyObject="A4EC436F-AD54-CAD6-B6DE-E34264FC9E0C" localFKIndex="68771217-EC28-7E2F-7E2B-68AE32C431FF" name="FK_ASS_33">
<createdBy>marinfotache</createdBy>
<createdTime>2018-10-25 18:54:52 UTC</createdTime>
<generatorID>28D51467-34CC-30D9-5FF0-1FDA8DB933D8</generatorID>
<ownerDesignName>catering_1</ownerDesignName>
<referredTableLongName>receipt</referredTableLongName>
<deleteRule>NO ACTION</deleteRule>
<referredTableID>94887A13-99BB-5D4B-FA4C-366FA6D9977B</referredTableID>
<keyObject>2654A9ED-23A9-F162-9E13-D444FB6273BD</keyObject>
<referredKeyID>2654A9ED-23A9-F162-9E13-D444FB6273BD</referredKeyID>
<mandatory>true</mandatory>
<refColNames>receipt_ID1</refColNames>
<transferable>true</transferable>
<rely>false</rely>
<columnDependencyConstraintGenerateInDDL>true</columnDependencyConstraintGenerateInDDL>
</FKIndexAssociation>