<?xml version = '1.0' encoding = 'UTF-8'?>
<FKIndexAssociation class="oracle.dbtools.crest.model.design.relational.FKIndexAssociation" directorySegmentName="seg_0" id="8946D6ED-2F97-22DE-F080-E8991CAF8CAF" containerWithKeyObject="39B2CB3D-B54A-8B5B-4D61-62EAC3F2F917" localFKIndex="A89396E9-EF3A-2523-C656-8FECCD5C7E8A" name="is_returned_with">
<createdBy>marinfotache</createdBy>
<createdTime>2018-10-25 18:54:52 UTC</createdTime>
<generatorID>4B7F132B-17A3-36BF-0461-429490B8CC58</generatorID>
<ownerDesignName>catering_1</ownerDesignName>
<referredTableLongName>equipment</referredTableLongName>
<deleteRule>NO ACTION</deleteRule>
<referredTableID>62CC133F-3B0A-6D56-B805-F92C422FE187</referredTableID>
<keyObject>13B6DA7C-D153-8072-2087-AED7FC057731</keyObject>
<referredKeyID>13B6DA7C-D153-8072-2087-AED7FC057731</referredKeyID>
<mandatory>true</mandatory>
<refColNames>equipment_ID1</refColNames>
<transferable>true</transferable>
<rely>false</rely>
<columnDependencyConstraintGenerateInDDL>true</columnDependencyConstraintGenerateInDDL>
</FKIndexAssociation>