<?xml version = '1.0' encoding = 'UTF-8'?>
<FKIndexAssociation class="oracle.dbtools.crest.model.design.relational.FKIndexAssociation" directorySegmentName="seg_0" id="997BB35F-FA0B-9BAA-D9C9-E806AD51AC93" containerWithKeyObject="A4EC436F-AD54-CAD6-B6DE-E34264FC9E0C" localFKIndex="AC7300F0-C03D-5733-9D68-740B6033CC0D" name="can_be_paid">
<createdBy>marinfotache</createdBy>
<createdTime>2018-10-25 18:54:52 UTC</createdTime>
<generatorID>45A0DCE0-8A6A-38B1-9A76-F410424B4431</generatorID>
<ownerDesignName>catering_1</ownerDesignName>
<referredTableLongName>order</referredTableLongName>
<deleteRule>NO ACTION</deleteRule>
<referredTableID>2D2B90C6-D0EB-9EB9-0A1F-44CF14BBECD0</referredTableID>
<keyObject>701E225B-CC15-DB10-977E-A647EE261BD5</keyObject>
<referredKeyID>701E225B-CC15-DB10-977E-A647EE261BD5</referredKeyID>
<mandatory>true</mandatory>
<refColNames>order_ID1</refColNames>
<transferable>true</transferable>
<rely>false</rely>
<columnDependencyConstraintGenerateInDDL>true</columnDependencyConstraintGenerateInDDL>
</FKIndexAssociation>