<?xml version = '1.0' encoding = 'UTF-8'?>
<FKIndexAssociation class="oracle.dbtools.crest.model.design.relational.FKIndexAssociation" directorySegmentName="seg_0" id="B25575BA-3339-F2A8-E218-7D9960EA09E1" containerWithKeyObject="E4D781B0-102D-FD91-A7FB-19B221A0B347" localFKIndex="2E016302-6214-0B52-5754-16B3B888D2A7" name="could_be_pers">
<createdBy>marinfotache</createdBy>
<createdTime>2018-10-25 18:54:52 UTC</createdTime>
<generatorID>A74BA61B-0381-EC7C-058B-FC0A18363EB6</generatorID>
<ownerDesignName>catering_1</ownerDesignName>
<referredTableLongName>customer</referredTableLongName>
<arc>F6A54B7C-11DB-EADD-90FB-08B73A7F1606</arc>
<deleteRule>NO ACTION</deleteRule>
<referredTableID>F5F29057-003C-C0A6-C80E-11611B4639BF</referredTableID>
<keyObject>C519B614-8887-216F-9E5F-8FD5A4834DE8</keyObject>
<referredKeyID>C519B614-8887-216F-9E5F-8FD5A4834DE8</referredKeyID>
<mandatory>true</mandatory>
<refColNames>customer_ID</refColNames>
<transferable>true</transferable>
<rely>false</rely>
<columnDependencyConstraintGenerateInDDL>true</columnDependencyConstraintGenerateInDDL>
</FKIndexAssociation>