<?xml version = '1.0' encoding = 'UTF-8'?>
<FKIndexAssociation class="oracle.dbtools.crest.model.design.relational.FKIndexAssociation" directorySegmentName="seg_0" id="D753C7E1-AAE1-412B-CF9F-0CC18EAF88DA" containerWithKeyObject="39B2CB3D-B54A-8B5B-4D61-62EAC3F2F917" localFKIndex="CC16D299-6011-7987-7826-403A975DCE64" name="can_contain">
<createdBy>marinfotache</createdBy>
<createdTime>2018-10-25 18:54:52 UTC</createdTime>
<generatorID>4C146004-FFFC-F8C4-F704-EDDAFA93C6CB</generatorID>
<ownerDesignName>catering_1</ownerDesignName>
<referredTableLongName>return</referredTableLongName>
<deleteRule>NO ACTION</deleteRule>
<referredTableID>6496588B-B813-BB77-ADA7-24CDE54BA62A</referredTableID>
<keyObject>394A2033-9458-80A3-F4F7-789028E1531E</keyObject>
<referredKeyID>394A2033-9458-80A3-F4F7-789028E1531E</referredKeyID>
<mandatory>true</mandatory>
<refColNames>return_ID1</refColNames>
<transferable>true</transferable>
<rely>false</rely>
<columnDependencyConstraintGenerateInDDL>true</columnDependencyConstraintGenerateInDDL>
</FKIndexAssociation>