<?xml version = '1.0' encoding = 'UTF-8'?>
<FKIndexAssociation class="oracle.dbtools.crest.model.design.relational.FKIndexAssociation" directorySegmentName="seg_0" id="E5D05C64-1968-B908-44CD-E0CAA34246A8" containerWithKeyObject="BC30E380-8A5C-72F0-F73D-657D652D64B0" localFKIndex="24922864-A73C-55AE-2AFB-47DCF87A4CA3" name="could_be_comp">
<createdBy>marinfotache</createdBy>
<createdTime>2018-10-25 18:54:52 UTC</createdTime>
<generatorID>6A583F60-374A-8B42-3FD9-D38875E4FB34</generatorID>
<ownerDesignName>catering_1</ownerDesignName>
<referredTableLongName>customer</referredTableLongName>
<arc>F6A54B7C-11DB-EADD-90FB-08B73A7F1606</arc>
<deleteRule>NO ACTION</deleteRule>
<referredTableID>F5F29057-003C-C0A6-C80E-11611B4639BF</referredTableID>
<keyObject>C519B614-8887-216F-9E5F-8FD5A4834DE8</keyObject>
<referredKeyID>C519B614-8887-216F-9E5F-8FD5A4834DE8</referredKeyID>
<mandatory>true</mandatory>
<refColNames>customer_ID</refColNames>
<transferable>true</transferable>
<rely>false</rely>
<columnDependencyConstraintGenerateInDDL>true</columnDependencyConstraintGenerateInDDL>
</FKIndexAssociation>