<?xml version = '1.0' encoding = 'UTF-8'?>
<FKIndexAssociation class="oracle.dbtools.crest.model.design.relational.FKIndexAssociation" directorySegmentName="seg_0" id="E6316BF4-D975-1A56-43C7-FBB483D3DA6A" containerWithKeyObject="9A58F465-C422-6FFF-8C7C-E9F08226CA01" localFKIndex="ED5CB599-C579-2E47-059F-98AF82DC5DFE" name="displaced_equipement_is">
<createdBy>marinfotache</createdBy>
<createdTime>2018-10-25 18:54:52 UTC</createdTime>
<generatorID>031000FD-2E68-387A-45FA-A0F18884DA45</generatorID>
<ownerDesignName>catering_1</ownerDesignName>
<referredTableLongName>equipment</referredTableLongName>
<deleteRule>NO ACTION</deleteRule>
<referredTableID>62CC133F-3B0A-6D56-B805-F92C422FE187</referredTableID>
<keyObject>13B6DA7C-D153-8072-2087-AED7FC057731</keyObject>
<referredKeyID>13B6DA7C-D153-8072-2087-AED7FC057731</referredKeyID>
<mandatory>true</mandatory>
<refColNames>equipment_ID1</refColNames>
<transferable>true</transferable>
<rely>false</rely>
<columnDependencyConstraintGenerateInDDL>true</columnDependencyConstraintGenerateInDDL>
</FKIndexAssociation>