<?xml version = '1.0' encoding = 'UTF-8'?>
<FKIndexAssociation class="oracle.dbtools.crest.model.design.relational.FKIndexAssociation" directorySegmentName="seg_0" id="E8CA33C2-D07B-AC5B-EF22-212CD35EC83F" containerWithKeyObject="00A037BA-AD7E-C531-1588-1A40CAF0D4BE" localFKIndex="EFB619B4-D52F-D54D-63A5-9C7C68FF02F7" name="can_contain_">
<createdBy>marinfotache</createdBy>
<createdTime>2018-10-25 18:54:52 UTC</createdTime>
<generatorID>4F9F22EE-C1C9-2ED1-C501-5BB4F9BA955E</generatorID>
<ownerDesignName>catering_1</ownerDesignName>
<referredTableLongName>return</referredTableLongName>
<deleteRule>NO ACTION</deleteRule>
<referredTableID>6496588B-B813-BB77-ADA7-24CDE54BA62A</referredTableID>
<keyObject>394A2033-9458-80A3-F4F7-789028E1531E</keyObject>
<referredKeyID>394A2033-9458-80A3-F4F7-789028E1531E</referredKeyID>
<mandatory>true</mandatory>
<refColNames>return_ID1</refColNames>
<transferable>true</transferable>
<rely>false</rely>
<columnDependencyConstraintGenerateInDDL>true</columnDependencyConstraintGenerateInDDL>
</FKIndexAssociation>