<?xml version = '1.0' encoding = 'UTF-8'?>
<FKIndexAssociation class="oracle.dbtools.crest.model.design.relational.FKIndexAssociation" directorySegmentName="seg_0" id="E9DB77CB-4455-F335-DE61-2E3E4CE4D778" containerWithKeyObject="67E66D7D-484A-61B4-77F2-801A0C56C097" localFKIndex="E33D9098-4F3B-68CE-A550-6541A1B9F34B" name="is_payed_with_">
<createdBy>marinfotache</createdBy>
<createdTime>2018-10-25 18:54:52 UTC</createdTime>
<generatorID>4BED6462-BAB5-4087-9158-F94758DE8A1B</generatorID>
<ownerDesignName>catering_1</ownerDesignName>
<referredTableLongName>invoice</referredTableLongName>
<deleteRule>NO ACTION</deleteRule>
<referredTableID>8BA4A4E8-9E01-7BBD-9F3D-AB1F215BB28E</referredTableID>
<keyObject>05212DC9-A351-386C-302A-382BB25B29B7</keyObject>
<referredKeyID>05212DC9-A351-386C-302A-382BB25B29B7</referredKeyID>
<mandatory>true</mandatory>
<refColNames>invoice_ID</refColNames>
<transferable>true</transferable>
<rely>false</rely>
<columnDependencyConstraintGenerateInDDL>true</columnDependencyConstraintGenerateInDDL>
</FKIndexAssociation>