<?xml version = '1.0' encoding = 'UTF-8'?>
<FKIndexAssociation class="oracle.dbtools.crest.model.design.relational.FKIndexAssociation" directorySegmentName="seg_0" id="EBA581A9-F98D-DA9F-1AD8-2F7070F0FF88" containerWithKeyObject="1A0BABC6-DA4D-F78C-045D-53799D47E5FC" localFKIndex="F6784CF3-2795-2A69-BBB1-3E38CA98ACAE" name="deliveries">
<createdBy>marinfotache</createdBy>
<createdTime>2018-10-25 18:54:52 UTC</createdTime>
<generatorID>9CC88E57-F848-D735-0239-B84D16815CBE</generatorID>
<ownerDesignName>catering_1</ownerDesignName>
<referredTableLongName>delivery</referredTableLongName>
<deleteRule>NO ACTION</deleteRule>
<referredTableID>ECF2B736-223A-412A-4E5D-AB9C7A0C52BC</referredTableID>
<keyObject>CCA0B71C-F39C-47FA-F37D-2646DD8E24CA</keyObject>
<referredKeyID>CCA0B71C-F39C-47FA-F37D-2646DD8E24CA</referredKeyID>
<mandatory>true</mandatory>
<refColNames>delivery_ID1</refColNames>
<transferable>true</transferable>
<rely>false</rely>
<columnDependencyConstraintGenerateInDDL>true</columnDependencyConstraintGenerateInDDL>
</FKIndexAssociation>