<?xml version = '1.0' encoding = 'UTF-8'?>
<FKIndexAssociation class="oracle.dbtools.crest.model.design.relational.FKIndexAssociation" directorySegmentName="seg_0" id="EC4482A4-71E5-C775-0635-F501F191C1F9" containerWithKeyObject="CFF8C0BF-C0F8-5F34-32D8-D368F620664A" localFKIndex="16E0053B-A2F9-73E4-E25E-5330E1148FC2" name="is_ordered_in">
<createdBy>marinfotache</createdBy>
<createdTime>2018-10-25 18:54:52 UTC</createdTime>
<generatorID>35AB86A8-6E25-6451-4A96-D30B9C95BBD8</generatorID>
<ownerDesignName>catering_1</ownerDesignName>
<referredTableLongName>product</referredTableLongName>
<deleteRule>NO ACTION</deleteRule>
<referredTableID>126168C2-EB38-5117-435D-188C872D43B3</referredTableID>
<keyObject>3AFFA1EB-4CF2-C3D1-6651-9C7D8510E118</keyObject>
<referredKeyID>3AFFA1EB-4CF2-C3D1-6651-9C7D8510E118</referredKeyID>
<mandatory>true</mandatory>
<refColNames>product_ID</refColNames>
<transferable>true</transferable>
<rely>false</rely>
<columnDependencyConstraintGenerateInDDL>true</columnDependencyConstraintGenerateInDDL>
</FKIndexAssociation>