<?xml version = '1.0' encoding = 'UTF-8'?>
<FKIndexAssociation class="oracle.dbtools.crest.model.design.relational.FKIndexAssociation" directorySegmentName="seg_0" id="F33F43C6-3B2A-B80B-553A-2D1433F68243" containerWithKeyObject="67E66D7D-484A-61B4-77F2-801A0C56C097" localFKIndex="40F8BEA7-914B-0300-B938-613F0C718162" name="part_of_rec">
<createdBy>marinfotache</createdBy>
<createdTime>2018-10-25 18:54:52 UTC</createdTime>
<generatorID>72B0C29C-592D-1710-A592-31D6149A26A5</generatorID>
<ownerDesignName>catering_1</ownerDesignName>
<referredTableLongName>receipt</referredTableLongName>
<arc>13AB1E3A-540D-8CEA-F1E1-7FB290394AD9</arc>
<deleteRule>NO ACTION</deleteRule>
<referredTableID>94887A13-99BB-5D4B-FA4C-366FA6D9977B</referredTableID>
<keyObject>2654A9ED-23A9-F162-9E13-D444FB6273BD</keyObject>
<referredKeyID>2654A9ED-23A9-F162-9E13-D444FB6273BD</referredKeyID>
<mandatory>true</mandatory>
<refColNames>receipt_ID1</refColNames>
<transferable>true</transferable>
<rely>false</rely>
<columnDependencyConstraintGenerateInDDL>true</columnDependencyConstraintGenerateInDDL>
</FKIndexAssociation>