<?xml version = '1.0' encoding = 'UTF-8'?>
<FKIndexAssociation class="oracle.dbtools.crest.model.design.relational.FKIndexAssociation" directorySegmentName="seg_0" id="F7946DE8-08F6-D7D8-23A1-E8D76DDAA75D" containerWithKeyObject="ECF2B736-223A-412A-4E5D-AB9C7A0C52BC" localFKIndex="C4A059F5-00EC-7789-41DA-4D2FA6830992" name="is_delivered_with">
<createdBy>marinfotache</createdBy>
<createdTime>2018-10-25 18:54:52 UTC</createdTime>
<generatorID>F099ECFB-7BA1-4D4B-BE3F-21934CFE732F</generatorID>
<ownerDesignName>catering_1</ownerDesignName>
<referredTableLongName>transportation</referredTableLongName>
<deleteRule>NO ACTION</deleteRule>
<referredTableID>D23AAE97-CC32-E524-5FF9-FCADDC6CF23C</referredTableID>
<keyObject>FCA9F4DA-E056-2C6F-52A6-B2871BC644DF</keyObject>
<referredKeyID>FCA9F4DA-E056-2C6F-52A6-B2871BC644DF</referredKeyID>
<mandatory>false</mandatory>
<refColNames>transportation_ID</refColNames>
<transferable>true</transferable>
<rely>false</rely>
<columnDependencyConstraintGenerateInDDL>true</columnDependencyConstraintGenerateInDDL>
</FKIndexAssociation>