<?xml version = '1.0' encoding = 'UTF-8'?>
<Arc class="oracle.dbtools.crest.model.design.logical.Arc" directorySegmentName="seg_0" id="19A1A3EE-5FC6-86C4-44CB-BCC12BACB1A8" name="Arc_1">
<createdBy>admin</createdBy>
<createdTime>2015-11-10 08:38:58 UTC</createdTime>
<ownerDesignName>07c_Products_bought_products_offered</ownerDesignName>
<entity>75C61227-6223-EF7A-2B52-8C82567AC2E6</entity>
<relations>
<relationID>2E93AE36-DAEA-444A-3562-80B7E4E067EB</relationID>
<relationID>F7F57D20-49DE-D040-9052-2C303185665D</relationID>
</relations>
</Arc>