<?xml version = '1.0' encoding = 'UTF-8'?>
<Table class="oracle.dbtools.crest.model.design.relational.Table" directorySegmentName="seg_0" id="32EC0564-E2C8-6530-A4AC-E69A6303A3EB" name="course_sections">
<createdBy>Marin F</createdBy>
<createdTime>2011-10-05 07:42:36 UTC</createdTime>
<generatorID>3AA8946A-9003-0C30-8AE4-CBF1BE55E355</generatorID>
<ownerDesignName>teaches_1</ownerDesignName>
<parsed>true</parsed>
<columns itemClass="oracle.dbtools.crest.model.design.relational.Column">
<Column name="section_code" id="60F5B209-90D3-B64D-4340-B599B57F63E6">
<createdBy>Marin F</createdBy>
<createdTime>2011-10-05 07:42:36 UTC</createdTime>
<generatorID>F6A31D83-3A0B-D5E5-1A63-5E11BC2107BB</generatorID>
<ownerDesignName>teaches_1</ownerDesignName>
<useDomainConstraints>false</useDomainConstraints>
<use>1</use>
<logicalDatatype>LOGDT024</logicalDatatype>
<dataTypeSize>10 CHAR</dataTypeSize>
<ownDataTypeParameters>10 CHAR,,</ownDataTypeParameters>
<previousColumn>false</previousColumn>
</Column>
<Column name="section_name" id="F4D2CE9D-AED3-F03A-41BE-2D5112ED8B94">
<createdBy>Marin F</createdBy>
<createdTime>2011-10-05 07:42:36 UTC</createdTime>
<generatorID>858C1AFA-865E-E15E-92ED-F612082F5184</generatorID>
<ownerDesignName>teaches_1</ownerDesignName>
<useDomainConstraints>false</useDomainConstraints>
<use>1</use>
<logicalDatatype>LOGDT037</logicalDatatype>
<dataTypeSize>100 CHAR</dataTypeSize>
<ownDataTypeParameters>100 CHAR,,</ownDataTypeParameters>
<previousColumn>false</previousColumn>
</Column>
<Column name="n_of_credits" id="4A5ED75D-541C-E82C-5E37-41891A42B56E">
<createdBy>Marin F</createdBy>
<createdTime>2011-10-05 07:42:36 UTC</createdTime>
<generatorID>7CD9D759-DB8C-3D20-8DCF-654F360A2F90</generatorID>
<ownerDesignName>teaches_1</ownerDesignName>
<useDomainConstraints>false</useDomainConstraints>
<use>1</use>
<logicalDatatype>LOGDT042</logicalDatatype>
<ownDataTypeParameters>,,</ownDataTypeParameters>
<previousColumn>false</previousColumn>
</Column>
<Column name="prof_code" id="A2CF09A1-1179-79FC-7638-C41270F7403B">
<createdBy>admin</createdBy>
<createdTime>2015-10-21 10:42:36 UTC</createdTime>
<generatorID>CCC49BF0-550C-7278-726B-45483C2ECA43</generatorID>
<ownerDesignName>teaches_1</ownerDesignName>
<useDomainConstraints>false</useDomainConstraints>
<use>1</use>
<logicalDatatype>LOGDT037</logicalDatatype>
<ownDataTypeParameters>,,</ownDataTypeParameters>
<previousColumn>false</previousColumn>
<autoIncrementCycle>false</autoIncrementCycle>
</Column>
<Column name="CodProf" id="FF64D6FB-466D-B909-BBAC-4AB8DD66E68F">
<createdBy>Marin F</createdBy>
<createdTime>2011-10-05 07:42:36 UTC</createdTime>
<generatorID>D52F7642-751B-89FF-09DA-9654700E9CC5</generatorID>
<ownerDesignName>teaches_1</ownerDesignName>
<useDomainConstraints>false</useDomainConstraints>
<use>1</use>
<logicalDatatype>LOGDT037</logicalDatatype>
<ownDataTypeParameters>,,</ownDataTypeParameters>
<previousColumn>false</previousColumn>
<associations>
<colAssociation fkAssociation="C2CAD259-A3A4-F434-1245-DDD6E0BD18C5" referredColumn="9D5F20AD-D380-2B09-205C-A4B262203FC3"/>
</associations>
</Column>
</columns>
<indexes itemClass="oracle.dbtools.crest.model.design.relational.Index">
<ind_PK_UK id="28CE361F-8BE3-3C28-3AB6-CA65219FBB9B" name="course_sections_section_code_UN">
<createdBy>Marin F</createdBy>
<createdTime>2011-10-05 07:42:36 UTC</createdTime>
<generatorID>619231F8-3B97-5EC4-8D40-5EDFFF476A17</generatorID>
<ownerDesignName>teaches_1</ownerDesignName>
<pk>true</pk>
<indexState>Primary Constraint</indexState>
<indexColumnUsage>
<colUsage columnID="60F5B209-90D3-B64D-4340-B599B57F63E6"/>
</indexColumnUsage>
</ind_PK_UK>
<ind_PK_UK id="04E5CAD8-6C3E-64BD-BA62-777C81C826D2" name="course_sections_professors_FK">
<createdBy>Marin F</createdBy>
<createdTime>2011-10-05 07:42:36 UTC</createdTime>
<generatorID>8FF67823-B677-2361-873A-719588FDF327</generatorID>
<ownerDesignName>teaches_1</ownerDesignName>
<indexState>Foreign Key</indexState>
<indexColumnUsage>
<colUsage columnID="FF64D6FB-466D-B909-BBAC-4AB8DD66E68F"/>
</indexColumnUsage>
</ind_PK_UK>
</indexes>
</Table>