<?xml version = '1.0' encoding = 'UTF-8'?>
<Table class="oracle.dbtools.crest.model.design.relational.Table" directorySegmentName="seg_0" id="661663AC-068A-FE70-BA3A-F734896E9F49" name="professors">
<createdBy>marinfotache</createdBy>
<createdTime>2018-10-31 13:49:16 UTC</createdTime>
<generatorID>6934B835-67C6-79F7-1B2E-BDC41342680D</generatorID>
<ownerDesignName>teaches_1</ownerDesignName>
<allowColumnReorder>false</allowColumnReorder>
<existDependencyGenerateInDDl>true</existDependencyGenerateInDDl>
<parsed>true</parsed>
<columns itemClass="oracle.dbtools.crest.model.design.relational.Column">
<Column name="prof_code" id="72C3302F-5F74-FEFB-B91F-A33EFB12C444">
<createdBy>marinfotache</createdBy>
<createdTime>2018-10-31 13:49:16 UTC</createdTime>
<generatorID>793A0736-C527-CE8E-B82C-AA4631583B52</generatorID>
<ownerDesignName>teaches_1</ownerDesignName>
<useDomainConstraints>false</useDomainConstraints>
<use>1</use>
<logicalDatatype>LOGDT037</logicalDatatype>
<dataTypeSize>10 CHAR</dataTypeSize>
<ownDataTypeParameters>10 CHAR,,</ownDataTypeParameters>
<autoIncrementCycle>false</autoIncrementCycle>
</Column>
<Column name="prof_name" id="F2CB51B8-78CE-6C12-C399-2EB3009993B8">
<createdBy>marinfotache</createdBy>
<createdTime>2018-10-31 13:49:16 UTC</createdTime>
<generatorID>F00612E6-2C97-ECB9-C5E4-18295ECC5035</generatorID>
<ownerDesignName>teaches_1</ownerDesignName>
<useDomainConstraints>false</useDomainConstraints>
<use>1</use>
<logicalDatatype>LOGDT037</logicalDatatype>
<dataTypeSize>75 CHAR</dataTypeSize>
<ownDataTypeParameters>75 CHAR,,</ownDataTypeParameters>
<autoIncrementCycle>false</autoIncrementCycle>
</Column>
<Column name="prof_email" id="26F64D91-E5FC-BCF6-DF24-F9B918F73B11">
<createdBy>marinfotache</createdBy>
<createdTime>2018-10-31 13:49:16 UTC</createdTime>
<generatorID>626472CD-6A2A-5A35-A0B1-1FD884254222</generatorID>
<ownerDesignName>teaches_1</ownerDesignName>
<nullsAllowed>true</nullsAllowed>
<useDomainConstraints>false</useDomainConstraints>
<use>1</use>
<logicalDatatype>LOGDT024</logicalDatatype>
<dataTypeSize>100 CHAR</dataTypeSize>
<ownDataTypeParameters>100 CHAR,,</ownDataTypeParameters>
<autoIncrementCycle>false</autoIncrementCycle>
</Column>
</columns>
<indexes itemClass="oracle.dbtools.crest.model.design.relational.Index">
<ind_PK_UK id="E5AA9E9B-2A17-4327-C71E-FF72E60E3C90" name="professors_PK">
<createdBy>marinfotache</createdBy>
<createdTime>2018-10-31 13:49:16 UTC</createdTime>
<generatorID>10D2CA96-B305-CFDB-153F-6763A370C57C</generatorID>
<ownerDesignName>teaches_1</ownerDesignName>
<pk>true</pk>
<indexState>Primary Constraint</indexState>
<isSurrogateKey>false</isSurrogateKey>
<indexColumnUsage>
<colUsage columnID="72C3302F-5F74-FEFB-B91F-A33EFB12C444"/>
</indexColumnUsage>
</ind_PK_UK>
</indexes>
</Table>