<?xml version = '1.0' encoding = 'UTF-8'?>
<Table class="oracle.dbtools.crest.model.design.relational.Table" directorySegmentName="seg_0" id="EEE707C9-FE36-191E-2212-E659248163F5" name="course_sections">
<createdBy>marinfotache</createdBy>
<createdTime>2018-10-31 13:49:16 UTC</createdTime>
<generatorID>3AA8946A-9003-0C30-8AE4-CBF1BE55E355</generatorID>
<ownerDesignName>teaches_1</ownerDesignName>
<allowColumnReorder>false</allowColumnReorder>
<existDependencyGenerateInDDl>true</existDependencyGenerateInDDl>
<parsed>true</parsed>
<columns itemClass="oracle.dbtools.crest.model.design.relational.Column">
<Column name="section_code" id="6E94B575-3D9E-681C-446D-1C55C536EF03">
<createdBy>marinfotache</createdBy>
<createdTime>2018-10-31 13:49:16 UTC</createdTime>
<generatorID>F6A31D83-3A0B-D5E5-1A63-5E11BC2107BB</generatorID>
<ownerDesignName>teaches_1</ownerDesignName>
<useDomainConstraints>false</useDomainConstraints>
<use>1</use>
<logicalDatatype>LOGDT024</logicalDatatype>
<dataTypeSize>10 CHAR</dataTypeSize>
<ownDataTypeParameters>10 CHAR,,</ownDataTypeParameters>
<autoIncrementCycle>false</autoIncrementCycle>
</Column>
<Column name="section_name" id="F9A5FBCC-367F-4A74-96A6-DB42AF86A50D">
<createdBy>marinfotache</createdBy>
<createdTime>2018-10-31 13:49:16 UTC</createdTime>
<generatorID>858C1AFA-865E-E15E-92ED-F612082F5184</generatorID>
<ownerDesignName>teaches_1</ownerDesignName>
<useDomainConstraints>false</useDomainConstraints>
<use>1</use>
<logicalDatatype>LOGDT037</logicalDatatype>
<dataTypeSize>100 CHAR</dataTypeSize>
<ownDataTypeParameters>100 CHAR,,</ownDataTypeParameters>
<autoIncrementCycle>false</autoIncrementCycle>
</Column>
<Column name="n_of_credits" id="3013ABA5-C804-139F-C374-F38F7258780A">
<createdBy>marinfotache</createdBy>
<createdTime>2018-10-31 13:49:16 UTC</createdTime>
<generatorID>7CD9D759-DB8C-3D20-8DCF-654F360A2F90</generatorID>
<ownerDesignName>teaches_1</ownerDesignName>
<useDomainConstraints>false</useDomainConstraints>
<use>1</use>
<logicalDatatype>LOGDT042</logicalDatatype>
<ownDataTypeParameters>,,</ownDataTypeParameters>
<autoIncrementCycle>false</autoIncrementCycle>
</Column>
<Column name="professors_prof_code" id="096C1BBE-F618-C7B2-ABCB-01776237D957">
<createdBy>marinfotache</createdBy>
<createdTime>2018-10-31 13:49:16 UTC</createdTime>
<generatorID>CCC49BF0-550C-7278-726B-45483C2ECA43</generatorID>
<ownerDesignName>teaches_1</ownerDesignName>
<useDomainConstraints>false</useDomainConstraints>
<use>1</use>
<logicalDatatype>LOGDT037</logicalDatatype>
<dataTypeSize>10 CHAR</dataTypeSize>
<ownDataTypeParameters>,,</ownDataTypeParameters>
<previousColumn>false</previousColumn>
<autoIncrementCycle>false</autoIncrementCycle>
<associations>
<colAssociation fkAssociation="B37D5DED-C691-BBE9-14E4-2B0A310DE4D3" referredColumn="72C3302F-5F74-FEFB-B91F-A33EFB12C444"/>
</associations>
</Column>
</columns>
<indexes itemClass="oracle.dbtools.crest.model.design.relational.Index">
<ind_PK_UK id="60D297EE-35D8-342E-DA08-1C54C6A08E02" name="course_sections_PK">
<createdBy>marinfotache</createdBy>
<createdTime>2018-10-31 13:49:16 UTC</createdTime>
<generatorID>619231F8-3B97-5EC4-8D40-5EDFFF476A17</generatorID>
<ownerDesignName>teaches_1</ownerDesignName>
<pk>true</pk>
<indexState>Primary Constraint</indexState>
<isSurrogateKey>false</isSurrogateKey>
<indexColumnUsage>
<colUsage columnID="6E94B575-3D9E-681C-446D-1C55C536EF03"/>
</indexColumnUsage>
</ind_PK_UK>
<ind_PK_UK id="1ADF25E8-7201-85C6-1BF7-CF96AB858663" name="course_sections_professors_FK">
<createdBy>marinfotache</createdBy>
<createdTime>2018-10-31 13:49:16 UTC</createdTime>
<generatorID>8FF67823-B677-2361-873A-719588FDF327</generatorID>
<ownerDesignName>teaches_1</ownerDesignName>
<indexState>Foreign Key</indexState>
<isSurrogateKey>false</isSurrogateKey>
<indexColumnUsage>
<colUsage columnID="096C1BBE-F618-C7B2-ABCB-01776237D957"/>
</indexColumnUsage>
</ind_PK_UK>
</indexes>
</Table>