<?xml version = '1.0' encoding = 'UTF-8'?>
<relationalModel class="oracle.dbtools.crest.model.design.relational.RelationalDesign" name="Relational_1" id="BF5AFB3E-6CA2-743D-561C-82AC065C1B98" mainViewID="689688D6-1DC2-1A78-F088-87707CE88F03">
<createdBy>marinfotache</createdBy>
<createdTime>2016-11-07 08:46:36 UTC</createdTime>
<ownerDesignName>01b_heterogeneous_items_v2</ownerDesignName>
<shouldBeOpen>true</shouldBeOpen>
<selectedRDBMSSite>3FD120B5-9F4E-6278-D5E2-746D192C8319</selectedRDBMSSite>
</relationalModel>