<?xml version = '1.0' encoding = 'UTF-8'?>
<Entity class="oracle.dbtools.crest.model.design.logical.Entity" directorySegmentName="seg_0" id="1E945C45-520D-0A35-47CD-081A22B04051" name="product_in_package">
<createdBy>admin</createdBy>
<createdTime>2015-10-30 09:14:15 UTC</createdTime>
<ownerDesignName>02b_package_of_items_v2</ownerDesignName>
<engineerTo>
<item key="8BD80427-BA40-B74B-5878-AD66E0970AC5" value="true"/>
</engineerTo>
<adequatelyNormalized>NO</adequatelyNormalized>
<expectedVolumes>0</expectedVolumes>
<fwdEngineeringStrategyName>Single Table</fwdEngineeringStrategyName>
<growthPercent>0</growthPercent>
<growthType>Year</growthType>
<maxVolumes>9999999</maxVolumes>
<minVolumes>0</minVolumes>
<normalForm>Third</normalForm>
<preferredAbbreviation>products_in_packages</preferredAbbreviation>
<attributes itemClass="oracle.dbtools.crest.model.design.logical.Attribute">
<Attribute name="prod_id" id="E31D988A-2B46-4F40-5873-1E3924B93A39">
<createdBy>admin</createdBy>
<createdTime>2015-10-30 09:15:07 UTC</createdTime>
<generatorID>FEFA018E-7051-E63B-863B-0FA7335F6A45</generatorID>
<ownerDesignName>02b_package_of_items_v2</ownerDesignName>
<engineerTo>
<item key="8BD80427-BA40-B74B-5878-AD66E0970AC5" value="true"/>
</engineerTo>
<referedAttribute>7F934447-4C2B-E8DA-3DDF-89B8F58D0E2C</referedAttribute>
<useDomainConstraints>false</useDomainConstraints>
<use>1</use>
<logicalDatatype>LOGDT011</logicalDatatype>
<ownDataTypeParameters>,,</ownDataTypeParameters>
</Attribute>
<Attribute name="package_id" id="3945CCCD-82E8-2C8A-504C-28176486B955">
<createdBy>admin</createdBy>
<createdTime>2015-10-30 09:15:22 UTC</createdTime>
<generatorID>D5B6866F-980B-5E62-67FC-D495FB512EAD</generatorID>
<ownerDesignName>02b_package_of_items_v2</ownerDesignName>
<engineerTo>
<item key="8BD80427-BA40-B74B-5878-AD66E0970AC5" value="true"/>
</engineerTo>
<referedAttribute>3C8AE6AE-AED8-396D-4BBA-29969E9BF446</referedAttribute>
<useDomainConstraints>false</useDomainConstraints>
<use>1</use>
<logicalDatatype>LOGDT011</logicalDatatype>
<ownDataTypeParameters>,,</ownDataTypeParameters>
</Attribute>
<Attribute name="quantity_in_package" id="5A35919B-1ECA-BDED-385A-8365C1BB37B8">
<createdBy>admin</createdBy>
<createdTime>2015-10-30 09:17:26 UTC</createdTime>
<ownerDesignName>02b_package_of_items_v2</ownerDesignName>
<engineerTo>
<item key="8BD80427-BA40-B74B-5878-AD66E0970AC5" value="true"/>
</engineerTo>
<useDomainConstraints>false</useDomainConstraints>
<use>1</use>
<logicalDatatype>LOGDT019</logicalDatatype>
<dataTypePrecision>9</dataTypePrecision>
<dataTypeScale>3</dataTypeScale>
<ownDataTypeParameters>,9,3</ownDataTypeParameters>
</Attribute>
</attributes>
<identifiers itemClass="oracle.dbtools.crest.model.design.logical.CandidateKey">
<identifier id="3B9F28BD-7952-3C4A-0AD4-2C258EF925F7" name="package_composition PK">
<createdBy>admin</createdBy>
<createdTime>2015-10-30 09:15:07 UTC</createdTime>
<ownerDesignName>02b_package_of_items_v2</ownerDesignName>
<shouldEngineer>false</shouldEngineer>
<engineerTo>
<item key="8BD80427-BA40-B74B-5878-AD66E0970AC5" value="false"/>
</engineerTo>
<pk>true</pk>
<usedAttributes>
<attributeRef>E31D988A-2B46-4F40-5873-1E3924B93A39</attributeRef>
<attributeRef>3945CCCD-82E8-2C8A-504C-28176486B955</attributeRef>
</usedAttributes>
</identifier>
</identifiers>
</Entity>