<?xml version = '1.0' encoding = 'UTF-8'?>
<Entity class="oracle.dbtools.crest.model.design.logical.Entity" directorySegmentName="seg_0" id="45070F58-A924-B8D5-B816-FBD9324FE702" name="service_in_package">
<createdBy>admin</createdBy>
<createdTime>2015-10-30 09:37:48 UTC</createdTime>
<ownerDesignName>02b_package_of_items_v2</ownerDesignName>
<engineerTo>
<item key="8BD80427-BA40-B74B-5878-AD66E0970AC5" value="true"/>
</engineerTo>
<adequatelyNormalized>NO</adequatelyNormalized>
<expectedVolumes>0</expectedVolumes>
<fwdEngineeringStrategyName>Single Table</fwdEngineeringStrategyName>
<growthPercent>0</growthPercent>
<growthType>Year</growthType>
<maxVolumes>9999999</maxVolumes>
<minVolumes>0</minVolumes>
<normalForm>Third</normalForm>
<preferredAbbreviation>services_in_packages</preferredAbbreviation>
<attributes itemClass="oracle.dbtools.crest.model.design.logical.Attribute">
<Attribute name="quantity_in_package" id="8B3F7882-E9E7-8FAD-A588-A8AC711A1AED">
<createdBy>admin</createdBy>
<createdTime>2015-10-30 09:37:48 UTC</createdTime>
<ownerDesignName>02b_package_of_items_v2</ownerDesignName>
<engineerTo>
<item key="8BD80427-BA40-B74B-5878-AD66E0970AC5" value="true"/>
</engineerTo>
<useDomainConstraints>false</useDomainConstraints>
<use>1</use>
<logicalDatatype>LOGDT019</logicalDatatype>
<dataTypePrecision>9</dataTypePrecision>
<dataTypeScale>3</dataTypeScale>
<ownDataTypeParameters>,9,3</ownDataTypeParameters>
</Attribute>
<Attribute name="package_id" id="E945F132-3970-B639-9F55-14A9C8F2EA43">
<createdBy>admin</createdBy>
<createdTime>2015-10-30 09:42:06 UTC</createdTime>
<generatorID>695E4908-9FB9-3723-0AE8-AD86E545B6B8</generatorID>
<ownerDesignName>02b_package_of_items_v2</ownerDesignName>
<engineerTo>
<item key="8BD80427-BA40-B74B-5878-AD66E0970AC5" value="true"/>
</engineerTo>
<referedAttribute>3C8AE6AE-AED8-396D-4BBA-29969E9BF446</referedAttribute>
<useDomainConstraints>false</useDomainConstraints>
<use>1</use>
<logicalDatatype>LOGDT011</logicalDatatype>
<ownDataTypeParameters>,,</ownDataTypeParameters>
</Attribute>
<Attribute name="serv_id" id="44501C3C-74D9-CEB6-654F-FA8A23A61CB1">
<createdBy>admin</createdBy>
<createdTime>2015-10-30 10:59:36 UTC</createdTime>
<generatorID>121A12F0-D94C-1B89-51DF-FAD043291083</generatorID>
<ownerDesignName>02b_package_of_items_v2</ownerDesignName>
<engineerTo>
<item key="8BD80427-BA40-B74B-5878-AD66E0970AC5" value="true"/>
</engineerTo>
<referedAttribute>108E074E-EB5D-87A7-8671-920EE9863BE0</referedAttribute>
<useDomainConstraints>false</useDomainConstraints>
<use>1</use>
<logicalDatatype>LOGDT011</logicalDatatype>
<ownDataTypeParameters>,,</ownDataTypeParameters>
</Attribute>
</attributes>
<identifiers itemClass="oracle.dbtools.crest.model.design.logical.CandidateKey">
<identifier id="41B80518-A29B-FEBE-CC43-7C848FDB0B92" name="service_in_package PK">
<createdBy>admin</createdBy>
<createdTime>2015-10-30 09:42:06 UTC</createdTime>
<ownerDesignName>02b_package_of_items_v2</ownerDesignName>
<engineerTo>
<item key="8BD80427-BA40-B74B-5878-AD66E0970AC5" value="true"/>
</engineerTo>
<pk>true</pk>
<usedAttributes>
<attributeRef>E945F132-3970-B639-9F55-14A9C8F2EA43</attributeRef>
<attributeRef>44501C3C-74D9-CEB6-654F-FA8A23A61CB1</attributeRef>
</usedAttributes>
</identifier>
</identifiers>
</Entity>