<?xml version = '1.0' encoding = 'UTF-8'?>
<Entity class="oracle.dbtools.crest.model.design.logical.Entity" directorySegmentName="seg_0" id="6714288E-718D-93ED-B0E2-57C7129971D9" name="package">
<createdBy>admin</createdBy>
<createdTime>2015-10-30 09:03:25 UTC</createdTime>
<ownerDesignName>02b_package_of_items_v2</ownerDesignName>
<engineerTo>
<item key="8BD80427-BA40-B74B-5878-AD66E0970AC5" value="true"/>
</engineerTo>
<adequatelyNormalized>NO</adequatelyNormalized>
<expectedVolumes>0</expectedVolumes>
<fwdEngineeringStrategyName>Single Table</fwdEngineeringStrategyName>
<growthPercent>0</growthPercent>
<growthType>Year</growthType>
<maxVolumes>9999999</maxVolumes>
<minVolumes>0</minVolumes>
<normalForm>Third</normalForm>
<preferredAbbreviation>packages</preferredAbbreviation>
<attributes itemClass="oracle.dbtools.crest.model.design.logical.Attribute">
<Attribute name="package_id" id="3C8AE6AE-AED8-396D-4BBA-29969E9BF446">
<createdBy>admin</createdBy>
<createdTime>2015-10-30 09:07:57 UTC</createdTime>
<ownerDesignName>02b_package_of_items_v2</ownerDesignName>
<engineerTo>
<item key="8BD80427-BA40-B74B-5878-AD66E0970AC5" value="true"/>
</engineerTo>
<useDomainConstraints>false</useDomainConstraints>
<use>1</use>
<logicalDatatype>LOGDT011</logicalDatatype>
<ownDataTypeParameters>,,</ownDataTypeParameters>
</Attribute>
<Attribute name="package_name" id="EE8C9BD9-33BE-1DA8-4726-43A948CB3C27">
<createdBy>admin</createdBy>
<createdTime>2015-10-30 09:08:11 UTC</createdTime>
<ownerDesignName>02b_package_of_items_v2</ownerDesignName>
<engineerTo>
<item key="8BD80427-BA40-B74B-5878-AD66E0970AC5" value="true"/>
</engineerTo>
<useDomainConstraints>false</useDomainConstraints>
<use>1</use>
<logicalDatatype>LOGDT037</logicalDatatype>
<dataTypeSize>50</dataTypeSize>
<ownDataTypeParameters>50,,</ownDataTypeParameters>
</Attribute>
<Attribute name="crt_price" id="0C6A1019-13C5-E560-F95B-38F3CC0E79CE">
<createdBy>admin</createdBy>
<createdTime>2015-10-30 09:08:44 UTC</createdTime>
<ownerDesignName>02b_package_of_items_v2</ownerDesignName>
<engineerTo>
<item key="8BD80427-BA40-B74B-5878-AD66E0970AC5" value="true"/>
</engineerTo>
<useDomainConstraints>false</useDomainConstraints>
<use>1</use>
<logicalDatatype>LOGDT019</logicalDatatype>
<dataTypePrecision>9</dataTypePrecision>
<dataTypeScale>2</dataTypeScale>
<ownDataTypeParameters>,9,2</ownDataTypeParameters>
</Attribute>
<Attribute name="comments" id="03985D84-79F0-C821-EE36-07EF15663E97">
<createdBy>admin</createdBy>
<createdTime>2015-10-30 09:08:57 UTC</createdTime>
<ownerDesignName>02b_package_of_items_v2</ownerDesignName>
<engineerTo>
<item key="8BD80427-BA40-B74B-5878-AD66E0970AC5" value="true"/>
</engineerTo>
<nullsAllowed>true</nullsAllowed>
<useDomainConstraints>false</useDomainConstraints>
<use>1</use>
<logicalDatatype>LOGDT037</logicalDatatype>
<dataTypeSize>100</dataTypeSize>
<ownDataTypeParameters>100,,</ownDataTypeParameters>
</Attribute>
</attributes>
<identifiers itemClass="oracle.dbtools.crest.model.design.logical.CandidateKey">
<identifier id="4D753783-EE60-9C7A-F46E-4B765A25D824" name="package PK">
<createdBy>admin</createdBy>
<createdTime>2015-10-30 09:08:04 UTC</createdTime>
<ownerDesignName>02b_package_of_items_v2</ownerDesignName>
<shouldEngineer>false</shouldEngineer>
<engineerTo>
<item key="8BD80427-BA40-B74B-5878-AD66E0970AC5" value="false"/>
</engineerTo>
<pk>true</pk>
<usedAttributes>
<attributeRef>3C8AE6AE-AED8-396D-4BBA-29969E9BF446</attributeRef>
</usedAttributes>
</identifier>
</identifiers>
</Entity>