<?xml version = '1.0' encoding = 'UTF-8'?>
<Entity class="oracle.dbtools.crest.model.design.logical.Entity" directorySegmentName="seg_0" id="7E75DEE9-D0BA-6329-13ED-64D64B66A936" name="equiv_measure_units">
<createdBy>admin</createdBy>
<createdTime>2015-10-30 09:01:42 UTC</createdTime>
<ownerDesignName>02b_package_of_items_v2</ownerDesignName>
<engineerTo>
<item key="8BD80427-BA40-B74B-5878-AD66E0970AC5" value="true"/>
</engineerTo>
<adequatelyNormalized>NO</adequatelyNormalized>
<expectedVolumes>0</expectedVolumes>
<fwdEngineeringStrategyName>Single Table</fwdEngineeringStrategyName>
<growthPercent>0</growthPercent>
<growthType>Year</growthType>
<maxVolumes>9999999</maxVolumes>
<minVolumes>0</minVolumes>
<normalForm>Third</normalForm>
<preferredAbbreviation>equiv_measure_units</preferredAbbreviation>
<attributes itemClass="oracle.dbtools.crest.model.design.logical.Attribute">
<Attribute name="quantity" id="1F295584-80D4-B97D-12DA-B2BB71979958">
<createdBy>admin</createdBy>
<createdTime>2015-10-30 09:02:03 UTC</createdTime>
<ownerDesignName>02b_package_of_items_v2</ownerDesignName>
<engineerTo>
<item key="8BD80427-BA40-B74B-5878-AD66E0970AC5" value="true"/>
</engineerTo>
<useDomainConstraints>false</useDomainConstraints>
<use>1</use>
<logicalDatatype>LOGDT019</logicalDatatype>
<dataTypePrecision>7</dataTypePrecision>
<dataTypeScale>3</dataTypeScale>
<ownDataTypeParameters>,7,3</ownDataTypeParameters>
</Attribute>
<Attribute name="equiv_quantity" id="D733FE51-C0DE-18C9-04E1-AB4C066A5BE5">
<createdBy>admin</createdBy>
<createdTime>2015-10-30 09:02:22 UTC</createdTime>
<ownerDesignName>02b_package_of_items_v2</ownerDesignName>
<engineerTo>
<item key="8BD80427-BA40-B74B-5878-AD66E0970AC5" value="true"/>
</engineerTo>
<useDomainConstraints>false</useDomainConstraints>
<use>1</use>
<logicalDatatype>LOGDT019</logicalDatatype>
<dataTypePrecision>7</dataTypePrecision>
<dataTypeScale>3</dataTypeScale>
<ownDataTypeParameters>,7,3</ownDataTypeParameters>
</Attribute>
<Attribute name="abbreviation" id="87672FD4-4353-FAAC-DE11-21F35162A058">
<createdBy>admin</createdBy>
<createdTime>2015-10-30 09:04:36 UTC</createdTime>
<generatorID>1862BC83-BCCB-ED4B-994C-F36D823BA101</generatorID>
<ownerDesignName>02b_package_of_items_v2</ownerDesignName>
<engineerTo>
<item key="8BD80427-BA40-B74B-5878-AD66E0970AC5" value="true"/>
</engineerTo>
<referedAttribute>D51499B0-66B2-B01A-56A9-71E949CF3DB9</referedAttribute>
<useDomainConstraints>false</useDomainConstraints>
<use>1</use>
<logicalDatatype>LOGDT037</logicalDatatype>
<dataTypeSize>20</dataTypeSize>
<ownDataTypeParameters>20,,</ownDataTypeParameters>
</Attribute>
<Attribute name="abbreviation1" id="87853565-2237-9046-3A7C-505F0E9E812F">
<createdBy>admin</createdBy>
<createdTime>2015-10-30 09:05:41 UTC</createdTime>
<generatorID>7F4845F5-1050-9CAA-3BFB-F838E84D69E5</generatorID>
<ownerDesignName>02b_package_of_items_v2</ownerDesignName>
<engineerTo>
<item key="8BD80427-BA40-B74B-5878-AD66E0970AC5" value="true"/>
</engineerTo>
<referedAttribute>D51499B0-66B2-B01A-56A9-71E949CF3DB9</referedAttribute>
<useDomainConstraints>false</useDomainConstraints>
<use>1</use>
<logicalDatatype>LOGDT037</logicalDatatype>
<dataTypeSize>20</dataTypeSize>
<ownDataTypeParameters>20,,</ownDataTypeParameters>
</Attribute>
</attributes>
<identifiers itemClass="oracle.dbtools.crest.model.design.logical.CandidateKey">
<identifier id="84546245-1D56-13BC-CA88-44AEF4573E0C" name="equiv_measure_units PK">
<createdBy>admin</createdBy>
<createdTime>2015-10-30 09:04:36 UTC</createdTime>
<ownerDesignName>02b_package_of_items_v2</ownerDesignName>
<shouldEngineer>false</shouldEngineer>
<engineerTo>
<item key="8BD80427-BA40-B74B-5878-AD66E0970AC5" value="false"/>
</engineerTo>
<pk>true</pk>
<usedAttributes>
<attributeRef>87672FD4-4353-FAAC-DE11-21F35162A058</attributeRef>
<attributeRef>87853565-2237-9046-3A7C-505F0E9E812F</attributeRef>
</usedAttributes>
</identifier>
</identifiers>
</Entity>