<?xml version = '1.0' encoding = 'UTF-8'?>
<Entity class="oracle.dbtools.crest.model.design.logical.Entity" directorySegmentName="seg_0" id="F83C1949-608D-81D4-5FB2-16FF9D499229" name="ordered_item">
<createdBy>admin</createdBy>
<createdTime>2015-10-30 08:12:25 UTC</createdTime>
<ownerDesignName>02b_package_of_items_v2</ownerDesignName>
<engineerTo>
<item key="8BD80427-BA40-B74B-5878-AD66E0970AC5" value="true"/>
</engineerTo>
<adequatelyNormalized>NO</adequatelyNormalized>
<expectedVolumes>0</expectedVolumes>
<fwdEngineeringStrategyName>Single Table</fwdEngineeringStrategyName>
<growthPercent>0</growthPercent>
<growthType>Year</growthType>
<maxVolumes>9999999</maxVolumes>
<minVolumes>0</minVolumes>
<normalForm>Third</normalForm>
<preferredAbbreviation>ordered_items</preferredAbbreviation>
<attributes itemClass="oracle.dbtools.crest.model.design.logical.Attribute">
<Attribute name="quantity" id="80DD8CB9-BEBD-FD64-FEB8-4134C1C271ED">
<createdBy>admin</createdBy>
<createdTime>2015-10-30 08:12:39 UTC</createdTime>
<ownerDesignName>02b_package_of_items_v2</ownerDesignName>
<engineerTo>
<item key="8BD80427-BA40-B74B-5878-AD66E0970AC5" value="true"/>
</engineerTo>
<useDomainConstraints>false</useDomainConstraints>
<use>1</use>
<logicalDatatype>LOGDT019</logicalDatatype>
<dataTypePrecision>9</dataTypePrecision>
<dataTypeScale>3</dataTypeScale>
<ownDataTypeParameters>,9,3</ownDataTypeParameters>
</Attribute>
<Attribute name="order_id" id="1DA98C8A-FC77-0A45-701B-036A0E5A01F1">
<createdBy>admin</createdBy>
<createdTime>2015-10-30 08:13:36 UTC</createdTime>
<generatorID>2AFE7B4B-0337-CBB2-49DE-B73C185A50F3</generatorID>
<ownerDesignName>02b_package_of_items_v2</ownerDesignName>
<engineerTo>
<item key="8BD80427-BA40-B74B-5878-AD66E0970AC5" value="true"/>
</engineerTo>
<referedAttribute>8A98ACB6-4887-B5F0-8B20-94C3085EBB91</referedAttribute>
<useDomainConstraints>false</useDomainConstraints>
<use>1</use>
<logicalDatatype>LOGDT011</logicalDatatype>
<ownDataTypeParameters>,,</ownDataTypeParameters>
</Attribute>
<Attribute name="prod_id" id="B3A0A70D-3867-2225-61A1-04BFB625DBB3">
<createdBy>admin</createdBy>
<createdTime>2015-10-30 08:42:12 UTC</createdTime>
<generatorID>30B0283E-4B3A-6B3D-161F-44294A3D63C0</generatorID>
<ownerDesignName>02b_package_of_items_v2</ownerDesignName>
<engineerTo>
<item key="8BD80427-BA40-B74B-5878-AD66E0970AC5" value="true"/>
</engineerTo>
<referedAttribute>7F934447-4C2B-E8DA-3DDF-89B8F58D0E2C</referedAttribute>
<useDomainConstraints>false</useDomainConstraints>
<use>1</use>
<logicalDatatype>LOGDT011</logicalDatatype>
<ownDataTypeParameters>,,</ownDataTypeParameters>
</Attribute>
<Attribute name="serv_id" id="5BE5B722-5F99-1E50-4476-F0B53F5D37D3">
<createdBy>admin</createdBy>
<createdTime>2015-10-30 08:42:34 UTC</createdTime>
<generatorID>8583661B-49B5-9C48-8C5B-7920C35F4216</generatorID>
<ownerDesignName>02b_package_of_items_v2</ownerDesignName>
<engineerTo>
<item key="8BD80427-BA40-B74B-5878-AD66E0970AC5" value="true"/>
</engineerTo>
<referedAttribute>108E074E-EB5D-87A7-8671-920EE9863BE0</referedAttribute>
<useDomainConstraints>false</useDomainConstraints>
<use>1</use>
<logicalDatatype>LOGDT011</logicalDatatype>
<ownDataTypeParameters>,,</ownDataTypeParameters>
</Attribute>
<Attribute name="package_id" id="4FF4964D-869F-5355-C419-F0A11F6DE9C7">
<createdBy>admin</createdBy>
<createdTime>2015-10-30 09:09:31 UTC</createdTime>
<generatorID>5691A718-A83F-9A5B-BD32-403CBD9A10D6</generatorID>
<ownerDesignName>02b_package_of_items_v2</ownerDesignName>
<engineerTo>
<item key="8BD80427-BA40-B74B-5878-AD66E0970AC5" value="true"/>
</engineerTo>
<referedAttribute>3C8AE6AE-AED8-396D-4BBA-29969E9BF446</referedAttribute>
<useDomainConstraints>false</useDomainConstraints>
<use>1</use>
<logicalDatatype>LOGDT011</logicalDatatype>
<ownDataTypeParameters>,,</ownDataTypeParameters>
</Attribute>
</attributes>
<identifiers itemClass="oracle.dbtools.crest.model.design.logical.CandidateKey">
<identifier id="E298E30E-FE1F-6742-A910-8A6D7786E0D1" name="ordered_item PK">
<createdBy>admin</createdBy>
<createdTime>2015-10-30 08:13:20 UTC</createdTime>
<ownerDesignName>02b_package_of_items_v2</ownerDesignName>
<shouldEngineer>false</shouldEngineer>
<engineerTo>
<item key="8BD80427-BA40-B74B-5878-AD66E0970AC5" value="false"/>
</engineerTo>
<pk>true</pk>
<usedAttributes>
<attributeRef>1DA98C8A-FC77-0A45-701B-036A0E5A01F1</attributeRef>
<attributeRef>B3A0A70D-3867-2225-61A1-04BFB625DBB3</attributeRef>
<attributeRef>5BE5B722-5F99-1E50-4476-F0B53F5D37D3</attributeRef>
<attributeRef>4FF4964D-869F-5355-C419-F0A11F6DE9C7</attributeRef>
</usedAttributes>
</identifier>
</identifiers>
</Entity>