<?xml version = '1.0' encoding = 'UTF-8'?>
<Relation class="oracle.dbtools.crest.model.design.logical.Relation" name="appears_in" directorySegmentName="seg_0" id="784501A0-8811-ADBA-ED35-DDA6257944CE">
<createdBy>marinfotache</createdBy>
<createdTime>2016-11-07 08:34:47 UTC</createdTime>
<ownerDesignName>01b_heterogeneous_items_v2</ownerDesignName>
<engineerTo>
<item key="05DB9AA5-7B19-B50A-E506-E08D7F18935B" value="true"/>
</engineerTo>
<sourcePk>E55947F8-3963-CDF5-AA8F-8C4E30F129D4</sourcePk>
<arc>47A0403C-2E14-E971-CC6A-E503522C39B0</arc>
<identifying>true</identifying>
<optionalSource>true</optionalSource>
<optionalTarget>false</optionalTarget>
<sourceCardinality>1</sourceCardinality>
<sourceEntity>CE438035-A1E7-668F-8CE2-5917FDEDD9D3</sourceEntity>
<targetCardinalityString>*</targetCardinalityString>
<targetEntity>F83C1949-608D-81D4-5FB2-16FF9D499229</targetEntity>
<transferable>true</transferable>
</Relation>