<?xml version = '1.0' encoding = 'UTF-8'?>
<Entity class="oracle.dbtools.crest.model.design.logical.Entity" directorySegmentName="seg_0" id="267E94FD-45CC-EEEB-A1B8-02937C60A862" name="scholarship_type">
<createdBy>Marin F</createdBy>
<createdTime>2011-08-27 05:21:58 UTC</createdTime>
<ownerDesignName>univ_info_sys_2</ownerDesignName>
<engineerTo>
<item key="6BB98802-0B60-AC1E-583C-C923CE882AB8" value="true"/>
</engineerTo>
<adequatelyNormalized>NO</adequatelyNormalized>
<expectedVolumes>0</expectedVolumes>
<fwdEngineeringStrategyName>Single Table</fwdEngineeringStrategyName>
<growthPercent>0</growthPercent>
<growthType>Year</growthType>
<maxVolumes>9999999</maxVolumes>
<minVolumes>0</minVolumes>
<normalForm>Third</normalForm>
<preferredAbbreviation>scholarship_types</preferredAbbreviation>
<attributes itemClass="oracle.dbtools.crest.model.design.logical.Attribute">
<Attribute name="code" id="49C4BB42-7F74-324A-88BA-F667BAF7EFC9">
<createdBy>Marin F</createdBy>
<createdTime>2011-08-27 05:22:08 UTC</createdTime>
<ownerDesignName>univ_info_sys_2</ownerDesignName>
<engineerTo>
<item key="6BB98802-0B60-AC1E-583C-C923CE882AB8" value="true"/>
</engineerTo>
<useDomainConstraints>false</useDomainConstraints>
<use>1</use>
<logicalDatatype>LOGDT024</logicalDatatype>
<dataTypeSize>10</dataTypeSize>
<ownDataTypeParameters>10,,</ownDataTypeParameters>
</Attribute>
<Attribute name="crt_monthly_amount" id="FB09928B-9B39-F78A-4B5F-01C260F24A50">
<createdBy>Marin F</createdBy>
<createdTime>2011-08-27 05:22:18 UTC</createdTime>
<ownerDesignName>univ_info_sys_2</ownerDesignName>
<engineerTo>
<item key="6BB98802-0B60-AC1E-583C-C923CE882AB8" value="true"/>
</engineerTo>
<useDomainConstraints>false</useDomainConstraints>
<use>1</use>
<logicalDatatype>LOGDT019</logicalDatatype>
<dataTypePrecision>10</dataTypePrecision>
<dataTypeScale>2</dataTypeScale>
<ownDataTypeParameters>,10,2</ownDataTypeParameters>
</Attribute>
</attributes>
<identifiers itemClass="oracle.dbtools.crest.model.design.logical.CandidateKey">
<identifier id="DF2A7B05-7C8F-9EC1-0B37-B061DB75DFBF" name="schol_type__pk">
<createdBy>Marin F</createdBy>
<createdTime>2011-08-27 05:32:57 UTC</createdTime>
<ownerDesignName>univ_info_sys_2</ownerDesignName>
<engineerTo>
<item key="6BB98802-0B60-AC1E-583C-C923CE882AB8" value="true"/>
</engineerTo>
<pk>true</pk>
<newElementsIDs>49C4BB42-7F74-324A-88BA-F667BAF7EFC9</newElementsIDs>
<usedAttributes>
<attributeRef>49C4BB42-7F74-324A-88BA-F667BAF7EFC9</attributeRef>
</usedAttributes>
</identifier>
</identifiers>
</Entity>