<?xml version = '1.0' encoding = 'UTF-8'?>
<Entity class="oracle.dbtools.crest.model.design.logical.Entity" directorySegmentName="seg_0" id="87614176-2AED-0F30-C09C-9CDFFE2A045D" name="scholarship_history">
<createdBy>admin</createdBy>
<createdTime>2015-10-26 06:08:09 UTC</createdTime>
<ownerDesignName>univ_info_sys_2</ownerDesignName>
<engineerTo>
<item key="6BB98802-0B60-AC1E-583C-C923CE882AB8" value="true"/>
</engineerTo>
<adequatelyNormalized>NO</adequatelyNormalized>
<expectedVolumes>0</expectedVolumes>
<fwdEngineeringStrategyName>Single Table</fwdEngineeringStrategyName>
<growthPercent>0</growthPercent>
<growthType>Year</growthType>
<maxVolumes>9999999</maxVolumes>
<minVolumes>0</minVolumes>
<normalForm>Third</normalForm>
<preferredAbbreviation>scholarship_history</preferredAbbreviation>
<attributes itemClass="oracle.dbtools.crest.model.design.logical.Attribute">
<Attribute name="academic_year_name" id="5344C78B-36C1-3E5C-4E27-C356388391D7">
<createdBy>admin</createdBy>
<createdTime>2015-10-26 06:09:10 UTC</createdTime>
<comment>values like &apos;2015-2016&apos;</comment>
<generatorID>8944312C-58E0-1E00-6A3E-5A366E7D082C</generatorID>
<ownerDesignName>univ_info_sys_2</ownerDesignName>
<engineerTo>
<item key="6BB98802-0B60-AC1E-583C-C923CE882AB8" value="true"/>
</engineerTo>
<referedAttribute>47CAE2F2-92EC-F430-AC89-C55FC446EC95</referedAttribute>
<useDomainConstraints>false</useDomainConstraints>
<use>1</use>
<logicalDatatype>LOGDT024</logicalDatatype>
<dataTypeSize>10</dataTypeSize>
<ownDataTypeParameters>10,,</ownDataTypeParameters>
</Attribute>
<Attribute name="scholarship_type_code" id="82557CBB-1383-6580-8A33-DC6DEA18982D">
<createdBy>admin</createdBy>
<createdTime>2015-10-26 06:09:39 UTC</createdTime>
<generatorID>F33163BD-66FD-4E3D-7736-AA9CCFE50030</generatorID>
<ownerDesignName>univ_info_sys_2</ownerDesignName>
<engineerTo>
<item key="6BB98802-0B60-AC1E-583C-C923CE882AB8" value="true"/>
</engineerTo>
<referedAttribute>49C4BB42-7F74-324A-88BA-F667BAF7EFC9</referedAttribute>
<useDomainConstraints>false</useDomainConstraints>
<use>1</use>
<logicalDatatype>LOGDT024</logicalDatatype>
<dataTypeSize>10</dataTypeSize>
<ownDataTypeParameters>10,,</ownDataTypeParameters>
</Attribute>
<Attribute name="montly_amount" id="42A648D2-2321-ECCC-7EBA-48FCC770E476">
<createdBy>admin</createdBy>
<createdTime>2015-10-26 06:09:59 UTC</createdTime>
<ownerDesignName>univ_info_sys_2</ownerDesignName>
<engineerTo>
<item key="6BB98802-0B60-AC1E-583C-C923CE882AB8" value="true"/>
</engineerTo>
<useDomainConstraints>false</useDomainConstraints>
<use>1</use>
<logicalDatatype>LOGDT019</logicalDatatype>
<dataTypePrecision>6</dataTypePrecision>
<dataTypeScale>2</dataTypeScale>
<ownDataTypeParameters>,6,2</ownDataTypeParameters>
</Attribute>
</attributes>
<identifiers itemClass="oracle.dbtools.crest.model.design.logical.CandidateKey">
<identifier id="7FC0CE9A-850B-3487-2404-53D48AA5478B" name="scholarship_history PK">
<createdBy>admin</createdBy>
<createdTime>2015-10-26 06:09:10 UTC</createdTime>
<ownerDesignName>univ_info_sys_2</ownerDesignName>
<shouldEngineer>false</shouldEngineer>
<engineerTo>
<item key="6BB98802-0B60-AC1E-583C-C923CE882AB8" value="false"/>
</engineerTo>
<pk>true</pk>
<usedAttributes>
<attributeRef>5344C78B-36C1-3E5C-4E27-C356388391D7</attributeRef>
<attributeRef>82557CBB-1383-6580-8A33-DC6DEA18982D</attributeRef>
</usedAttributes>
</identifier>
</identifiers>
</Entity>