<?xml version = '1.0' encoding = 'UTF-8'?>
<Entity class="oracle.dbtools.crest.model.design.logical.Entity" directorySegmentName="seg_0" id="8C16992C-CD75-A137-B770-956F23DA85EF" name="main_study_group">
<createdBy>admin</createdBy>
<createdTime>2015-10-26 05:15:46 UTC</createdTime>
<ownerDesignName>univ_info_sys_2</ownerDesignName>
<engineerTo>
<item key="6BB98802-0B60-AC1E-583C-C923CE882AB8" value="true"/>
</engineerTo>
<adequatelyNormalized>NO</adequatelyNormalized>
<expectedVolumes>0</expectedVolumes>
<fwdEngineeringStrategyName>Single Table</fwdEngineeringStrategyName>
<growthPercent>0</growthPercent>
<growthType>Year</growthType>
<maxVolumes>9999999</maxVolumes>
<minVolumes>0</minVolumes>
<normalForm>Third</normalForm>
<preferredAbbreviation>main_study_groups</preferredAbbreviation>
<attributes itemClass="oracle.dbtools.crest.model.design.logical.Attribute">
<Attribute name="group_id" id="4A71919C-AE38-B776-C524-D23F9F36D97F">
<createdBy>admin</createdBy>
<createdTime>2015-10-26 05:16:47 UTC</createdTime>
<ownerDesignName>univ_info_sys_2</ownerDesignName>
<engineerTo>
<item key="6BB98802-0B60-AC1E-583C-C923CE882AB8" value="true"/>
</engineerTo>
<useDomainConstraints>false</useDomainConstraints>
<use>1</use>
<logicalDatatype>LOGDT011</logicalDatatype>
<ownDataTypeParameters>,,</ownDataTypeParameters>
</Attribute>
<Attribute name="group_abbrev" id="FAFA347E-7D49-CE0A-4239-4EBE33AB5CE6">
<createdBy>admin</createdBy>
<createdTime>2015-10-26 05:42:52 UTC</createdTime>
<ownerDesignName>univ_info_sys_2</ownerDesignName>
<engineerTo>
<item key="6BB98802-0B60-AC1E-583C-C923CE882AB8" value="true"/>
</engineerTo>
<nullsAllowed>true</nullsAllowed>
<useDomainConstraints>false</useDomainConstraints>
<use>1</use>
<logicalDatatype>LOGDT037</logicalDatatype>
<dataTypeSize>30</dataTypeSize>
<ownDataTypeParameters>30,,</ownDataTypeParameters>
</Attribute>
<Attribute name="study_year" id="BEA895F6-E376-6EFD-42F8-41C3E24D55B2">
<createdBy>admin</createdBy>
<createdTime>2015-10-26 05:22:44 UTC</createdTime>
<ownerDesignName>univ_info_sys_2</ownerDesignName>
<engineerTo>
<item key="6BB98802-0B60-AC1E-583C-C923CE882AB8" value="true"/>
</engineerTo>
<useDomainConstraints>false</useDomainConstraints>
<use>1</use>
<logicalDatatype>LOGDT019</logicalDatatype>
<dataTypePrecision>1</dataTypePrecision>
<ownDataTypeParameters>,1,</ownDataTypeParameters>
</Attribute>
<Attribute name="course_attendance" id="9D1B1F12-F6B1-6884-770A-D6FC288828C3">
<createdBy>admin</createdBy>
<createdTime>2015-10-26 05:21:59 UTC</createdTime>
<ownerDesignName>univ_info_sys_2</ownerDesignName>
<engineerTo>
<item key="6BB98802-0B60-AC1E-583C-C923CE882AB8" value="true"/>
</engineerTo>
<useDomainConstraints>false</useDomainConstraints>
<use>1</use>
<logicalDatatype>LOGDT037</logicalDatatype>
<dataTypeSize>20</dataTypeSize>
<ownDataTypeParameters>20,,</ownDataTypeParameters>
</Attribute>
<Attribute name="n_of_lecture_groups" id="F1334625-BF2F-2D5D-6479-F60F6D81978A">
<createdBy>admin</createdBy>
<createdTime>2015-10-26 05:23:12 UTC</createdTime>
<ownerDesignName>univ_info_sys_2</ownerDesignName>
<engineerTo>
<item key="6BB98802-0B60-AC1E-583C-C923CE882AB8" value="true"/>
</engineerTo>
<nullsAllowed>true</nullsAllowed>
<useDomainConstraints>false</useDomainConstraints>
<use>1</use>
<logicalDatatype>LOGDT019</logicalDatatype>
<dataTypePrecision>2</dataTypePrecision>
<ownDataTypeParameters>,2,</ownDataTypeParameters>
</Attribute>
<Attribute name="n_of_lab_groups" id="89DE2FEC-2C1B-969E-8FC0-E2B99FE0DC4E">
<createdBy>admin</createdBy>
<createdTime>2015-10-26 05:23:37 UTC</createdTime>
<ownerDesignName>univ_info_sys_2</ownerDesignName>
<engineerTo>
<item key="6BB98802-0B60-AC1E-583C-C923CE882AB8" value="true"/>
</engineerTo>
<useDomainConstraints>false</useDomainConstraints>
<use>1</use>
<logicalDatatype>LOGDT019</logicalDatatype>
<dataTypePrecision>2</dataTypePrecision>
<ownDataTypeParameters>,2,</ownDataTypeParameters>
</Attribute>
<Attribute name="n_of_students" id="641951DC-E7C7-2084-8AD8-1F7AEEEB9162">
<createdBy>admin</createdBy>
<createdTime>2015-10-26 05:24:40 UTC</createdTime>
<ownerDesignName>univ_info_sys_2</ownerDesignName>
<engineerTo>
<item key="6BB98802-0B60-AC1E-583C-C923CE882AB8" value="true"/>
</engineerTo>
<nullsAllowed>true</nullsAllowed>
<useDomainConstraints>false</useDomainConstraints>
<use>1</use>
<ownDataTypeParameters>,,</ownDataTypeParameters>
</Attribute>
<Attribute name="academic_year_name" id="C56F4DEA-5F40-3ED2-986C-B011D5A99671">
<createdBy>admin</createdBy>
<createdTime>2015-10-26 05:30:30 UTC</createdTime>
<comment>values like &apos;2015-2016&apos;</comment>
<generatorID>D6BCD7E7-6530-42CA-4251-C0473C79055E</generatorID>
<ownerDesignName>univ_info_sys_2</ownerDesignName>
<engineerTo>
<item key="6BB98802-0B60-AC1E-583C-C923CE882AB8" value="true"/>
</engineerTo>
<referedAttribute>47CAE2F2-92EC-F430-AC89-C55FC446EC95</referedAttribute>
<useDomainConstraints>false</useDomainConstraints>
<use>1</use>
<logicalDatatype>LOGDT024</logicalDatatype>
<dataTypeSize>10</dataTypeSize>
<ownDataTypeParameters>10,,</ownDataTypeParameters>
</Attribute>
<Attribute name="programme_prog_code" id="B4262245-8519-5866-B438-14BD5667A4CE">
<createdBy>admin</createdBy>
<createdTime>2015-10-26 05:37:42 UTC</createdTime>
<generatorID>994D9A3A-F2D2-0B4F-D215-BCA4A4ADD299</generatorID>
<ownerDesignName>univ_info_sys_2</ownerDesignName>
<engineerTo>
<item key="6BB98802-0B60-AC1E-583C-C923CE882AB8" value="true"/>
</engineerTo>
<referedAttribute>6D4913F5-C448-961E-7585-AC8233A75B15</referedAttribute>
<useDomainConstraints>false</useDomainConstraints>
<use>1</use>
<logicalDatatype>LOGDT024</logicalDatatype>
<dataTypeSize>20</dataTypeSize>
<ownDataTypeParameters>20,,</ownDataTypeParameters>
</Attribute>
</attributes>
<identifiers itemClass="oracle.dbtools.crest.model.design.logical.CandidateKey">
<identifier id="B4B7A40B-D1DA-6F71-0B94-22EAD1F01ABF" name="lecture_group PK">
<createdBy>admin</createdBy>
<createdTime>2015-10-26 05:17:15 UTC</createdTime>
<ownerDesignName>univ_info_sys_2</ownerDesignName>
<engineerTo>
<item key="6BB98802-0B60-AC1E-583C-C923CE882AB8" value="true"/>
</engineerTo>
<pk>true</pk>
<usedAttributes>
<attributeRef>4A71919C-AE38-B776-C524-D23F9F36D97F</attributeRef>
</usedAttributes>
</identifier>
</identifiers>
</Entity>