<?xml version = '1.0' encoding = 'UTF-8'?>
<Entity class="oracle.dbtools.crest.model.design.logical.Entity" directorySegmentName="seg_0" id="A7393D13-AFD4-6C9E-10AA-E292027E4471" name="final_grade">
<createdBy>Marin F</createdBy>
<createdTime>2011-08-27 05:22:36 UTC</createdTime>
<ownerDesignName>univ_info_sys_2</ownerDesignName>
<engineerTo>
<item key="6BB98802-0B60-AC1E-583C-C923CE882AB8" value="true"/>
</engineerTo>
<adequatelyNormalized>NO</adequatelyNormalized>
<expectedVolumes>0</expectedVolumes>
<fwdEngineeringStrategyName>Single Table</fwdEngineeringStrategyName>
<growthPercent>0</growthPercent>
<growthType>Year</growthType>
<maxVolumes>9999999</maxVolumes>
<minVolumes>0</minVolumes>
<normalForm>Third</normalForm>
<preferredAbbreviation>final_grades</preferredAbbreviation>
<attributes itemClass="oracle.dbtools.crest.model.design.logical.Attribute">
<Attribute name="grade" id="33C309D2-96E9-D65E-BE77-286B63E2E0A2">
<createdBy>Marin F</createdBy>
<createdTime>2011-08-27 05:23:06 UTC</createdTime>
<ownerDesignName>univ_info_sys_2</ownerDesignName>
<engineerTo>
<item key="6BB98802-0B60-AC1E-583C-C923CE882AB8" value="true"/>
</engineerTo>
<useDomainConstraints>false</useDomainConstraints>
<use>1</use>
<logicalDatatype>LOGDT019</logicalDatatype>
<dataTypePrecision>4</dataTypePrecision>
<dataTypeScale>2</dataTypeScale>
<ownDataTypeParameters>,4,2</ownDataTypeParameters>
<listOfRanges>
<rangeDef class="oracle.dbtools.crest.model.design.constraint.AVT">
<beginValue>0</beginValue>
<endValue>10</endValue>
</rangeDef>
</listOfRanges>
</Attribute>
<Attribute name="stud_code" id="1926FAD4-5798-FFA0-07E8-BD2DA0D29AB9">
<createdBy>Marin F</createdBy>
<createdTime>2011-08-27 05:35:26 UTC</createdTime>
<generatorID>68EEADA6-8520-8FA8-C56F-8C6595E2B80A</generatorID>
<ownerDesignName>univ_info_sys_2</ownerDesignName>
<engineerTo>
<item key="6BB98802-0B60-AC1E-583C-C923CE882AB8" value="true"/>
</engineerTo>
<referedAttribute>0004A8B5-7C2A-C04D-CB5C-BCA8D89DEE8A</referedAttribute>
<useDomainConstraints>false</useDomainConstraints>
<use>1</use>
<logicalDatatype>LOGDT024</logicalDatatype>
<dataTypeSize>18</dataTypeSize>
<ownDataTypeParameters>18,,</ownDataTypeParameters>
</Attribute>
<Attribute name="exam_id" id="484D7384-67C6-5C27-652F-970F466E4AD0">
<createdBy>admin</createdBy>
<createdTime>2015-10-26 06:35:49 UTC</createdTime>
<generatorID>295607FA-52BE-E93C-3736-DC16F668F988</generatorID>
<ownerDesignName>univ_info_sys_2</ownerDesignName>
<engineerTo>
<item key="6BB98802-0B60-AC1E-583C-C923CE882AB8" value="true"/>
</engineerTo>
<referedAttribute>65176E57-FA8A-0075-A989-453255D5F668</referedAttribute>
<useDomainConstraints>false</useDomainConstraints>
<use>1</use>
<logicalDatatype>LOGDT011</logicalDatatype>
<ownDataTypeParameters>,,</ownDataTypeParameters>
</Attribute>
<Attribute name="comments" id="10E776A0-B7EC-D433-50BA-8BCF227B2159">
<createdBy>admin</createdBy>
<createdTime>2015-10-26 06:37:22 UTC</createdTime>
<ownerDesignName>univ_info_sys_2</ownerDesignName>
<engineerTo>
<item key="6BB98802-0B60-AC1E-583C-C923CE882AB8" value="true"/>
</engineerTo>
<nullsAllowed>true</nullsAllowed>
<useDomainConstraints>false</useDomainConstraints>
<use>1</use>
<logicalDatatype>LOGDT037</logicalDatatype>
<dataTypeSize>50</dataTypeSize>
<ownDataTypeParameters>50,,</ownDataTypeParameters>
</Attribute>
</attributes>
<identifiers itemClass="oracle.dbtools.crest.model.design.logical.CandidateKey">
<identifier id="521483B6-4F9D-3C77-3835-0451CDB8CB54" name="exams__pk">
<createdBy>Marin F</createdBy>
<createdTime>2011-08-27 05:23:04 UTC</createdTime>
<ownerDesignName>univ_info_sys_2</ownerDesignName>
<engineerTo>
<item key="6BB98802-0B60-AC1E-583C-C923CE882AB8" value="true"/>
</engineerTo>
<pk>true</pk>
<newElementsIDs>68EEADA6-8520-8FA8-C56F-8C6595E2B80A,295607FA-52BE-E93C-3736-DC16F668F988</newElementsIDs>
<usedAttributes>
<attributeRef>1926FAD4-5798-FFA0-07E8-BD2DA0D29AB9</attributeRef>
<attributeRef>484D7384-67C6-5C27-652F-970F466E4AD0</attributeRef>
</usedAttributes>
</identifier>
</identifiers>
</Entity>