<?xml version = '1.0' encoding = 'UTF-8'?>
<Entity class="oracle.dbtools.crest.model.design.logical.Entity" directorySegmentName="seg_0" id="B2D431E1-346D-7391-879A-7F44D2564A08" name="stud_track">
<createdBy>admin</createdBy>
<createdTime>2015-10-26 05:53:27 UTC</createdTime>
<ownerDesignName>univ_info_sys_2</ownerDesignName>
<engineerTo>
<item key="6BB98802-0B60-AC1E-583C-C923CE882AB8" value="true"/>
</engineerTo>
<adequatelyNormalized>NO</adequatelyNormalized>
<expectedVolumes>0</expectedVolumes>
<fwdEngineeringStrategyName>Single Table</fwdEngineeringStrategyName>
<growthPercent>0</growthPercent>
<growthType>Year</growthType>
<maxVolumes>9999999</maxVolumes>
<minVolumes>0</minVolumes>
<normalForm>Third</normalForm>
<preferredAbbreviation>stud_track</preferredAbbreviation>
<attributes itemClass="oracle.dbtools.crest.model.design.logical.Attribute">
<Attribute name="student_stud_code" id="9726E2CD-DDE5-AE04-FCA8-3EFDB9C56CB4">
<createdBy>admin</createdBy>
<createdTime>2015-10-26 05:54:13 UTC</createdTime>
<generatorID>9E0AA252-8EDD-62B3-20E1-EED248CAC8B8</generatorID>
<ownerDesignName>univ_info_sys_2</ownerDesignName>
<engineerTo>
<item key="6BB98802-0B60-AC1E-583C-C923CE882AB8" value="true"/>
</engineerTo>
<referedAttribute>0004A8B5-7C2A-C04D-CB5C-BCA8D89DEE8A</referedAttribute>
<useDomainConstraints>false</useDomainConstraints>
<use>1</use>
<logicalDatatype>LOGDT024</logicalDatatype>
<dataTypeSize>18</dataTypeSize>
<ownDataTypeParameters>18,,</ownDataTypeParameters>
</Attribute>
<Attribute name="main_study_group_group_id" id="8F3FD76E-4FFC-7E24-FB87-346E0FB9DB6C">
<createdBy>admin</createdBy>
<createdTime>2015-10-26 05:55:54 UTC</createdTime>
<generatorID>FFB62D98-C62B-F675-44FF-79692E77E3EE</generatorID>
<ownerDesignName>univ_info_sys_2</ownerDesignName>
<engineerTo>
<item key="6BB98802-0B60-AC1E-583C-C923CE882AB8" value="true"/>
</engineerTo>
<referedAttribute>4A71919C-AE38-B776-C524-D23F9F36D97F</referedAttribute>
<useDomainConstraints>false</useDomainConstraints>
<use>1</use>
<logicalDatatype>LOGDT011</logicalDatatype>
<ownDataTypeParameters>,,</ownDataTypeParameters>
</Attribute>
<Attribute name="comments" id="50A69488-5502-AE59-E1C4-34C99B364A36">
<createdBy>admin</createdBy>
<createdTime>2015-10-26 05:56:35 UTC</createdTime>
<ownerDesignName>univ_info_sys_2</ownerDesignName>
<engineerTo>
<item key="6BB98802-0B60-AC1E-583C-C923CE882AB8" value="true"/>
</engineerTo>
<nullsAllowed>true</nullsAllowed>
<useDomainConstraints>false</useDomainConstraints>
<use>1</use>
<logicalDatatype>LOGDT037</logicalDatatype>
<dataTypeSize>200</dataTypeSize>
<ownDataTypeParameters>200,,</ownDataTypeParameters>
</Attribute>
<Attribute name="lecture_group" id="A51191F5-848D-B5A1-574F-CFB71F90C845">
<createdBy>admin</createdBy>
<createdTime>2015-10-26 05:57:51 UTC</createdTime>
<ownerDesignName>univ_info_sys_2</ownerDesignName>
<engineerTo>
<item key="6BB98802-0B60-AC1E-583C-C923CE882AB8" value="true"/>
</engineerTo>
<nullsAllowed>true</nullsAllowed>
<useDomainConstraints>false</useDomainConstraints>
<use>1</use>
<logicalDatatype>LOGDT019</logicalDatatype>
<dataTypePrecision>2</dataTypePrecision>
<ownDataTypeParameters>,2,</ownDataTypeParameters>
</Attribute>
<Attribute name="lab_group" id="6F2E2014-CBB7-DA47-C302-40EDAD427821">
<createdBy>admin</createdBy>
<createdTime>2015-10-26 05:58:27 UTC</createdTime>
<ownerDesignName>univ_info_sys_2</ownerDesignName>
<engineerTo>
<item key="6BB98802-0B60-AC1E-583C-C923CE882AB8" value="true"/>
</engineerTo>
<nullsAllowed>true</nullsAllowed>
<useDomainConstraints>false</useDomainConstraints>
<use>1</use>
<logicalDatatype>LOGDT019</logicalDatatype>
<dataTypePrecision>2</dataTypePrecision>
<ownDataTypeParameters>,2,</ownDataTypeParameters>
</Attribute>
<Attribute name="scholarship_type_code" id="D2D2E6D3-CB71-6880-C407-52FBA167837A">
<createdBy>admin</createdBy>
<createdTime>2015-10-26 06:07:35 UTC</createdTime>
<generatorID>F6A02D53-EAF8-7585-BD90-3E00D0049133</generatorID>
<ownerDesignName>univ_info_sys_2</ownerDesignName>
<engineerTo>
<item key="6BB98802-0B60-AC1E-583C-C923CE882AB8" value="true"/>
</engineerTo>
<referedAttribute>49C4BB42-7F74-324A-88BA-F667BAF7EFC9</referedAttribute>
<useDomainConstraints>false</useDomainConstraints>
<use>1</use>
<logicalDatatype>LOGDT024</logicalDatatype>
<dataTypeSize>10</dataTypeSize>
<ownDataTypeParameters>10,,</ownDataTypeParameters>
</Attribute>
</attributes>
<identifiers itemClass="oracle.dbtools.crest.model.design.logical.CandidateKey">
<identifier id="8AA7840E-68F7-B0E6-CAC9-82288B075065" name="stud_track PK">
<createdBy>admin</createdBy>
<createdTime>2015-10-26 05:54:13 UTC</createdTime>
<ownerDesignName>univ_info_sys_2</ownerDesignName>
<shouldEngineer>false</shouldEngineer>
<engineerTo>
<item key="6BB98802-0B60-AC1E-583C-C923CE882AB8" value="false"/>
</engineerTo>
<pk>true</pk>
<usedAttributes>
<attributeRef>9726E2CD-DDE5-AE04-FCA8-3EFDB9C56CB4</attributeRef>
<attributeRef>8F3FD76E-4FFC-7E24-FB87-346E0FB9DB6C</attributeRef>
</usedAttributes>
</identifier>
</identifiers>
</Entity>