<?xml version = '1.0' encoding = 'UTF-8'?>
<Entity class="oracle.dbtools.crest.model.design.logical.Entity" directorySegmentName="seg_0" id="BB729FFE-6ADC-EF0D-9D4F-7D839D6FFFBE" name="course_credit_history">
<createdBy>admin</createdBy>
<createdTime>2015-10-26 06:05:50 UTC</createdTime>
<ownerDesignName>univ_info_sys_2</ownerDesignName>
<engineerTo>
<item key="6BB98802-0B60-AC1E-583C-C923CE882AB8" value="true"/>
</engineerTo>
<adequatelyNormalized>NO</adequatelyNormalized>
<expectedVolumes>0</expectedVolumes>
<fwdEngineeringStrategyName>Single Table</fwdEngineeringStrategyName>
<growthPercent>0</growthPercent>
<growthType>Year</growthType>
<maxVolumes>9999999</maxVolumes>
<minVolumes>0</minVolumes>
<normalForm>Third</normalForm>
<preferredAbbreviation>courses_credit_history</preferredAbbreviation>
<attributes itemClass="oracle.dbtools.crest.model.design.logical.Attribute">
<Attribute name="n_of_credits" id="4BE331CA-8683-8A51-7861-F14A4C07FC3C">
<createdBy>admin</createdBy>
<createdTime>2015-10-26 06:12:33 UTC</createdTime>
<ownerDesignName>univ_info_sys_2</ownerDesignName>
<engineerTo>
<item key="6BB98802-0B60-AC1E-583C-C923CE882AB8" value="true"/>
</engineerTo>
<useDomainConstraints>false</useDomainConstraints>
<use>1</use>
<logicalDatatype>LOGDT019</logicalDatatype>
<dataTypePrecision>2</dataTypePrecision>
<ownDataTypeParameters>,2,</ownDataTypeParameters>
</Attribute>
<Attribute name="main_study_group_group_id" id="1F49DD61-B45B-6CA5-9174-6947ED3BFCBA">
<createdBy>admin</createdBy>
<createdTime>2015-10-26 06:13:56 UTC</createdTime>
<generatorID>158D50A7-5492-92E6-AA66-B64E22182327</generatorID>
<ownerDesignName>univ_info_sys_2</ownerDesignName>
<engineerTo>
<item key="6BB98802-0B60-AC1E-583C-C923CE882AB8" value="true"/>
</engineerTo>
<referedAttribute>4A71919C-AE38-B776-C524-D23F9F36D97F</referedAttribute>
<useDomainConstraints>false</useDomainConstraints>
<use>1</use>
<logicalDatatype>LOGDT011</logicalDatatype>
<ownDataTypeParameters>,,</ownDataTypeParameters>
</Attribute>
<Attribute name="course_course_code" id="8B1316C2-3C7D-8318-2577-435B196E6E35">
<createdBy>admin</createdBy>
<createdTime>2015-10-26 06:14:21 UTC</createdTime>
<generatorID>0349CEAC-492D-9A6D-E9C0-48C08B2D0A1B</generatorID>
<ownerDesignName>univ_info_sys_2</ownerDesignName>
<engineerTo>
<item key="6BB98802-0B60-AC1E-583C-C923CE882AB8" value="true"/>
</engineerTo>
<referedAttribute>B0A67509-375D-51CB-8313-8DA320C2F553</referedAttribute>
<useDomainConstraints>false</useDomainConstraints>
<use>1</use>
<logicalDatatype>LOGDT024</logicalDatatype>
<dataTypeSize>10</dataTypeSize>
<ownDataTypeParameters>10,,</ownDataTypeParameters>
</Attribute>
<Attribute name="comments" id="42009CCC-54A9-1512-8810-38B6CB97CA0E">
<createdBy>admin</createdBy>
<createdTime>2015-10-26 06:14:40 UTC</createdTime>
<ownerDesignName>univ_info_sys_2</ownerDesignName>
<engineerTo>
<item key="6BB98802-0B60-AC1E-583C-C923CE882AB8" value="true"/>
</engineerTo>
<nullsAllowed>true</nullsAllowed>
<useDomainConstraints>false</useDomainConstraints>
<use>1</use>
<logicalDatatype>LOGDT037</logicalDatatype>
<dataTypeSize>50</dataTypeSize>
<ownDataTypeParameters>50,,</ownDataTypeParameters>
</Attribute>
</attributes>
<identifiers itemClass="oracle.dbtools.crest.model.design.logical.CandidateKey">
<identifier id="D3F06223-C372-677D-D7A0-85404C1625D2" name="course_credit_history PK">
<createdBy>admin</createdBy>
<createdTime>2015-10-26 06:13:56 UTC</createdTime>
<ownerDesignName>univ_info_sys_2</ownerDesignName>
<shouldEngineer>false</shouldEngineer>
<engineerTo>
<item key="6BB98802-0B60-AC1E-583C-C923CE882AB8" value="false"/>
</engineerTo>
<pk>true</pk>
<usedAttributes>
<attributeRef>1F49DD61-B45B-6CA5-9174-6947ED3BFCBA</attributeRef>
<attributeRef>8B1316C2-3C7D-8318-2577-435B196E6E35</attributeRef>
</usedAttributes>
</identifier>
</identifiers>
</Entity>