<?xml version = '1.0' encoding = 'UTF-8'?>
<Entity class="oracle.dbtools.crest.model.design.logical.Entity" directorySegmentName="seg_0" id="CFD7AA03-F645-1C47-C54F-649B4097B68C" name="academic_holiday">
<createdBy>admin</createdBy>
<createdTime>2015-10-26 04:36:33 UTC</createdTime>
<ownerDesignName>univ_info_sys_2</ownerDesignName>
<engineerTo>
<item key="6BB98802-0B60-AC1E-583C-C923CE882AB8" value="true"/>
</engineerTo>
<adequatelyNormalized>NO</adequatelyNormalized>
<expectedVolumes>0</expectedVolumes>
<fwdEngineeringStrategyName>Single Table</fwdEngineeringStrategyName>
<growthPercent>0</growthPercent>
<growthType>Year</growthType>
<maxVolumes>9999999</maxVolumes>
<minVolumes>0</minVolumes>
<normalForm>Third</normalForm>
<preferredAbbreviation>academic_holidays</preferredAbbreviation>
<attributes itemClass="oracle.dbtools.crest.model.design.logical.Attribute">
<Attribute name="from" id="6BB2BAEA-D736-3C8F-320F-2F42BAD37362">
<createdBy>admin</createdBy>
<createdTime>2015-10-26 04:36:47 UTC</createdTime>
<ownerDesignName>univ_info_sys_2</ownerDesignName>
<engineerTo>
<item key="6BB98802-0B60-AC1E-583C-C923CE882AB8" value="true"/>
</engineerTo>
<useDomainConstraints>false</useDomainConstraints>
<use>1</use>
<logicalDatatype>LOGDT007</logicalDatatype>
<ownDataTypeParameters>,,</ownDataTypeParameters>
</Attribute>
<Attribute name="until" id="7B02D8AF-064C-1417-FA74-4E98F6EB0741">
<createdBy>admin</createdBy>
<createdTime>2015-10-26 04:37:09 UTC</createdTime>
<ownerDesignName>univ_info_sys_2</ownerDesignName>
<engineerTo>
<item key="6BB98802-0B60-AC1E-583C-C923CE882AB8" value="true"/>
</engineerTo>
<useDomainConstraints>false</useDomainConstraints>
<use>1</use>
<logicalDatatype>LOGDT007</logicalDatatype>
<ownDataTypeParameters>,,</ownDataTypeParameters>
</Attribute>
<Attribute name="name" id="21E0CE5A-8639-58CB-AEAF-AE7FAC4A168C">
<createdBy>admin</createdBy>
<createdTime>2015-10-26 04:37:30 UTC</createdTime>
<ownerDesignName>univ_info_sys_2</ownerDesignName>
<engineerTo>
<item key="6BB98802-0B60-AC1E-583C-C923CE882AB8" value="true"/>
</engineerTo>
<nullsAllowed>true</nullsAllowed>
<useDomainConstraints>false</useDomainConstraints>
<use>1</use>
<ownDataTypeParameters>,,</ownDataTypeParameters>
</Attribute>
<Attribute name="academic_year_name" id="AB9C29EB-3AB7-E5F6-316B-0035B34A6408">
<createdBy>admin</createdBy>
<createdTime>2015-10-26 05:38:30 UTC</createdTime>
<comment>values like &apos;2015-2016&apos;</comment>
<generatorID>420089AF-5E49-C5E6-C9E4-FFA467576D46</generatorID>
<ownerDesignName>univ_info_sys_2</ownerDesignName>
<engineerTo>
<item key="6BB98802-0B60-AC1E-583C-C923CE882AB8" value="true"/>
</engineerTo>
<referedAttribute>47CAE2F2-92EC-F430-AC89-C55FC446EC95</referedAttribute>
<useDomainConstraints>false</useDomainConstraints>
<use>1</use>
<logicalDatatype>LOGDT024</logicalDatatype>
<dataTypeSize>10</dataTypeSize>
<ownDataTypeParameters>10,,</ownDataTypeParameters>
</Attribute>
</attributes>
<identifiers itemClass="oracle.dbtools.crest.model.design.logical.CandidateKey">
<identifier id="DEE74E84-0A71-257F-8B3A-AB67109AB20F" name="academic_holiday PK">
<createdBy>admin</createdBy>
<createdTime>2015-10-26 05:25:07 UTC</createdTime>
<ownerDesignName>univ_info_sys_2</ownerDesignName>
<shouldEngineer>false</shouldEngineer>
<engineerTo>
<item key="6BB98802-0B60-AC1E-583C-C923CE882AB8" value="false"/>
</engineerTo>
<pk>true</pk>
<usedAttributes>
<attributeRef>6BB2BAEA-D736-3C8F-320F-2F42BAD37362</attributeRef>
<attributeRef>7B02D8AF-064C-1417-FA74-4E98F6EB0741</attributeRef>
</usedAttributes>
</identifier>
</identifiers>
</Entity>