<?xml version = '1.0' encoding = 'UTF-8'?>
<Entity class="oracle.dbtools.crest.model.design.logical.Entity" directorySegmentName="seg_0" id="F2B8A3EE-B55C-7CC4-525E-C1039BE398DC" name="common_module__prog">
<createdBy>admin</createdBy>
<createdTime>2015-10-26 05:44:53 UTC</createdTime>
<ownerDesignName>univ_info_sys_2</ownerDesignName>
<engineerTo>
<item key="6BB98802-0B60-AC1E-583C-C923CE882AB8" value="true"/>
</engineerTo>
<adequatelyNormalized>NO</adequatelyNormalized>
<expectedVolumes>0</expectedVolumes>
<fwdEngineeringStrategyName>Single Table</fwdEngineeringStrategyName>
<growthPercent>0</growthPercent>
<growthType>Year</growthType>
<maxVolumes>9999999</maxVolumes>
<minVolumes>0</minVolumes>
<normalForm>Third</normalForm>
<preferredAbbreviation>common_module__progs</preferredAbbreviation>
<attributes itemClass="oracle.dbtools.crest.model.design.logical.Attribute">
<Attribute name="programme_prog_code" id="A35FB5EA-B174-0F25-0D77-D38A6278D37F">
<createdBy>admin</createdBy>
<createdTime>2015-10-26 05:47:01 UTC</createdTime>
<generatorID>E10190B0-65C5-0E79-C2CB-B15380F27491</generatorID>
<ownerDesignName>univ_info_sys_2</ownerDesignName>
<engineerTo>
<item key="6BB98802-0B60-AC1E-583C-C923CE882AB8" value="true"/>
</engineerTo>
<referedAttribute>6D4913F5-C448-961E-7585-AC8233A75B15</referedAttribute>
<useDomainConstraints>false</useDomainConstraints>
<use>1</use>
<logicalDatatype>LOGDT024</logicalDatatype>
<dataTypeSize>20</dataTypeSize>
<ownDataTypeParameters>20,,</ownDataTypeParameters>
</Attribute>
<Attribute name="comments" id="A7C4D4A6-4445-5484-1B1F-28C9A2C2DD6E">
<createdBy>admin</createdBy>
<createdTime>2015-10-26 05:48:30 UTC</createdTime>
<ownerDesignName>univ_info_sys_2</ownerDesignName>
<engineerTo>
<item key="6BB98802-0B60-AC1E-583C-C923CE882AB8" value="true"/>
</engineerTo>
<nullsAllowed>true</nullsAllowed>
<useDomainConstraints>false</useDomainConstraints>
<use>1</use>
<logicalDatatype>LOGDT037</logicalDatatype>
<dataTypeSize>100</dataTypeSize>
<ownDataTypeParameters>100,,</ownDataTypeParameters>
</Attribute>
</attributes>
<identifiers itemClass="oracle.dbtools.crest.model.design.logical.CandidateKey">
<identifier id="A965D878-0893-62AE-990F-6CD248BD501F" name="common_module__prog PK">
<createdBy>admin</createdBy>
<createdTime>2015-10-26 05:47:01 UTC</createdTime>
<ownerDesignName>univ_info_sys_2</ownerDesignName>
<shouldEngineer>false</shouldEngineer>
<engineerTo>
<item key="6BB98802-0B60-AC1E-583C-C923CE882AB8" value="false"/>
</engineerTo>
<pk>true</pk>
<usedAttributes>
<attributeRef>A35FB5EA-B174-0F25-0D77-D38A6278D37F</attributeRef>
</usedAttributes>
</identifier>
</identifiers>
</Entity>