<?xml version = '1.0' encoding = 'UTF-8'?>
<Entity class="oracle.dbtools.crest.model.design.logical.Entity" directorySegmentName="seg_0" id="F928E65A-16C7-4142-BFBD-19F9FCE995B0" name="lecture">
<createdBy>Marin F</createdBy>
<createdTime>2011-08-27 05:23:24 UTC</createdTime>
<ownerDesignName>univ_info_sys_2</ownerDesignName>
<engineerTo>
<item key="6BB98802-0B60-AC1E-583C-C923CE882AB8" value="true"/>
</engineerTo>
<adequatelyNormalized>NO</adequatelyNormalized>
<expectedVolumes>0</expectedVolumes>
<fwdEngineeringStrategyName>Single Table</fwdEngineeringStrategyName>
<growthPercent>0</growthPercent>
<growthType>Year</growthType>
<maxVolumes>9999999</maxVolumes>
<minVolumes>0</minVolumes>
<normalForm>Third</normalForm>
<preferredAbbreviation>lectures</preferredAbbreviation>
<attributes itemClass="oracle.dbtools.crest.model.design.logical.Attribute">
<Attribute name="id" id="780014A1-FC75-E35A-E94F-A4587343FEC7">
<createdBy>admin</createdBy>
<createdTime>2015-10-26 05:31:20 UTC</createdTime>
<ownerDesignName>univ_info_sys_2</ownerDesignName>
<engineerTo>
<item key="6BB98802-0B60-AC1E-583C-C923CE882AB8" value="true"/>
</engineerTo>
<nullsAllowed>true</nullsAllowed>
<useDomainConstraints>false</useDomainConstraints>
<use>1</use>
<logicalDatatype>LOGDT011</logicalDatatype>
<ownDataTypeParameters>,,</ownDataTypeParameters>
</Attribute>
<Attribute name="lecture_group" id="20119DCE-A3F6-A1E5-B3B7-282B2F600366">
<createdBy>Marin F</createdBy>
<createdTime>2011-08-27 05:24:19 UTC</createdTime>
<ownerDesignName>univ_info_sys_2</ownerDesignName>
<engineerTo>
<item key="6BB98802-0B60-AC1E-583C-C923CE882AB8" value="true"/>
</engineerTo>
<useDomainConstraints>false</useDomainConstraints>
<use>1</use>
<logicalDatatype>LOGDT018</logicalDatatype>
<ownDataTypeParameters>,,</ownDataTypeParameters>
<listOfRanges>
<rangeDef class="oracle.dbtools.crest.model.design.constraint.AVT">
<beginValue>1</beginValue>
<endValue>20</endValue>
</rangeDef>
</listOfRanges>
</Attribute>
<Attribute name="teacher_code" id="3D4EE70F-B5A7-4EDC-4E38-9DF38FCB1B98">
<createdBy>Marin F</createdBy>
<createdTime>2011-08-27 05:44:28 UTC</createdTime>
<generatorID>4C93214B-2E77-7FE1-A653-88EE0A12DD9F</generatorID>
<ownerDesignName>univ_info_sys_2</ownerDesignName>
<engineerTo>
<item key="6BB98802-0B60-AC1E-583C-C923CE882AB8" value="true"/>
</engineerTo>
<nullsAllowed>true</nullsAllowed>
<referedAttribute>3447AD76-5D56-7611-D82D-048FEFED29A5</referedAttribute>
<useDomainConstraints>false</useDomainConstraints>
<use>1</use>
<logicalDatatype>LOGDT024</logicalDatatype>
<dataTypeSize>5</dataTypeSize>
<ownDataTypeParameters>5,,</ownDataTypeParameters>
</Attribute>
<Attribute name="course_code" id="0D5FEA4F-C2F4-6ED4-BE2C-C4CC6EEE4D81">
<createdBy>Marin F</createdBy>
<createdTime>2011-08-27 05:46:05 UTC</createdTime>
<generatorID>F085211A-745B-49E9-398F-CE32B8805C04</generatorID>
<ownerDesignName>univ_info_sys_2</ownerDesignName>
<engineerTo>
<item key="6BB98802-0B60-AC1E-583C-C923CE882AB8" value="true"/>
</engineerTo>
<referedAttribute>B0A67509-375D-51CB-8313-8DA320C2F553</referedAttribute>
<useDomainConstraints>false</useDomainConstraints>
<use>1</use>
<logicalDatatype>LOGDT024</logicalDatatype>
<dataTypeSize>6</dataTypeSize>
<ownDataTypeParameters>6,,</ownDataTypeParameters>
</Attribute>
<Attribute name="main_study_group_group_id" id="0335B640-F079-CA34-36EF-9052A0D227B8">
<createdBy>admin</createdBy>
<createdTime>2015-10-26 05:32:34 UTC</createdTime>
<generatorID>C6554D73-CE97-FDB4-6D98-84B35C3DEE16</generatorID>
<ownerDesignName>univ_info_sys_2</ownerDesignName>
<engineerTo>
<item key="6BB98802-0B60-AC1E-583C-C923CE882AB8" value="true"/>
</engineerTo>
<referedAttribute>4A71919C-AE38-B776-C524-D23F9F36D97F</referedAttribute>
<useDomainConstraints>false</useDomainConstraints>
<use>1</use>
<logicalDatatype>LOGDT011</logicalDatatype>
<ownDataTypeParameters>,,</ownDataTypeParameters>
</Attribute>
<Attribute name="comments" id="F8DEC695-A3F2-274B-53B5-A5D2CEDB9914">
<createdBy>admin</createdBy>
<createdTime>2015-10-26 05:43:28 UTC</createdTime>
<ownerDesignName>univ_info_sys_2</ownerDesignName>
<engineerTo>
<item key="6BB98802-0B60-AC1E-583C-C923CE882AB8" value="true"/>
</engineerTo>
<nullsAllowed>true</nullsAllowed>
<useDomainConstraints>false</useDomainConstraints>
<use>1</use>
<logicalDatatype>LOGDT037</logicalDatatype>
<dataTypeSize>100</dataTypeSize>
<ownDataTypeParameters>100,,</ownDataTypeParameters>
</Attribute>
</attributes>
<identifiers itemClass="oracle.dbtools.crest.model.design.logical.CandidateKey">
<identifier id="AC9ABE1D-4C26-4D4D-3F9C-E4DC3F0D172A" name="lectures__pk">
<createdBy>Marin F</createdBy>
<createdTime>2011-08-27 05:43:58 UTC</createdTime>
<ownerDesignName>univ_info_sys_2</ownerDesignName>
<engineerTo>
<item key="6BB98802-0B60-AC1E-583C-C923CE882AB8" value="true"/>
</engineerTo>
<pk>true</pk>
<newElementsIDs>20119DCE-A3F6-A1E5-B3B7-282B2F600366</newElementsIDs>
<usedAttributes>
<attributeRef>20119DCE-A3F6-A1E5-B3B7-282B2F600366</attributeRef>
</usedAttributes>
</identifier>
</identifiers>
</Entity>