<?xml version = '1.0' encoding = 'UTF-8'?>
<relationalModel class="oracle.dbtools.crest.model.design.relational.RelationalDesign" name="Relational_1" id="1A7C3DBE-2327-B9AB-BA49-771A6B1800FD" mainViewID="CAE1055E-FC0D-D1C1-5CB3-A7D84CB3A1A6">
<createdBy>marinfotache</createdBy>
<createdTime>2018-10-25 20:30:03 UTC</createdTime>
<ownerDesignName>sales_5</ownerDesignName>
<shouldBeOpen>false</shouldBeOpen>
<selectedRDBMSSite>3FD120B5-9F4E-6278-D5E2-746D192C8319</selectedRDBMSSite>
</relationalModel>