<?xml version = '1.0' encoding = 'UTF-8'?>
<Entity class="oracle.dbtools.crest.model.design.logical.Entity" directorySegmentName="seg_0" id="0EDE6F31-BE63-B195-DF62-1458D660F6D4" name="autor_publicatie">
<createdBy>marinfotache</createdBy>
<createdTime>2020-11-25 15:52:00 UTC</createdTime>
<ownerDesignName>biblioteca</ownerDesignName>
<engineerTo>
<item key="E874FA34-F69C-1A94-790E-C646ACF7ED04" value="true"/>
</engineerTo>
<adequatelyNormalized>NO</adequatelyNormalized>
<expectedVolumes>0</expectedVolumes>
<fwdEngineeringStrategyName>Single Table</fwdEngineeringStrategyName>
<growthPercent>0</growthPercent>
<growthType>Year</growthType>
<maxVolumes>9999999</maxVolumes>
<minVolumes>0</minVolumes>
<normalForm>Third</normalForm>
<preferredAbbreviation>autori_publicatii</preferredAbbreviation>
<attributes itemClass="oracle.dbtools.crest.model.design.logical.Attribute">
<Attribute name="ordine_autor" id="B58EC338-5204-1407-684D-79B518197210">
<createdBy>marinfotache</createdBy>
<createdTime>2020-11-25 15:52:50 UTC</createdTime>
<ownerDesignName>biblioteca</ownerDesignName>
<engineerTo>
<item key="E874FA34-F69C-1A94-790E-C646ACF7ED04" value="true"/>
</engineerTo>
<useDomainConstraints>false</useDomainConstraints>
<use>1</use>
<logicalDatatype>LOGDT011</logicalDatatype>
<ownDataTypeParameters>,,</ownDataTypeParameters>
</Attribute>
<Attribute name="id_publicatie" id="942880A1-2DCB-CD5C-2028-BE4E4BB9B689">
<createdBy>marinfotache</createdBy>
<createdTime>2020-11-25 15:53:47 UTC</createdTime>
<generatorID>DCAAB865-4F99-B70A-406B-76C6298B9347</generatorID>
<ownerDesignName>biblioteca</ownerDesignName>
<engineerTo>
<item key="E874FA34-F69C-1A94-790E-C646ACF7ED04" value="true"/>
</engineerTo>
<referedAttribute>E3FFD751-D48A-F078-30E8-1E6C7C01497E</referedAttribute>
<useDomainConstraints>false</useDomainConstraints>
<use>1</use>
<logicalDatatype>LOGDT011</logicalDatatype>
<ownDataTypeParameters>,,</ownDataTypeParameters>
</Attribute>
<Attribute name="id_autor" id="70E00933-0A8E-9391-F751-DDE61631AEB6">
<createdBy>marinfotache</createdBy>
<createdTime>2020-12-02 13:58:41 UTC</createdTime>
<generatorID>CFB58DDB-3F14-3911-8493-1A4A8DE4B399</generatorID>
<ownerDesignName>biblioteca</ownerDesignName>
<engineerTo>
<item key="E874FA34-F69C-1A94-790E-C646ACF7ED04" value="true"/>
</engineerTo>
<referedAttribute>0A64AD7C-AFB7-B178-F399-21697A45DB7A</referedAttribute>
<useDomainConstraints>false</useDomainConstraints>
<use>1</use>
<logicalDatatype>LOGDT011</logicalDatatype>
<ownDataTypeParameters>,,</ownDataTypeParameters>
</Attribute>
</attributes>
<identifiers itemClass="oracle.dbtools.crest.model.design.logical.CandidateKey">
<identifier id="40B17955-25AF-54A3-5F3F-C409E2D36837" name="autor_publicatie PK">
<createdBy>marinfotache</createdBy>
<createdTime>2020-11-25 15:56:09 UTC</createdTime>
<ownerDesignName>biblioteca</ownerDesignName>
<engineerTo>
<item key="E874FA34-F69C-1A94-790E-C646ACF7ED04" value="true"/>
</engineerTo>
<pk>true</pk>
<usedAttributes>
<attributeRef>942880A1-2DCB-CD5C-2028-BE4E4BB9B689</attributeRef>
<attributeRef>B58EC338-5204-1407-684D-79B518197210</attributeRef>
</usedAttributes>
</identifier>
</identifiers>
</Entity>