<?xml version = '1.0' encoding = 'UTF-8'?>
<Entity class="oracle.dbtools.crest.model.design.logical.Entity" directorySegmentName="seg_0" id="2D5A256C-7807-C398-1E33-F806B4375A22" name="articol_cuvant_cheie">
<createdBy>marinfotache</createdBy>
<createdTime>2020-11-25 15:57:34 UTC</createdTime>
<ownerDesignName>biblioteca</ownerDesignName>
<engineerTo>
<item key="E874FA34-F69C-1A94-790E-C646ACF7ED04" value="true"/>
</engineerTo>
<adequatelyNormalized>NO</adequatelyNormalized>
<expectedVolumes>0</expectedVolumes>
<fwdEngineeringStrategyName>Single Table</fwdEngineeringStrategyName>
<growthPercent>0</growthPercent>
<growthType>Year</growthType>
<maxVolumes>9999999</maxVolumes>
<minVolumes>0</minVolumes>
<normalForm>Third</normalForm>
<preferredAbbreviation>articole_cuvante_cheie</preferredAbbreviation>
<attributes itemClass="oracle.dbtools.crest.model.design.logical.Attribute">
<Attribute name="id_articol" id="17DFBE43-605C-D52E-50BC-051ADC766F91">
<createdBy>marinfotache</createdBy>
<createdTime>2020-12-02 14:05:01 UTC</createdTime>
<generatorID>C469B8E8-728A-D002-0FBF-31C1BC35D861</generatorID>
<ownerDesignName>biblioteca</ownerDesignName>
<engineerTo>
<item key="E874FA34-F69C-1A94-790E-C646ACF7ED04" value="true"/>
</engineerTo>
<referedAttribute>CD23946C-6E21-73F8-1CC5-7E902B6A11BC</referedAttribute>
<useDomainConstraints>false</useDomainConstraints>
<use>1</use>
<logicalDatatype>LOGDT011</logicalDatatype>
<ownDataTypeParameters>,,</ownDataTypeParameters>
</Attribute>
<Attribute name="cuvant_cheie" id="C8EE0E5C-C1D9-B8A6-45A1-C20D8C80A938">
<createdBy>marinfotache</createdBy>
<createdTime>2020-12-02 14:11:02 UTC</createdTime>
<generatorID>CD5FCEBD-A8EE-D311-D70D-137D29145717</generatorID>
<ownerDesignName>biblioteca</ownerDesignName>
<engineerTo>
<item key="E874FA34-F69C-1A94-790E-C646ACF7ED04" value="true"/>
</engineerTo>
<referedAttribute>F9121177-7A0C-F3BC-C6CA-5B17EBBA4783</referedAttribute>
<useDomainConstraints>false</useDomainConstraints>
<use>1</use>
<logicalDatatype>LOGDT024</logicalDatatype>
<dataTypeSize>50</dataTypeSize>
<ownDataTypeParameters>,,</ownDataTypeParameters>
</Attribute>
</attributes>
<identifiers itemClass="oracle.dbtools.crest.model.design.logical.CandidateKey">
<identifier id="45AC09F4-23B3-557F-0CD7-F95F230BC321" name="articol_cuvant_cheie PK">
<createdBy>marinfotache</createdBy>
<createdTime>2020-12-02 14:05:00 UTC</createdTime>
<ownerDesignName>biblioteca</ownerDesignName>
<engineerTo>
<item key="E874FA34-F69C-1A94-790E-C646ACF7ED04" value="true"/>
</engineerTo>
<pk>true</pk>
<usedAttributes>
<attributeRef>17DFBE43-605C-D52E-50BC-051ADC766F91</attributeRef>
<attributeRef>C8EE0E5C-C1D9-B8A6-45A1-C20D8C80A938</attributeRef>
</usedAttributes>
</identifier>
</identifiers>
</Entity>