<?xml version = '1.0' encoding = 'UTF-8'?>
<Entity class="oracle.dbtools.crest.model.design.logical.Entity" directorySegmentName="seg_0" id="5BE2AA70-91BE-FE39-1B43-0F15EDB3F833" name="imprumut">
<createdBy>marinfotache</createdBy>
<createdTime>2020-11-25 14:51:50 UTC</createdTime>
<ownerDesignName>biblioteca</ownerDesignName>
<engineerTo>
<item key="E874FA34-F69C-1A94-790E-C646ACF7ED04" value="true"/>
</engineerTo>
<adequatelyNormalized>NO</adequatelyNormalized>
<expectedVolumes>0</expectedVolumes>
<fwdEngineeringStrategyName>Single Table</fwdEngineeringStrategyName>
<growthPercent>0</growthPercent>
<growthType>Year</growthType>
<maxVolumes>9999999</maxVolumes>
<minVolumes>0</minVolumes>
<normalForm>Third</normalForm>
<preferredAbbreviation>imprumuturi</preferredAbbreviation>
<attributes itemClass="oracle.dbtools.crest.model.design.logical.Attribute">
<Attribute name="id_impumut" id="31F1996A-9B68-E508-0255-776606D27478">
<createdBy>marinfotache</createdBy>
<createdTime>2020-11-25 14:52:45 UTC</createdTime>
<ownerDesignName>biblioteca</ownerDesignName>
<engineerTo>
<item key="E874FA34-F69C-1A94-790E-C646ACF7ED04" value="true"/>
</engineerTo>
<useDomainConstraints>false</useDomainConstraints>
<use>1</use>
<logicalDatatype>LOGDT027</logicalDatatype>
<ownDataTypeParameters>,,</ownDataTypeParameters>
</Attribute>
<Attribute name="ts_imprumut" id="38378568-17F1-EF3C-2E9D-9841C8194D90">
<createdBy>marinfotache</createdBy>
<createdTime>2020-11-25 14:52:52 UTC</createdTime>
<ownerDesignName>biblioteca</ownerDesignName>
<engineerTo>
<item key="E874FA34-F69C-1A94-790E-C646ACF7ED04" value="true"/>
</engineerTo>
<useDomainConstraints>false</useDomainConstraints>
<use>1</use>
<logicalDatatype>LOGDT015</logicalDatatype>
<ownDataTypeParameters>,,</ownDataTypeParameters>
</Attribute>
<Attribute name="ts_restituire" id="5D3EE52C-DB4C-9095-F923-4BC648312083">
<createdBy>marinfotache</createdBy>
<createdTime>2020-11-25 14:53:08 UTC</createdTime>
<ownerDesignName>biblioteca</ownerDesignName>
<engineerTo>
<item key="E874FA34-F69C-1A94-790E-C646ACF7ED04" value="true"/>
</engineerTo>
<nullsAllowed>true</nullsAllowed>
<useDomainConstraints>false</useDomainConstraints>
<use>1</use>
<logicalDatatype>LOGDT015</logicalDatatype>
<ownDataTypeParameters>,,</ownDataTypeParameters>
</Attribute>
<Attribute name="id_cititor" id="19952940-A914-136A-E916-7F5B01A88511">
<createdBy>marinfotache</createdBy>
<createdTime>2020-11-25 15:48:23 UTC</createdTime>
<generatorID>E79CF08A-8DC3-EDD4-AEAD-B11E935671B3</generatorID>
<ownerDesignName>biblioteca</ownerDesignName>
<engineerTo>
<item key="E874FA34-F69C-1A94-790E-C646ACF7ED04" value="true"/>
</engineerTo>
<referedAttribute>E095D35C-ABDB-7128-CAED-F71CA4A756C8</referedAttribute>
<useDomainConstraints>false</useDomainConstraints>
<use>1</use>
<logicalDatatype>LOGDT011</logicalDatatype>
<ownDataTypeParameters>,,</ownDataTypeParameters>
</Attribute>
<Attribute name="cota" id="27960D3F-3F8F-6592-DD0D-A7E8628260C4">
<createdBy>marinfotache</createdBy>
<createdTime>2020-12-02 14:14:06 UTC</createdTime>
<generatorID>099D8CDC-6733-A3CC-95C8-68404FA6515C</generatorID>
<ownerDesignName>biblioteca</ownerDesignName>
<engineerTo>
<item key="E874FA34-F69C-1A94-790E-C646ACF7ED04" value="true"/>
</engineerTo>
<referedAttribute>11315412-8E71-3872-EF2E-A74E209668F8</referedAttribute>
<useDomainConstraints>false</useDomainConstraints>
<use>1</use>
<logicalDatatype>LOGDT024</logicalDatatype>
<dataTypeSize>25</dataTypeSize>
<ownDataTypeParameters>,,</ownDataTypeParameters>
</Attribute>
<Attribute name="id_bibliotecar" id="BB0A3D9E-CF91-578E-5651-0ABAEF006535">
<createdBy>marinfotache</createdBy>
<createdTime>2020-12-02 14:15:40 UTC</createdTime>
<generatorID>CAC1388C-6256-00E7-C149-93ECC1BF69C2</generatorID>
<ownerDesignName>biblioteca</ownerDesignName>
<engineerTo>
<item key="E874FA34-F69C-1A94-790E-C646ACF7ED04" value="true"/>
</engineerTo>
<referedAttribute>716489F8-445C-083B-1431-24F654D3F8A3</referedAttribute>
<useDomainConstraints>false</useDomainConstraints>
<use>1</use>
<logicalDatatype>LOGDT011</logicalDatatype>
<ownDataTypeParameters>,,</ownDataTypeParameters>
</Attribute>
<Attribute name="id_publicatie" id="E68FAE65-BC12-D62A-AA41-B64AD164B6B8">
<createdBy>marinfotache</createdBy>
<createdTime>2020-12-02 14:31:45 UTC</createdTime>
<generatorID>099D8CDC-6733-A3CC-95C8-68404FA6515C</generatorID>
<ownerDesignName>biblioteca</ownerDesignName>
<engineerTo>
<item key="E874FA34-F69C-1A94-790E-C646ACF7ED04" value="true"/>
</engineerTo>
<referedAttribute>E46C7859-3A63-C910-E172-D1B9E076CDF5</referedAttribute>
<useDomainConstraints>false</useDomainConstraints>
<use>1</use>
<logicalDatatype>LOGDT011</logicalDatatype>
<ownDataTypeParameters>,,</ownDataTypeParameters>
</Attribute>
<Attribute name="numar" id="0D29681E-B614-EA94-5070-3775DF1691C9">
<createdBy>marinfotache</createdBy>
<createdTime>2020-12-02 14:31:53 UTC</createdTime>
<generatorID>099D8CDC-6733-A3CC-95C8-68404FA6515C</generatorID>
<ownerDesignName>biblioteca</ownerDesignName>
<engineerTo>
<item key="E874FA34-F69C-1A94-790E-C646ACF7ED04" value="true"/>
</engineerTo>
<referedAttribute>E6AB997D-D5EB-0625-D441-14DD0ECAF290</referedAttribute>
<useDomainConstraints>false</useDomainConstraints>
<use>1</use>
<logicalDatatype>LOGDT024</logicalDatatype>
<dataTypeSize>10</dataTypeSize>
<ownDataTypeParameters>,,</ownDataTypeParameters>
</Attribute>
<Attribute name="id_publicatie1" id="A0FD5992-8E8C-1D7A-5629-D1000A8F5BA9">
<createdBy>marinfotache</createdBy>
<createdTime>2020-12-02 14:31:53 UTC</createdTime>
<generatorID>099D8CDC-6733-A3CC-95C8-68404FA6515C</generatorID>
<ownerDesignName>biblioteca</ownerDesignName>
<engineerTo>
<item key="E874FA34-F69C-1A94-790E-C646ACF7ED04" value="true"/>
</engineerTo>
<referedAttribute>7899F5CC-DD31-74B2-0792-7C0E6B66917E</referedAttribute>
<useDomainConstraints>false</useDomainConstraints>
<use>1</use>
<logicalDatatype>LOGDT011</logicalDatatype>
<ownDataTypeParameters>,,</ownDataTypeParameters>
</Attribute>
<Attribute name="titlu_volum" id="3709790D-3CC2-560F-51DF-1DCB72EDA60F">
<createdBy>marinfotache</createdBy>
<createdTime>2020-12-02 14:31:53 UTC</createdTime>
<generatorID>099D8CDC-6733-A3CC-95C8-68404FA6515C</generatorID>
<ownerDesignName>biblioteca</ownerDesignName>
<engineerTo>
<item key="E874FA34-F69C-1A94-790E-C646ACF7ED04" value="true"/>
</engineerTo>
<referedAttribute>2DB7B329-7F41-9E0A-D37A-3E3CAE111EA3</referedAttribute>
<useDomainConstraints>false</useDomainConstraints>
<use>1</use>
<logicalDatatype>LOGDT024</logicalDatatype>
<dataTypeSize>100</dataTypeSize>
<ownDataTypeParameters>,,</ownDataTypeParameters>
</Attribute>
<Attribute name="id_publicatie2" id="3D4ED239-FABD-C616-9E8C-8EE3459AE60D">
<createdBy>marinfotache</createdBy>
<createdTime>2020-12-02 14:32:07 UTC</createdTime>
<generatorID>099D8CDC-6733-A3CC-95C8-68404FA6515C</generatorID>
<ownerDesignName>biblioteca</ownerDesignName>
<engineerTo>
<item key="E874FA34-F69C-1A94-790E-C646ACF7ED04" value="true"/>
</engineerTo>
<referedAttribute>2985A74B-92B8-BE92-137A-FF738247A6F0</referedAttribute>
<useDomainConstraints>false</useDomainConstraints>
<use>1</use>
<logicalDatatype>LOGDT011</logicalDatatype>
<ownDataTypeParameters>,,</ownDataTypeParameters>
</Attribute>
<Attribute name="titlu_volum1" id="2C546B4D-26CB-72D7-26B9-5D5C5D964ED7">
<createdBy>marinfotache</createdBy>
<createdTime>2020-12-02 14:32:07 UTC</createdTime>
<generatorID>099D8CDC-6733-A3CC-95C8-68404FA6515C</generatorID>
<ownerDesignName>biblioteca</ownerDesignName>
<engineerTo>
<item key="E874FA34-F69C-1A94-790E-C646ACF7ED04" value="true"/>
</engineerTo>
<referedAttribute>440D1E6F-B5B9-8B56-24C1-EE99BF7CCF12</referedAttribute>
<useDomainConstraints>false</useDomainConstraints>
<use>1</use>
<logicalDatatype>LOGDT024</logicalDatatype>
<dataTypeSize>100</dataTypeSize>
<ownDataTypeParameters>,,</ownDataTypeParameters>
</Attribute>
</attributes>
<identifiers itemClass="oracle.dbtools.crest.model.design.logical.CandidateKey">
<identifier id="7CCDCC1F-14A8-16C9-6421-E5D3249DB3BB" name="imprumut PK">
<createdBy>marinfotache</createdBy>
<createdTime>2020-11-25 15:47:42 UTC</createdTime>
<ownerDesignName>biblioteca</ownerDesignName>
<engineerTo>
<item key="E874FA34-F69C-1A94-790E-C646ACF7ED04" value="true"/>
</engineerTo>
<pk>true</pk>
<usedAttributes>
<attributeRef>31F1996A-9B68-E508-0255-776606D27478</attributeRef>
</usedAttributes>
</identifier>
</identifiers>
</Entity>