<?xml version = '1.0' encoding = 'UTF-8'?>
<Entity class="oracle.dbtools.crest.model.design.logical.Entity" directorySegmentName="seg_0" id="5E82FA31-9980-7F4A-1E69-C94D2ED08AC5" name="exemplar">
<createdBy>marinfotache</createdBy>
<createdTime>2020-11-25 14:38:41 UTC</createdTime>
<ownerDesignName>biblioteca</ownerDesignName>
<engineerTo>
<item key="E874FA34-F69C-1A94-790E-C646ACF7ED04" value="true"/>
</engineerTo>
<adequatelyNormalized>NO</adequatelyNormalized>
<expectedVolumes>0</expectedVolumes>
<fwdEngineeringStrategyName>Single Table</fwdEngineeringStrategyName>
<growthPercent>0</growthPercent>
<growthType>Year</growthType>
<maxVolumes>9999999</maxVolumes>
<minVolumes>0</minVolumes>
<normalForm>Third</normalForm>
<preferredAbbreviation>exemplare</preferredAbbreviation>
<attributes itemClass="oracle.dbtools.crest.model.design.logical.Attribute">
<Attribute name="cota" id="11315412-8E71-3872-EF2E-A74E209668F8">
<createdBy>marinfotache</createdBy>
<createdTime>2020-11-25 14:39:00 UTC</createdTime>
<ownerDesignName>biblioteca</ownerDesignName>
<engineerTo>
<item key="E874FA34-F69C-1A94-790E-C646ACF7ED04" value="true"/>
</engineerTo>
<useDomainConstraints>false</useDomainConstraints>
<use>1</use>
<logicalDatatype>LOGDT024</logicalDatatype>
<dataTypeSize>25</dataTypeSize>
<ownDataTypeParameters>25,,</ownDataTypeParameters>
</Attribute>
<Attribute name="data_achizitionatii" id="4F8F7A97-A494-46A7-5191-CB2D2EA9A9E3">
<createdBy>marinfotache</createdBy>
<createdTime>2020-11-25 14:39:28 UTC</createdTime>
<ownerDesignName>biblioteca</ownerDesignName>
<engineerTo>
<item key="E874FA34-F69C-1A94-790E-C646ACF7ED04" value="true"/>
</engineerTo>
<nullsAllowed>true</nullsAllowed>
<useDomainConstraints>false</useDomainConstraints>
<use>1</use>
<logicalDatatype>LOGDT007</logicalDatatype>
<ownDataTypeParameters>,,</ownDataTypeParameters>
</Attribute>
<Attribute name="valoare_exemplar" id="9D4B3BF7-BEF1-2054-EA0F-40AACE7F1BD3">
<createdBy>marinfotache</createdBy>
<createdTime>2020-11-25 14:39:49 UTC</createdTime>
<ownerDesignName>biblioteca</ownerDesignName>
<engineerTo>
<item key="E874FA34-F69C-1A94-790E-C646ACF7ED04" value="true"/>
</engineerTo>
<nullsAllowed>true</nullsAllowed>
<useDomainConstraints>false</useDomainConstraints>
<use>1</use>
<logicalDatatype>LOGDT019</logicalDatatype>
<dataTypePrecision>10</dataTypePrecision>
<dataTypeScale>2</dataTypeScale>
<ownDataTypeParameters>,10,2</ownDataTypeParameters>
</Attribute>
<Attribute name="is_scoatere_uz" id="D9D816EA-64A9-1052-7B60-943E2E03E2F1">
<createdBy>marinfotache</createdBy>
<createdTime>2020-12-02 14:15:14 UTC</createdTime>
<generatorID>063E44A1-33EC-4218-0088-291CF8747F52</generatorID>
<ownerDesignName>biblioteca</ownerDesignName>
<engineerTo>
<item key="E874FA34-F69C-1A94-790E-C646ACF7ED04" value="true"/>
</engineerTo>
<referedAttribute>1DBA9D7C-087D-99B8-D593-64564FB5F612</referedAttribute>
<useDomainConstraints>false</useDomainConstraints>
<use>1</use>
<logicalDatatype>LOGDT011</logicalDatatype>
<ownDataTypeParameters>,,</ownDataTypeParameters>
</Attribute>
<Attribute name="id_publicatie" id="E46C7859-3A63-C910-E172-D1B9E076CDF5">
<createdBy>marinfotache</createdBy>
<createdTime>2020-12-02 14:31:45 UTC</createdTime>
<generatorID>2056F65C-71B0-CA16-7196-428C06B71731</generatorID>
<ownerDesignName>biblioteca</ownerDesignName>
<engineerTo>
<item key="E874FA34-F69C-1A94-790E-C646ACF7ED04" value="true"/>
</engineerTo>
<referedAttribute>E3FFD751-D48A-F078-30E8-1E6C7C01497E</referedAttribute>
<useDomainConstraints>false</useDomainConstraints>
<use>1</use>
<logicalDatatype>LOGDT011</logicalDatatype>
<ownDataTypeParameters>,,</ownDataTypeParameters>
</Attribute>
<Attribute name="numar" id="E6AB997D-D5EB-0625-D441-14DD0ECAF290">
<createdBy>marinfotache</createdBy>
<createdTime>2020-12-02 14:31:53 UTC</createdTime>
<generatorID>6AC4CD76-CE13-E6A5-BB38-05384E74FC45</generatorID>
<ownerDesignName>biblioteca</ownerDesignName>
<engineerTo>
<item key="E874FA34-F69C-1A94-790E-C646ACF7ED04" value="true"/>
</engineerTo>
<referedAttribute>F351BB11-97D1-0D11-739F-7329C5A9E27B</referedAttribute>
<useDomainConstraints>false</useDomainConstraints>
<use>1</use>
<logicalDatatype>LOGDT024</logicalDatatype>
<dataTypeSize>10</dataTypeSize>
<ownDataTypeParameters>,,</ownDataTypeParameters>
</Attribute>
<Attribute name="id_publicatie1" id="7899F5CC-DD31-74B2-0792-7C0E6B66917E">
<createdBy>marinfotache</createdBy>
<createdTime>2020-12-02 14:31:53 UTC</createdTime>
<generatorID>6AC4CD76-CE13-E6A5-BB38-05384E74FC45</generatorID>
<ownerDesignName>biblioteca</ownerDesignName>
<engineerTo>
<item key="E874FA34-F69C-1A94-790E-C646ACF7ED04" value="true"/>
</engineerTo>
<referedAttribute>FB171B2E-6CFE-499D-6731-4F328998CFE9</referedAttribute>
<useDomainConstraints>false</useDomainConstraints>
<use>1</use>
<logicalDatatype>LOGDT011</logicalDatatype>
<ownDataTypeParameters>,,</ownDataTypeParameters>
</Attribute>
<Attribute name="titlu_volum" id="2DB7B329-7F41-9E0A-D37A-3E3CAE111EA3">
<createdBy>marinfotache</createdBy>
<createdTime>2020-12-02 14:31:53 UTC</createdTime>
<generatorID>6AC4CD76-CE13-E6A5-BB38-05384E74FC45</generatorID>
<ownerDesignName>biblioteca</ownerDesignName>
<engineerTo>
<item key="E874FA34-F69C-1A94-790E-C646ACF7ED04" value="true"/>
</engineerTo>
<referedAttribute>F1C82E42-730C-4F8A-9CBB-8BA730DF3818</referedAttribute>
<useDomainConstraints>false</useDomainConstraints>
<use>1</use>
<logicalDatatype>LOGDT024</logicalDatatype>
<dataTypeSize>100</dataTypeSize>
<ownDataTypeParameters>,,</ownDataTypeParameters>
</Attribute>
<Attribute name="id_publicatie2" id="2985A74B-92B8-BE92-137A-FF738247A6F0">
<createdBy>marinfotache</createdBy>
<createdTime>2020-12-02 14:32:07 UTC</createdTime>
<generatorID>1FD16678-ED2A-E100-6944-BD2417E219B9</generatorID>
<ownerDesignName>biblioteca</ownerDesignName>
<engineerTo>
<item key="E874FA34-F69C-1A94-790E-C646ACF7ED04" value="true"/>
</engineerTo>
<referedAttribute>D47225A8-0CBD-A6A3-B05A-4A11C9831DBF</referedAttribute>
<useDomainConstraints>false</useDomainConstraints>
<use>1</use>
<logicalDatatype>LOGDT011</logicalDatatype>
<ownDataTypeParameters>,,</ownDataTypeParameters>
</Attribute>
<Attribute name="titlu_volum1" id="440D1E6F-B5B9-8B56-24C1-EE99BF7CCF12">
<createdBy>marinfotache</createdBy>
<createdTime>2020-12-02 14:32:07 UTC</createdTime>
<generatorID>1FD16678-ED2A-E100-6944-BD2417E219B9</generatorID>
<ownerDesignName>biblioteca</ownerDesignName>
<engineerTo>
<item key="E874FA34-F69C-1A94-790E-C646ACF7ED04" value="true"/>
</engineerTo>
<referedAttribute>6958B3A5-F9A6-07E1-39E0-CFC14F2D2411</referedAttribute>
<useDomainConstraints>false</useDomainConstraints>
<use>1</use>
<logicalDatatype>LOGDT024</logicalDatatype>
<dataTypeSize>100</dataTypeSize>
<ownDataTypeParameters>,,</ownDataTypeParameters>
</Attribute>
</attributes>
<identifiers itemClass="oracle.dbtools.crest.model.design.logical.CandidateKey">
<identifier id="261F42C5-FC8C-1A1E-692D-A12CC502A59C" name="exemplar PK">
<createdBy>marinfotache</createdBy>
<createdTime>2020-12-02 14:13:55 UTC</createdTime>
<ownerDesignName>biblioteca</ownerDesignName>
<engineerTo>
<item key="E874FA34-F69C-1A94-790E-C646ACF7ED04" value="true"/>
</engineerTo>
<pk>true</pk>
<usedAttributes>
<attributeRef>11315412-8E71-3872-EF2E-A74E209668F8</attributeRef>
<attributeRef>E46C7859-3A63-C910-E172-D1B9E076CDF5</attributeRef>
<attributeRef>E6AB997D-D5EB-0625-D441-14DD0ECAF290</attributeRef>
<attributeRef>7899F5CC-DD31-74B2-0792-7C0E6B66917E</attributeRef>
<attributeRef>2DB7B329-7F41-9E0A-D37A-3E3CAE111EA3</attributeRef>
<attributeRef>2985A74B-92B8-BE92-137A-FF738247A6F0</attributeRef>
<attributeRef>440D1E6F-B5B9-8B56-24C1-EE99BF7CCF12</attributeRef>
</usedAttributes>
</identifier>
</identifiers>
</Entity>