<?xml version = '1.0' encoding = 'UTF-8'?>
<Entity class="oracle.dbtools.crest.model.design.logical.Entity" directorySegmentName="seg_0" id="8968D11A-699E-B4E3-C407-0991190DE5F2" name="articol">
<createdBy>marinfotache</createdBy>
<createdTime>2020-11-25 14:44:36 UTC</createdTime>
<ownerDesignName>biblioteca</ownerDesignName>
<engineerTo>
<item key="E874FA34-F69C-1A94-790E-C646ACF7ED04" value="true"/>
</engineerTo>
<adequatelyNormalized>NO</adequatelyNormalized>
<expectedVolumes>0</expectedVolumes>
<fwdEngineeringStrategyName>Single Table</fwdEngineeringStrategyName>
<growthPercent>0</growthPercent>
<growthType>Year</growthType>
<maxVolumes>9999999</maxVolumes>
<minVolumes>0</minVolumes>
<normalForm>Third</normalForm>
<attributes itemClass="oracle.dbtools.crest.model.design.logical.Attribute">
<Attribute name="id_articol" id="CD23946C-6E21-73F8-1CC5-7E902B6A11BC">
<createdBy>marinfotache</createdBy>
<createdTime>2020-11-25 14:44:41 UTC</createdTime>
<ownerDesignName>biblioteca</ownerDesignName>
<engineerTo>
<item key="E874FA34-F69C-1A94-790E-C646ACF7ED04" value="true"/>
</engineerTo>
<useDomainConstraints>false</useDomainConstraints>
<use>1</use>
<logicalDatatype>LOGDT011</logicalDatatype>
<ownDataTypeParameters>,,</ownDataTypeParameters>
</Attribute>
<Attribute name="titlu_articol" id="5310AE91-0C5A-636B-FCD1-0A05F694D413">
<createdBy>marinfotache</createdBy>
<createdTime>2020-11-25 14:44:56 UTC</createdTime>
<ownerDesignName>biblioteca</ownerDesignName>
<engineerTo>
<item key="E874FA34-F69C-1A94-790E-C646ACF7ED04" value="true"/>
</engineerTo>
<useDomainConstraints>false</useDomainConstraints>
<use>1</use>
<logicalDatatype>LOGDT024</logicalDatatype>
<dataTypeSize>2000</dataTypeSize>
<ownDataTypeParameters>2000,,</ownDataTypeParameters>
</Attribute>
<Attribute name="pagina_start_articol" id="8FF8E077-FE38-66E0-8AF0-FBC0C00CBC53">
<createdBy>marinfotache</createdBy>
<createdTime>2020-11-25 14:45:15 UTC</createdTime>
<ownerDesignName>biblioteca</ownerDesignName>
<engineerTo>
<item key="E874FA34-F69C-1A94-790E-C646ACF7ED04" value="true"/>
</engineerTo>
<nullsAllowed>true</nullsAllowed>
<useDomainConstraints>false</useDomainConstraints>
<use>1</use>
<logicalDatatype>LOGDT024</logicalDatatype>
<dataTypeSize>10</dataTypeSize>
<ownDataTypeParameters>10,,</ownDataTypeParameters>
</Attribute>
<Attribute name="pagina_sfarsit_articol" id="2913F56D-9AA4-B7E5-02A7-0E1B1BFD1D6A">
<createdBy>marinfotache</createdBy>
<createdTime>2020-11-25 14:45:27 UTC</createdTime>
<ownerDesignName>biblioteca</ownerDesignName>
<engineerTo>
<item key="E874FA34-F69C-1A94-790E-C646ACF7ED04" value="true"/>
</engineerTo>
<nullsAllowed>true</nullsAllowed>
<useDomainConstraints>false</useDomainConstraints>
<use>1</use>
<logicalDatatype>LOGDT024</logicalDatatype>
<dataTypeSize>10</dataTypeSize>
<ownDataTypeParameters>10,,</ownDataTypeParameters>
</Attribute>
<Attribute name="numar" id="A6E42BA3-6695-FBE3-36E6-348BD49C2D21">
<createdBy>marinfotache</createdBy>
<createdTime>2020-12-02 14:24:13 UTC</createdTime>
<generatorID>6391FFFE-5038-15B9-7026-9705AE2D88E5</generatorID>
<ownerDesignName>biblioteca</ownerDesignName>
<engineerTo>
<item key="E874FA34-F69C-1A94-790E-C646ACF7ED04" value="true"/>
</engineerTo>
<referedAttribute>F351BB11-97D1-0D11-739F-7329C5A9E27B</referedAttribute>
<useDomainConstraints>false</useDomainConstraints>
<use>1</use>
<logicalDatatype>LOGDT024</logicalDatatype>
<dataTypeSize>10</dataTypeSize>
<ownDataTypeParameters>,,</ownDataTypeParameters>
</Attribute>
<Attribute name="id_publicatie" id="6AED1487-F798-F1D7-E8F2-181D0F7BE185">
<createdBy>marinfotache</createdBy>
<createdTime>2020-12-02 14:24:13 UTC</createdTime>
<generatorID>6391FFFE-5038-15B9-7026-9705AE2D88E5</generatorID>
<ownerDesignName>biblioteca</ownerDesignName>
<engineerTo>
<item key="E874FA34-F69C-1A94-790E-C646ACF7ED04" value="true"/>
</engineerTo>
<referedAttribute>FB171B2E-6CFE-499D-6731-4F328998CFE9</referedAttribute>
<useDomainConstraints>false</useDomainConstraints>
<use>1</use>
<logicalDatatype>LOGDT011</logicalDatatype>
<ownDataTypeParameters>,,</ownDataTypeParameters>
</Attribute>
<Attribute name="titlu_volum" id="A981B315-87B0-FCB8-2450-A895350DD90B">
<createdBy>marinfotache</createdBy>
<createdTime>2020-12-02 14:24:13 UTC</createdTime>
<generatorID>6391FFFE-5038-15B9-7026-9705AE2D88E5</generatorID>
<ownerDesignName>biblioteca</ownerDesignName>
<engineerTo>
<item key="E874FA34-F69C-1A94-790E-C646ACF7ED04" value="true"/>
</engineerTo>
<referedAttribute>F1C82E42-730C-4F8A-9CBB-8BA730DF3818</referedAttribute>
<useDomainConstraints>false</useDomainConstraints>
<use>1</use>
<logicalDatatype>LOGDT024</logicalDatatype>
<dataTypeSize>100</dataTypeSize>
<ownDataTypeParameters>,,</ownDataTypeParameters>
</Attribute>
<Attribute name="id_publicatie1" id="85301497-9F29-14D4-FEC5-E8015E51B3A9">
<createdBy>marinfotache</createdBy>
<createdTime>2020-12-02 14:25:10 UTC</createdTime>
<generatorID>5328084E-F78E-240B-E8EB-E3A98F5B574C</generatorID>
<ownerDesignName>biblioteca</ownerDesignName>
<engineerTo>
<item key="E874FA34-F69C-1A94-790E-C646ACF7ED04" value="true"/>
</engineerTo>
<referedAttribute>D47225A8-0CBD-A6A3-B05A-4A11C9831DBF</referedAttribute>
<useDomainConstraints>false</useDomainConstraints>
<use>1</use>
<logicalDatatype>LOGDT011</logicalDatatype>
<ownDataTypeParameters>,,</ownDataTypeParameters>
</Attribute>
<Attribute name="titlu_volum1" id="A35C7500-A1CF-4BE8-F912-6C3B2A263D9A">
<createdBy>marinfotache</createdBy>
<createdTime>2020-12-02 14:25:10 UTC</createdTime>
<generatorID>5328084E-F78E-240B-E8EB-E3A98F5B574C</generatorID>
<ownerDesignName>biblioteca</ownerDesignName>
<engineerTo>
<item key="E874FA34-F69C-1A94-790E-C646ACF7ED04" value="true"/>
</engineerTo>
<referedAttribute>6958B3A5-F9A6-07E1-39E0-CFC14F2D2411</referedAttribute>
<useDomainConstraints>false</useDomainConstraints>
<use>1</use>
<logicalDatatype>LOGDT024</logicalDatatype>
<dataTypeSize>100</dataTypeSize>
<ownDataTypeParameters>,,</ownDataTypeParameters>
</Attribute>
</attributes>
<identifiers itemClass="oracle.dbtools.crest.model.design.logical.CandidateKey">
<identifier id="92904AA7-CD54-A90D-C780-C8CC8EC7C0CE" name="articol PK">
<createdBy>marinfotache</createdBy>
<createdTime>2020-12-02 14:05:00 UTC</createdTime>
<ownerDesignName>biblioteca</ownerDesignName>
<engineerTo>
<item key="E874FA34-F69C-1A94-790E-C646ACF7ED04" value="true"/>
</engineerTo>
<pk>true</pk>
<usedAttributes>
<attributeRef>CD23946C-6E21-73F8-1CC5-7E902B6A11BC</attributeRef>
</usedAttributes>
</identifier>
</identifiers>
</Entity>