<?xml version = '1.0' encoding = 'UTF-8'?>
<Entity class="oracle.dbtools.crest.model.design.logical.Entity" directorySegmentName="seg_0" id="C7E335CC-143B-51D3-637A-1A4E824F1626" name="scoatere_uz">
<createdBy>marinfotache</createdBy>
<createdTime>2020-11-25 14:54:44 UTC</createdTime>
<ownerDesignName>biblioteca</ownerDesignName>
<engineerTo>
<item key="E874FA34-F69C-1A94-790E-C646ACF7ED04" value="true"/>
</engineerTo>
<adequatelyNormalized>NO</adequatelyNormalized>
<expectedVolumes>0</expectedVolumes>
<fwdEngineeringStrategyName>Single Table</fwdEngineeringStrategyName>
<growthPercent>0</growthPercent>
<growthType>Year</growthType>
<maxVolumes>9999999</maxVolumes>
<minVolumes>0</minVolumes>
<normalForm>Third</normalForm>
<preferredAbbreviation>scoateri_uz</preferredAbbreviation>
<attributes itemClass="oracle.dbtools.crest.model.design.logical.Attribute">
<Attribute name="is_scoatere_uz" id="1DBA9D7C-087D-99B8-D593-64564FB5F612">
<createdBy>marinfotache</createdBy>
<createdTime>2020-11-25 14:55:04 UTC</createdTime>
<ownerDesignName>biblioteca</ownerDesignName>
<engineerTo>
<item key="E874FA34-F69C-1A94-790E-C646ACF7ED04" value="true"/>
</engineerTo>
<useDomainConstraints>false</useDomainConstraints>
<use>1</use>
<logicalDatatype>LOGDT011</logicalDatatype>
<ownDataTypeParameters>,,</ownDataTypeParameters>
</Attribute>
<Attribute name="ts_scoatere_uz" id="2F227F4B-ABA8-3735-0C5A-6E039A0078E1">
<createdBy>marinfotache</createdBy>
<createdTime>2020-11-25 14:55:10 UTC</createdTime>
<ownerDesignName>biblioteca</ownerDesignName>
<engineerTo>
<item key="E874FA34-F69C-1A94-790E-C646ACF7ED04" value="true"/>
</engineerTo>
<nullsAllowed>true</nullsAllowed>
<useDomainConstraints>false</useDomainConstraints>
<use>1</use>
<logicalDatatype>LOGDT015</logicalDatatype>
<ownDataTypeParameters>,,</ownDataTypeParameters>
</Attribute>
<Attribute name="motiv_scoatere_uz" id="3290FF03-8EC7-3427-9C74-67CC710C964F">
<createdBy>marinfotache</createdBy>
<createdTime>2020-11-25 14:55:21 UTC</createdTime>
<ownerDesignName>biblioteca</ownerDesignName>
<engineerTo>
<item key="E874FA34-F69C-1A94-790E-C646ACF7ED04" value="true"/>
</engineerTo>
<nullsAllowed>true</nullsAllowed>
<useDomainConstraints>false</useDomainConstraints>
<use>1</use>
<logicalDatatype>LOGDT024</logicalDatatype>
<dataTypeSize>100</dataTypeSize>
<ownDataTypeParameters>100,,</ownDataTypeParameters>
</Attribute>
<Attribute name="id_bibliotecar" id="DB901A7B-FF11-D516-DD5F-61450B8B3893">
<createdBy>marinfotache</createdBy>
<createdTime>2020-12-02 14:15:40 UTC</createdTime>
<generatorID>4723D246-C729-0A63-EBE4-ECD2876A55AB</generatorID>
<ownerDesignName>biblioteca</ownerDesignName>
<engineerTo>
<item key="E874FA34-F69C-1A94-790E-C646ACF7ED04" value="true"/>
</engineerTo>
<referedAttribute>716489F8-445C-083B-1431-24F654D3F8A3</referedAttribute>
<useDomainConstraints>false</useDomainConstraints>
<use>1</use>
<logicalDatatype>LOGDT011</logicalDatatype>
<ownDataTypeParameters>,,</ownDataTypeParameters>
</Attribute>
</attributes>
<identifiers itemClass="oracle.dbtools.crest.model.design.logical.CandidateKey">
<identifier id="7A359E64-EFB8-7B27-F98A-D3DF7D17602B" name="scoatere_uz PK">
<createdBy>marinfotache</createdBy>
<createdTime>2020-12-02 14:14:51 UTC</createdTime>
<ownerDesignName>biblioteca</ownerDesignName>
<engineerTo>
<item key="E874FA34-F69C-1A94-790E-C646ACF7ED04" value="true"/>
</engineerTo>
<pk>true</pk>
<usedAttributes>
<attributeRef>1DBA9D7C-087D-99B8-D593-64564FB5F612</attributeRef>
</usedAttributes>
</identifier>
</identifiers>
</Entity>