<?xml version = '1.0' encoding = 'UTF-8'?>
<Entity class="oracle.dbtools.crest.model.design.logical.Entity" directorySegmentName="seg_0" id="D7351FC1-E2FB-8E39-9AEA-993ABE2C1E58" name="numar_publicatie">
<createdBy>marinfotache</createdBy>
<createdTime>2020-11-25 14:30:47 UTC</createdTime>
<ownerDesignName>biblioteca</ownerDesignName>
<engineerTo>
<item key="E874FA34-F69C-1A94-790E-C646ACF7ED04" value="true"/>
</engineerTo>
<adequatelyNormalized>NO</adequatelyNormalized>
<expectedVolumes>0</expectedVolumes>
<fwdEngineeringStrategyName>Single Table</fwdEngineeringStrategyName>
<growthPercent>0</growthPercent>
<growthType>Year</growthType>
<maxVolumes>9999999</maxVolumes>
<minVolumes>0</minVolumes>
<normalForm>Third</normalForm>
<preferredAbbreviation>numere_publicatii</preferredAbbreviation>
<attributes itemClass="oracle.dbtools.crest.model.design.logical.Attribute">
<Attribute name="numar" id="F351BB11-97D1-0D11-739F-7329C5A9E27B">
<createdBy>marinfotache</createdBy>
<createdTime>2020-11-25 14:31:35 UTC</createdTime>
<ownerDesignName>biblioteca</ownerDesignName>
<engineerTo>
<item key="E874FA34-F69C-1A94-790E-C646ACF7ED04" value="true"/>
</engineerTo>
<useDomainConstraints>false</useDomainConstraints>
<use>1</use>
<logicalDatatype>LOGDT024</logicalDatatype>
<dataTypeSize>10</dataTypeSize>
<ownDataTypeParameters>10,,</ownDataTypeParameters>
</Attribute>
<Attribute name="numar_special" id="EEE8D5C4-473C-CF0D-6AFF-8DB4C23E5AFE">
<createdBy>marinfotache</createdBy>
<createdTime>2020-11-25 14:31:40 UTC</createdTime>
<ownerDesignName>biblioteca</ownerDesignName>
<engineerTo>
<item key="E874FA34-F69C-1A94-790E-C646ACF7ED04" value="true"/>
</engineerTo>
<nullsAllowed>true</nullsAllowed>
<useDomainConstraints>false</useDomainConstraints>
<use>1</use>
<logicalDatatype>LOGDT024</logicalDatatype>
<dataTypeSize>100</dataTypeSize>
<ownDataTypeParameters>100,,</ownDataTypeParameters>
</Attribute>
<Attribute name="an_aparitie_numar" id="1D8F3FF6-8D9A-1FA4-F77A-8F41914EC0C4">
<createdBy>marinfotache</createdBy>
<createdTime>2020-11-25 14:33:23 UTC</createdTime>
<ownerDesignName>biblioteca</ownerDesignName>
<engineerTo>
<item key="E874FA34-F69C-1A94-790E-C646ACF7ED04" value="true"/>
</engineerTo>
<useDomainConstraints>false</useDomainConstraints>
<use>1</use>
<logicalDatatype>LOGDT019</logicalDatatype>
<dataTypePrecision>4</dataTypePrecision>
<ownDataTypeParameters>,4,</ownDataTypeParameters>
</Attribute>
<Attribute name="luna_aparitie_numar" id="2610FE24-5670-B20D-8C6F-C44E4BE436E7">
<createdBy>marinfotache</createdBy>
<createdTime>2020-11-25 14:33:38 UTC</createdTime>
<ownerDesignName>biblioteca</ownerDesignName>
<engineerTo>
<item key="E874FA34-F69C-1A94-790E-C646ACF7ED04" value="true"/>
</engineerTo>
<nullsAllowed>true</nullsAllowed>
<useDomainConstraints>false</useDomainConstraints>
<use>1</use>
<logicalDatatype>LOGDT019</logicalDatatype>
<dataTypePrecision>2</dataTypePrecision>
<ownDataTypeParameters>,2,</ownDataTypeParameters>
</Attribute>
<Attribute name="nr_pagini" id="B2FED4AD-8744-3E56-15F9-A18F32538A5A">
<createdBy>marinfotache</createdBy>
<createdTime>2020-11-25 14:36:09 UTC</createdTime>
<ownerDesignName>biblioteca</ownerDesignName>
<engineerTo>
<item key="E874FA34-F69C-1A94-790E-C646ACF7ED04" value="true"/>
</engineerTo>
<nullsAllowed>true</nullsAllowed>
<useDomainConstraints>false</useDomainConstraints>
<use>1</use>
<logicalDatatype>LOGDT011</logicalDatatype>
<ownDataTypeParameters>,,</ownDataTypeParameters>
</Attribute>
<Attribute name="id_publicatie" id="FB171B2E-6CFE-499D-6731-4F328998CFE9">
<createdBy>marinfotache</createdBy>
<createdTime>2020-11-25 15:40:09 UTC</createdTime>
<generatorID>0D13204A-AC5B-DFD4-540B-B42286DEDA50</generatorID>
<ownerDesignName>biblioteca</ownerDesignName>
<engineerTo>
<item key="E874FA34-F69C-1A94-790E-C646ACF7ED04" value="true"/>
</engineerTo>
<referedAttribute>D47225A8-0CBD-A6A3-B05A-4A11C9831DBF</referedAttribute>
<useDomainConstraints>false</useDomainConstraints>
<use>1</use>
<logicalDatatype>LOGDT011</logicalDatatype>
<ownDataTypeParameters>,,</ownDataTypeParameters>
</Attribute>
<Attribute name="titlu_volum" id="F1C82E42-730C-4F8A-9CBB-8BA730DF3818">
<createdBy>marinfotache</createdBy>
<createdTime>2020-11-25 15:40:40 UTC</createdTime>
<generatorID>0D13204A-AC5B-DFD4-540B-B42286DEDA50</generatorID>
<ownerDesignName>biblioteca</ownerDesignName>
<engineerTo>
<item key="E874FA34-F69C-1A94-790E-C646ACF7ED04" value="true"/>
</engineerTo>
<referedAttribute>6958B3A5-F9A6-07E1-39E0-CFC14F2D2411</referedAttribute>
<useDomainConstraints>false</useDomainConstraints>
<use>1</use>
<logicalDatatype>LOGDT024</logicalDatatype>
<dataTypeSize>100</dataTypeSize>
<ownDataTypeParameters>100,,</ownDataTypeParameters>
</Attribute>
</attributes>
<identifiers itemClass="oracle.dbtools.crest.model.design.logical.CandidateKey">
<identifier id="B77CAB9B-CA5C-20E8-70B4-0836334BC255" name="numar_publicatie PK">
<createdBy>marinfotache</createdBy>
<createdTime>2020-11-25 15:36:27 UTC</createdTime>
<ownerDesignName>biblioteca</ownerDesignName>
<engineerTo>
<item key="E874FA34-F69C-1A94-790E-C646ACF7ED04" value="true"/>
</engineerTo>
<pk>true</pk>
<usedAttributes>
<attributeRef>F351BB11-97D1-0D11-739F-7329C5A9E27B</attributeRef>
<attributeRef>FB171B2E-6CFE-499D-6731-4F328998CFE9</attributeRef>
<attributeRef>F1C82E42-730C-4F8A-9CBB-8BA730DF3818</attributeRef>
</usedAttributes>
</identifier>
</identifiers>
</Entity>