<?xml version = '1.0' encoding = 'UTF-8'?>
<Entity class="oracle.dbtools.crest.model.design.logical.Entity" directorySegmentName="seg_0" id="DB85FB77-F866-A688-6B84-68E56C2910C7" name="consultare_electronica">
<createdBy>marinfotache</createdBy>
<createdTime>2020-11-25 15:01:01 UTC</createdTime>
<ownerDesignName>biblioteca</ownerDesignName>
<engineerTo>
<item key="E874FA34-F69C-1A94-790E-C646ACF7ED04" value="true"/>
</engineerTo>
<adequatelyNormalized>NO</adequatelyNormalized>
<expectedVolumes>0</expectedVolumes>
<fwdEngineeringStrategyName>Single Table</fwdEngineeringStrategyName>
<growthPercent>0</growthPercent>
<growthType>Year</growthType>
<maxVolumes>9999999</maxVolumes>
<minVolumes>0</minVolumes>
<normalForm>Third</normalForm>
<preferredAbbreviation>consultari_electronice</preferredAbbreviation>
<attributes itemClass="oracle.dbtools.crest.model.design.logical.Attribute">
<Attribute name="is_consultare" id="FF2F5EC4-4EA1-F5A1-1097-8617F537C57E">
<createdBy>marinfotache</createdBy>
<createdTime>2020-11-25 15:01:26 UTC</createdTime>
<ownerDesignName>biblioteca</ownerDesignName>
<engineerTo>
<item key="E874FA34-F69C-1A94-790E-C646ACF7ED04" value="true"/>
</engineerTo>
<useDomainConstraints>false</useDomainConstraints>
<use>1</use>
<logicalDatatype>LOGDT027</logicalDatatype>
<ownDataTypeParameters>,,</ownDataTypeParameters>
</Attribute>
<Attribute name="ts_consultare" id="3444FC1D-1F91-7759-1C90-82B45AD0CB94">
<createdBy>marinfotache</createdBy>
<createdTime>2020-11-25 15:01:36 UTC</createdTime>
<ownerDesignName>biblioteca</ownerDesignName>
<engineerTo>
<item key="E874FA34-F69C-1A94-790E-C646ACF7ED04" value="true"/>
</engineerTo>
<nullsAllowed>true</nullsAllowed>
<useDomainConstraints>false</useDomainConstraints>
<use>1</use>
<logicalDatatype>LOGDT015</logicalDatatype>
<ownDataTypeParameters>,,</ownDataTypeParameters>
</Attribute>
<Attribute name="adresa_ip" id="DE405592-3435-AFCA-508B-3DE0B09B0097">
<createdBy>marinfotache</createdBy>
<createdTime>2020-11-25 15:01:43 UTC</createdTime>
<ownerDesignName>biblioteca</ownerDesignName>
<engineerTo>
<item key="E874FA34-F69C-1A94-790E-C646ACF7ED04" value="true"/>
</engineerTo>
<nullsAllowed>true</nullsAllowed>
<useDomainConstraints>false</useDomainConstraints>
<use>1</use>
<logicalDatatype>LOGDT024</logicalDatatype>
<dataTypeSize>50</dataTypeSize>
<ownDataTypeParameters>50,,</ownDataTypeParameters>
</Attribute>
<Attribute name="statie" id="FDEA541F-A1AA-C116-11E8-92E0980AE963">
<createdBy>marinfotache</createdBy>
<createdTime>2020-11-25 15:02:05 UTC</createdTime>
<ownerDesignName>biblioteca</ownerDesignName>
<engineerTo>
<item key="E874FA34-F69C-1A94-790E-C646ACF7ED04" value="true"/>
</engineerTo>
<nullsAllowed>true</nullsAllowed>
<useDomainConstraints>false</useDomainConstraints>
<use>1</use>
<logicalDatatype>LOGDT024</logicalDatatype>
<dataTypeSize>100</dataTypeSize>
<ownDataTypeParameters>100,,</ownDataTypeParameters>
</Attribute>
<Attribute name="user_name" id="BB152128-BA3D-003F-96EE-84B5B42FBE0B">
<createdBy>marinfotache</createdBy>
<createdTime>2020-12-02 14:35:22 UTC</createdTime>
<generatorID>E439BA1A-F138-4A52-50D4-4BF5EAB5918C</generatorID>
<ownerDesignName>biblioteca</ownerDesignName>
<engineerTo>
<item key="E874FA34-F69C-1A94-790E-C646ACF7ED04" value="true"/>
</engineerTo>
<referedAttribute>6E97C05B-A0E7-187C-2A13-364BDBF88D78</referedAttribute>
<useDomainConstraints>false</useDomainConstraints>
<use>1</use>
<logicalDatatype>LOGDT024</logicalDatatype>
<dataTypeSize>100</dataTypeSize>
<ownDataTypeParameters>,,</ownDataTypeParameters>
</Attribute>
<Attribute name="id_publicatie" id="F9D40011-2E76-C724-D0C3-5CBE54B9EAB0">
<createdBy>marinfotache</createdBy>
<createdTime>2020-12-02 14:37:24 UTC</createdTime>
<generatorID>C0BD7F9D-B7B2-25AF-5C3B-559300005856</generatorID>
<ownerDesignName>biblioteca</ownerDesignName>
<engineerTo>
<item key="E874FA34-F69C-1A94-790E-C646ACF7ED04" value="true"/>
</engineerTo>
<referedAttribute>E3FFD751-D48A-F078-30E8-1E6C7C01497E</referedAttribute>
<useDomainConstraints>false</useDomainConstraints>
<use>1</use>
<logicalDatatype>LOGDT011</logicalDatatype>
<ownDataTypeParameters>,,</ownDataTypeParameters>
</Attribute>
<Attribute name="id_articol" id="C4FB8A6A-E4DB-6CE4-86E9-8D6200E41164">
<createdBy>marinfotache</createdBy>
<createdTime>2020-12-02 14:37:36 UTC</createdTime>
<generatorID>50AAEFFD-5E24-EF4A-8065-F064A4DCF917</generatorID>
<ownerDesignName>biblioteca</ownerDesignName>
<engineerTo>
<item key="E874FA34-F69C-1A94-790E-C646ACF7ED04" value="true"/>
</engineerTo>
<referedAttribute>CD23946C-6E21-73F8-1CC5-7E902B6A11BC</referedAttribute>
<useDomainConstraints>false</useDomainConstraints>
<use>1</use>
<logicalDatatype>LOGDT011</logicalDatatype>
<ownDataTypeParameters>,,</ownDataTypeParameters>
</Attribute>
</attributes>
<identifiers itemClass="oracle.dbtools.crest.model.design.logical.CandidateKey">
<identifier id="7974A3C2-DB3C-B570-9573-C46900B409CA" name="consultare_electronica PK">
<createdBy>marinfotache</createdBy>
<createdTime>2020-12-02 14:17:29 UTC</createdTime>
<ownerDesignName>biblioteca</ownerDesignName>
<engineerTo>
<item key="E874FA34-F69C-1A94-790E-C646ACF7ED04" value="true"/>
</engineerTo>
<pk>true</pk>
<usedAttributes>
<attributeRef>FF2F5EC4-4EA1-F5A1-1097-8617F537C57E</attributeRef>
</usedAttributes>
</identifier>
</identifiers>
</Entity>