<?xml version = '1.0' encoding = 'UTF-8'?>
<Entity class="oracle.dbtools.crest.model.design.logical.Entity" directorySegmentName="seg_0" id="DC377527-5E80-42CD-C72E-C813289F7FAF" name="zile_serviciu_bibliotecar">
<createdBy>marinfotache</createdBy>
<createdTime>2020-11-25 14:56:48 UTC</createdTime>
<ownerDesignName>biblioteca</ownerDesignName>
<engineerTo>
<item key="E874FA34-F69C-1A94-790E-C646ACF7ED04" value="true"/>
</engineerTo>
<adequatelyNormalized>NO</adequatelyNormalized>
<expectedVolumes>0</expectedVolumes>
<fwdEngineeringStrategyName>Single Table</fwdEngineeringStrategyName>
<growthPercent>0</growthPercent>
<growthType>Year</growthType>
<maxVolumes>9999999</maxVolumes>
<minVolumes>0</minVolumes>
<normalForm>Third</normalForm>
<preferredAbbreviation>zile_serviciu_bibliotecari</preferredAbbreviation>
<attributes itemClass="oracle.dbtools.crest.model.design.logical.Attribute">
<Attribute name="ts_intrare_serviciu" id="1E760312-0D5C-8C21-29E5-30D6645DFD03">
<createdBy>marinfotache</createdBy>
<createdTime>2020-11-25 14:57:25 UTC</createdTime>
<ownerDesignName>biblioteca</ownerDesignName>
<engineerTo>
<item key="E874FA34-F69C-1A94-790E-C646ACF7ED04" value="true"/>
</engineerTo>
<nullsAllowed>true</nullsAllowed>
<useDomainConstraints>false</useDomainConstraints>
<use>1</use>
<logicalDatatype>LOGDT015</logicalDatatype>
<ownDataTypeParameters>,,</ownDataTypeParameters>
</Attribute>
<Attribute name="ts_iesire_serviciu_1" id="685F7682-CF02-711B-2E40-74EEB3695382">
<createdBy>marinfotache</createdBy>
<createdTime>2020-11-25 14:57:44 UTC</createdTime>
<ownerDesignName>biblioteca</ownerDesignName>
<engineerTo>
<item key="E874FA34-F69C-1A94-790E-C646ACF7ED04" value="true"/>
</engineerTo>
<nullsAllowed>true</nullsAllowed>
<useDomainConstraints>false</useDomainConstraints>
<use>1</use>
<logicalDatatype>LOGDT015</logicalDatatype>
<ownDataTypeParameters>,,</ownDataTypeParameters>
</Attribute>
<Attribute name="id_bibliotecar" id="DC6B8701-7184-1C9A-2D5E-D662BC36722E">
<createdBy>marinfotache</createdBy>
<createdTime>2020-12-02 14:15:40 UTC</createdTime>
<generatorID>98A75551-2D4C-42DB-741F-23AB17559EEA</generatorID>
<ownerDesignName>biblioteca</ownerDesignName>
<engineerTo>
<item key="E874FA34-F69C-1A94-790E-C646ACF7ED04" value="true"/>
</engineerTo>
<referedAttribute>716489F8-445C-083B-1431-24F654D3F8A3</referedAttribute>
<useDomainConstraints>false</useDomainConstraints>
<use>1</use>
<logicalDatatype>LOGDT011</logicalDatatype>
<ownDataTypeParameters>,,</ownDataTypeParameters>
</Attribute>
</attributes>
<identifiers itemClass="oracle.dbtools.crest.model.design.logical.CandidateKey">
<identifier id="68B85457-3F20-5E8D-8A24-65CECD661028" name="zile_serviciu_bibliotecar PK">
<createdBy>marinfotache</createdBy>
<createdTime>2020-12-02 14:15:27 UTC</createdTime>
<ownerDesignName>biblioteca</ownerDesignName>
<engineerTo>
<item key="E874FA34-F69C-1A94-790E-C646ACF7ED04" value="true"/>
</engineerTo>
<pk>true</pk>
<usedAttributes>
<attributeRef>DC6B8701-7184-1C9A-2D5E-D662BC36722E</attributeRef>
</usedAttributes>
</identifier>
</identifiers>
</Entity>