<?xml version = '1.0' encoding = 'UTF-8'?>
<Entity class="oracle.dbtools.crest.model.design.logical.Entity" directorySegmentName="seg_0" id="F6ABB3EA-F299-5FF4-5E66-74AB79B71898" name="autor_articol">
<createdBy>marinfotache</createdBy>
<createdTime>2020-11-25 15:54:41 UTC</createdTime>
<ownerDesignName>biblioteca</ownerDesignName>
<engineerTo>
<item key="E874FA34-F69C-1A94-790E-C646ACF7ED04" value="true"/>
</engineerTo>
<adequatelyNormalized>NO</adequatelyNormalized>
<expectedVolumes>0</expectedVolumes>
<fwdEngineeringStrategyName>Single Table</fwdEngineeringStrategyName>
<growthPercent>0</growthPercent>
<growthType>Year</growthType>
<maxVolumes>9999999</maxVolumes>
<minVolumes>0</minVolumes>
<normalForm>Third</normalForm>
<preferredAbbreviation>autori_articole</preferredAbbreviation>
<attributes itemClass="oracle.dbtools.crest.model.design.logical.Attribute">
<Attribute name="ordine_autor" id="364875E5-2DCA-E6D7-EE6C-A3D8EE204CAF">
<createdBy>marinfotache</createdBy>
<createdTime>2020-11-25 15:55:04 UTC</createdTime>
<ownerDesignName>biblioteca</ownerDesignName>
<engineerTo>
<item key="E874FA34-F69C-1A94-790E-C646ACF7ED04" value="true"/>
</engineerTo>
<useDomainConstraints>false</useDomainConstraints>
<use>1</use>
<logicalDatatype>LOGDT011</logicalDatatype>
<ownDataTypeParameters>,,</ownDataTypeParameters>
</Attribute>
<Attribute name="id_autor" id="C5DCEB30-3EC1-ED1C-EEBE-524E4B7DC770">
<createdBy>marinfotache</createdBy>
<createdTime>2020-12-02 13:58:41 UTC</createdTime>
<generatorID>CAB3715E-AAC1-4BDB-3022-C45DDA3CC4F2</generatorID>
<ownerDesignName>biblioteca</ownerDesignName>
<engineerTo>
<item key="E874FA34-F69C-1A94-790E-C646ACF7ED04" value="true"/>
</engineerTo>
<referedAttribute>0A64AD7C-AFB7-B178-F399-21697A45DB7A</referedAttribute>
<useDomainConstraints>false</useDomainConstraints>
<use>1</use>
<logicalDatatype>LOGDT011</logicalDatatype>
<ownDataTypeParameters>,,</ownDataTypeParameters>
</Attribute>
<Attribute name="id_articol" id="244C340A-8492-C669-0667-A2C944C40A44">
<createdBy>marinfotache</createdBy>
<createdTime>2020-12-02 14:05:01 UTC</createdTime>
<generatorID>1417E703-223E-65DF-8C5B-E5C1467A27E3</generatorID>
<ownerDesignName>biblioteca</ownerDesignName>
<engineerTo>
<item key="E874FA34-F69C-1A94-790E-C646ACF7ED04" value="true"/>
</engineerTo>
<referedAttribute>CD23946C-6E21-73F8-1CC5-7E902B6A11BC</referedAttribute>
<useDomainConstraints>false</useDomainConstraints>
<use>1</use>
<logicalDatatype>LOGDT011</logicalDatatype>
<ownDataTypeParameters>,,</ownDataTypeParameters>
</Attribute>
</attributes>
<identifiers itemClass="oracle.dbtools.crest.model.design.logical.CandidateKey">
<identifier id="591E5496-23BD-0540-AADC-CD87649F3A4B" name="autor_articol PK">
<createdBy>marinfotache</createdBy>
<createdTime>2020-12-02 13:58:39 UTC</createdTime>
<ownerDesignName>biblioteca</ownerDesignName>
<engineerTo>
<item key="E874FA34-F69C-1A94-790E-C646ACF7ED04" value="true"/>
</engineerTo>
<pk>true</pk>
<usedAttributes>
<attributeRef>244C340A-8492-C669-0667-A2C944C40A44</attributeRef>
<attributeRef>364875E5-2DCA-E6D7-EE6C-A3D8EE204CAF</attributeRef>
</usedAttributes>
</identifier>
</identifiers>
</Entity>