<?xml version = '1.0' encoding = 'UTF-8'?>
<DataTypesDesign class="oracle.dbtools.crest.model.design.datatypes.DataTypesDesign" name="DataTypes" id="4046542B-F19D-37EB-1918-3AC066BCAB62" mainViewID="D1950FD4-E7A7-AF19-6D27-A609E7B15802">
<createdBy>Marin F</createdBy>
<createdTime>2011-10-05 05:38:56 UTC</createdTime>
<ownerDesignName>sefie1</ownerDesignName>
<shouldBeOpen>false</shouldBeOpen>
<defaultArrayLimit>10</defaultArrayLimit>
<useRoleInAssociationEndAsName>true</useRoleInAssociationEndAsName>
</DataTypesDesign>