<?xml version = '1.0' encoding = 'UTF-8'?>
<Arc class="oracle.dbtools.crest.model.design.logical.Arc" directorySegmentName="seg_0" id="77408848-2905-C4AC-F979-AFACECD0C312" name="Arc_1">
<createdBy>admin</createdBy>
<createdTime>2015-10-23 05:29:30 UTC</createdTime>
<ownerDesignName>catering_1</ownerDesignName>
<engineerTo>
<item key="50EA2B32-44CE-D6A0-595E-B572F735B8A2" value="true"/>
</engineerTo>
<entity>C8179D60-DF8B-12C7-4DC8-60CA0A0952C3</entity>
<relations>
<relationID>A74BA61B-0381-EC7C-058B-FC0A18363EB6</relationID>
<relationID>6A583F60-374A-8B42-3FD9-D38875E4FB34</relationID>
</relations>
</Arc>