<?xml version = '1.0' encoding = 'UTF-8'?>
<Arc class="oracle.dbtools.crest.model.design.logical.Arc" directorySegmentName="seg_0" id="8C767C7D-883A-9356-E4C7-EE7C023BEA4B" name="Arc_2">
<createdBy>admin</createdBy>
<createdTime>2015-10-23 06:16:09 UTC</createdTime>
<ownerDesignName>catering_1</ownerDesignName>
<engineerTo>
<item key="50EA2B32-44CE-D6A0-595E-B572F735B8A2" value="true"/>
</engineerTo>
<entity>23AC7B0E-C922-AD82-188C-AA45BEC486A7</entity>
<relations>
<relationID>A08003CF-1145-B1FE-33A0-69CA99C9D4A6</relationID>
<relationID>72B0C29C-592D-1710-A592-31D6149A26A5</relationID>
</relations>
</Arc>