<?xml version = '1.0' encoding = 'UTF-8'?>
<Diagram class="oracle.dbtools.crest.swingui.logical.DPVLogical" name="Logical" id="092C6E29-4C02-C205-53CB-71B8B713EB46">
<createdBy>Marin F</createdBy>
<modifiedBy>admin</modifiedBy>
<createdTime>2011-12-12 06:50:12 UTC</createdTime>
<autoRoute>false</autoRoute>
<boxInbox>true</boxInbox>
<showLegend>false</showLegend>
<showLabels>false</showLabels>
<showRelAttributes>false</showRelAttributes>
<gridEnabled>false</gridEnabled>
<showGrid>false</showGrid>
<diagramColor>-1</diagramColor>
<display>false</display>
<notation>1</notation>
<objectViews>
<OView class="oracle.dbtools.crest.swingui.logical.TVEntity" oid="02119166-12F0-1527-B6FE-633A2386AAA6" otype="Entity" vid="4542B4E5-5D7E-C989-1F75-5B36A94A8161">
<hideElementsInCurrentOnly>false</hideElementsInCurrentOnly>
<bounds x="4" y="290" width="152" height="89"/>
</OView>
<OView class="oracle.dbtools.crest.swingui.TVNote" oid="02B61A54-7B91-AB17-BA5A-B458E7125A81" otype="Note" vid="B9F1E515-1E15-48A5-5BF9-6B37A0FD1ABB">
<hideElementsInCurrentOnly>false</hideElementsInCurrentOnly>
<bounds x="420" y="14" width="221" height="88"/>
<comment>Ex. of car models:&lt;br/&gt;- Astra (Opel, General Motors)&lt;br/&gt;- Logan (Dacia, Renault)&lt;br/&gt;- CLK (Mercedes, Mercedes-Benz)</comment>
</OView>
<OView class="oracle.dbtools.crest.swingui.logical.TVEntity" oid="20CB9368-1869-424E-6707-44C2DDF22127" otype="Entity" vid="3152B4C5-564A-2E0B-318E-DD4F5D029A54">
<hideElementsInCurrentOnly>false</hideElementsInCurrentOnly>
<bounds x="642" y="266" width="242" height="77"/>
</OView>
<OView class="oracle.dbtools.crest.swingui.logical.TVEntity" oid="321B65BE-B618-1D82-CD9A-7EDD095F3CE1" otype="Entity" vid="B984D346-43FB-C7E5-75BA-D1E89F4FBF66">
<hideElementsInCurrentOnly>false</hideElementsInCurrentOnly>
<bounds x="899" y="136" width="161" height="85"/>
</OView>
<OView class="oracle.dbtools.crest.swingui.TVNote" oid="33F32535-632E-44D7-8799-5B373FB4A87D" otype="Note" vid="7A7E9F87-AB0F-B496-24DA-51D45B58748D">
<hideElementsInCurrentOnly>false</hideElementsInCurrentOnly>
<bounds x="909" y="20" width="132" height="109"/>
<comment>Ex. of manufacturers:&lt;br/&gt;- General Motors&lt;br/&gt;- Ford&lt;br/&gt;- Mercedez-Benz&lt;br/&gt;- Renault</comment>
</OView>
<OView class="oracle.dbtools.crest.swingui.logical.TVEntity" oid="3529D5FB-5517-4408-8955-13838594ABEF" otype="Entity" vid="73767195-0C07-16E2-114F-C667E8CD9ADD">
<hideElementsInCurrentOnly>false</hideElementsInCurrentOnly>
<bounds x="656" y="360" width="235" height="85"/>
</OView>
<OView class="oracle.dbtools.crest.swingui.logical.TVEntity" oid="4CA9F4E3-6FC0-D5FF-E115-EAAB54C5C3EF" otype="Entity" vid="295914A6-ABD2-DA7C-A7A5-1671AF1621FA">
<hideElementsInCurrentOnly>false</hideElementsInCurrentOnly>
<bounds x="433" y="123" width="180" height="118"/>
</OView>
<OView class="oracle.dbtools.crest.swingui.TVNote" oid="4DF9D879-6F0E-1468-D142-750F8CA50565" otype="Note" vid="87126769-652B-3AF6-2607-90B12D339FF7">
<hideElementsInCurrentOnly>false</hideElementsInCurrentOnly>
<bounds x="670" y="13" width="161" height="108"/>
<comment>Ex. of brands:&lt;br/&gt;- Mercedes&lt;br/&gt;- Opel&lt;br/&gt;- Chevrolet&lt;br/&gt;- Dacia</comment>
</OView>
<OView class="oracle.dbtools.crest.swingui.TVNote" oid="728C4CEE-430C-4884-A5FB-8F326C376348" otype="Note" vid="D29A896F-5FF3-A6AE-D4BC-33F1228F68E5">
<hideElementsInCurrentOnly>false</hideElementsInCurrentOnly>
<bounds x="20" y="172" width="111" height="99"/>
<comment>Ex. of chassis types:&lt;br/&gt;- Sedan&lt;br/&gt;- Estate (break)&lt;br/&gt;- ...</comment>
</OView>
<OView class="oracle.dbtools.crest.swingui.logical.TVEntity" oid="962EC6FB-637A-060C-BEF0-7EBCFD3139F8" otype="Entity" vid="CF2F5283-6A10-8CD9-B7DE-E841F7400C83">
<hideElementsInCurrentOnly>false</hideElementsInCurrentOnly>
<bounds x="636" y="470" width="151" height="121"/>
</OView>
<OView class="oracle.dbtools.crest.swingui.logical.TVEntity" oid="980E38A0-57D0-E0BC-8636-8F53D83878F6" otype="Entity" vid="91A89B23-93D8-9D12-F4A2-FB78E1E6EEE8">
<hideElementsInCurrentOnly>false</hideElementsInCurrentOnly>
<bounds x="148" y="114" width="201" height="122"/>
</OView>
<OView class="oracle.dbtools.crest.swingui.logical.TVEntity" oid="ABE00FDB-550A-1EC6-2E88-0C114857AF7F" otype="Entity" vid="9A48C995-88C6-F54F-140B-DEC35810AA90">
<hideElementsInCurrentOnly>false</hideElementsInCurrentOnly>
<bounds x="672" y="128" width="183" height="100"/>
</OView>
<OView class="oracle.dbtools.crest.swingui.TVNote" oid="B8244383-DC93-8594-5D2D-2ADD2929ECD0" otype="Note" vid="F3D13888-23A3-DD69-D6A1-20D267E74AB2">
<hideElementsInCurrentOnly>false</hideElementsInCurrentOnly>
<bounds x="40" y="7" width="353" height="88"/>
<comment>Ex. of car model versions:&lt;br/&gt;- Opel Astra A (manufactured between 1988 and 1993)&lt;br/&gt;- Opel Astra B (manufactured between 1994 and 1998)&lt;br/&gt;- Opel Astra C (manufactured between 1998 and 2005)</comment>
</OView>
<OView class="oracle.dbtools.crest.swingui.logical.TVEntity" oid="BC373306-0F49-4F92-E5E1-0037AE8242CB" otype="Entity" vid="32050EA2-8780-8E98-202D-E3E761D7870F">
<hideElementsInCurrentOnly>false</hideElementsInCurrentOnly>
<bounds x="150" y="451" width="206" height="226"/>
</OView>
<OView class="oracle.dbtools.crest.swingui.logical.TVEntity" oid="C26CD4B5-0E95-BBA7-DF6B-565F5E25B188" otype="Entity" vid="A69EE8FE-39B6-E49E-D76A-0060FB9044CE">
<hideElementsInCurrentOnly>false</hideElementsInCurrentOnly>
<bounds x="958" y="317" width="130" height="114"/>
</OView>
<OView class="oracle.dbtools.crest.swingui.logical.TVEntity" oid="CF717E12-DFA5-6B5F-0B21-A3B7ECACFECB" otype="Entity" vid="720B2577-E663-8EFF-5A26-F448EC92A851">
<hideElementsInCurrentOnly>false</hideElementsInCurrentOnly>
<bounds x="268" y="284" width="191" height="122"/>
</OView>
<OView class="oracle.dbtools.crest.swingui.logical.TVEntity" oid="D88C042B-7E62-0AFD-03DF-6FAC93A79F94" otype="Entity" vid="1E9DAA22-6D30-6D99-D302-6C91824537CC">
<hideElementsInCurrentOnly>false</hideElementsInCurrentOnly>
<bounds x="820" y="487" width="251" height="74"/>
</OView>
<OView class="oracle.dbtools.crest.swingui.logical.TVEntity" oid="E4EB14EB-89CB-3396-C963-02459BF8527C" otype="Entity" vid="7015BD2E-5C7A-B62B-9AA1-5F89AD7131D9">
<hideElementsInCurrentOnly>false</hideElementsInCurrentOnly>
<bounds x="415" y="494" width="162" height="89"/>
</OView>
<OView class="oracle.dbtools.crest.swingui.TVNote" oid="FC3CA574-141A-F296-1F6A-68B835E418F1" otype="Note" vid="BEB36CA8-FCB1-D42C-F1CA-B35551F86BAC">
<hideElementsInCurrentOnly>false</hideElementsInCurrentOnly>
<bounds x="1" y="390" width="143" height="121"/>
<comment>Ex. of equip variants for car model versions:&lt;br/&gt;- N&apos;Joy (Opel Astra B)&lt;br/&gt;- Prestige (Dacia Logan)</comment>
</OView>
</objectViews>
<connectors>
<Connector class="oracle.dbtools.crest.swingui.logical.TVRelation" oid="03FFB63C-4982-A002-12D4-42A7E1BC9F2A" otype="Relation" vid_source="A69EE8FE-39B6-E49E-D76A-0060FB9044CE" vid_target="73767195-0C07-16E2-114F-C667E8CD9ADD">
<hideElementsInCurrentOnly>false</hideElementsInCurrentOnly>
<lineWidth>1</lineWidth>
<points>
<point x="958" y="395"/>
<point x="891" y="395"/>
</points>
</Connector>
<Connector class="oracle.dbtools.crest.swingui.logical.TVRelation" oid="20C34848-C12F-E819-ADB9-CE7EA4D8F218" otype="Relation" vid_source="73767195-0C07-16E2-114F-C667E8CD9ADD" vid_target="1E9DAA22-6D30-6D99-D302-6C91824537CC">
<hideElementsInCurrentOnly>false</hideElementsInCurrentOnly>
<lineWidth>1</lineWidth>
<points>
<point x="855" y="445"/>
<point x="855" y="487"/>
</points>
</Connector>
<Connector class="oracle.dbtools.crest.swingui.logical.TVRelation" oid="2434A4D0-E56C-65BC-F7D7-B31F1EA3D49D" otype="Relation" vid_source="9A48C995-88C6-F54F-140B-DEC35810AA90" vid_target="295914A6-ABD2-DA7C-A7A5-1671AF1621FA">
<hideElementsInCurrentOnly>false</hideElementsInCurrentOnly>
<lineWidth>1</lineWidth>
<points>
<point x="672" y="178"/>
<point x="613" y="178"/>
</points>
</Connector>
<Connector class="oracle.dbtools.crest.swingui.logical.TVRelation" oid="2C4EB18E-28F2-7122-4211-2DFCBFFA49B4" otype="Relation" vid_source="720B2577-E663-8EFF-5A26-F448EC92A851" vid_target="73767195-0C07-16E2-114F-C667E8CD9ADD">
<hideElementsInCurrentOnly>false</hideElementsInCurrentOnly>
<lineWidth>1</lineWidth>
<points>
<point x="459" y="383"/>
<point x="656" y="383"/>
</points>
</Connector>
<Connector class="oracle.dbtools.crest.swingui.logical.TVRelation" oid="2C5BE544-5AA7-4E32-09D2-C1DFCC913E4B" otype="Relation" vid_source="720B2577-E663-8EFF-5A26-F448EC92A851" vid_target="7015BD2E-5C7A-B62B-9AA1-5F89AD7131D9">
<hideElementsInCurrentOnly>false</hideElementsInCurrentOnly>
<lineWidth>1</lineWidth>
<points>
<point x="437" y="406"/>
<point x="437" y="494"/>
</points>
</Connector>
<Connector class="oracle.dbtools.crest.swingui.logical.TVRelation" oid="3664F9BE-7040-D1C4-0209-BF326843D721" otype="Relation" vid_source="91A89B23-93D8-9D12-F4A2-FB78E1E6EEE8" vid_target="720B2577-E663-8EFF-5A26-F448EC92A851">
<hideElementsInCurrentOnly>false</hideElementsInCurrentOnly>
<lineWidth>1</lineWidth>
<points>
<point x="308" y="236"/>
<point x="308" y="284"/>
</points>
</Connector>
<Connector class="oracle.dbtools.crest.swingui.logical.TVRelation" oid="6DA641D2-C82F-AFCB-8A5F-1ED2626B3794" otype="Relation" vid_source="A69EE8FE-39B6-E49E-D76A-0060FB9044CE" vid_target="1E9DAA22-6D30-6D99-D302-6C91824537CC">
<hideElementsInCurrentOnly>false</hideElementsInCurrentOnly>
<lineWidth>1</lineWidth>
<points>
<point x="1014" y="431"/>
<point x="1014" y="487"/>
</points>
</Connector>
<Connector class="oracle.dbtools.crest.swingui.logical.TVRelation" oid="6E73AC46-94B4-7AF8-E73C-0AE75A460614" otype="Relation" vid_source="295914A6-ABD2-DA7C-A7A5-1671AF1621FA" vid_target="91A89B23-93D8-9D12-F4A2-FB78E1E6EEE8">
<hideElementsInCurrentOnly>false</hideElementsInCurrentOnly>
<lineWidth>1</lineWidth>
<points>
<point x="433" y="179"/>
<point x="349" y="179"/>
</points>
</Connector>
<Connector class="oracle.dbtools.crest.swingui.logical.TVRelation" oid="8D1F1B53-4095-D493-41E4-D3D75B860B60" otype="Relation" vid_source="CF2F5283-6A10-8CD9-B7DE-E841F7400C83" vid_target="7015BD2E-5C7A-B62B-9AA1-5F89AD7131D9">
<hideElementsInCurrentOnly>false</hideElementsInCurrentOnly>
<lineWidth>1</lineWidth>
<points>
<point x="636" y="538"/>
<point x="577" y="538"/>
</points>
</Connector>
<Connector class="oracle.dbtools.crest.swingui.logical.TVRelation" oid="A2185B91-4186-16EB-E609-BCDD641CBFF0" otype="Relation" vid_source="A69EE8FE-39B6-E49E-D76A-0060FB9044CE" vid_target="3152B4C5-564A-2E0B-318E-DD4F5D029A54">
<hideElementsInCurrentOnly>false</hideElementsInCurrentOnly>
<lineWidth>1</lineWidth>
<points>
<point x="958" y="330"/>
<point x="884" y="330"/>
</points>
</Connector>
<Connector class="oracle.dbtools.crest.swingui.logical.TVRelation" oid="B746979F-4C42-2734-C0A2-CFF784F7ACBE" otype="Relation" vid_source="B984D346-43FB-C7E5-75BA-D1E89F4FBF66" vid_target="9A48C995-88C6-F54F-140B-DEC35810AA90">
<hideElementsInCurrentOnly>false</hideElementsInCurrentOnly>
<lineWidth>1</lineWidth>
<points>
<point x="899" y="178"/>
<point x="855" y="178"/>
</points>
</Connector>
<Connector class="oracle.dbtools.crest.swingui.logical.TVRelation" oid="BBC5B76A-5F19-FD5D-5929-6DFC58859A88" otype="Relation" vid_source="4542B4E5-5D7E-C989-1F75-5B36A94A8161" vid_target="720B2577-E663-8EFF-5A26-F448EC92A851">
<hideElementsInCurrentOnly>false</hideElementsInCurrentOnly>
<lineWidth>1</lineWidth>
<points>
<point x="156" y="334"/>
<point x="268" y="334"/>
</points>
</Connector>
<Connector class="oracle.dbtools.crest.swingui.logical.TVRelation" oid="C10B3CBE-F64E-1A63-BA1F-DBF35F311D51" otype="Relation" vid_source="720B2577-E663-8EFF-5A26-F448EC92A851" vid_target="3152B4C5-564A-2E0B-318E-DD4F5D029A54">
<hideElementsInCurrentOnly>false</hideElementsInCurrentOnly>
<lineWidth>1</lineWidth>
<points>
<point x="459" y="313"/>
<point x="642" y="313"/>
</points>
</Connector>
<Connector class="oracle.dbtools.crest.swingui.logical.TVRelation" oid="E0C15EC1-2A02-99D1-9B1B-B77253AFDE61" otype="Relation" vid_source="32050EA2-8780-8E98-202D-E3E761D7870F" vid_target="7015BD2E-5C7A-B62B-9AA1-5F89AD7131D9">
<hideElementsInCurrentOnly>false</hideElementsInCurrentOnly>
<lineWidth>1</lineWidth>
<points>
<point x="356" y="538"/>
<point x="415" y="538"/>
</points>
</Connector>
</connectors>
</Diagram>