<?xml version = '1.0' encoding = 'UTF-8'?>
<Diagram class="oracle.dbtools.crest.swingui.relational.DPVRelational" name="Relational_1" id="1DA83EFA-8ACE-2AF9-B59C-3A59BBCA7C96">
<createdBy>Marin F</createdBy>
<modifiedBy>admin</modifiedBy>
<createdTime>2011-10-05 05:53:45 UTC</createdTime>
<autoRoute>false</autoRoute>
<boxInbox>true</boxInbox>
<showLegend>false</showLegend>
<showLabels>false</showLabels>
<showRelAttributes>false</showRelAttributes>
<gridEnabled>false</gridEnabled>
<showGrid>false</showGrid>
<diagramColor>-1</diagramColor>
<display>false</display>
<notation>1</notation>
<objectViews>
<OView class="oracle.dbtools.crest.swingui.relational.TVTable" oid="32EC0564-E2C8-6530-A4AC-E69A6303A3EB" otype="Table" vid="E7E8597D-57B1-E21C-6C24-733EAC04DFBD">
<hideElementsInCurrentOnly>false</hideElementsInCurrentOnly>
<bounds x="209" y="170" width="276" height="133"/>
</OView>
<OView class="oracle.dbtools.crest.swingui.relational.TVTable" oid="C5DFE016-DF16-1032-CA89-4ED2C8C78FD3" otype="Table" vid="A61C2877-ABA0-79C4-3E0A-14FAE914CCC2">
<hideElementsInCurrentOnly>false</hideElementsInCurrentOnly>
<bounds x="210" y="22" width="243" height="86"/>
</OView>
</objectViews>
<connectors>
<Connector class="oracle.dbtools.crest.swingui.relational.TVFKRelation" oid="C2CAD259-A3A4-F434-1245-DDD6E0BD18C5" otype="FKIndexAssociation" vid_source="A61C2877-ABA0-79C4-3E0A-14FAE914CCC2" vid_target="E7E8597D-57B1-E21C-6C24-733EAC04DFBD">
<hideElementsInCurrentOnly>false</hideElementsInCurrentOnly>
<lineWidth>1</lineWidth>
<points>
<point x="331" y="108"/>
<point x="331" y="170"/>
</points>
</Connector>
</connectors>
</Diagram>