<?xml version = '1.0' encoding = 'UTF-8'?>
<FKIndexAssociation class="oracle.dbtools.crest.model.design.relational.FKIndexAssociation" directorySegmentName="seg_0" id="2A2191FD-430F-441F-581C-FE02B9B58090" containerWithKeyObject="DBEAED67-7D9D-BF26-50F4-A95B6FD54127" localFKIndex="6CF523AF-AB45-A923-BBB4-13BDC4DF78B5" name="invoice_details_products_FK">
<createdBy>admin</createdBy>
<createdTime>2015-10-27 07:37:09 UTC</createdTime>
<generatorID>A29855C0-B8E0-9AB1-939F-006BD29DD707</generatorID>
<ownerDesignName>sales_1_solution_2</ownerDesignName>
<deleteRule>NO ACTION</deleteRule>
<referredTableID>5A5DE3F8-122E-B7EA-8097-640FE0668542</referredTableID>
<keyObject>0DB2B3BC-23AD-B1CF-009A-615C8625E697</keyObject>
<referredKeyID>0DB2B3BC-23AD-B1CF-009A-615C8625E697</referredKeyID>
<mandatory>true</mandatory>
<transferable>true</transferable>
<rely>false</rely>
<columnDependencyConstraintGenerateInDDL>true</columnDependencyConstraintGenerateInDDL>
</FKIndexAssociation>