<?xml version = '1.0' encoding = 'UTF-8'?>
<FKIndexAssociation class="oracle.dbtools.crest.model.design.relational.FKIndexAssociation" directorySegmentName="seg_0" id="2A258592-BC06-FF39-2E72-C5B52CF24AB6" containerWithKeyObject="88ACA00B-7548-A72C-C3A6-E1F268D9BF6D" localFKIndex="43E92442-10B4-27E2-3EA6-0CF41893A944" name="customers_postal_codes_FK">
<createdBy>admin</createdBy>
<createdTime>2015-10-27 07:37:09 UTC</createdTime>
<generatorID>041CAC65-CEE4-CBF4-1D2E-12DF8E5B7D4E</generatorID>
<ownerDesignName>sales_1_solution_2</ownerDesignName>
<deleteRule>NO ACTION</deleteRule>
<referredTableID>DA492E18-B80D-F5FF-A515-D296503F98AB</referredTableID>
<keyObject>A80E629F-1A04-80A6-CFF0-7E70D5E2D590</keyObject>
<referredKeyID>A80E629F-1A04-80A6-CFF0-7E70D5E2D590</referredKeyID>
<mandatory>true</mandatory>
<transferable>true</transferable>
<rely>false</rely>
<columnDependencyConstraintGenerateInDDL>true</columnDependencyConstraintGenerateInDDL>
</FKIndexAssociation>