<?xml version = '1.0' encoding = 'UTF-8'?>
<FKIndexAssociation class="oracle.dbtools.crest.model.design.relational.FKIndexAssociation" directorySegmentName="seg_0" id="2AF2BC28-4930-694E-971C-CC24EA3557A4" containerWithKeyObject="E0D72560-E0FE-6EF7-DAFD-7DB9FF9B3917" localFKIndex="7FC5ACA0-7D9F-2914-BA45-1E5969D20F5C" name="receipt_details_invoices_FK">
<createdBy>admin</createdBy>
<createdTime>2015-10-27 07:37:09 UTC</createdTime>
<generatorID>BFF71C8D-60AE-DDB3-E312-B35FE343EFE9</generatorID>
<ownerDesignName>sales_1_solution_2</ownerDesignName>
<deleteRule>NO ACTION</deleteRule>
<referredTableID>9A3B2A5F-7DDC-BA2F-D975-B382D80A1D85</referredTableID>
<keyObject>8D3C5FC2-9DA6-DBEA-04A5-B960B3453B88</keyObject>
<referredKeyID>8D3C5FC2-9DA6-DBEA-04A5-B960B3453B88</referredKeyID>
<mandatory>true</mandatory>
<transferable>true</transferable>
<rely>false</rely>
<columnDependencyConstraintGenerateInDDL>true</columnDependencyConstraintGenerateInDDL>
</FKIndexAssociation>