<?xml version = '1.0' encoding = 'UTF-8'?>
<FKIndexAssociation class="oracle.dbtools.crest.model.design.relational.FKIndexAssociation" directorySegmentName="seg_0" id="8232514B-BD9C-D5B0-CE7C-88111DC45C48" containerWithKeyObject="E0D72560-E0FE-6EF7-DAFD-7DB9FF9B3917" localFKIndex="1EF58991-0CFF-E456-95F6-13F28F460E6E" name="receipt_details_receipts_FK">
<createdBy>admin</createdBy>
<createdTime>2015-10-27 07:37:09 UTC</createdTime>
<generatorID>3DC8AEB8-57D3-AFB7-FCE8-7F08DCC93164</generatorID>
<ownerDesignName>sales_1_solution_2</ownerDesignName>
<deleteRule>NO ACTION</deleteRule>
<referredTableID>CBC0B5C9-1472-335B-2500-B85579C60AFA</referredTableID>
<keyObject>549C9C99-65C5-5D58-6BD4-33A5EBB22DD5</keyObject>
<referredKeyID>549C9C99-65C5-5D58-6BD4-33A5EBB22DD5</referredKeyID>
<mandatory>true</mandatory>
<transferable>true</transferable>
<rely>false</rely>
<columnDependencyConstraintGenerateInDDL>true</columnDependencyConstraintGenerateInDDL>
</FKIndexAssociation>