<?xml version = '1.0' encoding = 'UTF-8'?>
<FKIndexAssociation class="oracle.dbtools.crest.model.design.relational.FKIndexAssociation" directorySegmentName="seg_0" id="9C1B5749-3EE7-A0EE-EDE6-CF85DB6679C8" containerWithKeyObject="DBEAED67-7D9D-BF26-50F4-A95B6FD54127" localFKIndex="16597F74-37AE-EA4B-4014-8CDF0C276B62" name="invoice_details_invoices_FK">
<createdBy>admin</createdBy>
<createdTime>2015-10-27 07:37:09 UTC</createdTime>
<generatorID>FDA6341C-BE50-5CE3-3821-644B4FD1FDCC</generatorID>
<ownerDesignName>sales_1_solution_2</ownerDesignName>
<deleteRule>NO ACTION</deleteRule>
<referredTableID>9A3B2A5F-7DDC-BA2F-D975-B382D80A1D85</referredTableID>
<keyObject>8D3C5FC2-9DA6-DBEA-04A5-B960B3453B88</keyObject>
<referredKeyID>8D3C5FC2-9DA6-DBEA-04A5-B960B3453B88</referredKeyID>
<mandatory>true</mandatory>
<transferable>true</transferable>
<rely>false</rely>
<columnDependencyConstraintGenerateInDDL>true</columnDependencyConstraintGenerateInDDL>
</FKIndexAssociation>