<?xml version = '1.0' encoding = 'UTF-8'?>
<FKIndexAssociation class="oracle.dbtools.crest.model.design.relational.FKIndexAssociation" directorySegmentName="seg_0" id="CA5A530F-D48A-85FA-B5CD-946386F04126" containerWithKeyObject="465D9EAC-00E8-B1D0-CB06-BD562E693F0D" localFKIndex="7ADC6A37-BFBD-69C0-40EC-8CA16CBDEB35" name="contacts_customers_FK">
<createdBy>admin</createdBy>
<createdTime>2015-10-27 07:37:09 UTC</createdTime>
<generatorID>C8A70461-C856-4D8C-9F97-C9F252DDEE62</generatorID>
<ownerDesignName>sales_1_solution_2</ownerDesignName>
<deleteRule>NO ACTION</deleteRule>
<referredTableID>88ACA00B-7548-A72C-C3A6-E1F268D9BF6D</referredTableID>
<keyObject>D7AAAB70-0440-8D6C-6CAC-7B4A8DB31627</keyObject>
<referredKeyID>D7AAAB70-0440-8D6C-6CAC-7B4A8DB31627</referredKeyID>
<mandatory>true</mandatory>
<transferable>true</transferable>
<rely>false</rely>
<columnDependencyConstraintGenerateInDDL>true</columnDependencyConstraintGenerateInDDL>
</FKIndexAssociation>