<?xml version = '1.0' encoding = 'UTF-8'?>
<FKIndexAssociation class="oracle.dbtools.crest.model.design.relational.FKIndexAssociation" directorySegmentName="seg_0" id="DB9857C6-1B6B-823D-82AA-1082A4BC5F29" containerWithKeyObject="9A3B2A5F-7DDC-BA2F-D975-B382D80A1D85" localFKIndex="B455294E-3F58-29A0-3ED2-C959B43AB31D" name="invoices_customers_FK">
<createdBy>admin</createdBy>
<createdTime>2015-10-27 07:37:09 UTC</createdTime>
<generatorID>3887E4B0-99D7-4D22-8E5D-DB276E64F678</generatorID>
<ownerDesignName>sales_1_solution_2</ownerDesignName>
<deleteRule>NO ACTION</deleteRule>
<referredTableID>88ACA00B-7548-A72C-C3A6-E1F268D9BF6D</referredTableID>
<keyObject>D7AAAB70-0440-8D6C-6CAC-7B4A8DB31627</keyObject>
<referredKeyID>D7AAAB70-0440-8D6C-6CAC-7B4A8DB31627</referredKeyID>
<mandatory>true</mandatory>
<transferable>true</transferable>
<rely>false</rely>
<columnDependencyConstraintGenerateInDDL>true</columnDependencyConstraintGenerateInDDL>
</FKIndexAssociation>