<?xml version = '1.0' encoding = 'UTF-8'?>
<FKIndexAssociation class="oracle.dbtools.crest.model.design.relational.FKIndexAssociation" directorySegmentName="seg_0" id="DD30B01F-CF65-E448-701E-CF8F7C02567E" containerWithKeyObject="567DB2D9-833D-A3AA-895D-51D8A8994AAC" localFKIndex="9A3E8794-1BFF-E8C9-0A66-90ED654AB91A" name="people_postal_codes_FK">
<createdBy>admin</createdBy>
<createdTime>2015-10-27 07:37:09 UTC</createdTime>
<generatorID>8C1FC7B8-6660-31CC-55EE-8BE19F7D8F4F</generatorID>
<ownerDesignName>sales_1_solution_2</ownerDesignName>
<deleteRule>NO ACTION</deleteRule>
<referredTableID>DA492E18-B80D-F5FF-A515-D296503F98AB</referredTableID>
<keyObject>A80E629F-1A04-80A6-CFF0-7E70D5E2D590</keyObject>
<referredKeyID>A80E629F-1A04-80A6-CFF0-7E70D5E2D590</referredKeyID>
<mandatory>false</mandatory>
<transferable>true</transferable>
<rely>false</rely>
<columnDependencyConstraintGenerateInDDL>true</columnDependencyConstraintGenerateInDDL>
</FKIndexAssociation>