<?xml version = '1.0' encoding = 'UTF-8'?>
<FKIndexAssociation class="oracle.dbtools.crest.model.design.relational.FKIndexAssociation" directorySegmentName="seg_0" id="E65D4ED0-CD73-EE1A-7EF2-DD3EDF37A4D8" containerWithKeyObject="465D9EAC-00E8-B1D0-CB06-BD562E693F0D" localFKIndex="ACE6FE66-1B2E-4D3E-1CBA-7EEF7563D9D3" name="contacts_people_FK">
<createdBy>admin</createdBy>
<createdTime>2015-10-27 07:37:09 UTC</createdTime>
<generatorID>6F42A286-0894-7836-2315-203EE65990C9</generatorID>
<ownerDesignName>sales_1_solution_2</ownerDesignName>
<deleteRule>NO ACTION</deleteRule>
<referredTableID>567DB2D9-833D-A3AA-895D-51D8A8994AAC</referredTableID>
<keyObject>E2940747-E313-F293-4066-2943767FDC11</keyObject>
<referredKeyID>E2940747-E313-F293-4066-2943767FDC11</referredKeyID>
<mandatory>true</mandatory>
<transferable>true</transferable>
<rely>false</rely>
<columnDependencyConstraintGenerateInDDL>true</columnDependencyConstraintGenerateInDDL>
</FKIndexAssociation>