<?xml version = '1.0' encoding = 'UTF-8'?>
<FKIndexAssociation class="oracle.dbtools.crest.model.design.relational.FKIndexAssociation" directorySegmentName="seg_0" id="FA4B38D1-7C00-210A-8BF9-A61ECB13D494" containerWithKeyObject="DA492E18-B80D-F5FF-A515-D296503F98AB" localFKIndex="11F63EC1-33C0-F644-D187-0E13DCE3D0A0" name="postal_codes_counties_FK">
<createdBy>admin</createdBy>
<createdTime>2015-10-27 07:37:09 UTC</createdTime>
<generatorID>D42DE3C4-CE63-CA76-6A11-59ADAADC375E</generatorID>
<ownerDesignName>sales_1_solution_2</ownerDesignName>
<deleteRule>NO ACTION</deleteRule>
<referredTableID>837A178F-9C98-82F0-1C6C-77002F3E7FA3</referredTableID>
<keyObject>CF9609B3-0BAD-9D73-81F3-D8B080171880</keyObject>
<referredKeyID>CF9609B3-0BAD-9D73-81F3-D8B080171880</referredKeyID>
<mandatory>true</mandatory>
<transferable>true</transferable>
<rely>false</rely>
<columnDependencyConstraintGenerateInDDL>true</columnDependencyConstraintGenerateInDDL>
</FKIndexAssociation>