<?xml version = '1.0' encoding = 'UTF-8'?>
<relationalModel class="oracle.dbtools.crest.model.design.relational.RelationalDesign" name="Relational_1" id="4611A8CD-6810-561D-86ED-CC2BC23F7D42" mainViewID="0F18E267-AFBB-8AFF-6E2A-0A2C6ED09877">
<createdBy>marinfotache</createdBy>
<createdTime>2018-10-26 05:03:02 UTC</createdTime>
<ownerDesignName>05_models_and_serial_numbers</ownerDesignName>
<shouldBeOpen>false</shouldBeOpen>
<selectedRDBMSSite>3FD120B5-9F4E-6278-D5E2-746D192C8319</selectedRDBMSSite>
</relationalModel>