<?xml version = '1.0' encoding = 'UTF-8'?>
<Diagram class="oracle.dbtools.crest.swingui.relational.DPVRelational" name="Relational_1" id="57B4BE09-AA9B-F9C6-7E94-9F613042558C">
<createdBy>admin</createdBy>
<modifiedBy>admin</modifiedBy>
<createdTime>2015-11-09 05:31:50 UTC</createdTime>
<autoRoute>false</autoRoute>
<boxInbox>true</boxInbox>
<showLegend>false</showLegend>
<showLabels>false</showLabels>
<showRelAttributes>false</showRelAttributes>
<gridEnabled>false</gridEnabled>
<showGrid>false</showGrid>
<diagramColor>-1</diagramColor>
<display>false</display>
<notation>1</notation>
<objectViews>
<OView class="oracle.dbtools.crest.swingui.relational.TVTable" oid="048981BB-9E19-A050-10A7-2F4CCB9B5F4D" otype="Table" vid="574AEDE4-6FF4-A2A9-0F99-0C0469E92C07">
<hideElementsInCurrentOnly>false</hideElementsInCurrentOnly>
<bounds x="34" y="372" width="151" height="144"/>
</OView>
<OView class="oracle.dbtools.crest.swingui.relational.TVTable" oid="27ED7C49-D522-57DE-38D7-CE145390B736" otype="Table" vid="F80CE8F6-7066-1607-A1B3-C1BEE93F3B08">
<hideElementsInCurrentOnly>false</hideElementsInCurrentOnly>
<bounds x="498" y="298" width="198" height="212"/>
</OView>
<OView class="oracle.dbtools.crest.swingui.relational.TVTable" oid="3E1B1CE9-7CAA-BD8E-8671-1E9DBACAFBE5" otype="Table" vid="DE5351FE-D917-0943-BF7A-C084EB3DFCCE">
<hideElementsInCurrentOnly>false</hideElementsInCurrentOnly>
<bounds x="252" y="239" width="189" height="140"/>
</OView>
<OView class="oracle.dbtools.crest.swingui.relational.TVTable" oid="5A29D347-D07C-8862-E496-0B8779EFBA01" otype="Table" vid="FF5C37C7-EFD1-DB7C-DEC8-4CEC5CFD488C">
<hideElementsInCurrentOnly>false</hideElementsInCurrentOnly>
<bounds x="457" y="135" width="155" height="84"/>
</OView>
<OView class="oracle.dbtools.crest.swingui.relational.TVTable" oid="767730B1-F5A0-11A7-B439-32425023DCC8" otype="Table" vid="3085CD70-54FE-12ED-D832-9774711E49CA">
<hideElementsInCurrentOnly>false</hideElementsInCurrentOnly>
<bounds x="257" y="390" width="152" height="120"/>
</OView>
<OView class="oracle.dbtools.crest.swingui.relational.TVTable" oid="7D6199CF-EA6E-4491-36FC-9F3F399D3F25" otype="Table" vid="AD80D991-429F-9916-DD50-D07AD6EBE2C3">
<hideElementsInCurrentOnly>false</hideElementsInCurrentOnly>
<bounds x="197" y="6" width="156" height="148"/>
</OView>
<OView class="oracle.dbtools.crest.swingui.relational.TVTable" oid="ABE363AC-A64D-DB36-57A8-65BD81D2A27E" otype="Table" vid="96B3C168-9725-308D-E40C-BC5CB20CCFBB">
<hideElementsInCurrentOnly>false</hideElementsInCurrentOnly>
<bounds x="28" y="217" width="182" height="139"/>
</OView>
<OView class="oracle.dbtools.crest.swingui.relational.TVTable" oid="B46F2080-7B53-55DA-863C-174308734A63" otype="Table" vid="E7BDAAFD-98BD-72A9-5E8B-60B96106F55C">
<hideElementsInCurrentOnly>false</hideElementsInCurrentOnly>
<bounds x="547" y="10" width="200" height="83"/>
</OView>
<OView class="oracle.dbtools.crest.swingui.relational.TVTable" oid="D8724F2A-630D-3164-CE67-854F3D3FDE95" otype="Table" vid="AB2038E2-100F-F1F2-FB44-CD19AD37AAEB">
<hideElementsInCurrentOnly>false</hideElementsInCurrentOnly>
<bounds x="32" y="90" width="124" height="119"/>
</OView>
</objectViews>
<connectors>
<Connector class="oracle.dbtools.crest.swingui.relational.TVFKRelation" oid="019BA118-C6EB-5BB3-A87D-5A028737AE97" otype="FKIndexAssociation" vid_source="F80CE8F6-7066-1607-A1B3-C1BEE93F3B08" vid_target="574AEDE4-6FF4-A2A9-0F99-0C0469E92C07">
<hideElementsInCurrentOnly>false</hideElementsInCurrentOnly>
<lineWidth>1</lineWidth>
<points>
<point x="498" y="441"/>
<point x="185" y="441"/>
</points>
</Connector>
<Connector class="oracle.dbtools.crest.swingui.relational.TVFKRelation" oid="056A7F6A-9733-73B9-F820-22FF9B59A760" otype="FKIndexAssociation" vid_source="F80CE8F6-7066-1607-A1B3-C1BEE93F3B08" vid_target="3085CD70-54FE-12ED-D832-9774711E49CA">
<hideElementsInCurrentOnly>false</hideElementsInCurrentOnly>
<lineWidth>1</lineWidth>
<points>
<point x="498" y="460"/>
<point x="409" y="460"/>
</points>
</Connector>
<Connector class="oracle.dbtools.crest.swingui.relational.TVFKRelation" oid="21FF27E2-BD51-D2AC-F0D3-53071389AFD2" otype="FKIndexAssociation" vid_source="FF5C37C7-EFD1-DB7C-DEC8-4CEC5CFD488C" vid_target="AB2038E2-100F-F1F2-FB44-CD19AD37AAEB">
<hideElementsInCurrentOnly>false</hideElementsInCurrentOnly>
<lineWidth>1</lineWidth>
<points>
<point x="457" y="182"/>
<point x="156" y="182"/>
</points>
</Connector>
<Connector class="oracle.dbtools.crest.swingui.relational.TVFKRelation" oid="2CF7F6F5-3084-8AF9-91AB-DDC1656A76A3" otype="FKIndexAssociation" vid_source="574AEDE4-6FF4-A2A9-0F99-0C0469E92C07" vid_target="3085CD70-54FE-12ED-D832-9774711E49CA">
<hideElementsInCurrentOnly>false</hideElementsInCurrentOnly>
<lineWidth>1</lineWidth>
<points>
<point x="185" y="460"/>
<point x="257" y="460"/>
</points>
</Connector>
<Connector class="oracle.dbtools.crest.swingui.relational.TVFKRelation" oid="516DBAF4-3F19-392D-2D39-244ABBF171A0" otype="FKIndexAssociation" vid_source="FF5C37C7-EFD1-DB7C-DEC8-4CEC5CFD488C" vid_target="AB2038E2-100F-F1F2-FB44-CD19AD37AAEB">
<hideElementsInCurrentOnly>false</hideElementsInCurrentOnly>
<lineWidth>1</lineWidth>
<points>
<point x="457" y="172"/>
<point x="156" y="172"/>
</points>
</Connector>
<Connector class="oracle.dbtools.crest.swingui.relational.TVFKRelation" oid="95D5F82D-84AE-324D-3ED2-8C16D9BA195E" otype="FKIndexAssociation" vid_source="F80CE8F6-7066-1607-A1B3-C1BEE93F3B08" vid_target="DE5351FE-D917-0943-BF7A-C084EB3DFCCE">
<hideElementsInCurrentOnly>false</hideElementsInCurrentOnly>
<lineWidth>1</lineWidth>
<points>
<point x="498" y="338"/>
<point x="441" y="338"/>
</points>
</Connector>
<Connector class="oracle.dbtools.crest.swingui.relational.TVFKRelation" oid="9900C4EA-2255-F095-A889-3EE6CB613C70" otype="FKIndexAssociation" vid_source="E7BDAAFD-98BD-72A9-5E8B-60B96106F55C" vid_target="AD80D991-429F-9916-DD50-D07AD6EBE2C3">
<hideElementsInCurrentOnly>false</hideElementsInCurrentOnly>
<lineWidth>1</lineWidth>
<points>
<point x="547" y="51"/>
<point x="353" y="51"/>
</points>
</Connector>
<Connector class="oracle.dbtools.crest.swingui.relational.TVFKRelation" oid="A334ED3F-6162-41BF-8B83-D4144614C411" otype="FKIndexAssociation" vid_source="E7BDAAFD-98BD-72A9-5E8B-60B96106F55C" vid_target="F80CE8F6-7066-1607-A1B3-C1BEE93F3B08">
<hideElementsInCurrentOnly>false</hideElementsInCurrentOnly>
<lineWidth>1</lineWidth>
<points>
<point x="621" y="93"/>
<point x="621" y="298"/>
</points>
</Connector>
<Connector class="oracle.dbtools.crest.swingui.relational.TVFKRelation" oid="B35CE812-A12F-3B87-4AF0-6044820842D0" otype="FKIndexAssociation" vid_source="FF5C37C7-EFD1-DB7C-DEC8-4CEC5CFD488C" vid_target="F80CE8F6-7066-1607-A1B3-C1BEE93F3B08">
<hideElementsInCurrentOnly>false</hideElementsInCurrentOnly>
<lineWidth>1</lineWidth>
<points>
<point x="565" y="219"/>
<point x="565" y="298"/>
</points>
</Connector>
<Connector class="oracle.dbtools.crest.swingui.relational.TVFKRelation" oid="B7D0D824-0D8B-5935-685C-44F4A515581D" otype="FKIndexAssociation" vid_source="96B3C168-9725-308D-E40C-BC5CB20CCFBB" vid_target="DE5351FE-D917-0943-BF7A-C084EB3DFCCE">
<hideElementsInCurrentOnly>false</hideElementsInCurrentOnly>
<lineWidth>1</lineWidth>
<points>
<point x="210" y="297"/>
<point x="252" y="297"/>
</points>
</Connector>
<Connector class="oracle.dbtools.crest.swingui.relational.TVFKRelation" oid="B9D575BC-2AA7-B505-0E7A-0845144A3C9F" otype="FKIndexAssociation" vid_source="96B3C168-9725-308D-E40C-BC5CB20CCFBB" vid_target="AD80D991-429F-9916-DD50-D07AD6EBE2C3">
<hideElementsInCurrentOnly>false</hideElementsInCurrentOnly>
<lineWidth>1</lineWidth>
<points>
<point x="203" y="217"/>
<point x="203" y="154"/>
</points>
</Connector>
<Connector class="oracle.dbtools.crest.swingui.relational.TVFKRelation" oid="C232FEBE-90DF-7595-00D1-C4E8F91EEDF4" otype="FKIndexAssociation" vid_source="FF5C37C7-EFD1-DB7C-DEC8-4CEC5CFD488C" vid_target="96B3C168-9725-308D-E40C-BC5CB20CCFBB">
<hideElementsInCurrentOnly>false</hideElementsInCurrentOnly>
<lineWidth>1</lineWidth>
<points>
<point x="457" y="218"/>
<point x="210" y="218"/>
</points>
</Connector>
<Connector class="oracle.dbtools.crest.swingui.relational.TVFKRelation" oid="F0D52E96-1C3F-3DE3-53CE-CF2FC74B3285" otype="FKIndexAssociation" vid_source="FF5C37C7-EFD1-DB7C-DEC8-4CEC5CFD488C" vid_target="F80CE8F6-7066-1607-A1B3-C1BEE93F3B08">
<hideElementsInCurrentOnly>false</hideElementsInCurrentOnly>
<lineWidth>1</lineWidth>
<points>
<point x="555" y="219"/>
<point x="555" y="298"/>
</points>
</Connector>
</connectors>
</Diagram>