<?xml version = '1.0' encoding = 'UTF-8'?>
<Table class="oracle.dbtools.crest.model.design.relational.Table" directorySegmentName="seg_0" id="9B7501A8-DC85-5741-18E9-D5F3BAD5787A" name="receipt_details">
<createdBy>admin</createdBy>
<createdTime>2015-10-29 15:57:34 UTC</createdTime>
<generatorID>B70CD4E1-34A8-9F6C-A3CF-403C1A0B635E</generatorID>
<ownerDesignName>sales_3</ownerDesignName>
<existDependencyGenerateInDDl>true</existDependencyGenerateInDDl>
<parsed>true</parsed>
<columns itemClass="oracle.dbtools.crest.model.design.relational.Column">
<Column name="receipt_id" id="A93A5BEB-1115-6198-9479-A5230E96CD34">
<createdBy>admin</createdBy>
<createdTime>2015-10-29 15:57:34 UTC</createdTime>
<generatorID>F1DA05D9-C570-6F7E-733E-923398ED6586</generatorID>
<ownerDesignName>sales_3</ownerDesignName>
<useDomainConstraints>false</useDomainConstraints>
<use>1</use>
<logicalDatatype>LOGDT011</logicalDatatype>
<ownDataTypeParameters>,,</ownDataTypeParameters>
<previousColumn>false</previousColumn>
<autoIncrementCycle>false</autoIncrementCycle>
<associations>
<colAssociation fkAssociation="EFF7FA2B-CEE9-8B0B-C28F-4566C12D7FD5" referredColumn="45C050D7-13AA-A828-E0B7-3BF4653C446B"/>
</associations>
</Column>
<Column name="invoice_id" id="09BD5316-8D90-46CA-D4B1-D5DD8A97294F">
<createdBy>admin</createdBy>
<createdTime>2015-10-29 15:57:34 UTC</createdTime>
<generatorID>0C14151E-D4EE-ADA2-1872-555172A66F23</generatorID>
<ownerDesignName>sales_3</ownerDesignName>
<useDomainConstraints>false</useDomainConstraints>
<use>1</use>
<logicalDatatype>LOGDT011</logicalDatatype>
<ownDataTypeParameters>,,</ownDataTypeParameters>
<previousColumn>false</previousColumn>
<autoIncrementCycle>false</autoIncrementCycle>
<associations>
<colAssociation fkAssociation="B076918B-4F00-9170-F2F6-E8E0F4FB16F7" referredColumn="8A91A2DF-A00F-48DD-A934-DD46A3E75C6D"/>
</associations>
</Column>
<Column name="amount" id="87AAE994-41B4-3E7D-7897-456D9FE25F44">
<createdBy>admin</createdBy>
<createdTime>2015-10-29 15:57:34 UTC</createdTime>
<generatorID>7B263314-88C8-4CD6-147B-D25C8B94984A</generatorID>
<ownerDesignName>sales_3</ownerDesignName>
<useDomainConstraints>false</useDomainConstraints>
<use>1</use>
<logicalDatatype>LOGDT019</logicalDatatype>
<dataTypePrecision>10</dataTypePrecision>
<dataTypeScale>2</dataTypeScale>
<ownDataTypeParameters>,10,2</ownDataTypeParameters>
<autoIncrementCycle>false</autoIncrementCycle>
</Column>
</columns>
<indexes itemClass="oracle.dbtools.crest.model.design.relational.Index">
<ind_PK_UK id="ACA82C25-40E8-27BF-4B3F-424502663A71" name="receipt_details_PK">
<createdBy>admin</createdBy>
<createdTime>2015-10-29 15:57:34 UTC</createdTime>
<generatorID>833AF945-D4D6-7A94-3F15-626CF5B39775</generatorID>
<ownerDesignName>sales_3</ownerDesignName>
<pk>true</pk>
<indexState>Primary Constraint</indexState>
<isSurrogateKey>false</isSurrogateKey>
<indexColumnUsage>
<colUsage columnID="09BD5316-8D90-46CA-D4B1-D5DD8A97294F"/>
<colUsage columnID="A93A5BEB-1115-6198-9479-A5230E96CD34"/>
</indexColumnUsage>
</ind_PK_UK>
<ind_PK_UK id="5E966908-06C5-FA0D-FD5E-E5608DE14558" name="receipt_details_receipts_FK">
<createdBy>admin</createdBy>
<createdTime>2015-10-29 15:57:34 UTC</createdTime>
<generatorID>3DC8AEB8-57D3-AFB7-FCE8-7F08DCC93164</generatorID>
<ownerDesignName>sales_3</ownerDesignName>
<indexState>Foreign Key</indexState>
<isSurrogateKey>false</isSurrogateKey>
<indexColumnUsage>
<colUsage columnID="A93A5BEB-1115-6198-9479-A5230E96CD34"/>
</indexColumnUsage>
</ind_PK_UK>
<ind_PK_UK id="8C353E8F-3F61-B7B6-5FB8-5037DBC4DE35" name="receipt_details_invoices_FK">
<createdBy>admin</createdBy>
<createdTime>2015-10-29 15:57:34 UTC</createdTime>
<generatorID>BFF71C8D-60AE-DDB3-E312-B35FE343EFE9</generatorID>
<ownerDesignName>sales_3</ownerDesignName>
<indexState>Foreign Key</indexState>
<isSurrogateKey>false</isSurrogateKey>
<indexColumnUsage>
<colUsage columnID="09BD5316-8D90-46CA-D4B1-D5DD8A97294F"/>
</indexColumnUsage>
</ind_PK_UK>
</indexes>
</Table>