<?xml version = '1.0' encoding = 'UTF-8'?>
<Table class="oracle.dbtools.crest.model.design.relational.Table" directorySegmentName="seg_0" id="A2C9F7A7-4C15-E6E4-EB3E-7F88FCC14A56" name="customers">
<createdBy>admin</createdBy>
<createdTime>2015-10-29 15:57:34 UTC</createdTime>
<generatorID>862CD71F-8ACA-33A5-6C24-FBA4AC6FAA7F</generatorID>
<ownerDesignName>sales_3</ownerDesignName>
<existDependencyGenerateInDDl>true</existDependencyGenerateInDDl>
<parsed>true</parsed>
<columns itemClass="oracle.dbtools.crest.model.design.relational.Column">
<Column name="cust_id" id="77FC2311-5091-CF02-B3D3-D5C8AB4E0D97">
<createdBy>admin</createdBy>
<createdTime>2015-10-29 15:57:34 UTC</createdTime>
<generatorID>2AFA42D8-7657-95E2-24C9-EAD0A6A58C85</generatorID>
<ownerDesignName>sales_3</ownerDesignName>
<constraintName>ck_codcl</constraintName>
<useDomainConstraints>false</useDomainConstraints>
<use>1</use>
<logicalDatatype>LOGDT011</logicalDatatype>
<checkConstraint>
<implementationDef dbType="Oracle Database 10g" definition="codcl &gt; 1000"/>
</checkConstraint>
<ownDataTypeParameters>,,</ownDataTypeParameters>
<autoIncrementCycle>false</autoIncrementCycle>
</Column>
<Column name="cust_name" id="F73A792E-6A0F-8CD6-20DE-6D151558DDF3">
<createdBy>admin</createdBy>
<createdTime>2015-10-29 15:57:34 UTC</createdTime>
<generatorID>8FE652B1-0E25-82BC-E1C8-8F89790E4727</generatorID>
<ownerDesignName>sales_3</ownerDesignName>
<constraintName>ck_dencl</constraintName>
<useDomainConstraints>false</useDomainConstraints>
<use>1</use>
<logicalDatatype>LOGDT037</logicalDatatype>
<dataTypeSize>50 CHAR</dataTypeSize>
<checkConstraint>
<implementationDef dbType="Oracle Database 10g" definition="SUBSTR(dencl,1,1) = UPPER(SUBSTR(dencl,1,1))"/>
</checkConstraint>
<ownDataTypeParameters>50 CHAR,,</ownDataTypeParameters>
<autoIncrementCycle>false</autoIncrementCycle>
</Column>
<Column name="fiscal_code" id="14A163E7-0D0B-5D8A-3715-99B2B16B87F8">
<createdBy>admin</createdBy>
<createdTime>2015-10-29 15:57:34 UTC</createdTime>
<generatorID>C174B5ED-CF9B-2370-E4DF-056866113481</generatorID>
<ownerDesignName>sales_3</ownerDesignName>
<constraintName>ck_codfiscal</constraintName>
<useDomainConstraints>false</useDomainConstraints>
<use>1</use>
<logicalDatatype>LOGDT024</logicalDatatype>
<dataTypeSize>20</dataTypeSize>
<checkConstraint>
<implementationDef dbType="Oracle Database 10g" definition="SUBSTR(codfiscal,1,1) = UPPER(SUBSTR(codfiscal,1,1))"/>
</checkConstraint>
<ownDataTypeParameters>20,,</ownDataTypeParameters>
<autoIncrementCycle>false</autoIncrementCycle>
</Column>
<Column name="cust_address" id="116826F2-C666-85B8-F155-E605BF8B47EB">
<createdBy>admin</createdBy>
<createdTime>2015-10-29 15:57:34 UTC</createdTime>
<generatorID>6E8B9ECB-D5BD-9A84-B2EB-507CDA7CC90D</generatorID>
<ownerDesignName>sales_3</ownerDesignName>
<constraintName>ck_adresa_clienti</constraintName>
<nullsAllowed>true</nullsAllowed>
<useDomainConstraints>false</useDomainConstraints>
<use>1</use>
<logicalDatatype>LOGDT037</logicalDatatype>
<dataTypeSize>100 CHAR</dataTypeSize>
<checkConstraint>
<implementationDef dbType="Oracle Database 10g" definition="SUBSTR(adresa,1,1) = UPPER(SUBSTR(adresa,1,1))"/>
</checkConstraint>
<ownDataTypeParameters>100 CHAR,,</ownDataTypeParameters>
<autoIncrementCycle>false</autoIncrementCycle>
</Column>
<Column name="post_code" id="30837517-7D2B-E82F-A7A5-3A8D35B95923">
<createdBy>admin</createdBy>
<createdTime>2015-10-29 15:57:34 UTC</createdTime>
<generatorID>41EC7E6E-A994-FD29-FDFC-D469072332D8</generatorID>
<ownerDesignName>sales_3</ownerDesignName>
<useDomainConstraints>false</useDomainConstraints>
<use>1</use>
<logicalDatatype>LOGDT025</logicalDatatype>
<ownDataTypeParameters>,,</ownDataTypeParameters>
<previousColumn>false</previousColumn>
<autoIncrementCycle>false</autoIncrementCycle>
<associations>
<colAssociation fkAssociation="9950D812-CD43-D4E2-AF92-B3AED14D02D6" referredColumn="56132ED1-0018-9DE2-05EE-908ABAE08A57"/>
</associations>
</Column>
<Column name="cust_phone" id="9BA965C2-3AAE-07AC-034E-E58C36651361">
<createdBy>admin</createdBy>
<createdTime>2015-10-29 15:57:34 UTC</createdTime>
<generatorID>222D5DE6-BE26-EF66-3ABF-9B17844D3792</generatorID>
<ownerDesignName>sales_3</ownerDesignName>
<nullsAllowed>true</nullsAllowed>
<useDomainConstraints>false</useDomainConstraints>
<use>1</use>
<logicalDatatype>LOGDT025</logicalDatatype>
<dataTypeSize>10</dataTypeSize>
<ownDataTypeParameters>10,,</ownDataTypeParameters>
<autoIncrementCycle>false</autoIncrementCycle>
</Column>
<Column name="cust_email" id="A8B52CD6-8BB8-9DE7-8DFC-FAB02CE7496D">
<createdBy>admin</createdBy>
<createdTime>2015-10-29 15:57:34 UTC</createdTime>
<generatorID>3627791F-18A4-3815-4AD5-CB1526DEE7B1</generatorID>
<ownerDesignName>sales_3</ownerDesignName>
<nullsAllowed>true</nullsAllowed>
<useDomainConstraints>false</useDomainConstraints>
<use>1</use>
<logicalDatatype>LOGDT024</logicalDatatype>
<dataTypeSize>70</dataTypeSize>
<ownDataTypeParameters>70,,</ownDataTypeParameters>
<autoIncrementCycle>false</autoIncrementCycle>
</Column>
</columns>
<indexes itemClass="oracle.dbtools.crest.model.design.relational.Index">
<ind_PK_UK id="E866ACE8-C4BC-6DA2-126B-76B509C7E0E4" name="customers_PK">
<createdBy>admin</createdBy>
<createdTime>2015-10-29 15:57:34 UTC</createdTime>
<generatorID>E60967B1-E1BA-9D43-DC8F-53D3CDBBEAC0</generatorID>
<ownerDesignName>sales_3</ownerDesignName>
<pk>true</pk>
<indexState>Primary Constraint</indexState>
<isSurrogateKey>false</isSurrogateKey>
<indexColumnUsage>
<colUsage columnID="77FC2311-5091-CF02-B3D3-D5C8AB4E0D97"/>
</indexColumnUsage>
</ind_PK_UK>
<ind_PK_UK id="BC5D0C98-55BE-3201-0661-F895A33890F6" name="customers_postal_codes_FK">
<createdBy>admin</createdBy>
<createdTime>2015-10-29 15:57:34 UTC</createdTime>
<generatorID>041CAC65-CEE4-CBF4-1D2E-12DF8E5B7D4E</generatorID>
<ownerDesignName>sales_3</ownerDesignName>
<indexState>Foreign Key</indexState>
<isSurrogateKey>false</isSurrogateKey>
<indexColumnUsage>
<colUsage columnID="30837517-7D2B-E82F-A7A5-3A8D35B95923"/>
</indexColumnUsage>
</ind_PK_UK>
</indexes>
</Table>