<?xml version = '1.0' encoding = 'UTF-8'?>
<Table class="oracle.dbtools.crest.model.design.relational.Table" directorySegmentName="seg_0" id="BD45D71F-F2E6-F75B-4DC6-E780AD505571" name="receipts">
<createdBy>admin</createdBy>
<createdTime>2015-10-29 15:57:34 UTC</createdTime>
<generatorID>31CB7F12-471A-FF0E-39DA-B6D0798F14D5</generatorID>
<ownerDesignName>sales_3</ownerDesignName>
<existDependencyGenerateInDDl>true</existDependencyGenerateInDDl>
<parsed>true</parsed>
<columns itemClass="oracle.dbtools.crest.model.design.relational.Column">
<Column name="receipt_id" id="45C050D7-13AA-A828-E0B7-3BF4653C446B">
<createdBy>admin</createdBy>
<createdTime>2015-10-29 15:57:34 UTC</createdTime>
<generatorID>A3CDB75B-2E26-71BC-F06D-B979DCAF6B5A</generatorID>
<ownerDesignName>sales_3</ownerDesignName>
<useDomainConstraints>false</useDomainConstraints>
<use>1</use>
<logicalDatatype>LOGDT011</logicalDatatype>
<ownDataTypeParameters>,,</ownDataTypeParameters>
<autoIncrementCycle>false</autoIncrementCycle>
</Column>
<Column name="receipt_date" id="5041E934-B024-8A50-086D-BA54F8DF639B">
<createdBy>admin</createdBy>
<createdTime>2015-10-29 15:57:34 UTC</createdTime>
<generatorID>0B6624FE-B6D4-2A62-7EAF-28009D8F11E2</generatorID>
<ownerDesignName>sales_3</ownerDesignName>
<constraintName>CK_DATAINC</constraintName>
<useDomainConstraints>false</useDomainConstraints>
<use>1</use>
<logicalDatatype>LOGDT007</logicalDatatype>
<checkConstraint>
<implementationDef dbType="Oracle Database 10g" definition="DATAINC &gt;= TO_DATE(&apos;01/08/2008&apos;,&apos;DD/MM/YYYY&apos;) AND DATAINC &lt;= TO_DATE(&apos;31/12/2015&apos;,&apos;DD/MM/YYYY&apos;)"/>
</checkConstraint>
<ownDataTypeParameters>,,</ownDataTypeParameters>
<autoIncrementCycle>false</autoIncrementCycle>
</Column>
<Column name="receipt_docum_type" id="9E9BFCFE-0B71-BEAE-C190-BE477C21E346">
<createdBy>admin</createdBy>
<createdTime>2015-10-29 15:57:34 UTC</createdTime>
<generatorID>FA91ABDE-031D-87CF-1174-5F75E49EC5BE</generatorID>
<ownerDesignName>sales_3</ownerDesignName>
<constraintName>ck_coddoc</constraintName>
<nullsAllowed>true</nullsAllowed>
<useDomainConstraints>false</useDomainConstraints>
<use>1</use>
<logicalDatatype>LOGDT024</logicalDatatype>
<dataTypeSize>25</dataTypeSize>
<checkConstraint>
<implementationDef dbType="Oracle Database 10g" definition="coddoc=UPPER(LTRIM(coddoc))"/>
</checkConstraint>
<ownDataTypeParameters>25,,</ownDataTypeParameters>
<autoIncrementCycle>false</autoIncrementCycle>
</Column>
<Column name="receipt_docum_number" id="A250B153-53C7-439B-C1A2-DE7B1485046A">
<createdBy>admin</createdBy>
<createdTime>2015-10-29 15:57:34 UTC</createdTime>
<generatorID>D83CDAC0-55D9-B557-256B-1AF3275E6C0D</generatorID>
<ownerDesignName>sales_3</ownerDesignName>
<nullsAllowed>true</nullsAllowed>
<useDomainConstraints>false</useDomainConstraints>
<use>1</use>
<logicalDatatype>LOGDT024</logicalDatatype>
<dataTypeSize>25</dataTypeSize>
<ownDataTypeParameters>25,,</ownDataTypeParameters>
<autoIncrementCycle>false</autoIncrementCycle>
</Column>
<Column name="receipt_docum_date" id="D1F18898-A72C-A933-DEE6-3D5DA634EEBE">
<createdBy>admin</createdBy>
<createdTime>2015-10-29 15:57:34 UTC</createdTime>
<generatorID>334D9382-772C-C4BB-0438-48C25C285FB6</generatorID>
<ownerDesignName>sales_3</ownerDesignName>
<constraintName>CK_DATADOC</constraintName>
<nullsAllowed>true</nullsAllowed>
<useDomainConstraints>false</useDomainConstraints>
<use>1</use>
<logicalDatatype>LOGDT007</logicalDatatype>
<checkConstraint>
<implementationDef dbType="Oracle Database 10g" definition="DATADOC &gt;= TO_DATE(&apos;01/01/2010&apos;,&apos;DD/MM/YYYY&apos;) AND DATADOC &lt;= TO_DATE(&apos;31/12/2015&apos;,&apos;DD/MM/YYYY&apos;)"/>
</checkConstraint>
<ownDataTypeParameters>,,</ownDataTypeParameters>
<autoIncrementCycle>false</autoIncrementCycle>
</Column>
<Column name="amount_paid" id="808F2959-BDB2-C4DA-37B4-4F9D9B7CBB50">
<createdBy>admin</createdBy>
<createdTime>2015-10-29 15:57:34 UTC</createdTime>
<generatorID>4734BAAB-7C6E-8B9C-FB36-96D65FA95DC1</generatorID>
<ownerDesignName>sales_3</ownerDesignName>
<useDomainConstraints>false</useDomainConstraints>
<use>1</use>
<logicalDatatype>LOGDT019</logicalDatatype>
<dataTypePrecision>12</dataTypePrecision>
<dataTypeScale>2</dataTypeScale>
<ownDataTypeParameters>,12,2</ownDataTypeParameters>
<autoIncrementCycle>false</autoIncrementCycle>
</Column>
</columns>
<indexes itemClass="oracle.dbtools.crest.model.design.relational.Index">
<ind_PK_UK id="A0E5610A-4876-EB59-0684-ACB60984E27B" name="receipts_PK">
<createdBy>admin</createdBy>
<createdTime>2015-10-29 15:57:34 UTC</createdTime>
<generatorID>8049D72A-E5F6-4D45-EA0D-24DF018B1BAB</generatorID>
<ownerDesignName>sales_3</ownerDesignName>
<pk>true</pk>
<indexState>Primary Constraint</indexState>
<isSurrogateKey>false</isSurrogateKey>
<indexColumnUsage>
<colUsage columnID="45C050D7-13AA-A828-E0B7-3BF4653C446B"/>
</indexColumnUsage>
</ind_PK_UK>
</indexes>
</Table>