<?xml version = '1.0' encoding = 'UTF-8'?>
<Table class="oracle.dbtools.crest.model.design.relational.Table" directorySegmentName="seg_0" id="C801DF27-C6DB-DF04-E38A-28B35B8F924F" name="former_contacts">
<createdBy>admin</createdBy>
<createdTime>2015-10-29 15:57:34 UTC</createdTime>
<generatorID>33FDE9F3-576F-7146-A3D1-ADA28F1E6B78</generatorID>
<ownerDesignName>sales_3</ownerDesignName>
<existDependencyGenerateInDDl>true</existDependencyGenerateInDDl>
<parsed>true</parsed>
<columns itemClass="oracle.dbtools.crest.model.design.relational.Column">
<Column name="from" id="AA341D62-2B5C-C63F-B58D-D93147F6470F">
<createdBy>admin</createdBy>
<createdTime>2015-10-29 15:57:34 UTC</createdTime>
<generatorID>BB479D6D-8306-F8A1-8D78-9FCAD2950685</generatorID>
<ownerDesignName>sales_3</ownerDesignName>
<useDomainConstraints>false</useDomainConstraints>
<use>1</use>
<logicalDatatype>LOGDT007</logicalDatatype>
<ownDataTypeParameters>,,</ownDataTypeParameters>
<autoIncrementCycle>false</autoIncrementCycle>
</Column>
<Column name="to" id="4DAE1305-FB2A-3D51-28B8-4A9674C14518">
<createdBy>admin</createdBy>
<createdTime>2015-10-29 15:57:34 UTC</createdTime>
<generatorID>62A86773-BCE3-B46F-0F35-603CC5F0540A</generatorID>
<ownerDesignName>sales_3</ownerDesignName>
<useDomainConstraints>false</useDomainConstraints>
<use>1</use>
<logicalDatatype>LOGDT007</logicalDatatype>
<ownDataTypeParameters>,,</ownDataTypeParameters>
<autoIncrementCycle>false</autoIncrementCycle>
</Column>
<Column name="comments" id="76735FB3-091C-BD28-9063-CC6D2405E0AE">
<createdBy>admin</createdBy>
<createdTime>2015-10-29 15:57:34 UTC</createdTime>
<generatorID>238A3042-5873-A8A4-07FB-6B5912AD86F1</generatorID>
<ownerDesignName>sales_3</ownerDesignName>
<nullsAllowed>true</nullsAllowed>
<useDomainConstraints>false</useDomainConstraints>
<use>1</use>
<logicalDatatype>LOGDT037</logicalDatatype>
<dataTypeSize>100</dataTypeSize>
<ownDataTypeParameters>100,,</ownDataTypeParameters>
<autoIncrementCycle>false</autoIncrementCycle>
</Column>
<Column name="pers_id" id="60E6E74C-0655-6D42-31BD-3A89CF759EBE">
<createdBy>admin</createdBy>
<createdTime>2015-10-29 15:57:34 UTC</createdTime>
<generatorID>CF588C65-868E-122B-EA0D-7E94EFF7E6DF</generatorID>
<ownerDesignName>sales_3</ownerDesignName>
<useDomainConstraints>false</useDomainConstraints>
<use>1</use>
<logicalDatatype>LOGDT011</logicalDatatype>
<ownDataTypeParameters>,,</ownDataTypeParameters>
<previousColumn>false</previousColumn>
<autoIncrementCycle>false</autoIncrementCycle>
<associations>
<colAssociation fkAssociation="4242FB72-CE75-06AB-E1AB-25032D4A3E26" referredColumn="8C8FC4AF-B26B-73CD-87CE-EDC0252630A9"/>
</associations>
</Column>
<Column name="cust_id" id="2617D68F-8BDD-C682-6DD4-352D548C535F">
<createdBy>admin</createdBy>
<createdTime>2015-10-29 15:57:34 UTC</createdTime>
<generatorID>F40F2ABA-F063-312E-A8EC-A854BF1A736F</generatorID>
<ownerDesignName>sales_3</ownerDesignName>
<useDomainConstraints>false</useDomainConstraints>
<use>1</use>
<logicalDatatype>LOGDT011</logicalDatatype>
<ownDataTypeParameters>,,</ownDataTypeParameters>
<previousColumn>false</previousColumn>
<autoIncrementCycle>false</autoIncrementCycle>
<associations>
<colAssociation fkAssociation="7A256864-A167-633F-63D1-8EBD9DE110A7" referredColumn="77FC2311-5091-CF02-B3D3-D5C8AB4E0D97"/>
</associations>
</Column>
<Column name="position" id="7100642A-3A08-F6FA-3C6C-DE49BB6EECBB">
<createdBy>admin</createdBy>
<createdTime>2015-10-29 15:57:34 UTC</createdTime>
<generatorID>53C8192F-B137-8D72-D5D7-C044FAA6F35C</generatorID>
<ownerDesignName>sales_3</ownerDesignName>
<useDomainConstraints>false</useDomainConstraints>
<use>1</use>
<logicalDatatype>LOGDT037</logicalDatatype>
<dataTypeSize>50</dataTypeSize>
<ownDataTypeParameters>50,,</ownDataTypeParameters>
<autoIncrementCycle>false</autoIncrementCycle>
</Column>
</columns>
<indexes itemClass="oracle.dbtools.crest.model.design.relational.Index">
<ind_PK_UK id="7B931A48-BCEF-4F7A-2A77-929C174E6EFD" name="former_contacts_PK">
<createdBy>admin</createdBy>
<createdTime>2015-10-29 15:57:34 UTC</createdTime>
<generatorID>01EAE0E3-D8AF-8907-E589-DBA2104F3A70</generatorID>
<ownerDesignName>sales_3</ownerDesignName>
<pk>true</pk>
<indexState>Primary Constraint</indexState>
<isSurrogateKey>false</isSurrogateKey>
<indexColumnUsage>
<colUsage columnID="60E6E74C-0655-6D42-31BD-3A89CF759EBE"/>
<colUsage columnID="2617D68F-8BDD-C682-6DD4-352D548C535F"/>
<colUsage columnID="AA341D62-2B5C-C63F-B58D-D93147F6470F"/>
</indexColumnUsage>
</ind_PK_UK>
<ind_PK_UK id="B649BCD4-56B0-9B6A-2E5A-2D2290DEAB26" name="former_contacts_customers_FK">
<createdBy>admin</createdBy>
<createdTime>2015-10-29 15:57:34 UTC</createdTime>
<generatorID>34A37B5B-544C-2D89-9AA4-162A2F3AA375</generatorID>
<ownerDesignName>sales_3</ownerDesignName>
<indexState>Foreign Key</indexState>
<isSurrogateKey>false</isSurrogateKey>
<indexColumnUsage>
<colUsage columnID="2617D68F-8BDD-C682-6DD4-352D548C535F"/>
</indexColumnUsage>
</ind_PK_UK>
<ind_PK_UK id="96CC5DA2-C0BF-D8D2-11B5-4AB6246D6AC2" name="former_contacts_people_FK">
<createdBy>admin</createdBy>
<createdTime>2015-10-29 15:57:34 UTC</createdTime>
<generatorID>B4FE6DAF-4B3F-DC93-501E-907D8D4A2E0D</generatorID>
<ownerDesignName>sales_3</ownerDesignName>
<indexState>Foreign Key</indexState>
<isSurrogateKey>false</isSurrogateKey>
<indexColumnUsage>
<colUsage columnID="60E6E74C-0655-6D42-31BD-3A89CF759EBE"/>
</indexColumnUsage>
</ind_PK_UK>
</indexes>
</Table>