<?xml version = '1.0' encoding = 'UTF-8'?>
<Table class="oracle.dbtools.crest.model.design.relational.Table" directorySegmentName="seg_0" id="D3EF2C86-D244-44D9-71A2-4DB55086350C" name="counties">
<createdBy>admin</createdBy>
<createdTime>2015-10-29 15:57:34 UTC</createdTime>
<generatorID>98D735D6-4742-C82D-7BFB-79BBDC624A7D</generatorID>
<ownerDesignName>sales_3</ownerDesignName>
<existDependencyGenerateInDDl>true</existDependencyGenerateInDDl>
<parsed>true</parsed>
<columns itemClass="oracle.dbtools.crest.model.design.relational.Column">
<Column name="county_code" id="B0BB0925-6137-470B-CA06-857D855ACE06">
<createdBy>admin</createdBy>
<createdTime>2015-10-29 15:57:34 UTC</createdTime>
<generatorID>0CB7057B-D3A1-DB4A-2F02-428FAAC82EA3</generatorID>
<ownerDesignName>sales_3</ownerDesignName>
<constraintName>ck_jud</constraintName>
<useDomainConstraints>false</useDomainConstraints>
<use>1</use>
<logicalDatatype>LOGDT025</logicalDatatype>
<dataTypeSize>2</dataTypeSize>
<checkConstraint>
<implementationDef dbType="Oracle Database 10g" definition="jud=LTRIM(UPPER(jud))"/>
</checkConstraint>
<ownDataTypeParameters>2,,</ownDataTypeParameters>
<autoIncrementCycle>false</autoIncrementCycle>
</Column>
<Column name="county_name" id="3DE2DE78-B70D-201B-2D90-63765053180A">
<createdBy>admin</createdBy>
<createdTime>2015-10-29 15:57:34 UTC</createdTime>
<generatorID>F1CE3CE1-6676-66CE-DBCC-2513A9A4EAED</generatorID>
<ownerDesignName>sales_3</ownerDesignName>
<constraintName>un_judet</constraintName>
<useDomainConstraints>false</useDomainConstraints>
<use>1</use>
<logicalDatatype>LOGDT037</logicalDatatype>
<dataTypeSize>50 CHAR</dataTypeSize>
<checkConstraint>
<implementationDef dbType="Oracle Database 10g" definition="judet=LTRIM(INITCAP(judet))"/>
</checkConstraint>
<ownDataTypeParameters>50 CHAR,,</ownDataTypeParameters>
<autoIncrementCycle>false</autoIncrementCycle>
</Column>
<Column name="county_region" id="0B6C5BD8-7186-759D-7A9C-55A082704497">
<createdBy>admin</createdBy>
<createdTime>2015-10-29 15:57:34 UTC</createdTime>
<generatorID>2D63572C-2ABB-5CD6-CAA5-FAAB18EAE7C0</generatorID>
<ownerDesignName>sales_3</ownerDesignName>
<constraintName>CK_REGIUNE</constraintName>
<useDomainConstraints>false</useDomainConstraints>
<use>1</use>
<logicalDatatype>LOGDT037</logicalDatatype>
<dataTypeSize>30</dataTypeSize>
<checkConstraint>
<implementationDef dbType="Oracle Database 10g" definition="REGIUNE IN (&apos;BANAT&apos;, &apos;TRANSILVANIA&apos;, &apos;DOBROGEA&apos;,&apos;OLTENIA&apos;, &apos;MUNTENIA&apos;, &apos;MOLDOVA&apos;)"/>
</checkConstraint>
<defaultValue>&apos;Moldova&apos;</defaultValue>
<ownDataTypeParameters>30,,</ownDataTypeParameters>
<autoIncrementCycle>false</autoIncrementCycle>
</Column>
</columns>
<indexes itemClass="oracle.dbtools.crest.model.design.relational.Index">
<ind_PK_UK id="13D22E46-0120-F69D-77CF-3DB4B9144FA4" name="counties_PK">
<createdBy>admin</createdBy>
<createdTime>2015-10-29 15:57:34 UTC</createdTime>
<generatorID>CE9F75A4-299F-E491-BB16-E1865BBBC7B9</generatorID>
<ownerDesignName>sales_3</ownerDesignName>
<pk>true</pk>
<indexState>Primary Constraint</indexState>
<isSurrogateKey>false</isSurrogateKey>
<indexColumnUsage>
<colUsage columnID="B0BB0925-6137-470B-CA06-857D855ACE06"/>
</indexColumnUsage>
</ind_PK_UK>
<ind_PK_UK id="6464038B-ED57-CCB9-6583-92AB49AA188D" name="counties_county_name_UN">
<createdBy>admin</createdBy>
<createdTime>2015-10-29 15:57:34 UTC</createdTime>
<generatorID>E76E6EE9-EDB8-2AB8-45D9-6E65FAFEA116</generatorID>
<ownerDesignName>sales_3</ownerDesignName>
<indexState>Unique Constraint</indexState>
<isSurrogateKey>false</isSurrogateKey>
<indexColumnUsage>
<colUsage columnID="3DE2DE78-B70D-201B-2D90-63765053180A"/>
</indexColumnUsage>
</ind_PK_UK>
</indexes>
</Table>