<?xml version = '1.0' encoding = 'UTF-8'?>
<Diagram class="oracle.dbtools.crest.swingui.logical.DPVLogical" name="Logical" id="E654EE8F-44B5-8719-05CF-77133F9FF3B6">
<createdBy>Marin F</createdBy>
<modifiedBy>admin</modifiedBy>
<createdTime>2011-10-05 05:39:27 UTC</createdTime>
<autoRoute>false</autoRoute>
<boxInbox>true</boxInbox>
<showLegend>false</showLegend>
<showLabels>false</showLabels>
<showRelAttributes>false</showRelAttributes>
<gridEnabled>false</gridEnabled>
<showGrid>false</showGrid>
<diagramColor>-1</diagramColor>
<display>false</display>
<notation>1</notation>
<objectViews>
<OView class="oracle.dbtools.crest.swingui.logical.TVEntity" oid="5916C24D-210F-F901-F59A-2F8F5190CD73" otype="Entity" vid="448DE577-60C8-D81F-B649-81AEBA7B0A9D">
<hideElementsInCurrentOnly>false</hideElementsInCurrentOnly>
<bounds x="26" y="137" width="310" height="179"/>
</OView>
<OView class="oracle.dbtools.crest.swingui.logical.TVEntity" oid="BB108558-BF53-4D1A-86C3-6C053A2E1921" otype="Entity" vid="0AC1C632-CC5C-EDCA-8357-9A0513529056">
<hideElementsInCurrentOnly>false</hideElementsInCurrentOnly>
<bounds x="206" y="49" width="105" height="50"/>
</OView>
<OView class="oracle.dbtools.crest.swingui.logical.TVEntity" oid="C4509B02-5B22-7D8A-8EFB-0C41E855656F" otype="Entity" vid="9FA155FE-D002-D788-339C-3522F3A8238A">
<hideElementsInCurrentOnly>false</hideElementsInCurrentOnly>
<bounds x="169" y="244" width="141" height="61"/>
</OView>
<OView class="oracle.dbtools.crest.swingui.logical.TVEntity" oid="C4B96B18-8CDF-83E7-A904-B522F73DB3AB" otype="Entity" vid="EDEC495D-7C50-5F04-05CE-B0D7F3C05559">
<hideElementsInCurrentOnly>false</hideElementsInCurrentOnly>
<bounds x="16" y="20" width="342" height="306"/>
</OView>
<OView class="oracle.dbtools.crest.swingui.logical.TVEntity" oid="FF02D426-5B75-57CB-C88B-488F7F7EFEB9" otype="Entity" vid="3995AE56-3552-4B8D-A887-43385E4DAAA8">
<hideElementsInCurrentOnly>false</hideElementsInCurrentOnly>
<bounds x="179" y="170" width="131" height="44"/>
</OView>
</objectViews>
<connectors>
<Connector class="oracle.dbtools.crest.swingui.logical.TVInheritanceRelation" oid="16B86ECF-C46E-8F4B-FA0A-45919BA568DB" otype="Hierarchy relation" vid_source="EDEC495D-7C50-5F04-05CE-B0D7F3C05559" vid_target="448DE577-60C8-D81F-B649-81AEBA7B0A9D">
<hideElementsInCurrentOnly>false</hideElementsInCurrentOnly>
<backgroundColor>-65536</backgroundColor>
<lineWidth>1</lineWidth>
</Connector>
<Connector class="oracle.dbtools.crest.swingui.logical.TVInheritanceRelation" oid="3FF2C68F-4A66-0F7C-2F44-18A0713A345A" otype="Hierarchy relation" vid_source="448DE577-60C8-D81F-B649-81AEBA7B0A9D" vid_target="3995AE56-3552-4B8D-A887-43385E4DAAA8">
<hideElementsInCurrentOnly>false</hideElementsInCurrentOnly>
<backgroundColor>-65536</backgroundColor>
<lineWidth>1</lineWidth>
</Connector>
<Connector class="oracle.dbtools.crest.swingui.logical.TVInheritanceRelation" oid="55250041-EE93-D3C0-14B2-E7AA1308DB4B" otype="Hierarchy relation" vid_source="EDEC495D-7C50-5F04-05CE-B0D7F3C05559" vid_target="0AC1C632-CC5C-EDCA-8357-9A0513529056">
<hideElementsInCurrentOnly>false</hideElementsInCurrentOnly>
<backgroundColor>-65536</backgroundColor>
<lineWidth>1</lineWidth>
</Connector>
<Connector class="oracle.dbtools.crest.swingui.logical.TVInheritanceRelation" oid="B915B934-F803-8492-4062-F57BE4D2FEC9" otype="Hierarchy relation" vid_source="448DE577-60C8-D81F-B649-81AEBA7B0A9D" vid_target="9FA155FE-D002-D788-339C-3522F3A8238A">
<hideElementsInCurrentOnly>false</hideElementsInCurrentOnly>
<backgroundColor>-65536</backgroundColor>
<lineWidth>1</lineWidth>
</Connector>
</connectors>
</Diagram>