<?xml version = '1.0' encoding = 'UTF-8'?>
<Entity class="oracle.dbtools.crest.model.design.logical.Entity" directorySegmentName="seg_0" id="46AED0BC-29FA-03D8-910F-D28ADB892A77" name="bought_prod_in_offer">
<createdBy>admin</createdBy>
<createdTime>2015-11-10 08:29:24 UTC</createdTime>
<ownerDesignName>07c_Products_bought_products_offered</ownerDesignName>
<adequatelyNormalized>NO</adequatelyNormalized>
<expectedVolumes>0</expectedVolumes>
<fwdEngineeringStrategyName>Single Table</fwdEngineeringStrategyName>
<growthPercent>0</growthPercent>
<growthType>Year</growthType>
<maxVolumes>9999999</maxVolumes>
<minVolumes>0</minVolumes>
<normalForm>Third</normalForm>
<preferredAbbreviation>bought_prods_in_offer</preferredAbbreviation>
<attributes itemClass="oracle.dbtools.crest.model.design.logical.Attribute">
<Attribute name="quantity_offered" id="803EB4E0-B288-339C-891C-29C8E16D7D1A">
<createdBy>admin</createdBy>
<createdTime>2015-11-10 08:31:03 UTC</createdTime>
<ownerDesignName>07c_Products_bought_products_offered</ownerDesignName>
<useDomainConstraints>false</useDomainConstraints>
<use>1</use>
<logicalDatatype>LOGDT019</logicalDatatype>
<dataTypePrecision>9</dataTypePrecision>
<dataTypeScale>3</dataTypeScale>
<ownDataTypeParameters>,9,3</ownDataTypeParameters>
</Attribute>
<Attribute name="product_id" id="115D8C56-0DFC-A825-6034-DF0FA04B2261">
<createdBy>admin</createdBy>
<createdTime>2015-11-10 08:36:20 UTC</createdTime>
<generatorID>DBF8CB15-F1A6-1827-3F74-1355C7E28493</generatorID>
<ownerDesignName>07c_Products_bought_products_offered</ownerDesignName>
<referedAttribute>30D52D27-3E5E-7BBD-B6FB-DD2DAFF8E9FA</referedAttribute>
<useDomainConstraints>false</useDomainConstraints>
<use>1</use>
<logicalDatatype>LOGDT011</logicalDatatype>
<ownDataTypeParameters>,,</ownDataTypeParameters>
</Attribute>
<Attribute name="discount_id" id="FFAD5FB6-A39D-EFB1-143B-8902B037E659">
<createdBy>admin</createdBy>
<createdTime>2015-11-10 08:37:59 UTC</createdTime>
<generatorID>9D8EAC1E-EAC0-B824-60CB-5CE8A0E03DD9</generatorID>
<ownerDesignName>07c_Products_bought_products_offered</ownerDesignName>
<referedAttribute>80D73CB9-1AE0-B740-C3D6-64C1A0193FC5</referedAttribute>
<useDomainConstraints>false</useDomainConstraints>
<use>1</use>
<logicalDatatype>LOGDT011</logicalDatatype>
<ownDataTypeParameters>,,</ownDataTypeParameters>
</Attribute>
</attributes>
<identifiers itemClass="oracle.dbtools.crest.model.design.logical.CandidateKey">
<identifier id="AF469B3E-FCC9-84FF-5E8F-9268DCB0FD1F" name="bought_prod_in_offer PK">
<createdBy>admin</createdBy>
<createdTime>2015-11-10 08:36:20 UTC</createdTime>
<ownerDesignName>07c_Products_bought_products_offered</ownerDesignName>
<pk>true</pk>
<usedAttributes>
<attributeRef>115D8C56-0DFC-A825-6034-DF0FA04B2261</attributeRef>
<attributeRef>FFAD5FB6-A39D-EFB1-143B-8902B037E659</attributeRef>
</usedAttributes>
</identifier>
</identifiers>
</Entity>