<?xml version = '1.0' encoding = 'UTF-8'?>
<Entity class="oracle.dbtools.crest.model.design.logical.Entity" directorySegmentName="seg_0" id="7A9794E8-5952-B956-F1DF-C86F40E39C56" name="free_prod_in_offer">
<createdBy>admin</createdBy>
<createdTime>2015-11-10 08:31:27 UTC</createdTime>
<ownerDesignName>07c_Products_bought_products_offered</ownerDesignName>
<adequatelyNormalized>NO</adequatelyNormalized>
<expectedVolumes>0</expectedVolumes>
<fwdEngineeringStrategyName>Single Table</fwdEngineeringStrategyName>
<growthPercent>0</growthPercent>
<growthType>Year</growthType>
<maxVolumes>9999999</maxVolumes>
<minVolumes>0</minVolumes>
<normalForm>Third</normalForm>
<preferredAbbreviation>free_prods_in_offer</preferredAbbreviation>
<attributes itemClass="oracle.dbtools.crest.model.design.logical.Attribute">
<Attribute name="quantity_bought" id="1DBB68D9-A669-CAF8-A8C5-55FF6D84E2B8">
<createdBy>admin</createdBy>
<createdTime>2015-11-10 08:31:27 UTC</createdTime>
<ownerDesignName>07c_Products_bought_products_offered</ownerDesignName>
<useDomainConstraints>false</useDomainConstraints>
<use>1</use>
<logicalDatatype>LOGDT019</logicalDatatype>
<dataTypePrecision>9</dataTypePrecision>
<dataTypeScale>3</dataTypeScale>
<ownDataTypeParameters>,9,3</ownDataTypeParameters>
</Attribute>
<Attribute name="product_id" id="FF5AE1C9-491D-B7BC-E0D2-BEEE6C959193">
<createdBy>admin</createdBy>
<createdTime>2015-11-10 08:36:39 UTC</createdTime>
<generatorID>2E33616F-6E81-FBBB-EE2B-9EBCC723928B</generatorID>
<ownerDesignName>07c_Products_bought_products_offered</ownerDesignName>
<referedAttribute>30D52D27-3E5E-7BBD-B6FB-DD2DAFF8E9FA</referedAttribute>
<useDomainConstraints>false</useDomainConstraints>
<use>1</use>
<logicalDatatype>LOGDT011</logicalDatatype>
<ownDataTypeParameters>,,</ownDataTypeParameters>
</Attribute>
<Attribute name="discount_id" id="4997A5B7-CADB-3368-8C06-C870B8D125BD">
<createdBy>admin</createdBy>
<createdTime>2015-11-10 08:38:17 UTC</createdTime>
<generatorID>494DC964-643F-6CDA-864A-540519033EAD</generatorID>
<ownerDesignName>07c_Products_bought_products_offered</ownerDesignName>
<referedAttribute>80D73CB9-1AE0-B740-C3D6-64C1A0193FC5</referedAttribute>
<useDomainConstraints>false</useDomainConstraints>
<use>1</use>
<logicalDatatype>LOGDT011</logicalDatatype>
<ownDataTypeParameters>,,</ownDataTypeParameters>
</Attribute>
</attributes>
<identifiers itemClass="oracle.dbtools.crest.model.design.logical.CandidateKey">
<identifier id="9EE7F28A-8F2D-87BA-0F98-FF3AFBA3BB5A" name="free_prod_in_offer PK">
<createdBy>admin</createdBy>
<createdTime>2015-11-10 08:36:39 UTC</createdTime>
<ownerDesignName>07c_Products_bought_products_offered</ownerDesignName>
<pk>true</pk>
<usedAttributes>
<attributeRef>FF5AE1C9-491D-B7BC-E0D2-BEEE6C959193</attributeRef>
<attributeRef>4997A5B7-CADB-3368-8C06-C870B8D125BD</attributeRef>
</usedAttributes>
</identifier>
</identifiers>
</Entity>