<?xml version = '1.0' encoding = 'UTF-8'?>
<Entity class="oracle.dbtools.crest.model.design.logical.Entity" directorySegmentName="seg_0" id="7EFEF29B-B100-28C0-B8BD-D10D9DD6F36B" name="month">
<createdBy>admin</createdBy>
<createdTime>2015-10-30 05:03:46 UTC</createdTime>
<ownerDesignName>07c_Products_bought_products_offered</ownerDesignName>
<adequatelyNormalized>NO</adequatelyNormalized>
<expectedVolumes>0</expectedVolumes>
<fwdEngineeringStrategyName>Single Table</fwdEngineeringStrategyName>
<growthPercent>0</growthPercent>
<growthType>Year</growthType>
<maxVolumes>9999999</maxVolumes>
<minVolumes>0</minVolumes>
<normalForm>Third</normalForm>
<preferredAbbreviation>months</preferredAbbreviation>
<attributes itemClass="oracle.dbtools.crest.model.design.logical.Attribute">
<Attribute name="year" id="A7347849-3A6F-E1AF-5004-FD02129940B8">
<createdBy>admin</createdBy>
<createdTime>2015-10-30 05:04:05 UTC</createdTime>
<ownerDesignName>07c_Products_bought_products_offered</ownerDesignName>
<useDomainConstraints>false</useDomainConstraints>
<use>1</use>
<logicalDatatype>LOGDT019</logicalDatatype>
<dataTypePrecision>4</dataTypePrecision>
<ownDataTypeParameters>,4,</ownDataTypeParameters>
</Attribute>
<Attribute name="month" id="DAFA5FC0-E925-6935-9B49-F252942EB190">
<createdBy>admin</createdBy>
<createdTime>2015-10-30 05:04:15 UTC</createdTime>
<ownerDesignName>07c_Products_bought_products_offered</ownerDesignName>
<useDomainConstraints>false</useDomainConstraints>
<use>1</use>
<logicalDatatype>LOGDT019</logicalDatatype>
<dataTypePrecision>2</dataTypePrecision>
<ownDataTypeParameters>,2,</ownDataTypeParameters>
</Attribute>
<Attribute name="sales_total" id="F6EFCCC7-1E12-C7AE-2227-44E2EF78589A">
<createdBy>admin</createdBy>
<createdTime>2015-10-30 05:04:39 UTC</createdTime>
<ownerDesignName>07c_Products_bought_products_offered</ownerDesignName>
<useDomainConstraints>false</useDomainConstraints>
<use>1</use>
<logicalDatatype>LOGDT019</logicalDatatype>
<dataTypePrecision>14</dataTypePrecision>
<dataTypeScale>2</dataTypeScale>
<ownDataTypeParameters>,14,2</ownDataTypeParameters>
</Attribute>
<Attribute name="refusals_total" id="4DF3D5A6-6526-C3DE-5131-51C83D32F4CA">
<createdBy>admin</createdBy>
<createdTime>2015-10-30 05:10:08 UTC</createdTime>
<ownerDesignName>07c_Products_bought_products_offered</ownerDesignName>
<useDomainConstraints>false</useDomainConstraints>
<use>1</use>
<logicalDatatype>LOGDT019</logicalDatatype>
<dataTypePrecision>14</dataTypePrecision>
<dataTypeScale>2</dataTypeScale>
<ownDataTypeParameters>,14,2</ownDataTypeParameters>
</Attribute>
<Attribute name="cancellations_total" id="6116CD8E-9DC7-A709-13F8-7344BA037488">
<createdBy>admin</createdBy>
<createdTime>2015-10-30 05:10:43 UTC</createdTime>
<ownerDesignName>07c_Products_bought_products_offered</ownerDesignName>
<useDomainConstraints>false</useDomainConstraints>
<use>1</use>
<logicalDatatype>LOGDT019</logicalDatatype>
<dataTypePrecision>14</dataTypePrecision>
<dataTypeScale>2</dataTypeScale>
<ownDataTypeParameters>,14,2</ownDataTypeParameters>
</Attribute>
<Attribute name="received_total" id="9EBF7FE4-7E95-CD1A-BBC5-9D1F8069815B">
<createdBy>admin</createdBy>
<createdTime>2015-10-30 05:11:16 UTC</createdTime>
<ownerDesignName>07c_Products_bought_products_offered</ownerDesignName>
<useDomainConstraints>false</useDomainConstraints>
<use>1</use>
<ownDataTypeParameters>,,</ownDataTypeParameters>
</Attribute>
</attributes>
<identifiers itemClass="oracle.dbtools.crest.model.design.logical.CandidateKey">
<identifier id="5C3320B8-A87D-B131-BCA4-76F86D2AA135" name="month PK">
<createdBy>admin</createdBy>
<createdTime>2015-10-30 05:04:13 UTC</createdTime>
<ownerDesignName>07c_Products_bought_products_offered</ownerDesignName>
<pk>true</pk>
<usedAttributes>
<attributeRef>A7347849-3A6F-E1AF-5004-FD02129940B8</attributeRef>
<attributeRef>DAFA5FC0-E925-6935-9B49-F252942EB190</attributeRef>
</usedAttributes>
</identifier>
</identifiers>
</Entity>