<?xml version = '1.0' encoding = 'UTF-8'?>
<Table class="oracle.dbtools.crest.model.design.relational.Table" directorySegmentName="seg_0" id="57091E35-7DB3-F64E-B2D8-406B2030F0A7" name="accounts">
<createdBy>admin</createdBy>
<createdTime>2015-10-28 10:28:12 UTC</createdTime>
<generatorID>C2C60A32-F9B2-4F22-75F4-03C24DD081C3</generatorID>
<ownerDesignName>bank_cards_1</ownerDesignName>
<existDependencyGenerateInDDl>true</existDependencyGenerateInDDl>
<parsed>true</parsed>
<columns itemClass="oracle.dbtools.crest.model.design.relational.Column">
<Column name="account_id" id="7CEC1E96-C771-B5E1-B930-A852A672FC40">
<createdBy>admin</createdBy>
<createdTime>2015-10-28 10:28:12 UTC</createdTime>
<generatorID>2B23EDDD-38F9-6C8E-9719-96C7D5807F8B</generatorID>
<ownerDesignName>bank_cards_1</ownerDesignName>
<useDomainConstraints>false</useDomainConstraints>
<use>1</use>
<logicalDatatype>LOGDT011</logicalDatatype>
<ownDataTypeParameters>,,</ownDataTypeParameters>
<autoIncrementCycle>false</autoIncrementCycle>
</Column>
<Column name="IBAN" id="10F61716-CFC6-02FF-C1C5-817C1A4767C5">
<createdBy>admin</createdBy>
<createdTime>2015-10-28 10:28:12 UTC</createdTime>
<generatorID>3753CCB6-0116-5182-6060-BD03A2039B2B</generatorID>
<ownerDesignName>bank_cards_1</ownerDesignName>
<useDomainConstraints>false</useDomainConstraints>
<use>1</use>
<logicalDatatype>LOGDT024</logicalDatatype>
<dataTypeSize>25</dataTypeSize>
<ownDataTypeParameters>25,,</ownDataTypeParameters>
<autoIncrementCycle>false</autoIncrementCycle>
</Column>
<Column name="cust_id" id="25716E28-07D9-DC89-A93F-E05F491547FA">
<createdBy>admin</createdBy>
<createdTime>2015-10-28 10:28:12 UTC</createdTime>
<generatorID>90363247-A960-D497-C640-74D9C35AC807</generatorID>
<ownerDesignName>bank_cards_1</ownerDesignName>
<useDomainConstraints>false</useDomainConstraints>
<use>1</use>
<logicalDatatype>LOGDT011</logicalDatatype>
<ownDataTypeParameters>,,</ownDataTypeParameters>
<previousColumn>false</previousColumn>
<autoIncrementCycle>false</autoIncrementCycle>
<associations>
<colAssociation fkAssociation="4FED4626-CC5F-CEB5-6A9A-62E78AA7D51B" referredColumn="D6B9F583-53C3-9AA6-49C5-9B3ACBB38D5A"/>
</associations>
</Column>
<Column name="opening_dt" id="343A8E82-0A91-7EB7-14E4-1346EC737FB2">
<createdBy>admin</createdBy>
<createdTime>2015-10-28 10:37:54 UTC</createdTime>
<generatorID>109C74CC-73EC-6410-F499-948609BB610E</generatorID>
<ownerDesignName>bank_cards_1</ownerDesignName>
<useDomainConstraints>false</useDomainConstraints>
<use>1</use>
<logicalDatatype>LOGDT047</logicalDatatype>
<ownDataTypeParameters>,,</ownDataTypeParameters>
<autoIncrementCycle>false</autoIncrementCycle>
</Column>
<Column name="opening_balance" id="5F2F2305-2495-6514-610F-75CA39822BF8">
<createdBy>admin</createdBy>
<createdTime>2015-10-28 10:37:54 UTC</createdTime>
<generatorID>F8DF83A6-8F1B-9B4C-E549-3E1C5104AEE6</generatorID>
<ownerDesignName>bank_cards_1</ownerDesignName>
<useDomainConstraints>false</useDomainConstraints>
<use>1</use>
<logicalDatatype>LOGDT019</logicalDatatype>
<dataTypePrecision>12</dataTypePrecision>
<dataTypeScale>2</dataTypeScale>
<ownDataTypeParameters>,12,2</ownDataTypeParameters>
<autoIncrementCycle>false</autoIncrementCycle>
</Column>
<Column name="account_type" id="C375DEDB-2008-585A-6473-E48B7611A5D2">
<createdBy>admin</createdBy>
<createdTime>2015-10-28 10:37:54 UTC</createdTime>
<generatorID>DD1ADA3A-1BC0-1572-834A-E4A308770469</generatorID>
<ownerDesignName>bank_cards_1</ownerDesignName>
<useDomainConstraints>false</useDomainConstraints>
<use>1</use>
<logicalDatatype>LOGDT024</logicalDatatype>
<dataTypeSize>50</dataTypeSize>
<ownDataTypeParameters>50,,</ownDataTypeParameters>
<autoIncrementCycle>false</autoIncrementCycle>
</Column>
</columns>
<indexes itemClass="oracle.dbtools.crest.model.design.relational.Index">
<ind_PK_UK id="DB2363FD-D461-381C-EFA2-E24793AF159E" name="accounts_PK">
<createdBy>admin</createdBy>
<createdTime>2015-10-28 10:28:12 UTC</createdTime>
<generatorID>20BCF68C-394B-67FC-74EA-81AF456640A8</generatorID>
<ownerDesignName>bank_cards_1</ownerDesignName>
<pk>true</pk>
<indexState>Primary Constraint</indexState>
<isSurrogateKey>false</isSurrogateKey>
<indexColumnUsage>
<colUsage columnID="7CEC1E96-C771-B5E1-B930-A852A672FC40"/>
</indexColumnUsage>
</ind_PK_UK>
<ind_PK_UK id="0852FE34-A41D-E320-E4A8-4480F8F0B1C8" name="accounts_customers_FK">
<createdBy>admin</createdBy>
<createdTime>2015-10-28 10:28:12 UTC</createdTime>
<generatorID>5F102A59-5413-3BFD-E396-50C34664DDBD</generatorID>
<ownerDesignName>bank_cards_1</ownerDesignName>
<indexState>Foreign Key</indexState>
<isSurrogateKey>false</isSurrogateKey>
<indexColumnUsage>
<colUsage columnID="25716E28-07D9-DC89-A93F-E05F491547FA"/>
</indexColumnUsage>
</ind_PK_UK>
</indexes>
</Table>