<?xml version = '1.0' encoding = 'UTF-8'?>
<Diagram class="oracle.dbtools.crest.swingui.relational.DPVRelational" name="Relational_1" id="3D7E64B2-C31B-CE41-360B-CC56DC91A544">
<createdBy>Marin F</createdBy>
<modifiedBy>admin</modifiedBy>
<createdTime>2011-08-27 05:58:40 UTC</createdTime>
<autoRoute>false</autoRoute>
<boxInbox>true</boxInbox>
<showLegend>false</showLegend>
<showLabels>false</showLabels>
<showRelAttributes>false</showRelAttributes>
<gridEnabled>false</gridEnabled>
<showGrid>false</showGrid>
<diagramColor>-1</diagramColor>
<display>false</display>
<notation>1</notation>
<objectViews>
<OView class="oracle.dbtools.crest.swingui.relational.TVTable" oid="1E7B3E58-729A-4576-8125-FF715D196B5D" otype="Table" vid="9FD89513-D817-D86D-DF9D-B888E7F795B0">
<hideElementsInCurrentOnly>false</hideElementsInCurrentOnly>
<bounds x="22" y="288" width="140" height="108"/>
</OView>
<OView class="oracle.dbtools.crest.swingui.relational.TVTable" oid="2893CFF1-4322-2B88-22AE-5DB299E50ECD" otype="Table" vid="82D81FBF-16FE-AB7C-3756-092F0E6EA1AD">
<hideElementsInCurrentOnly>false</hideElementsInCurrentOnly>
<bounds x="63" y="445" width="125" height="64"/>
</OView>
<OView class="oracle.dbtools.crest.swingui.relational.TVTable" oid="332DDD7D-50AB-45CA-B15E-289813DB29B1" otype="Table" vid="CBBC0B30-C9EE-A908-ACC6-596D515D4890">
<hideElementsInCurrentOnly>false</hideElementsInCurrentOnly>
<bounds x="394" y="100" width="145" height="60"/>
</OView>
<OView class="oracle.dbtools.crest.swingui.relational.TVTable" oid="380FC5E3-2F00-A78F-76B2-F07E54A197DD" otype="Table" vid="ABDB6B22-4AED-45E7-0ED1-86A907F1737A">
<hideElementsInCurrentOnly>false</hideElementsInCurrentOnly>
<bounds x="367" y="455" width="90" height="60"/>
</OView>
<OView class="oracle.dbtools.crest.swingui.relational.TVTable" oid="57585D37-17AF-0EA5-D36D-98588F60DD41" otype="Table" vid="F102C585-12B9-F7B5-49F6-2885F31B1DA7">
<hideElementsInCurrentOnly>false</hideElementsInCurrentOnly>
<bounds x="863" y="7" width="130" height="73"/>
</OView>
<OView class="oracle.dbtools.crest.swingui.relational.TVTable" oid="5B2443AB-C0F1-2F9D-CF2E-653F48EE3D38" otype="Table" vid="7A70FBBE-140D-DF2F-F5AD-053081560860">
<hideElementsInCurrentOnly>false</hideElementsInCurrentOnly>
<bounds x="497" y="216" width="169" height="123"/>
</OView>
<OView class="oracle.dbtools.crest.swingui.relational.TVTable" oid="5B5A2C62-182E-583B-F4F5-77764524FBA8" otype="Table" vid="0063F451-ED18-CD70-BDF6-420337B56C7D">
<hideElementsInCurrentOnly>false</hideElementsInCurrentOnly>
<bounds x="36" y="538" width="135" height="111"/>
</OView>
<OView class="oracle.dbtools.crest.swingui.relational.TVTable" oid="69285C83-F2F3-9051-F152-403273D18157" otype="Table" vid="0B52FAB8-6E6A-8792-AFA8-71AE309A912C">
<hideElementsInCurrentOnly>false</hideElementsInCurrentOnly>
<bounds x="612" y="391" width="125" height="96"/>
</OView>
<OView class="oracle.dbtools.crest.swingui.relational.TVTable" oid="6E619F81-47A2-0F7E-325E-CDE7FB1864CE" otype="Table" vid="339E3366-4E2B-06D4-F26E-CCBE306EEDF8">
<hideElementsInCurrentOnly>false</hideElementsInCurrentOnly>
<bounds x="570" y="542" width="187" height="109"/>
</OView>
<OView class="oracle.dbtools.crest.swingui.relational.TVTable" oid="7AC4E529-8C77-5E15-9222-716E78A6F3D2" otype="Table" vid="7E2C8909-813A-2D8E-E7AE-3E98AB1D7AAF">
<hideElementsInCurrentOnly>false</hideElementsInCurrentOnly>
<bounds x="367" y="23" width="146" height="68"/>
</OView>
<OView class="oracle.dbtools.crest.swingui.relational.TVTable" oid="7AE9EAE7-F26B-7D2C-8261-328082EEF3C2" otype="Table" vid="DC54F958-3997-DEF5-97C1-35287B77DAC6">
<hideElementsInCurrentOnly>false</hideElementsInCurrentOnly>
<bounds x="136" y="16" width="149" height="81"/>
</OView>
<OView class="oracle.dbtools.crest.swingui.relational.TVTable" oid="7E7E1449-F8DF-F173-5561-1B7B5F184C9B" otype="Table" vid="3F0556E6-8BCA-CD70-BDC4-63A24F0A92D7">
<hideElementsInCurrentOnly>false</hideElementsInCurrentOnly>
<bounds x="864" y="302" width="150" height="150"/>
</OView>
<OView class="oracle.dbtools.crest.swingui.relational.TVTable" oid="90CE4996-5A07-FDF5-E45E-4A7F23FCC191" otype="Table" vid="506D6EA8-6327-A107-3A29-C2FD3C853A82">
<hideElementsInCurrentOnly>false</hideElementsInCurrentOnly>
<bounds x="812" y="102" width="159" height="63"/>
</OView>
<OView class="oracle.dbtools.crest.swingui.relational.TVTable" oid="AEA8EDF8-6565-8C95-99AE-D34269CD7261" otype="Table" vid="AF749334-6C9D-DDF2-3904-6F107F1721C3">
<hideElementsInCurrentOnly>false</hideElementsInCurrentOnly>
<bounds x="236" y="209" width="164" height="97"/>
</OView>
<OView class="oracle.dbtools.crest.swingui.relational.TVTable" oid="B1F5D502-1292-794A-4769-64A0D3467CFC" otype="Table" vid="F020E3BA-254F-C756-0659-9BA445DE6B09">
<hideElementsInCurrentOnly>false</hideElementsInCurrentOnly>
<bounds x="595" y="10" width="164" height="168"/>
</OView>
<OView class="oracle.dbtools.crest.swingui.relational.TVTable" oid="C0E0EA84-6A9A-4A60-7360-B2F1B3A66720" otype="Table" vid="9853F939-EF98-2A5C-72A5-F48F85590EFE">
<hideElementsInCurrentOnly>false</hideElementsInCurrentOnly>
<bounds x="256" y="541" width="170" height="110"/>
</OView>
<OView class="oracle.dbtools.crest.swingui.relational.TVTable" oid="C8169FB9-2C7E-012E-EE0B-4DC2A8C2E739" otype="Table" vid="B374148F-3828-76FE-013E-675C39014561">
<hideElementsInCurrentOnly>false</hideElementsInCurrentOnly>
<bounds x="6" y="107" width="154" height="119"/>
</OView>
<OView class="oracle.dbtools.crest.swingui.relational.TVTable" oid="D769C0A0-A7F8-5750-09F6-13C686CA8980" otype="Table" vid="775D0930-B376-CBD0-1200-6D0A93C236D3">
<hideElementsInCurrentOnly>false</hideElementsInCurrentOnly>
<bounds x="303" y="336" width="188" height="78"/>
</OView>
<OView class="oracle.dbtools.crest.swingui.relational.TVTable" oid="D837A0F5-A73C-885B-7FF4-020D020201F8" otype="Table" vid="596902AD-6908-E957-2B6E-9712536AFECA">
<hideElementsInCurrentOnly>false</hideElementsInCurrentOnly>
<bounds x="738" y="207" width="173" height="58"/>
</OView>
</objectViews>
<connectors>
<Connector class="oracle.dbtools.crest.swingui.relational.TVFKRelation" oid="01CFD6CA-1E32-AB14-35C8-0E86E8AD1F00" otype="FKIndexAssociation" vid_source="7A70FBBE-140D-DF2F-F5AD-053081560860" vid_target="CBBC0B30-C9EE-A908-ACC6-596D515D4890">
<hideElementsInCurrentOnly>false</hideElementsInCurrentOnly>
<lineWidth>1</lineWidth>
<points>
<point x="518" y="216"/>
<point x="518" y="160"/>
</points>
</Connector>
<Connector class="oracle.dbtools.crest.swingui.relational.TVFKRelation" oid="1134F0CA-9778-E6A6-8F2B-30B86B15C00E" otype="FKIndexAssociation" vid_source="3F0556E6-8BCA-CD70-BDC4-63A24F0A92D7" vid_target="7A70FBBE-140D-DF2F-F5AD-053081560860">
<hideElementsInCurrentOnly>false</hideElementsInCurrentOnly>
<lineWidth>1</lineWidth>
<points>
<point x="864" y="320"/>
<point x="666" y="320"/>
</points>
</Connector>
<Connector class="oracle.dbtools.crest.swingui.relational.TVFKRelation" oid="180866E2-2029-5CDA-3377-0B5EE85B4994" otype="FKIndexAssociation" vid_source="DC54F958-3997-DEF5-97C1-35287B77DAC6" vid_target="9FD89513-D817-D86D-DF9D-B888E7F795B0">
<hideElementsInCurrentOnly>false</hideElementsInCurrentOnly>
<lineWidth>1</lineWidth>
<points>
<point x="136" y="97"/>
<point x="109" y="288"/>
</points>
</Connector>
<Connector class="oracle.dbtools.crest.swingui.relational.TVFKRelation" oid="3EE994C2-9426-2C6C-14E1-EC5BB8910B31" otype="FKIndexAssociation" vid_source="0B52FAB8-6E6A-8792-AFA8-71AE309A912C" vid_target="ABDB6B22-4AED-45E7-0ED1-86A907F1737A">
<hideElementsInCurrentOnly>false</hideElementsInCurrentOnly>
<lineWidth>1</lineWidth>
<points>
<point x="612" y="471"/>
<point x="457" y="471"/>
</points>
</Connector>
<Connector class="oracle.dbtools.crest.swingui.relational.TVFKRelation" oid="5C42BD56-FDD7-0B96-F4AE-A82F4A87E3AC" otype="FKIndexAssociation" vid_source="7A70FBBE-140D-DF2F-F5AD-053081560860" vid_target="0B52FAB8-6E6A-8792-AFA8-71AE309A912C">
<hideElementsInCurrentOnly>false</hideElementsInCurrentOnly>
<lineWidth>1</lineWidth>
<points>
<point x="639" y="339"/>
<point x="639" y="391"/>
</points>
</Connector>
<Connector class="oracle.dbtools.crest.swingui.relational.TVFKRelation" oid="5EA29DBB-C79D-0931-E13A-78D3B76C32A8" otype="FKIndexAssociation" vid_source="F020E3BA-254F-C756-0659-9BA445DE6B09" vid_target="7E2C8909-813A-2D8E-E7AE-3E98AB1D7AAF">
<hideElementsInCurrentOnly>false</hideElementsInCurrentOnly>
<lineWidth>1</lineWidth>
<points>
<point x="595" y="57"/>
<point x="513" y="57"/>
</points>
</Connector>
<Connector class="oracle.dbtools.crest.swingui.relational.TVFKRelation" oid="661920BD-B544-7E1E-FBB6-77214E787EF1" otype="FKIndexAssociation" vid_source="9FD89513-D817-D86D-DF9D-B888E7F795B0" vid_target="AF749334-6C9D-DDF2-3904-6F107F1721C3">
<hideElementsInCurrentOnly>false</hideElementsInCurrentOnly>
<lineWidth>1</lineWidth>
<points>
<point x="162" y="297"/>
<point x="236" y="297"/>
</points>
</Connector>
<Connector class="oracle.dbtools.crest.swingui.relational.TVFKRelation" oid="69F54565-F613-9B7E-FFC9-7B63644F0308" otype="FKIndexAssociation" vid_source="B374148F-3828-76FE-013E-675C39014561" vid_target="9FD89513-D817-D86D-DF9D-B888E7F795B0">
<hideElementsInCurrentOnly>false</hideElementsInCurrentOnly>
<lineWidth>1</lineWidth>
<points>
<point x="91" y="226"/>
<point x="91" y="288"/>
</points>
</Connector>
<Connector class="oracle.dbtools.crest.swingui.relational.TVFKRelation" oid="6A53B375-5225-22B9-9B69-CE9CC050FCB3" otype="FKIndexAssociation" vid_source="ABDB6B22-4AED-45E7-0ED1-86A907F1737A" vid_target="82D81FBF-16FE-AB7C-3756-092F0E6EA1AD">
<hideElementsInCurrentOnly>false</hideElementsInCurrentOnly>
<lineWidth>1</lineWidth>
<points>
<point x="367" y="492"/>
<point x="188" y="492"/>
</points>
</Connector>
<Connector class="oracle.dbtools.crest.swingui.relational.TVFKRelation" oid="7040A25D-049E-337F-C721-89FBAF738389" otype="FKIndexAssociation" vid_source="775D0930-B376-CBD0-1200-6D0A93C236D3" vid_target="82D81FBF-16FE-AB7C-3756-092F0E6EA1AD">
<hideElementsInCurrentOnly>false</hideElementsInCurrentOnly>
<lineWidth>1</lineWidth>
<points>
<point x="303" y="454"/>
<point x="188" y="454"/>
</points>
</Connector>
<Connector class="oracle.dbtools.crest.swingui.relational.TVFKRelation" oid="789FAC3D-AA98-2ED0-9B2B-E5F49FE87F43" otype="FKIndexAssociation" vid_source="596902AD-6908-E957-2B6E-9712536AFECA" vid_target="7A70FBBE-140D-DF2F-F5AD-053081560860">
<hideElementsInCurrentOnly>false</hideElementsInCurrentOnly>
<lineWidth>1</lineWidth>
<points>
<point x="738" y="240"/>
<point x="666" y="240"/>
</points>
</Connector>
<Connector class="oracle.dbtools.crest.swingui.relational.TVFKRelation" oid="9B7BF0BB-8585-2FB2-2C0E-091745CB711B" otype="FKIndexAssociation" vid_source="7A70FBBE-140D-DF2F-F5AD-053081560860" vid_target="AF749334-6C9D-DDF2-3904-6F107F1721C3">
<hideElementsInCurrentOnly>false</hideElementsInCurrentOnly>
<lineWidth>1</lineWidth>
<points>
<point x="497" y="248"/>
<point x="400" y="248"/>
</points>
</Connector>
<Connector class="oracle.dbtools.crest.swingui.relational.TVFKRelation" oid="A3F4F06C-BDF7-3D01-8D95-C9A36CD71C32" otype="FKIndexAssociation" vid_source="DC54F958-3997-DEF5-97C1-35287B77DAC6" vid_target="7E2C8909-813A-2D8E-E7AE-3E98AB1D7AAF">
<hideElementsInCurrentOnly>false</hideElementsInCurrentOnly>
<lineWidth>1</lineWidth>
<points>
<point x="285" y="57"/>
<point x="367" y="57"/>
</points>
</Connector>
<Connector class="oracle.dbtools.crest.swingui.relational.TVFKRelation" oid="A5C7E89A-E750-8AF1-5893-93EEE669ABC7" otype="FKIndexAssociation" vid_source="3F0556E6-8BCA-CD70-BDC4-63A24F0A92D7" vid_target="506D6EA8-6327-A107-3A29-C2FD3C853A82">
<hideElementsInCurrentOnly>false</hideElementsInCurrentOnly>
<lineWidth>1</lineWidth>
<points>
<point x="917" y="302"/>
<point x="917" y="165"/>
</points>
</Connector>
<Connector class="oracle.dbtools.crest.swingui.relational.TVFKRelation" oid="B2732D9C-019D-2CEB-8568-B43EB33B3ABF" otype="FKIndexAssociation" vid_source="DC54F958-3997-DEF5-97C1-35287B77DAC6" vid_target="AF749334-6C9D-DDF2-3904-6F107F1721C3">
<hideElementsInCurrentOnly>false</hideElementsInCurrentOnly>
<lineWidth>1</lineWidth>
<points>
<point x="260" y="97"/>
<point x="260" y="209"/>
</points>
</Connector>
<Connector class="oracle.dbtools.crest.swingui.relational.TVFKRelation" oid="BBD63293-F807-70F2-E0CB-6EAA8E5A62A3" otype="FKIndexAssociation" vid_source="F020E3BA-254F-C756-0659-9BA445DE6B09" vid_target="7A70FBBE-140D-DF2F-F5AD-053081560860">
<hideElementsInCurrentOnly>false</hideElementsInCurrentOnly>
<lineWidth>1</lineWidth>
<points>
<point x="630" y="178"/>
<point x="630" y="216"/>
</points>
</Connector>
<Connector class="oracle.dbtools.crest.swingui.relational.TVFKRelation" oid="BCEE53B0-D08B-E263-E26E-D10235536FC8" otype="FKIndexAssociation" vid_source="F020E3BA-254F-C756-0659-9BA445DE6B09" vid_target="F102C585-12B9-F7B5-49F6-2885F31B1DA7">
<hideElementsInCurrentOnly>false</hideElementsInCurrentOnly>
<lineWidth>1</lineWidth>
<points>
<point x="759" y="45"/>
<point x="863" y="45"/>
</points>
</Connector>
<Connector class="oracle.dbtools.crest.swingui.relational.TVFKRelation" oid="CD3865F2-CBDB-0BC8-E974-E1E0F04CEC2D" otype="FKIndexAssociation" vid_source="775D0930-B376-CBD0-1200-6D0A93C236D3" vid_target="0B52FAB8-6E6A-8792-AFA8-71AE309A912C">
<hideElementsInCurrentOnly>false</hideElementsInCurrentOnly>
<lineWidth>1</lineWidth>
<points>
<point x="491" y="402"/>
<point x="612" y="402"/>
</points>
</Connector>
<Connector class="oracle.dbtools.crest.swingui.relational.TVFKRelation" oid="D7EE8FEF-8461-1096-6061-47186D49B2E3" otype="FKIndexAssociation" vid_source="775D0930-B376-CBD0-1200-6D0A93C236D3" vid_target="CBBC0B30-C9EE-A908-ACC6-596D515D4890">
<hideElementsInCurrentOnly>false</hideElementsInCurrentOnly>
<lineWidth>1</lineWidth>
<points>
<point x="442" y="336"/>
<point x="442" y="160"/>
</points>
</Connector>
<Connector class="oracle.dbtools.crest.swingui.relational.TVFKRelation" oid="E5486B70-A3B0-52E8-F180-4267693E4D77" otype="FKIndexAssociation" vid_source="596902AD-6908-E957-2B6E-9712536AFECA" vid_target="506D6EA8-6327-A107-3A29-C2FD3C853A82">
<hideElementsInCurrentOnly>false</hideElementsInCurrentOnly>
<lineWidth>1</lineWidth>
<points>
<point x="836" y="207"/>
<point x="836" y="165"/>
</points>
</Connector>
<Connector class="oracle.dbtools.crest.swingui.relational.TVFKRelation" oid="E9FD24A7-6960-676E-328F-21B7118B2DCC" otype="FKIndexAssociation" vid_source="9FD89513-D817-D86D-DF9D-B888E7F795B0" vid_target="82D81FBF-16FE-AB7C-3756-092F0E6EA1AD">
<hideElementsInCurrentOnly>false</hideElementsInCurrentOnly>
<lineWidth>1</lineWidth>
<points>
<point x="112" y="396"/>
<point x="112" y="445"/>
</points>
</Connector>
<Connector class="oracle.dbtools.crest.swingui.relational.TVFKRelation" oid="F39C2DE5-1CC9-7F0C-D520-B77EDF5A9793" otype="FKIndexAssociation" vid_source="339E3366-4E2B-06D4-F26E-CCBE306EEDF8" vid_target="0B52FAB8-6E6A-8792-AFA8-71AE309A912C">
<hideElementsInCurrentOnly>false</hideElementsInCurrentOnly>
<lineWidth>1</lineWidth>
<points>
<point x="674" y="542"/>
<point x="674" y="487"/>
</points>
</Connector>
</connectors>
<arcs>
<Arc class="oracle.dbtools.crest.swingui.relational.TVFKArc" oid="7831FCC8-9B19-14EA-53EA-9355286F6175" otype="FKArc" vid="2D4788B8-6954-29B1-F6DD-5F17B04EF4B8">
<hideElementsInCurrentOnly>false</hideElementsInCurrentOnly>
<bounds x="477" y="196" width="209" height="163"/>
</Arc>
</arcs>
</Diagram>