<?xml version = '1.0' encoding = 'UTF-8'?>
<Diagram class="oracle.dbtools.crest.swingui.logical.DPVLogical" name="Logical" id="82A44117-B356-5211-BAC0-8AD6A579F697">
<createdBy>Marin F</createdBy>
<modifiedBy>admin</modifiedBy>
<createdTime>2011-08-27 04:59:22 UTC</createdTime>
<autoRoute>false</autoRoute>
<boxInbox>true</boxInbox>
<showLegend>false</showLegend>
<showLabels>false</showLabels>
<showRelAttributes>false</showRelAttributes>
<gridEnabled>false</gridEnabled>
<showGrid>false</showGrid>
<diagramColor>-1</diagramColor>
<display>false</display>
<notation>1</notation>
<objectViews>
<OView class="oracle.dbtools.crest.swingui.logical.TVEntity" oid="234FF613-D601-FAA5-B64E-5E24E64C1929" otype="Entity" vid="468CF0B0-B3E3-1C55-CD4C-C87F613A87FE">
<hideElementsInCurrentOnly>false</hideElementsInCurrentOnly>
<bounds x="303" y="336" width="188" height="78"/>
</OView>
<OView class="oracle.dbtools.crest.swingui.logical.TVEntity" oid="267E94FD-45CC-EEEB-A1B8-02937C60A862" otype="Entity" vid="BB9E767D-389E-5660-A37D-1D008F8B2F54">
<hideElementsInCurrentOnly>false</hideElementsInCurrentOnly>
<bounds x="136" y="16" width="149" height="81"/>
</OView>
<OView class="oracle.dbtools.crest.swingui.logical.TVEntity" oid="6D58A418-17AF-D425-0931-E98233F0786A" otype="Entity" vid="89FA08DA-AFC2-E823-8B99-0A74D2B9354B">
<hideElementsInCurrentOnly>false</hideElementsInCurrentOnly>
<bounds x="256" y="541" width="170" height="110"/>
</OView>
<OView class="oracle.dbtools.crest.swingui.logical.TVEntity" oid="764D6DE8-1636-75E3-88F7-03395AE41736" otype="Entity" vid="4B229FEA-F76F-0C4B-EC8C-048F1229F34B">
<hideElementsInCurrentOnly>false</hideElementsInCurrentOnly>
<bounds x="570" y="542" width="187" height="109"/>
</OView>
<OView class="oracle.dbtools.crest.swingui.logical.TVEntity" oid="87614176-2AED-0F30-C09C-9CDFFE2A045D" otype="Entity" vid="E80920B8-45FF-A864-62F2-239B30C028CA">
<hideElementsInCurrentOnly>false</hideElementsInCurrentOnly>
<bounds x="367" y="23" width="146" height="68"/>
</OView>
<OView class="oracle.dbtools.crest.swingui.logical.TVEntity" oid="8C16992C-CD75-A137-B770-956F23DA85EF" otype="Entity" vid="A4E51215-F6DE-A949-DB3D-771523BDD5EB">
<hideElementsInCurrentOnly>false</hideElementsInCurrentOnly>
<bounds x="497" y="216" width="169" height="123"/>
</OView>
<OView class="oracle.dbtools.crest.swingui.logical.TVEntity" oid="9A6211EB-1477-BEC0-8125-9B61B1162EE4" otype="Entity" vid="5B578940-E4E6-ED99-878A-AE968476A891">
<hideElementsInCurrentOnly>false</hideElementsInCurrentOnly>
<bounds x="738" y="207" width="173" height="58"/>
</OView>
<OView class="oracle.dbtools.crest.swingui.logical.TVEntity" oid="A7393D13-AFD4-6C9E-10AA-E292027E4471" otype="Entity" vid="5120DDDE-2149-E6AC-F8BE-7BACD63C4B51">
<hideElementsInCurrentOnly>false</hideElementsInCurrentOnly>
<bounds x="63" y="445" width="125" height="64"/>
</OView>
<OView class="oracle.dbtools.crest.swingui.logical.TVEntity" oid="B2D431E1-346D-7391-879A-7F44D2564A08" otype="Entity" vid="48D7F2B3-0245-A351-8025-40AE82433874">
<hideElementsInCurrentOnly>false</hideElementsInCurrentOnly>
<bounds x="236" y="214" width="164" height="97"/>
</OView>
<OView class="oracle.dbtools.crest.swingui.logical.TVEntity" oid="B4FF9F98-5257-9A42-80A2-A9B7166E7EA5" otype="Entity" vid="4E40EBF5-C498-14BE-B34B-360C805D9E4D">
<hideElementsInCurrentOnly>false</hideElementsInCurrentOnly>
<bounds x="22" y="288" width="140" height="108"/>
</OView>
<OView class="oracle.dbtools.crest.swingui.logical.TVEntity" oid="BB729FFE-6ADC-EF0D-9D4F-7D839D6FFFBE" otype="Entity" vid="D763695D-6E8B-84E0-98AF-697D8F84272B">
<hideElementsInCurrentOnly>false</hideElementsInCurrentOnly>
<bounds x="394" y="100" width="145" height="60"/>
</OView>
<OView class="oracle.dbtools.crest.swingui.logical.TVEntity" oid="C0A5EEBC-42DE-6DDA-E9E0-29702D3D3663" otype="Entity" vid="1E513D1C-E807-CB26-A6BF-5D37A474F07E">
<hideElementsInCurrentOnly>false</hideElementsInCurrentOnly>
<bounds x="6" y="107" width="154" height="119"/>
</OView>
<OView class="oracle.dbtools.crest.swingui.logical.TVEntity" oid="C8DCB2E3-17F3-109D-E00C-3FADAED21B76" otype="Entity" vid="B72AB43B-5AAB-C55A-0C37-BC73ACCA8A87">
<hideElementsInCurrentOnly>false</hideElementsInCurrentOnly>
<bounds x="595" y="10" width="164" height="168"/>
</OView>
<OView class="oracle.dbtools.crest.swingui.logical.TVEntity" oid="CFD7AA03-F645-1C47-C54F-649B4097B68C" otype="Entity" vid="FB5445EF-7B9A-8FBA-AE5C-9E262726BDC5">
<hideElementsInCurrentOnly>false</hideElementsInCurrentOnly>
<bounds x="863" y="7" width="130" height="73"/>
</OView>
<OView class="oracle.dbtools.crest.swingui.logical.TVEntity" oid="D1492B88-CDFC-2220-91C5-7AB25DC3BF81" otype="Entity" vid="534CA54A-3EE7-8EF8-94D8-91A03100FAB8">
<hideElementsInCurrentOnly>false</hideElementsInCurrentOnly>
<bounds x="864" y="302" width="150" height="150"/>
</OView>
<OView class="oracle.dbtools.crest.swingui.logical.TVEntity" oid="E01F7D62-3507-6722-0436-D062B7400B2E" otype="Entity" vid="FA3CDC0D-9267-F9F9-46C3-5DB0C749C598">
<hideElementsInCurrentOnly>false</hideElementsInCurrentOnly>
<bounds x="36" y="538" width="135" height="111"/>
</OView>
<OView class="oracle.dbtools.crest.swingui.logical.TVEntity" oid="F2B8A3EE-B55C-7CC4-525E-C1039BE398DC" otype="Entity" vid="22074564-3C6D-0685-3A07-8DFBB97A5C5E">
<hideElementsInCurrentOnly>false</hideElementsInCurrentOnly>
<bounds x="812" y="102" width="159" height="63"/>
</OView>
<OView class="oracle.dbtools.crest.swingui.logical.TVEntity" oid="F6C4F527-D42E-0F7E-5072-D8203332D1F8" otype="Entity" vid="6658A6D0-4BFB-681A-A081-4992C3A678B5">
<hideElementsInCurrentOnly>false</hideElementsInCurrentOnly>
<bounds x="367" y="455" width="90" height="60"/>
</OView>
<OView class="oracle.dbtools.crest.swingui.logical.TVEntity" oid="F928E65A-16C7-4142-BFBD-19F9FCE995B0" otype="Entity" vid="8DB98219-EEEA-CA78-A332-76BB118F4CB8">
<hideElementsInCurrentOnly>false</hideElementsInCurrentOnly>
<bounds x="612" y="391" width="125" height="96"/>
</OView>
</objectViews>
<connectors>
<Connector class="oracle.dbtools.crest.swingui.logical.TVRelation" oid="0349CEAC-492D-9A6D-E9C0-48C08B2D0A1B" otype="Relation" vid_source="468CF0B0-B3E3-1C55-CD4C-C87F613A87FE" vid_target="D763695D-6E8B-84E0-98AF-697D8F84272B">
<hideElementsInCurrentOnly>false</hideElementsInCurrentOnly>
<lineWidth>1</lineWidth>
<points>
<point x="442" y="336"/>
<point x="442" y="160"/>
</points>
</Connector>
<Connector class="oracle.dbtools.crest.swingui.logical.TVRelation" oid="158D50A7-5492-92E6-AA66-B64E22182327" otype="Relation" vid_source="A4E51215-F6DE-A949-DB3D-771523BDD5EB" vid_target="D763695D-6E8B-84E0-98AF-697D8F84272B">
<hideElementsInCurrentOnly>false</hideElementsInCurrentOnly>
<lineWidth>1</lineWidth>
<points>
<point x="518" y="216"/>
<point x="518" y="160"/>
</points>
</Connector>
<Connector class="oracle.dbtools.crest.swingui.logical.TVRelation" oid="295607FA-52BE-E93C-3736-DC16F668F988" otype="Relation" vid_source="6658A6D0-4BFB-681A-A081-4992C3A678B5" vid_target="5120DDDE-2149-E6AC-F8BE-7BACD63C4B51">
<hideElementsInCurrentOnly>false</hideElementsInCurrentOnly>
<lineWidth>1</lineWidth>
<points>
<point x="367" y="492"/>
<point x="188" y="492"/>
</points>
</Connector>
<Connector class="oracle.dbtools.crest.swingui.logical.TVRelation" oid="420089AF-5E49-C5E6-C9E4-FFA467576D46" otype="Relation" vid_source="B72AB43B-5AAB-C55A-0C37-BC73ACCA8A87" vid_target="FB5445EF-7B9A-8FBA-AE5C-9E262726BDC5">
<hideElementsInCurrentOnly>false</hideElementsInCurrentOnly>
<lineWidth>1</lineWidth>
<points>
<point x="759" y="45"/>
<point x="863" y="45"/>
</points>
</Connector>
<Connector class="oracle.dbtools.crest.swingui.logical.TVRelation" oid="4C93214B-2E77-7FE1-A653-88EE0A12DD9F" otype="Relation" vid_source="4B229FEA-F76F-0C4B-EC8C-048F1229F34B" vid_target="8DB98219-EEEA-CA78-A332-76BB118F4CB8">
<hideElementsInCurrentOnly>false</hideElementsInCurrentOnly>
<lineWidth>1</lineWidth>
<points>
<point x="674" y="542"/>
<point x="674" y="487"/>
</points>
</Connector>
<Connector class="oracle.dbtools.crest.swingui.logical.TVRelation" oid="52910993-8BD7-3864-4ECF-92B0431E78FC" otype="Relation" vid_source="1E513D1C-E807-CB26-A6BF-5D37A474F07E" vid_target="4E40EBF5-C498-14BE-B34B-360C805D9E4D">
<hideElementsInCurrentOnly>false</hideElementsInCurrentOnly>
<lineWidth>1</lineWidth>
<points>
<point x="91" y="226"/>
<point x="91" y="288"/>
</points>
</Connector>
<Connector class="oracle.dbtools.crest.swingui.logical.TVRelation" oid="68EEADA6-8520-8FA8-C56F-8C6595E2B80A" otype="Relation" vid_source="4E40EBF5-C498-14BE-B34B-360C805D9E4D" vid_target="5120DDDE-2149-E6AC-F8BE-7BACD63C4B51">
<hideElementsInCurrentOnly>false</hideElementsInCurrentOnly>
<lineWidth>1</lineWidth>
<points>
<point x="112" y="396"/>
<point x="112" y="445"/>
</points>
</Connector>
<Connector class="oracle.dbtools.crest.swingui.logical.TVRelation" oid="6DE44B08-A309-49FC-151C-D147B0F92A04" otype="Relation" vid_source="5B578940-E4E6-ED99-878A-AE968476A891" vid_target="A4E51215-F6DE-A949-DB3D-771523BDD5EB">
<hideElementsInCurrentOnly>false</hideElementsInCurrentOnly>
<lineWidth>1</lineWidth>
<points>
<point x="738" y="240"/>
<point x="666" y="240"/>
</points>
</Connector>
<Connector class="oracle.dbtools.crest.swingui.logical.TVRelation" oid="8944312C-58E0-1E00-6A3E-5A366E7D082C" otype="Relation" vid_source="B72AB43B-5AAB-C55A-0C37-BC73ACCA8A87" vid_target="E80920B8-45FF-A864-62F2-239B30C028CA">
<hideElementsInCurrentOnly>false</hideElementsInCurrentOnly>
<lineWidth>1</lineWidth>
<points>
<point x="595" y="57"/>
<point x="513" y="57"/>
</points>
</Connector>
<Connector class="oracle.dbtools.crest.swingui.logical.TVRelation" oid="970DCD1F-AC7E-F1A5-B3DD-421344F97684" otype="Relation" vid_source="8DB98219-EEEA-CA78-A332-76BB118F4CB8" vid_target="6658A6D0-4BFB-681A-A081-4992C3A678B5">
<hideElementsInCurrentOnly>false</hideElementsInCurrentOnly>
<lineWidth>1</lineWidth>
<points>
<point x="612" y="471"/>
<point x="457" y="471"/>
</points>
</Connector>
<Connector class="oracle.dbtools.crest.swingui.logical.TVRelation" oid="994D9A3A-F2D2-0B4F-D215-BCA4A4ADD299" otype="Relation" vid_source="534CA54A-3EE7-8EF8-94D8-91A03100FAB8" vid_target="A4E51215-F6DE-A949-DB3D-771523BDD5EB">
<hideElementsInCurrentOnly>false</hideElementsInCurrentOnly>
<lineWidth>1</lineWidth>
<points>
<point x="864" y="320"/>
<point x="666" y="320"/>
</points>
</Connector>
<Connector class="oracle.dbtools.crest.swingui.logical.TVRelation" oid="9E0AA252-8EDD-62B3-20E1-EED248CAC8B8" otype="Relation" vid_source="4E40EBF5-C498-14BE-B34B-360C805D9E4D" vid_target="48D7F2B3-0245-A351-8025-40AE82433874">
<hideElementsInCurrentOnly>false</hideElementsInCurrentOnly>
<lineWidth>1</lineWidth>
<points>
<point x="162" y="299"/>
<point x="236" y="299"/>
</points>
</Connector>
<Connector class="oracle.dbtools.crest.swingui.logical.TVRelation" oid="C6554D73-CE97-FDB4-6D98-84B35C3DEE16" otype="Relation" vid_source="A4E51215-F6DE-A949-DB3D-771523BDD5EB" vid_target="8DB98219-EEEA-CA78-A332-76BB118F4CB8">
<hideElementsInCurrentOnly>false</hideElementsInCurrentOnly>
<lineWidth>1</lineWidth>
<points>
<point x="639" y="339"/>
<point x="639" y="391"/>
</points>
</Connector>
<Connector class="oracle.dbtools.crest.swingui.logical.TVRelation" oid="D1FDC8E4-4578-A70C-5D13-F56547F8DADB" otype="Relation" vid_source="5B578940-E4E6-ED99-878A-AE968476A891" vid_target="22074564-3C6D-0685-3A07-8DFBB97A5C5E">
<hideElementsInCurrentOnly>false</hideElementsInCurrentOnly>
<lineWidth>1</lineWidth>
<points>
<point x="836" y="207"/>
<point x="836" y="165"/>
</points>
</Connector>
<Connector class="oracle.dbtools.crest.swingui.logical.TVRelation" oid="D6BCD7E7-6530-42CA-4251-C0473C79055E" otype="Relation" vid_source="B72AB43B-5AAB-C55A-0C37-BC73ACCA8A87" vid_target="A4E51215-F6DE-A949-DB3D-771523BDD5EB">
<hideElementsInCurrentOnly>false</hideElementsInCurrentOnly>
<lineWidth>1</lineWidth>
<points>
<point x="630" y="178"/>
<point x="630" y="216"/>
</points>
</Connector>
<Connector class="oracle.dbtools.crest.swingui.logical.TVRelation" oid="E10190B0-65C5-0E79-C2CB-B15380F27491" otype="Relation" vid_source="534CA54A-3EE7-8EF8-94D8-91A03100FAB8" vid_target="22074564-3C6D-0685-3A07-8DFBB97A5C5E">
<hideElementsInCurrentOnly>false</hideElementsInCurrentOnly>
<lineWidth>1</lineWidth>
<points>
<point x="917" y="302"/>
<point x="917" y="165"/>
</points>
</Connector>
<Connector class="oracle.dbtools.crest.swingui.logical.TVRelation" oid="F085211A-745B-49E9-398F-CE32B8805C04" otype="Relation" vid_source="468CF0B0-B3E3-1C55-CD4C-C87F613A87FE" vid_target="8DB98219-EEEA-CA78-A332-76BB118F4CB8">
<hideElementsInCurrentOnly>false</hideElementsInCurrentOnly>
<lineWidth>1</lineWidth>
<points>
<point x="491" y="402"/>
<point x="612" y="402"/>
</points>
</Connector>
<Connector class="oracle.dbtools.crest.swingui.logical.TVRelation" oid="F33163BD-66FD-4E3D-7736-AA9CCFE50030" otype="Relation" vid_source="BB9E767D-389E-5660-A37D-1D008F8B2F54" vid_target="E80920B8-45FF-A864-62F2-239B30C028CA">
<hideElementsInCurrentOnly>false</hideElementsInCurrentOnly>
<lineWidth>1</lineWidth>
<points>
<point x="285" y="57"/>
<point x="367" y="57"/>
</points>
</Connector>
<Connector class="oracle.dbtools.crest.swingui.logical.TVRelation" oid="F6A02D53-EAF8-7585-BD90-3E00D0049133" otype="Relation" vid_source="BB9E767D-389E-5660-A37D-1D008F8B2F54" vid_target="48D7F2B3-0245-A351-8025-40AE82433874">
<hideElementsInCurrentOnly>false</hideElementsInCurrentOnly>
<lineWidth>1</lineWidth>
<points>
<point x="260" y="97"/>
<point x="260" y="214"/>
</points>
</Connector>
<Connector class="oracle.dbtools.crest.swingui.logical.TVRelation" oid="FFB62D98-C62B-F675-44FF-79692E77E3EE" otype="Relation" vid_source="A4E51215-F6DE-A949-DB3D-771523BDD5EB" vid_target="48D7F2B3-0245-A351-8025-40AE82433874">
<hideElementsInCurrentOnly>false</hideElementsInCurrentOnly>
<lineWidth>1</lineWidth>
<points>
<point x="497" y="248"/>
<point x="400" y="248"/>
</points>
</Connector>
</connectors>
<arcs>
<Arc class="oracle.dbtools.crest.swingui.logical.TVArc" oid="8ADC1F3E-C564-7278-C480-971C437C6E73" otype="Arc" vid="3B90AF79-B78B-C091-638D-0BC7D56E83F4">
<hideElementsInCurrentOnly>false</hideElementsInCurrentOnly>
<bounds x="477" y="196" width="209" height="163"/>
</Arc>
</arcs>
</Diagram>