<?xml version = '1.0' encoding = 'UTF-8'?>
<Diagram class="oracle.dbtools.crest.swingui.relational.DPVRelational" name="Relational_1" id="1DA83EFA-8ACE-2AF9-B59C-3A59BBCA7C96">
<createdBy>Marin F</createdBy>
<modifiedBy>admin</modifiedBy>
<createdTime>2011-10-05 05:53:45 UTC</createdTime>
<autoRoute>false</autoRoute>
<boxInbox>true</boxInbox>
<showLegend>false</showLegend>
<showLabels>false</showLabels>
<showRelAttributes>false</showRelAttributes>
<gridEnabled>false</gridEnabled>
<showGrid>false</showGrid>
<diagramColor>-1</diagramColor>
<display>false</display>
<notation>1</notation>
<objectViews>
<OView class="oracle.dbtools.crest.swingui.relational.TVTable" oid="1F0B4420-3756-A4B5-EC80-7D9F6F381248" otype="Table" vid="DD54789D-922C-8783-D59B-23B2EED079AA">
<hideElementsInCurrentOnly>false</hideElementsInCurrentOnly>
<bounds x="365" y="394" width="232" height="141"/>
</OView>
<OView class="oracle.dbtools.crest.swingui.relational.TVTable" oid="23A17D0A-E416-63A1-0EF8-935B52FCEE83" otype="Table" vid="B2CCCD60-66B2-B749-5608-23CBA3A25B3F">
<hideElementsInCurrentOnly>false</hideElementsInCurrentOnly>
<bounds x="308" y="163" width="281" height="141"/>
</OView>
<OView class="oracle.dbtools.crest.swingui.relational.TVTable" oid="B657701E-733E-172B-10BD-7538DF7C483C" otype="Table" vid="FE4F403A-7D6E-50D6-BD0D-F637715482E8">
<hideElementsInCurrentOnly>false</hideElementsInCurrentOnly>
<bounds x="23" y="160" width="251" height="109"/>
</OView>
<OView class="oracle.dbtools.crest.swingui.relational.TVTable" oid="D047AC1D-65CF-3924-5BA2-C3421BD7D3B6" otype="Table" vid="ABA5E03B-3E32-E3E8-4E89-A712D087CEFD">
<hideElementsInCurrentOnly>false</hideElementsInCurrentOnly>
<bounds x="283" y="18" width="244" height="96"/>
</OView>
<OView class="oracle.dbtools.crest.swingui.relational.TVTable" oid="F6E6DFE8-7340-D2C3-2329-CA263B2BEBC1" otype="Table" vid="51F1FA3B-5C91-AD94-809D-5F6FB3357565">
<hideElementsInCurrentOnly>false</hideElementsInCurrentOnly>
<bounds x="75" y="380" width="232" height="109"/>
</OView>
</objectViews>
<connectors>
<Connector class="oracle.dbtools.crest.swingui.relational.TVFKRelation" oid="048F170D-A1FB-2C8D-BB28-FE99B0A1800A" otype="FKIndexAssociation" vid_source="FE4F403A-7D6E-50D6-BD0D-F637715482E8" vid_target="B2CCCD60-66B2-B749-5608-23CBA3A25B3F">
<hideElementsInCurrentOnly>false</hideElementsInCurrentOnly>
<lineWidth>1</lineWidth>
<points>
<point x="274" y="216"/>
<point x="308" y="216"/>
</points>
</Connector>
<Connector class="oracle.dbtools.crest.swingui.relational.TVFKRelation" oid="38282AC8-65D4-C0C1-80A8-3541FE555293" otype="FKIndexAssociation" vid_source="51F1FA3B-5C91-AD94-809D-5F6FB3357565" vid_target="DD54789D-922C-8783-D59B-23B2EED079AA">
<hideElementsInCurrentOnly>false</hideElementsInCurrentOnly>
<lineWidth>1</lineWidth>
<points>
<point x="307" y="441"/>
<point x="365" y="441"/>
</points>
</Connector>
<Connector class="oracle.dbtools.crest.swingui.relational.TVFKRelation" oid="63FDD44A-064C-7D58-7233-65FDACBE1A84" otype="FKIndexAssociation" vid_source="ABA5E03B-3E32-E3E8-4E89-A712D087CEFD" vid_target="B2CCCD60-66B2-B749-5608-23CBA3A25B3F">
<hideElementsInCurrentOnly>false</hideElementsInCurrentOnly>
<lineWidth>1</lineWidth>
<points>
<point x="417" y="114"/>
<point x="417" y="163"/>
</points>
</Connector>
<Connector class="oracle.dbtools.crest.swingui.relational.TVFKRelation" oid="A95D1204-C01A-A730-18E4-9B5D40AED601" otype="FKIndexAssociation" vid_source="3B6442A5-5D18-68A8-3C34-0DAF909C78EC" vid_target="46827062-2D3A-DF80-02D1-225BC22DCA0B">
<hideElementsInCurrentOnly>false</hideElementsInCurrentOnly>
<lineWidth>1</lineWidth>
</Connector>
<Connector class="oracle.dbtools.crest.swingui.relational.TVFKRelation" oid="BF3768A1-8332-D409-5BA2-7D1C5B805A59" otype="FKIndexAssociation" vid_source="B2CCCD60-66B2-B749-5608-23CBA3A25B3F" vid_target="DD54789D-922C-8783-D59B-23B2EED079AA">
<hideElementsInCurrentOnly>false</hideElementsInCurrentOnly>
<lineWidth>1</lineWidth>
<points>
<point x="477" y="304"/>
<point x="477" y="394"/>
</points>
</Connector>
<Connector class="oracle.dbtools.crest.swingui.relational.TVFKRelation" oid="D4CDBAED-D26E-D39A-AE3E-49DF63DA0182" otype="FKIndexAssociation" vid_source="3303C178-C7CD-B588-234C-6143A44CBA0B" vid_target="46827062-2D3A-DF80-02D1-225BC22DCA0B">
<hideElementsInCurrentOnly>false</hideElementsInCurrentOnly>
<lineWidth>1</lineWidth>
</Connector>
<Connector class="oracle.dbtools.crest.swingui.relational.TVFKRelation" oid="E49D9CF4-6A4C-BCA8-9FD6-BA41E32A4BE5" otype="FKIndexAssociation" vid_source="5220124A-73EB-31ED-7B96-9264C246B35A" vid_target="3303C178-C7CD-B588-234C-6143A44CBA0B">
<hideElementsInCurrentOnly>false</hideElementsInCurrentOnly>
<lineWidth>1</lineWidth>
</Connector>
<Connector class="oracle.dbtools.crest.swingui.relational.TVFKRelation" oid="F18C0D9B-C0F3-486C-9E69-EE4AAD6EF3C9" otype="FKIndexAssociation" vid_source="C434DB2B-C2D8-B804-987A-7DE952916827" vid_target="3303C178-C7CD-B588-234C-6143A44CBA0B">
<hideElementsInCurrentOnly>false</hideElementsInCurrentOnly>
<lineWidth>1</lineWidth>
</Connector>
</connectors>
</Diagram>