<?xml version = '1.0' encoding = 'UTF-8'?>
<DataTypesDesign class="oracle.dbtools.crest.model.design.datatypes.DataTypesDesign" name="DataTypes" id="E4A5BECF-F3A0-E672-6B3A-E507A4E3E741" mainViewID="EFD52A02-C397-F28C-8942-A6E8A8AD1009">
<createdBy>Marin F</createdBy>
<createdTime>2011-08-27 06:52:29 UTC</createdTime>
<ownerDesignName>catering1a</ownerDesignName>
<shouldBeOpen>false</shouldBeOpen>
<defaultArrayLimit>0</defaultArrayLimit>
<useRoleInAssociationEndAsName>false</useRoleInAssociationEndAsName>
</DataTypesDesign>