<?xml version = '1.0' encoding = 'UTF-8'?>
<Table class="oracle.dbtools.crest.model.design.relational.Table" directorySegmentName="seg_0" id="2C5DCEB9-3539-463D-35AB-1709B3B5ADAB" name="services">
<createdBy>marinfotache</createdBy>
<createdTime>2018-10-26 04:17:00 UTC</createdTime>
<generatorID>CE438035-A1E7-668F-8CE2-5917FDEDD9D3</generatorID>
<ownerDesignName>01a_heterogeneous_items_v1</ownerDesignName>
<allowColumnReorder>false</allowColumnReorder>
<existDependencyGenerateInDDl>true</existDependencyGenerateInDDl>
<parsed>true</parsed>
<columns itemClass="oracle.dbtools.crest.model.design.relational.Column">
<Column name="item_code" id="CE6594D6-880F-FC85-D92C-46278D585E45">
<createdBy>marinfotache</createdBy>
<createdTime>2018-10-26 04:17:00 UTC</createdTime>
<generatorID>1045832C-99A9-222A-A03D-213F70919C8C</generatorID>
<ownerDesignName>01a_heterogeneous_items_v1</ownerDesignName>
<useDomainConstraints>false</useDomainConstraints>
<use>1</use>
<logicalDatatype>LOGDT011</logicalDatatype>
<ownDataTypeParameters>,,</ownDataTypeParameters>
<autoIncrementCycle>false</autoIncrementCycle>
<associations>
<colAssociation fkAssociation="EB2A3B33-4F0B-C44A-4E00-9AD5C6AD6F1C" referredColumn="F4FD8C81-7055-98AC-CF41-16A49F78E62B"/>
</associations>
</Column>
<Column name="brief_description" id="46A926FA-8319-4992-D8A6-D56623E65A61">
<createdBy>marinfotache</createdBy>
<createdTime>2018-10-26 04:17:00 UTC</createdTime>
<generatorID>96341F4B-B5C7-7510-51A1-2EF22CF889FA</generatorID>
<ownerDesignName>01a_heterogeneous_items_v1</ownerDesignName>
<nullsAllowed>true</nullsAllowed>
<useDomainConstraints>false</useDomainConstraints>
<use>1</use>
<logicalDatatype>LOGDT037</logicalDatatype>
<dataTypeSize>100</dataTypeSize>
<ownDataTypeParameters>100,,</ownDataTypeParameters>
<autoIncrementCycle>false</autoIncrementCycle>
</Column>
</columns>
<indexes itemClass="oracle.dbtools.crest.model.design.relational.Index">
<ind_PK_UK id="2019BB9A-0BD9-1904-1EC2-4BE526B71A36" name="services_PK">
<createdBy>marinfotache</createdBy>
<createdTime>2018-10-26 04:17:00 UTC</createdTime>
<generatorID>4FBB1410-08FB-9B89-E530-B953ED4B1A43</generatorID>
<ownerDesignName>01a_heterogeneous_items_v1</ownerDesignName>
<pk>true</pk>
<indexState>Primary Constraint</indexState>
<isSurrogateKey>false</isSurrogateKey>
<indexColumnUsage>
<colUsage columnID="CE6594D6-880F-FC85-D92C-46278D585E45"/>
</indexColumnUsage>
</ind_PK_UK>
<ind_PK_UK id="11788E81-58CF-8285-2CB6-B414936F39E8" name="services_item_FK">
<createdBy>marinfotache</createdBy>
<createdTime>2018-10-26 04:17:00 UTC</createdTime>
<generatorID>C63A5930-6A1E-CC6E-8847-09051FA52665</generatorID>
<ownerDesignName>01a_heterogeneous_items_v1</ownerDesignName>
<indexState>Foreign Key</indexState>
<isSurrogateKey>false</isSurrogateKey>
<indexColumnUsage>
<colUsage columnID="CE6594D6-880F-FC85-D92C-46278D585E45"/>
</indexColumnUsage>
</ind_PK_UK>
</indexes>
</Table>