<?xml version = '1.0' encoding = 'UTF-8'?>
<Table class="oracle.dbtools.crest.model.design.relational.Table" directorySegmentName="seg_0" id="8DE29A94-2DD6-4588-E84F-1869BD43FD0E" name="serv_unique_price">
<createdBy>marinfotache</createdBy>
<createdTime>2018-10-26 04:17:00 UTC</createdTime>
<generatorID>38FA2BA3-27A0-5338-90FD-CFDBDD5249E8</generatorID>
<ownerDesignName>01a_heterogeneous_items_v1</ownerDesignName>
<allowColumnReorder>false</allowColumnReorder>
<existDependencyGenerateInDDl>true</existDependencyGenerateInDDl>
<parsed>true</parsed>
<columns itemClass="oracle.dbtools.crest.model.design.relational.Column">
<Column name="item_code" id="231E2244-955B-BF70-9823-E1E8B8E58344">
<createdBy>marinfotache</createdBy>
<createdTime>2018-10-26 04:17:00 UTC</createdTime>
<generatorID>1045832C-99A9-222A-A03D-213F70919C8C</generatorID>
<ownerDesignName>01a_heterogeneous_items_v1</ownerDesignName>
<useDomainConstraints>false</useDomainConstraints>
<use>1</use>
<logicalDatatype>LOGDT011</logicalDatatype>
<ownDataTypeParameters>,,</ownDataTypeParameters>
<autoIncrementCycle>false</autoIncrementCycle>
<associations>
<colAssociation fkAssociation="891796E0-6934-2208-F669-54CAF8F93614" referredColumn="CE6594D6-880F-FC85-D92C-46278D585E45"/>
</associations>
</Column>
<Column name="unique_price" id="043407A8-B87F-7494-E4CD-8E8665E5189B">
<createdBy>marinfotache</createdBy>
<createdTime>2018-10-26 04:17:00 UTC</createdTime>
<generatorID>79BF6D16-2B45-BB18-2435-2110311B59B6</generatorID>
<ownerDesignName>01a_heterogeneous_items_v1</ownerDesignName>
<useDomainConstraints>false</useDomainConstraints>
<use>1</use>
<logicalDatatype>LOGDT019</logicalDatatype>
<dataTypePrecision>8</dataTypePrecision>
<dataTypeScale>2</dataTypeScale>
<ownDataTypeParameters>,8,2</ownDataTypeParameters>
<autoIncrementCycle>false</autoIncrementCycle>
</Column>
</columns>
<indexes itemClass="oracle.dbtools.crest.model.design.relational.Index">
<ind_PK_UK id="5BD6218E-1200-53AE-BA75-3BEA5A91C56B" name="serv_unique_price_PK">
<createdBy>marinfotache</createdBy>
<createdTime>2018-10-26 04:17:00 UTC</createdTime>
<generatorID>4FBB1410-08FB-9B89-E530-B953ED4B1A43</generatorID>
<ownerDesignName>01a_heterogeneous_items_v1</ownerDesignName>
<pk>true</pk>
<indexState>Primary Constraint</indexState>
<isSurrogateKey>false</isSurrogateKey>
<indexColumnUsage>
<colUsage columnID="231E2244-955B-BF70-9823-E1E8B8E58344"/>
</indexColumnUsage>
</ind_PK_UK>
<ind_PK_UK id="D5F5F17C-120A-C030-3363-E471FB7F3AE9" name="serv_unique_price_services_FK">
<createdBy>marinfotache</createdBy>
<createdTime>2018-10-26 04:17:00 UTC</createdTime>
<generatorID>9BFF8122-CB69-FA40-B338-4F41DE6F89C0</generatorID>
<ownerDesignName>01a_heterogeneous_items_v1</ownerDesignName>
<indexState>Foreign Key</indexState>
<isSurrogateKey>false</isSurrogateKey>
<indexColumnUsage>
<colUsage columnID="231E2244-955B-BF70-9823-E1E8B8E58344"/>
</indexColumnUsage>
</ind_PK_UK>
</indexes>
</Table>