<?xml version = '1.0' encoding = 'UTF-8'?>
<Table class="oracle.dbtools.crest.model.design.relational.Table" directorySegmentName="seg_0" id="B1830A1B-92A0-B7A8-2DA0-CDD5F561E03B" name="products">
<createdBy>marinfotache</createdBy>
<createdTime>2018-10-26 04:17:00 UTC</createdTime>
<generatorID>31D7E745-BF20-2475-44D8-43FE2613DC9A</generatorID>
<ownerDesignName>01a_heterogeneous_items_v1</ownerDesignName>
<allowColumnReorder>false</allowColumnReorder>
<existDependencyGenerateInDDl>true</existDependencyGenerateInDDl>
<parsed>true</parsed>
<columns itemClass="oracle.dbtools.crest.model.design.relational.Column">
<Column name="item_code" id="98888F7C-2D01-94B8-E77B-15BA096B05CF">
<createdBy>marinfotache</createdBy>
<createdTime>2018-10-26 04:17:00 UTC</createdTime>
<generatorID>1045832C-99A9-222A-A03D-213F70919C8C</generatorID>
<ownerDesignName>01a_heterogeneous_items_v1</ownerDesignName>
<useDomainConstraints>false</useDomainConstraints>
<use>1</use>
<logicalDatatype>LOGDT011</logicalDatatype>
<ownDataTypeParameters>,,</ownDataTypeParameters>
<autoIncrementCycle>false</autoIncrementCycle>
<associations>
<colAssociation fkAssociation="B334AA81-A95C-2D91-503D-C28E179E796C" referredColumn="F4FD8C81-7055-98AC-CF41-16A49F78E62B"/>
</associations>
</Column>
<Column name="sell_measure_unit" id="4824FFAE-C0AF-1943-A51C-E1FFF288626F">
<createdBy>marinfotache</createdBy>
<createdTime>2018-10-26 04:17:00 UTC</createdTime>
<commentInRDBMS>The measure unit as the product is sold.&lt;br/&gt;Example: &lt;br/&gt;Product: 2 liter Coca-cola pet&lt;br/&gt;sell_measure_unit: pet &lt;br/&gt;</commentInRDBMS>
<generatorID>33368A6C-54B0-B76E-4507-7AD07C2F0B9E</generatorID>
<ownerDesignName>01a_heterogeneous_items_v1</ownerDesignName>
<useDomainConstraints>false</useDomainConstraints>
<use>1</use>
<logicalDatatype>LOGDT037</logicalDatatype>
<dataTypeSize>30</dataTypeSize>
<ownDataTypeParameters>30,,</ownDataTypeParameters>
<autoIncrementCycle>false</autoIncrementCycle>
</Column>
<Column name="prod_quant_in_sold_unit" id="71EDEFD4-4EBC-7CD6-E836-02EF840CBE6E">
<createdBy>marinfotache</createdBy>
<createdTime>2018-10-26 04:17:00 UTC</createdTime>
<commentInRDBMS>The quantity of the prodct in a sold  unit.&lt;br/&gt;Example: &lt;br/&gt;Product: 2 liter Coca-cola pet&lt;br/&gt;sell_measure_unit: pet &lt;br/&gt;prod_quant_in_sold_unit: 2&lt;br/&gt; &lt;br/&gt;&lt;br/&gt;</commentInRDBMS>
<generatorID>6C40DB67-84A7-3EA7-F9B1-10DD5C4B2872</generatorID>
<ownerDesignName>01a_heterogeneous_items_v1</ownerDesignName>
<useDomainConstraints>false</useDomainConstraints>
<use>1</use>
<logicalDatatype>LOGDT019</logicalDatatype>
<dataTypePrecision>7</dataTypePrecision>
<dataTypeScale>3</dataTypeScale>
<ownDataTypeParameters>,7,3</ownDataTypeParameters>
<autoIncrementCycle>false</autoIncrementCycle>
</Column>
<Column name="measure_unit_qpsu" id="E74A43F9-B406-7015-DC62-2C90F45E5F64">
<createdBy>marinfotache</createdBy>
<createdTime>2018-10-26 04:17:00 UTC</createdTime>
<commentInRDBMS>Measure unit of the quantity of the product in a sold  unit.&lt;br/&gt;Example: &lt;br/&gt;Product: 2 liter Coca-cola pet&lt;br/&gt;sell_measure_unit: pet &lt;br/&gt;prod_quant_in_sold_unit: 2&lt;br/&gt;measure_unit_qpsu: liter &lt;br/&gt;&lt;br/&gt;</commentInRDBMS>
<generatorID>2135A05F-1032-2206-2A39-9484BFFB3E5F</generatorID>
<ownerDesignName>01a_heterogeneous_items_v1</ownerDesignName>
<nullsAllowed>true</nullsAllowed>
<useDomainConstraints>false</useDomainConstraints>
<use>1</use>
<logicalDatatype>LOGDT037</logicalDatatype>
<dataTypeSize>30 CHAR</dataTypeSize>
<ownDataTypeParameters>30 CHAR,,</ownDataTypeParameters>
<autoIncrementCycle>false</autoIncrementCycle>
</Column>
</columns>
<indexes itemClass="oracle.dbtools.crest.model.design.relational.Index">
<ind_PK_UK id="6DB18932-83CC-28F1-7BCD-2D33F2DAA70F" name="products_PK">
<createdBy>marinfotache</createdBy>
<createdTime>2018-10-26 04:17:00 UTC</createdTime>
<generatorID>4FBB1410-08FB-9B89-E530-B953ED4B1A43</generatorID>
<ownerDesignName>01a_heterogeneous_items_v1</ownerDesignName>
<pk>true</pk>
<indexState>Primary Constraint</indexState>
<isSurrogateKey>false</isSurrogateKey>
<indexColumnUsage>
<colUsage columnID="98888F7C-2D01-94B8-E77B-15BA096B05CF"/>
</indexColumnUsage>
</ind_PK_UK>
<ind_PK_UK id="04375F0A-B0BA-4951-7EB7-3A801CE8FC70" name="products_item_FK">
<createdBy>marinfotache</createdBy>
<createdTime>2018-10-26 04:17:00 UTC</createdTime>
<generatorID>9F7882A7-999D-0CC2-7820-A796FB9B3CCC</generatorID>
<ownerDesignName>01a_heterogeneous_items_v1</ownerDesignName>
<indexState>Foreign Key</indexState>
<isSurrogateKey>false</isSurrogateKey>
<indexColumnUsage>
<colUsage columnID="98888F7C-2D01-94B8-E77B-15BA096B05CF"/>
</indexColumnUsage>
</ind_PK_UK>
</indexes>
</Table>