<?xml version = '1.0' encoding = 'UTF-8'?>
<Table class="oracle.dbtools.crest.model.design.relational.Table" directorySegmentName="seg_0" id="D9EDC454-9108-D980-040B-CA234D8EC5E9" name="ordered_items">
<createdBy>marinfotache</createdBy>
<createdTime>2018-10-26 04:17:00 UTC</createdTime>
<generatorID>F83C1949-608D-81D4-5FB2-16FF9D499229</generatorID>
<ownerDesignName>01a_heterogeneous_items_v1</ownerDesignName>
<allowColumnReorder>false</allowColumnReorder>
<existDependencyGenerateInDDl>true</existDependencyGenerateInDDl>
<parsed>true</parsed>
<columns itemClass="oracle.dbtools.crest.model.design.relational.Column">
<Column name="quantity" id="FEA7525A-3A97-4855-54C5-FF25231613A1">
<createdBy>marinfotache</createdBy>
<createdTime>2018-10-26 04:17:00 UTC</createdTime>
<generatorID>80DD8CB9-BEBD-FD64-FEB8-4134C1C271ED</generatorID>
<ownerDesignName>01a_heterogeneous_items_v1</ownerDesignName>
<useDomainConstraints>false</useDomainConstraints>
<use>1</use>
<logicalDatatype>LOGDT019</logicalDatatype>
<dataTypePrecision>9</dataTypePrecision>
<dataTypeScale>3</dataTypeScale>
<ownDataTypeParameters>,9,3</ownDataTypeParameters>
<autoIncrementCycle>false</autoIncrementCycle>
</Column>
<Column name="item_item_code" id="C969D142-4454-F2AF-A435-40F644BD762E">
<createdBy>marinfotache</createdBy>
<createdTime>2018-10-26 04:17:00 UTC</createdTime>
<generatorID>D1C62BFF-9C85-DFB4-A4B5-0C96B140BF51</generatorID>
<ownerDesignName>01a_heterogeneous_items_v1</ownerDesignName>
<useDomainConstraints>false</useDomainConstraints>
<use>1</use>
<logicalDatatype>LOGDT011</logicalDatatype>
<ownDataTypeParameters>,,</ownDataTypeParameters>
<previousColumn>false</previousColumn>
<autoIncrementCycle>false</autoIncrementCycle>
<associations>
<colAssociation fkAssociation="FE2AF263-10B5-F66D-BB73-F3CCEC7D9E9D" referredColumn="F4FD8C81-7055-98AC-CF41-16A49F78E62B"/>
</associations>
</Column>
<Column name="orders_order_id" id="4C1CE5D0-1F8E-C887-FCD5-BB9168823C5F">
<createdBy>marinfotache</createdBy>
<createdTime>2018-10-26 04:17:00 UTC</createdTime>
<generatorID>1DA98C8A-FC77-0A45-701B-036A0E5A01F1</generatorID>
<ownerDesignName>01a_heterogeneous_items_v1</ownerDesignName>
<useDomainConstraints>false</useDomainConstraints>
<use>1</use>
<logicalDatatype>LOGDT011</logicalDatatype>
<ownDataTypeParameters>,,</ownDataTypeParameters>
<previousColumn>false</previousColumn>
<autoIncrementCycle>false</autoIncrementCycle>
<associations>
<colAssociation fkAssociation="31A743D7-030E-3BF5-F29D-DB8AFFEAB8DA" referredColumn="2A2D61BF-8787-89A8-8C36-0EA11E426DCA"/>
</associations>
</Column>
</columns>
<indexes itemClass="oracle.dbtools.crest.model.design.relational.Index">
<ind_PK_UK id="137FA5DD-8E2D-80F4-85C4-5116E9610D92" name="ordered_items_PK">
<createdBy>marinfotache</createdBy>
<createdTime>2018-10-26 04:17:00 UTC</createdTime>
<generatorID>E298E30E-FE1F-6742-A910-8A6D7786E0D1</generatorID>
<ownerDesignName>01a_heterogeneous_items_v1</ownerDesignName>
<pk>true</pk>
<indexState>Primary Constraint</indexState>
<isSurrogateKey>false</isSurrogateKey>
<indexColumnUsage>
<colUsage columnID="C969D142-4454-F2AF-A435-40F644BD762E"/>
<colUsage columnID="4C1CE5D0-1F8E-C887-FCD5-BB9168823C5F"/>
</indexColumnUsage>
</ind_PK_UK>
<ind_PK_UK id="E8ECA167-67D5-F952-7C99-645D945FB327" name="ordered_items_orders_FK">
<createdBy>marinfotache</createdBy>
<createdTime>2018-10-26 04:17:00 UTC</createdTime>
<generatorID>2AFE7B4B-0337-CBB2-49DE-B73C185A50F3</generatorID>
<ownerDesignName>01a_heterogeneous_items_v1</ownerDesignName>
<indexState>Foreign Key</indexState>
<isSurrogateKey>false</isSurrogateKey>
<indexColumnUsage>
<colUsage columnID="4C1CE5D0-1F8E-C887-FCD5-BB9168823C5F"/>
</indexColumnUsage>
</ind_PK_UK>
<ind_PK_UK id="7DBF0DCE-ED8B-4F11-2CCE-1CDEDD03B510" name="ordered_items_item_FK">
<createdBy>marinfotache</createdBy>
<createdTime>2018-10-26 04:17:00 UTC</createdTime>
<generatorID>69FE3009-7F53-FC03-DF65-5913A34C5AD8</generatorID>
<ownerDesignName>01a_heterogeneous_items_v1</ownerDesignName>
<indexState>Foreign Key</indexState>
<isSurrogateKey>false</isSurrogateKey>
<indexColumnUsage>
<colUsage columnID="C969D142-4454-F2AF-A435-40F644BD762E"/>
</indexColumnUsage>
</ind_PK_UK>
</indexes>
</Table>