<?xml version = '1.0' encoding = 'UTF-8'?>
<Table class="oracle.dbtools.crest.model.design.relational.Table" directorySegmentName="seg_0" id="F05BC969-483F-1390-4FE1-FCCB1302B69C" name="serv_var_price">
<createdBy>marinfotache</createdBy>
<createdTime>2018-10-26 04:17:00 UTC</createdTime>
<generatorID>236E7C15-6D26-6086-E364-534DFF1234D4</generatorID>
<ownerDesignName>01a_heterogeneous_items_v1</ownerDesignName>
<allowColumnReorder>false</allowColumnReorder>
<existDependencyGenerateInDDl>true</existDependencyGenerateInDDl>
<parsed>true</parsed>
<columns itemClass="oracle.dbtools.crest.model.design.relational.Column">
<Column name="item_code" id="46782F43-51EC-7C6A-B137-AD8C57998E3C">
<createdBy>marinfotache</createdBy>
<createdTime>2018-10-26 04:17:00 UTC</createdTime>
<generatorID>1045832C-99A9-222A-A03D-213F70919C8C</generatorID>
<ownerDesignName>01a_heterogeneous_items_v1</ownerDesignName>
<useDomainConstraints>false</useDomainConstraints>
<use>1</use>
<logicalDatatype>LOGDT011</logicalDatatype>
<ownDataTypeParameters>,,</ownDataTypeParameters>
<autoIncrementCycle>false</autoIncrementCycle>
<associations>
<colAssociation fkAssociation="A31426B4-CC64-0746-432D-DC887CB57D2E" referredColumn="CE6594D6-880F-FC85-D92C-46278D585E45"/>
</associations>
</Column>
<Column name="calculation_base" id="CFB651F8-8ABA-E93F-65D3-575F6A5F6BDA">
<createdBy>marinfotache</createdBy>
<createdTime>2018-10-26 04:17:00 UTC</createdTime>
<generatorID>7563264C-95E4-33F3-8083-3C19AAC6F675</generatorID>
<ownerDesignName>01a_heterogeneous_items_v1</ownerDesignName>
<nullsAllowed>true</nullsAllowed>
<useDomainConstraints>false</useDomainConstraints>
<use>1</use>
<logicalDatatype>LOGDT037</logicalDatatype>
<dataTypeSize>30</dataTypeSize>
<ownDataTypeParameters>30,,</ownDataTypeParameters>
<autoIncrementCycle>false</autoIncrementCycle>
</Column>
<Column name="price_per_base_unit" id="6ECB2EB1-C55C-3264-BB4C-CF87E7FF23A9">
<createdBy>marinfotache</createdBy>
<createdTime>2018-10-26 04:17:00 UTC</createdTime>
<generatorID>C3DFBFC9-9F61-E1ED-41FF-D5AF8A0A3C64</generatorID>
<ownerDesignName>01a_heterogeneous_items_v1</ownerDesignName>
<useDomainConstraints>false</useDomainConstraints>
<use>1</use>
<logicalDatatype>LOGDT019</logicalDatatype>
<dataTypePrecision>8</dataTypePrecision>
<dataTypeScale>2</dataTypeScale>
<ownDataTypeParameters>,8,2</ownDataTypeParameters>
<autoIncrementCycle>false</autoIncrementCycle>
</Column>
</columns>
<indexes itemClass="oracle.dbtools.crest.model.design.relational.Index">
<ind_PK_UK id="CEC2574F-E591-C3CF-6EB6-7E49E65915FE" name="serv_var_price_PK">
<createdBy>marinfotache</createdBy>
<createdTime>2018-10-26 04:17:00 UTC</createdTime>
<generatorID>4FBB1410-08FB-9B89-E530-B953ED4B1A43</generatorID>
<ownerDesignName>01a_heterogeneous_items_v1</ownerDesignName>
<pk>true</pk>
<indexState>Primary Constraint</indexState>
<isSurrogateKey>false</isSurrogateKey>
<indexColumnUsage>
<colUsage columnID="46782F43-51EC-7C6A-B137-AD8C57998E3C"/>
</indexColumnUsage>
</ind_PK_UK>
<ind_PK_UK id="096B6620-B209-ABA1-ED36-42B97D2F1A93" name="serv_var_price_services_FK">
<createdBy>marinfotache</createdBy>
<createdTime>2018-10-26 04:17:00 UTC</createdTime>
<generatorID>81C48145-1421-FB94-577D-742EE129B2B4</generatorID>
<ownerDesignName>01a_heterogeneous_items_v1</ownerDesignName>
<indexState>Foreign Key</indexState>
<isSurrogateKey>false</isSurrogateKey>
<indexColumnUsage>
<colUsage columnID="46782F43-51EC-7C6A-B137-AD8C57998E3C"/>
</indexColumnUsage>
</ind_PK_UK>
</indexes>
</Table>