<?xml version = '1.0' encoding = 'UTF-8'?>
<Relation class="oracle.dbtools.crest.model.design.logical.Relation" name="has_montly_info" directorySegmentName="seg_0" id="08EB082B-1F6E-B511-CB1F-66F5D235BF07">
<createdBy>admin</createdBy>
<createdTime>2015-10-30 05:17:01 UTC</createdTime>
<ownerDesignName>07b_Product_bought_product_offered</ownerDesignName>
<sourcePk>98B0CC1C-CABC-01BF-431C-FE0F561E7B33</sourcePk>
<identifying>true</identifying>
<optionalSource>true</optionalSource>
<optionalTarget>false</optionalTarget>
<sourceCardinality>1</sourceCardinality>
<sourceEntity>9B643DE7-AE99-9E3E-B7F8-CD5D91D01CAC</sourceEntity>
<targetCardinalityString>*</targetCardinalityString>
<targetEntity>E86EF5B1-3F8F-5AEC-6943-16093FDE25CF</targetEntity>
<transferable>true</transferable>
</Relation>