<?xml version = '1.0' encoding = 'UTF-8'?>
<Relation class="oracle.dbtools.crest.model.design.logical.Relation" name="containd_cust_stats" directorySegmentName="seg_0" id="2DC15E09-67BA-D635-873E-EF619E27F9D3">
<createdBy>admin</createdBy>
<createdTime>2015-10-30 05:26:25 UTC</createdTime>
<ownerDesignName>07b_Product_bought_product_offered</ownerDesignName>
<sourcePk>5C3320B8-A87D-B131-BCA4-76F86D2AA135</sourcePk>
<identifying>true</identifying>
<optionalSource>true</optionalSource>
<optionalTarget>false</optionalTarget>
<sourceCardinality>1</sourceCardinality>
<sourceEntity>7EFEF29B-B100-28C0-B8BD-D10D9DD6F36B</sourceEntity>
<targetCardinalityString>*</targetCardinalityString>
<targetEntity>98FAA55C-153A-349F-307F-0311159CE1E1</targetEntity>
<transferable>true</transferable>
</Relation>