<?xml version = '1.0' encoding = 'UTF-8'?>
<Relation class="oracle.dbtools.crest.model.design.logical.Relation" name="contains_prod_offer" directorySegmentName="seg_0" id="2E93AE36-DAEA-444A-3562-80B7E4E067EB">
<createdBy>admin</createdBy>
<createdTime>2015-11-10 06:35:13 UTC</createdTime>
<ownerDesignName>07b_Product_bought_product_offered</ownerDesignName>
<sourcePk>55C4EC96-F03C-2C90-F3EC-575C3F91071F</sourcePk>
<identifying>true</identifying>
<optionalSource>true</optionalSource>
<optionalTarget>false</optionalTarget>
<sourceCardinality>1</sourceCardinality>
<sourceEntity>75C61227-6223-EF7A-2B52-8C82567AC2E6</sourceEntity>
<targetCardinalityString>*</targetCardinalityString>
<targetEntity>1DB30C75-0803-3C4E-BB55-246616825502</targetEntity>
<transferable>true</transferable>
</Relation>