<?xml version = '1.0' encoding = 'UTF-8'?>
<Relation class="oracle.dbtools.crest.model.design.logical.Relation" name="is_prod_offered" directorySegmentName="seg_0" id="8EA6E4FF-1A89-1011-48AA-DEA3B1D97871">
<createdBy>admin</createdBy>
<createdTime>2015-11-10 06:36:32 UTC</createdTime>
<ownerDesignName>07b_Product_bought_product_offered</ownerDesignName>
<sourcePk>98B0CC1C-CABC-01BF-431C-FE0F561E7B33</sourcePk>
<identifying>true</identifying>
<optionalSource>true</optionalSource>
<optionalTarget>false</optionalTarget>
<sourceCardinality>1</sourceCardinality>
<sourceEntity>9B643DE7-AE99-9E3E-B7F8-CD5D91D01CAC</sourceEntity>
<targetCardinalityString>*</targetCardinalityString>
<targetEntity>1DB30C75-0803-3C4E-BB55-246616825502</targetEntity>
<transferable>true</transferable>
</Relation>