<?xml version = '1.0' encoding = 'UTF-8'?>
<Relation class="oracle.dbtools.crest.model.design.logical.Relation" name="used_to_have" directorySegmentName="seg_0" id="B20EC83E-C530-0234-2A11-A79159E7DE1C">
<createdBy>admin</createdBy>
<createdTime>2015-10-29 10:44:17 UTC</createdTime>
<ownerDesignName>07b_Product_bought_product_offered</ownerDesignName>
<sourcePk>98B0CC1C-CABC-01BF-431C-FE0F561E7B33</sourcePk>
<identifying>true</identifying>
<optionalSource>true</optionalSource>
<optionalTarget>false</optionalTarget>
<sourceCardinality>1</sourceCardinality>
<sourceEntity>9B643DE7-AE99-9E3E-B7F8-CD5D91D01CAC</sourceEntity>
<targetCardinalityString>*</targetCardinalityString>
<targetEntity>0AB40356-D92A-8831-5428-F06514DD049D</targetEntity>
<transferable>true</transferable>
</Relation>