<?xml version = '1.0' encoding = 'UTF-8'?>
<Relation class="oracle.dbtools.crest.model.design.logical.Relation" name="is_paid_through" directorySegmentName="seg_0" id="BFF71C8D-60AE-DDB3-E312-B35FE343EFE9">
<createdBy>Marin F</createdBy>
<createdTime>2011-07-11 06:51:52 UTC</createdTime>
<generatorID>D0B15F0E-55C8-8A6D-EA09-F9E033F4C049</generatorID>
<ownerDesignName>07b_Product_bought_product_offered</ownerDesignName>
<sourcePk>D0B2DB68-6D9E-659C-A596-16AA379526BF</sourcePk>
<identifying>true</identifying>
<optionalSource>true</optionalSource>
<optionalTarget>false</optionalTarget>
<sourceCardinality>1</sourceCardinality>
<sourceEntity>9B6DCC06-4F09-1244-27C0-C0BE0CEF865A</sourceEntity>
<targetCardinalityString>*</targetCardinalityString>
<targetEntity>B70CD4E1-34A8-9F6C-A3CF-403C1A0B635E</targetEntity>
<transferable>true</transferable>
</Relation>