<?xml version = '1.0' encoding = 'UTF-8'?>
<Relation class="oracle.dbtools.crest.model.design.logical.Relation" name="this_pro_off_is_applied_in" directorySegmentName="seg_0" id="D6C4E417-1A40-1732-05FF-E8BF674B815E">
<createdBy>admin</createdBy>
<createdTime>2015-11-10 06:42:27 UTC</createdTime>
<ownerDesignName>07b_Product_bought_product_offered</ownerDesignName>
<sourcePk>97908D7B-294A-42F7-F884-2946BABB43ED</sourcePk>
<identifying>false</identifying>
<optionalSource>true</optionalSource>
<optionalTarget>true</optionalTarget>
<sourceCardinality>1</sourceCardinality>
<sourceEntity>1DB30C75-0803-3C4E-BB55-246616825502</sourceEntity>
<targetCardinalityString>*</targetCardinalityString>
<targetEntity>AE183615-38B5-05D7-B4D4-C0A36668DC81</targetEntity>
<transferable>true</transferable>
</Relation>