<?xml version = '1.0' encoding = 'UTF-8'?>
<Relation class="oracle.dbtools.crest.model.design.logical.Relation" name="is_defined_on_range" directorySegmentName="seg_0" id="F7F57D20-49DE-D040-9052-2C303185665D">
<createdBy>admin</createdBy>
<createdTime>2015-11-10 06:02:19 UTC</createdTime>
<ownerDesignName>07b_Product_bought_product_offered</ownerDesignName>
<sourcePk>55C4EC96-F03C-2C90-F3EC-575C3F91071F</sourcePk>
<identifying>true</identifying>
<optionalSource>true</optionalSource>
<optionalTarget>false</optionalTarget>
<sourceCardinality>1</sourceCardinality>
<sourceEntity>75C61227-6223-EF7A-2B52-8C82567AC2E6</sourceEntity>
<targetCardinalityString>*</targetCardinalityString>
<targetEntity>97F5839E-9D99-5EE4-3FBD-F83D6E8566C8</targetEntity>
<transferable>true</transferable>
</Relation>