<?xml version = '1.0' encoding = 'UTF-8'?>
<Diagram class="oracle.dbtools.crest.swingui.relational.DPVRelational" name="Relational_1" id="689688D6-1DC2-1A78-F088-87707CE88F03">
<createdBy>marinfotache</createdBy>
<modifiedBy>marinfotache</modifiedBy>
<createdTime>2016-11-07 08:46:36 UTC</createdTime>
<autoRoute>true</autoRoute>
<boxInbox>true</boxInbox>
<showLegend>false</showLegend>
<showLabels>false</showLabels>
<showRelAttributes>false</showRelAttributes>
<gridEnabled>false</gridEnabled>
<showGrid>false</showGrid>
<diagramColor>-1</diagramColor>
<display>false</display>
<notation>1</notation>
<objectViews>
<OView class="oracle.dbtools.crest.swingui.relational.TVTable" oid="1C96027F-DDFB-CE0A-6FC2-B32487B78B86" otype="Table" vid="9571568A-D426-10FB-D992-A352ADBD6AFB">
<hideElementsInCurrentOnly>false</hideElementsInCurrentOnly>
<bounds x="20" y="13" width="262" height="161"/>
</OView>
<OView class="oracle.dbtools.crest.swingui.relational.TVTable" oid="239D50A1-A531-32AB-595F-763727666C14" otype="Table" vid="DE896440-EBEB-504C-4F4C-BCE00536985A">
<hideElementsInCurrentOnly>false</hideElementsInCurrentOnly>
<bounds x="43" y="474" width="223" height="83"/>
</OView>
<OView class="oracle.dbtools.crest.swingui.relational.TVTable" oid="389BCC9D-42CC-AA4E-DF99-4C0109BE1BFF" otype="Table" vid="3FCF98E2-AA88-FEFB-4920-0613619D25DD">
<hideElementsInCurrentOnly>false</hideElementsInCurrentOnly>
<bounds x="404" y="437" width="237" height="102"/>
</OView>
<OView class="oracle.dbtools.crest.swingui.relational.TVTable" oid="3BEFBA24-AC88-9E32-559F-A92B7A83EEEA" otype="Table" vid="43104295-A32A-3DFD-6261-466AE6CD0172">
<hideElementsInCurrentOnly>false</hideElementsInCurrentOnly>
<bounds x="396" y="21" width="326" height="109"/>
</OView>
<OView class="oracle.dbtools.crest.swingui.relational.TVTable" oid="3E240EEB-E398-2919-C8EB-CD03AEC86246" otype="Table" vid="D477AC02-ED47-CEC7-4895-D8088C2427C8">
<hideElementsInCurrentOnly>false</hideElementsInCurrentOnly>
<bounds x="7" y="234" width="293" height="154"/>
</OView>
<OView class="oracle.dbtools.crest.swingui.relational.TVTable" oid="443F86BF-2947-29BF-1566-C9042C011612" otype="Table" vid="8E234484-B144-E38B-DE46-D6126943FBB5">
<hideElementsInCurrentOnly>false</hideElementsInCurrentOnly>
<bounds x="437" y="229" width="290" height="128"/>
</OView>
<OView class="oracle.dbtools.crest.swingui.relational.TVTable" oid="8F4D5CA9-1782-32B9-3248-67CE04985806" otype="Table" vid="CAEAE383-97FF-9A90-BC1A-8E782B386D6C">
<hideElementsInCurrentOnly>false</hideElementsInCurrentOnly>
<bounds x="659" y="440" width="226" height="89"/>
</OView>
</objectViews>
<connectors>
<Connector class="oracle.dbtools.crest.swingui.relational.TVFKRelation" oid="044536E6-2974-BBBB-3D03-30D4D238F117" otype="FKIndexAssociation" vid_source="8E234484-B144-E38B-DE46-D6126943FBB5" vid_target="3FCF98E2-AA88-FEFB-4920-0613619D25DD">
<hideElementsInCurrentOnly>false</hideElementsInCurrentOnly>
<backgroundColor>-16777216</backgroundColor>
<lineWidth>1</lineWidth>
<points>
<point x="592" y="357"/>
<point x="592" y="387"/>
<point x="522" y="387"/>
<point x="522" y="437"/>
</points>
</Connector>
<Connector class="oracle.dbtools.crest.swingui.relational.TVFKRelation" oid="0B9CCA0D-E066-87CD-0824-439465388F96" otype="FKIndexAssociation" vid_source="8E234484-B144-E38B-DE46-D6126943FBB5" vid_target="9571568A-D426-10FB-D992-A352ADBD6AFB">
<hideElementsInCurrentOnly>false</hideElementsInCurrentOnly>
<backgroundColor>-16777216</backgroundColor>
<lineWidth>1</lineWidth>
<points>
<point x="437" y="303"/>
<point x="363" y="303"/>
<point x="363" y="103"/>
<point x="282" y="103"/>
</points>
</Connector>
<Connector class="oracle.dbtools.crest.swingui.relational.TVFKRelation" oid="21801D87-BC6D-B7A9-6859-7B2E3EB94107" otype="FKIndexAssociation" vid_source="DE896440-EBEB-504C-4F4C-BCE00536985A" vid_target="8E234484-B144-E38B-DE46-D6126943FBB5">
<hideElementsInCurrentOnly>false</hideElementsInCurrentOnly>
<backgroundColor>-16777216</backgroundColor>
<lineWidth>1</lineWidth>
<points>
<point x="266" y="515"/>
<point x="351" y="515"/>
<point x="351" y="283"/>
<point x="437" y="283"/>
</points>
</Connector>
<Connector class="oracle.dbtools.crest.swingui.relational.TVFKRelation" oid="3FA69735-72CF-2ABE-7EE6-05DEA4BD9C64" otype="FKIndexAssociation" vid_source="8E234484-B144-E38B-DE46-D6126943FBB5" vid_target="CAEAE383-97FF-9A90-BC1A-8E782B386D6C">
<hideElementsInCurrentOnly>false</hideElementsInCurrentOnly>
<backgroundColor>-16777216</backgroundColor>
<lineWidth>1</lineWidth>
<points>
<point x="572" y="357"/>
<point x="572" y="398"/>
<point x="772" y="398"/>
<point x="772" y="440"/>
</points>
</Connector>
<Connector class="oracle.dbtools.crest.swingui.relational.TVFKRelation" oid="C89A527C-3456-A2F9-9A7B-A19A3470291E" otype="FKIndexAssociation" vid_source="DE896440-EBEB-504C-4F4C-BCE00536985A" vid_target="D477AC02-ED47-CEC7-4895-D8088C2427C8">
<hideElementsInCurrentOnly>false</hideElementsInCurrentOnly>
<backgroundColor>-16777216</backgroundColor>
<lineWidth>1</lineWidth>
<points>
<point x="154" y="474"/>
<point x="154" y="395"/>
<point x="153" y="395"/>
<point x="153" y="388"/>
</points>
</Connector>
<Connector class="oracle.dbtools.crest.swingui.relational.TVFKRelation" oid="CD715E77-AE9A-B2E3-D3EE-427D49AC3E9A" otype="FKIndexAssociation" vid_source="D477AC02-ED47-CEC7-4895-D8088C2427C8" vid_target="9571568A-D426-10FB-D992-A352ADBD6AFB">
<hideElementsInCurrentOnly>false</hideElementsInCurrentOnly>
<backgroundColor>-16777216</backgroundColor>
<lineWidth>1</lineWidth>
<points>
<point x="153" y="234"/>
<point x="153" y="200"/>
<point x="151" y="200"/>
<point x="151" y="174"/>
</points>
</Connector>
<Connector class="oracle.dbtools.crest.swingui.relational.TVFKRelation" oid="D3E148A0-1FD0-B5B0-5FD8-CFDE12B3193A" otype="FKIndexAssociation" vid_source="43104295-A32A-3DFD-6261-466AE6CD0172" vid_target="9571568A-D426-10FB-D992-A352ADBD6AFB">
<hideElementsInCurrentOnly>false</hideElementsInCurrentOnly>
<backgroundColor>-16777216</backgroundColor>
<lineWidth>1</lineWidth>
<points>
<point x="396" y="75"/>
<point x="371" y="75"/>
<point x="371" y="83"/>
<point x="282" y="83"/>
</points>
</Connector>
</connectors>
<arcs>
<Arc class="oracle.dbtools.crest.swingui.relational.TVFKArc" oid="63135396-C07C-3FC5-43F4-F0C287C0712F" otype="FKArc" vid="DCB9BE96-8BE3-1F1A-DF6E-D5E4B42095D6">
<hideElementsInCurrentOnly>false</hideElementsInCurrentOnly>
<bounds x="417" y="209" width="330" height="168"/>
</Arc>
<Arc class="oracle.dbtools.crest.swingui.relational.TVFKArc" oid="EADC7861-1F22-BBA9-7295-6141460055D7" otype="FKArc" vid="9D5EA2C8-5FA8-DDA2-E247-4E340B0979BD">
<hideElementsInCurrentOnly>false</hideElementsInCurrentOnly>
<bounds x="0" y="-7" width="302" height="201"/>
</Arc>
</arcs>
</Diagram>