<?xml version = '1.0' encoding = 'UTF-8'?>
<FKArc class="oracle.dbtools.crest.model.design.relational.FKArc" directorySegmentName="seg_0" id="C5F0306B-BA6B-062B-8AFC-70213FB05F4C" name="FKArc_2">
<createdBy>marinfotache</createdBy>
<createdTime>2016-11-07 08:37:44 UTC</createdTime>
<ownerDesignName>01b_heterogeneous_items_v2</ownerDesignName>
<mandatory>false</mandatory>
<reverseArc>true</reverseArc>
<table>34228E8B-A5C8-CC0B-631A-E1CC0F691231</table>
<fkeys>
<fkeyID>4BFA74EA-E6AA-0364-66D9-EFDB07BC4E01</fkeyID>
<fkeyID>D243E5AE-ACA2-9B0C-5EDA-F5AD435E6B00</fkeyID>
</fkeys>
</FKArc>