<?xml version = '1.0' encoding = 'UTF-8'?>
<Relation class="oracle.dbtools.crest.model.design.logical.Relation" name="is_customizable_for" directorySegmentName="seg_0" id="03FFB63C-4982-A002-12D4-42A7E1BC9F2A">
<createdBy>Marin F</createdBy>
<createdTime>2011-12-12 09:22:46 UTC</createdTime>
<ownerDesignName>06_configurations</ownerDesignName>
<engineerTo>
<item key="64819460-E252-C554-8B39-DC204812603F" value="true"/>
</engineerTo>
<sourcePk>18C539D5-2A46-04B7-CA90-7258E51A02DA</sourcePk>
<identifying>true</identifying>
<optionalSource>true</optionalSource>
<optionalTarget>false</optionalTarget>
<sourceCardinality>1</sourceCardinality>
<sourceEntity>C26CD4B5-0E95-BBA7-DF6B-565F5E25B188</sourceEntity>
<targetCardinalityString>*</targetCardinalityString>
<targetEntity>3529D5FB-5517-4408-8955-13838594ABEF</targetEntity>
<transferable>true</transferable>
</Relation>