<?xml version = '1.0' encoding = 'UTF-8'?>
<Relation class="oracle.dbtools.crest.model.design.logical.Relation" name="replaces" directorySegmentName="seg_0" id="20C34848-C12F-E819-ADB9-CE7EA4D8F218">
<createdBy>Marin F</createdBy>
<createdTime>2011-12-12 09:39:11 UTC</createdTime>
<ownerDesignName>06_configurations</ownerDesignName>
<engineerTo>
<item key="64819460-E252-C554-8B39-DC204812603F" value="true"/>
</engineerTo>
<sourcePk>23BD8111-3D12-3E03-855E-FDAF7C5F21ED</sourcePk>
<identifying>true</identifying>
<optionalSource>true</optionalSource>
<optionalTarget>false</optionalTarget>
<sourceCardinality>1</sourceCardinality>
<sourceEntity>3529D5FB-5517-4408-8955-13838594ABEF</sourceEntity>
<targetCardinalityString>*</targetCardinalityString>
<targetEntity>D88C042B-7E62-0AFD-03DF-6FAC93A79F94</targetEntity>
<transferable>true</transferable>
</Relation>