<?xml version = '1.0' encoding = 'UTF-8'?>
<Relation class="oracle.dbtools.crest.model.design.logical.Relation" name="produces" directorySegmentName="seg_0" id="2434A4D0-E56C-65BC-F7D7-B31F1EA3D49D">
<createdBy>Marin F</createdBy>
<createdTime>2011-12-12 10:01:11 UTC</createdTime>
<ownerDesignName>06_configurations</ownerDesignName>
<engineerTo>
<item key="64819460-E252-C554-8B39-DC204812603F" value="true"/>
</engineerTo>
<sourcePk>D0C265B3-91CF-BB46-E57D-E7F0BEA8B344</sourcePk>
<identifying>false</identifying>
<optionalSource>true</optionalSource>
<optionalTarget>false</optionalTarget>
<sourceCardinality>1</sourceCardinality>
<sourceEntity>ABE00FDB-550A-1EC6-2E88-0C114857AF7F</sourceEntity>
<targetCardinalityString>*</targetCardinalityString>
<targetEntity>4CA9F4E3-6FC0-D5FF-E115-EAAB54C5C3EF</targetEntity>
<transferable>true</transferable>
</Relation>