<?xml version = '1.0' encoding = 'UTF-8'?>
<Relation class="oracle.dbtools.crest.model.design.logical.Relation" name="Relation_5" directorySegmentName="seg_0" id="2C4EB18E-28F2-7122-4211-2DFCBFFA49B4">
<createdBy>Marin F</createdBy>
<createdTime>2011-12-12 09:22:26 UTC</createdTime>
<ownerDesignName>06_configurations</ownerDesignName>
<engineerTo>
<item key="64819460-E252-C554-8B39-DC204812603F" value="true"/>
</engineerTo>
<sourcePk>0402FE11-0F29-046F-11CA-43EDACA724F6</sourcePk>
<identifying>true</identifying>
<optionalSource>true</optionalSource>
<optionalTarget>false</optionalTarget>
<sourceCardinality>1</sourceCardinality>
<sourceEntity>CF717E12-DFA5-6B5F-0B21-A3B7ECACFECB</sourceEntity>
<targetCardinalityString>*</targetCardinalityString>
<targetEntity>3529D5FB-5517-4408-8955-13838594ABEF</targetEntity>
<transferable>true</transferable>
</Relation>