<?xml version = '1.0' encoding = 'UTF-8'?>
<Relation class="oracle.dbtools.crest.model.design.logical.Relation" name="is_item_to_be_sold_in" directorySegmentName="seg_0" id="2C5BE544-5AA7-4E32-09D2-C1DFCC913E4B">
<createdBy>Marin F</createdBy>
<createdTime>2011-12-12 10:58:05 UTC</createdTime>
<ownerDesignName>06_configurations</ownerDesignName>
<engineerTo>
<item key="64819460-E252-C554-8B39-DC204812603F" value="true"/>
</engineerTo>
<sourcePk>0402FE11-0F29-046F-11CA-43EDACA724F6</sourcePk>
<identifying>true</identifying>
<optionalSource>true</optionalSource>
<optionalTarget>false</optionalTarget>
<sourceCardinality>1</sourceCardinality>
<sourceEntity>CF717E12-DFA5-6B5F-0B21-A3B7ECACFECB</sourceEntity>
<targetCardinalityString>*</targetCardinalityString>
<targetEntity>E4EB14EB-89CB-3396-C963-02459BF8527C</targetEntity>
<transferable>true</transferable>
</Relation>