<?xml version = '1.0' encoding = 'UTF-8'?>
<Relation class="oracle.dbtools.crest.model.design.logical.Relation" name="has_equip_variant" directorySegmentName="seg_0" id="3664F9BE-7040-D1C4-0209-BF326843D721">
<createdBy>Marin F</createdBy>
<createdTime>2011-12-12 10:02:10 UTC</createdTime>
<ownerDesignName>06_configurations</ownerDesignName>
<engineerTo>
<item key="64819460-E252-C554-8B39-DC204812603F" value="true"/>
</engineerTo>
<sourcePk>1D3D793F-04EB-8F5C-591D-B838DF93DC88</sourcePk>
<identifying>false</identifying>
<optionalSource>true</optionalSource>
<optionalTarget>false</optionalTarget>
<sourceCardinality>1</sourceCardinality>
<sourceEntity>980E38A0-57D0-E0BC-8636-8F53D83878F6</sourceEntity>
<targetCardinalityString>*</targetCardinalityString>
<targetEntity>CF717E12-DFA5-6B5F-0B21-A3B7ECACFECB</targetEntity>
<transferable>true</transferable>
</Relation>