<?xml version = '1.0' encoding = 'UTF-8'?>
<Relation class="oracle.dbtools.crest.model.design.logical.Relation" name="is_replaced" directorySegmentName="seg_0" id="6DA641D2-C82F-AFCB-8A5F-1ED2626B3794">
<createdBy>Marin F</createdBy>
<createdTime>2011-12-12 09:39:16 UTC</createdTime>
<ownerDesignName>06_configurations</ownerDesignName>
<engineerTo>
<item key="64819460-E252-C554-8B39-DC204812603F" value="true"/>
</engineerTo>
<sourcePk>18C539D5-2A46-04B7-CA90-7258E51A02DA</sourcePk>
<identifying>true</identifying>
<optionalSource>true</optionalSource>
<optionalTarget>false</optionalTarget>
<sourceCardinality>1</sourceCardinality>
<sourceEntity>C26CD4B5-0E95-BBA7-DF6B-565F5E25B188</sourceEntity>
<targetCardinalityString>*</targetCardinalityString>
<targetEntity>D88C042B-7E62-0AFD-03DF-6FAC93A79F94</targetEntity>
<transferable>true</transferable>
</Relation>