<?xml version = '1.0' encoding = 'UTF-8'?>
<Relation class="oracle.dbtools.crest.model.design.logical.Relation" name="is_presented_as" directorySegmentName="seg_0" id="6E73AC46-94B4-7AF8-E73C-0AE75A460614">
<createdBy>Marin F</createdBy>
<createdTime>2011-12-12 10:01:35 UTC</createdTime>
<ownerDesignName>06_configurations</ownerDesignName>
<engineerTo>
<item key="64819460-E252-C554-8B39-DC204812603F" value="true"/>
</engineerTo>
<sourcePk>DBCE206B-0182-671F-0433-36000135D5B4</sourcePk>
<identifying>false</identifying>
<optionalSource>true</optionalSource>
<optionalTarget>false</optionalTarget>
<sourceCardinality>1</sourceCardinality>
<sourceEntity>4CA9F4E3-6FC0-D5FF-E115-EAAB54C5C3EF</sourceEntity>
<targetCardinalityString>*</targetCardinalityString>
<targetEntity>980E38A0-57D0-E0BC-8636-8F53D83878F6</targetEntity>
<transferable>true</transferable>
</Relation>