<?xml version = '1.0' encoding = 'UTF-8'?>
<Relation class="oracle.dbtools.crest.model.design.logical.Relation" name="is_composed_of" directorySegmentName="seg_0" id="8D1F1B53-4095-D493-41E4-D3D75B860B60">
<createdBy>Marin F</createdBy>
<createdTime>2011-12-12 10:58:41 UTC</createdTime>
<ownerDesignName>06_configurations</ownerDesignName>
<engineerTo>
<item key="64819460-E252-C554-8B39-DC204812603F" value="true"/>
</engineerTo>
<sourcePk>1EAD3BD7-CE41-399B-338E-256863617AEF</sourcePk>
<identifying>true</identifying>
<optionalSource>false</optionalSource>
<optionalTarget>false</optionalTarget>
<sourceCardinality>1</sourceCardinality>
<sourceEntity>962EC6FB-637A-060C-BEF0-7EBCFD3139F8</sourceEntity>
<targetCardinalityString>*</targetCardinalityString>
<targetEntity>E4EB14EB-89CB-3396-C963-02459BF8527C</targetEntity>
<transferable>true</transferable>
</Relation>