<?xml version = '1.0' encoding = 'UTF-8'?>
<Relation class="oracle.dbtools.crest.model.design.logical.Relation" name="is_default_for_" directorySegmentName="seg_0" id="A2185B91-4186-16EB-E609-BCDD641CBFF0">
<createdBy>Marin F</createdBy>
<createdTime>2011-12-12 09:18:48 UTC</createdTime>
<ownerDesignName>06_configurations</ownerDesignName>
<engineerTo>
<item key="64819460-E252-C554-8B39-DC204812603F" value="true"/>
</engineerTo>
<sourcePk>18C539D5-2A46-04B7-CA90-7258E51A02DA</sourcePk>
<identifying>true</identifying>
<optionalSource>true</optionalSource>
<optionalTarget>false</optionalTarget>
<sourceCardinality>1</sourceCardinality>
<sourceEntity>C26CD4B5-0E95-BBA7-DF6B-565F5E25B188</sourceEntity>
<targetCardinalityString>*</targetCardinalityString>
<targetEntity>20CB9368-1869-424E-6707-44C2DDF22127</targetEntity>
<transferable>true</transferable>
</Relation>