<?xml version = '1.0' encoding = 'UTF-8'?>
<Relation class="oracle.dbtools.crest.model.design.logical.Relation" name="owns" directorySegmentName="seg_0" id="B746979F-4C42-2734-C0A2-CFF784F7ACBE">
<createdBy>Marin F</createdBy>
<createdTime>2011-12-12 10:00:48 UTC</createdTime>
<ownerDesignName>06_configurations</ownerDesignName>
<engineerTo>
<item key="64819460-E252-C554-8B39-DC204812603F" value="true"/>
</engineerTo>
<sourcePk>2302FDC7-E5B8-493A-104C-8F45302D2240</sourcePk>
<identifying>false</identifying>
<optionalSource>false</optionalSource>
<optionalTarget>false</optionalTarget>
<sourceCardinality>1</sourceCardinality>
<sourceEntity>321B65BE-B618-1D82-CD9A-7EDD095F3CE1</sourceEntity>
<targetCardinalityString>*</targetCardinalityString>
<targetEntity>ABE00FDB-550A-1EC6-2E88-0C114857AF7F</targetEntity>
<transferable>true</transferable>
</Relation>