<?xml version = '1.0' encoding = 'UTF-8'?>
<Relation class="oracle.dbtools.crest.model.design.logical.Relation" name="is_used_in_variant" directorySegmentName="seg_0" id="BBC5B76A-5F19-FD5D-5929-6DFC58859A88">
<createdBy>Marin F</createdBy>
<createdTime>2011-12-12 10:01:55 UTC</createdTime>
<ownerDesignName>06_configurations</ownerDesignName>
<engineerTo>
<item key="64819460-E252-C554-8B39-DC204812603F" value="true"/>
</engineerTo>
<sourcePk>085A0FC7-BD5F-C53B-8F06-F1782E3F47D3</sourcePk>
<identifying>false</identifying>
<optionalSource>true</optionalSource>
<optionalTarget>false</optionalTarget>
<sourceCardinality>1</sourceCardinality>
<sourceEntity>02119166-12F0-1527-B6FE-633A2386AAA6</sourceEntity>
<targetCardinalityString>*</targetCardinalityString>
<targetEntity>CF717E12-DFA5-6B5F-0B21-A3B7ECACFECB</targetEntity>
<transferable>true</transferable>
</Relation>