<?xml version = '1.0' encoding = 'UTF-8'?>
<Relation class="oracle.dbtools.crest.model.design.logical.Relation" name="is_equiped_with" directorySegmentName="seg_0" id="C10B3CBE-F64E-1A63-BA1F-DBF35F311D51">
<createdBy>Marin F</createdBy>
<createdTime>2011-12-12 09:19:09 UTC</createdTime>
<ownerDesignName>06_configurations</ownerDesignName>
<engineerTo>
<item key="64819460-E252-C554-8B39-DC204812603F" value="true"/>
</engineerTo>
<sourcePk>0402FE11-0F29-046F-11CA-43EDACA724F6</sourcePk>
<identifying>true</identifying>
<optionalSource>true</optionalSource>
<optionalTarget>false</optionalTarget>
<sourceCardinality>1</sourceCardinality>
<sourceEntity>CF717E12-DFA5-6B5F-0B21-A3B7ECACFECB</sourceEntity>
<targetCardinalityString>*</targetCardinalityString>
<targetEntity>20CB9368-1869-424E-6707-44C2DDF22127</targetEntity>
<transferable>true</transferable>
</Relation>