<?xml version = '1.0' encoding = 'UTF-8'?>
<Relation class="oracle.dbtools.crest.model.design.logical.Relation" name="propels" directorySegmentName="seg_0" id="E0C15EC1-2A02-99D1-9B1B-B77253AFDE61">
<createdBy>Marin F</createdBy>
<createdTime>2011-12-13 06:52:46 UTC</createdTime>
<ownerDesignName>06_configurations</ownerDesignName>
<engineerTo>
<item key="64819460-E252-C554-8B39-DC204812603F" value="true"/>
</engineerTo>
<sourcePk>3D55A7FF-9CE1-2183-078A-7EA9DC0D99A3</sourcePk>
<identifying>true</identifying>
<optionalSource>true</optionalSource>
<optionalTarget>false</optionalTarget>
<sourceCardinality>1</sourceCardinality>
<sourceEntity>BC373306-0F49-4F92-E5E1-0037AE8242CB</sourceEntity>
<targetCardinalityString>*</targetCardinalityString>
<targetEntity>E4EB14EB-89CB-3396-C963-02459BF8527C</targetEntity>
<transferable>true</transferable>
</Relation>