<?xml version = '1.0' encoding = 'UTF-8'?>
<Diagram class="oracle.dbtools.crest.swingui.logical.DPVLogical" name="Logical" id="1D9E7102-5A79-F24D-6CDC-541810D915D1">
<createdBy>Marin F</createdBy>
<modifiedBy>admin</modifiedBy>
<createdTime>2011-07-11 06:51:52 UTC</createdTime>
<autoRoute>false</autoRoute>
<boxInbox>true</boxInbox>
<showLegend>false</showLegend>
<showLabels>false</showLabels>
<showRelAttributes>false</showRelAttributes>
<gridEnabled>false</gridEnabled>
<showGrid>false</showGrid>
<diagramColor>-1</diagramColor>
<display>false</display>
<notation>1</notation>
<objectViews>
<OView class="oracle.dbtools.crest.swingui.logical.TVEntity" oid="08E3BC06-4CF9-936A-D8B8-E4C6434B4779" otype="Entity" vid="B7652020-1602-FFB4-9432-8CE4F6A847C7">
<hideElementsInCurrentOnly>false</hideElementsInCurrentOnly>
<bounds x="335" y="3" width="104" height="73"/>
</OView>
<OView class="oracle.dbtools.crest.swingui.logical.TVEntity" oid="0AB40356-D92A-8831-5428-F06514DD049D" otype="Entity" vid="396446C6-DC2D-366A-2BFC-9C5E0C617769">
<hideElementsInCurrentOnly>false</hideElementsInCurrentOnly>
<bounds x="31" y="185" width="125" height="62"/>
</OView>
<OView class="oracle.dbtools.crest.swingui.logical.TVEntity" oid="159E3FB7-784F-F485-ADB8-DF20348E0DB5" otype="Entity" vid="3A695CA7-F357-56C1-63C4-3118573688C0">
<hideElementsInCurrentOnly>false</hideElementsInCurrentOnly>
<bounds x="328" y="296" width="105" height="65"/>
</OView>
<OView class="oracle.dbtools.crest.swingui.logical.TVEntity" oid="31CB7F12-471A-FF0E-39DA-B6D0798F14D5" otype="Entity" vid="DB7A8D8E-0340-DD7E-8606-7846315A1EC8">
<hideElementsInCurrentOnly>false</hideElementsInCurrentOnly>
<bounds x="519" y="71" width="145" height="102"/>
</OView>
<OView class="oracle.dbtools.crest.swingui.logical.TVEntity" oid="33FDE9F3-576F-7146-A3D1-ADA28F1E6B78" otype="Entity" vid="65753839-59FF-CEF7-7E9F-5D90664B4909">
<hideElementsInCurrentOnly>false</hideElementsInCurrentOnly>
<bounds x="199" y="46" width="112" height="80"/>
</OView>
<OView class="oracle.dbtools.crest.swingui.logical.TVEntity" oid="42A4EF6E-85D7-F909-8C66-C3CB408774D5" otype="Entity" vid="5398B38B-3E7D-C34C-1AF6-6A8403019809">
<hideElementsInCurrentOnly>false</hideElementsInCurrentOnly>
<bounds x="27" y="10" width="140" height="169"/>
</OView>
<OView class="oracle.dbtools.crest.swingui.logical.TVEntity" oid="52BD976E-8A14-57A3-2AF6-630E2EFDA1E7" otype="Entity" vid="6B7E180C-0573-43CA-0074-7E0D41C884E7">
<hideElementsInCurrentOnly>false</hideElementsInCurrentOnly>
<bounds x="500" y="486" width="123" height="50"/>
</OView>
<OView class="oracle.dbtools.crest.swingui.logical.TVEntity" oid="70249285-81D3-E5EF-EA1B-3DA98C418470" otype="Entity" vid="8338AEC5-8167-9FC2-E816-2C106E71189D">
<hideElementsInCurrentOnly>false</hideElementsInCurrentOnly>
<bounds x="167" y="308" width="125" height="64"/>
</OView>
<OView class="oracle.dbtools.crest.swingui.logical.TVEntity" oid="75C61227-6223-EF7A-2B52-8C82567AC2E6" otype="Entity" vid="909B2764-41CC-DF93-2B7C-6215B9252D25">
<hideElementsInCurrentOnly>false</hideElementsInCurrentOnly>
<bounds x="657" y="352" width="152" height="74"/>
</OView>
<OView class="oracle.dbtools.crest.swingui.logical.TVEntity" oid="7EFEF29B-B100-28C0-B8BD-D10D9DD6F36B" otype="Entity" vid="0ECB7279-0674-94DD-893B-71477D44DD1D">
<hideElementsInCurrentOnly>false</hideElementsInCurrentOnly>
<bounds x="178" y="388" width="131" height="100"/>
</OView>
<OView class="oracle.dbtools.crest.swingui.logical.TVEntity" oid="862CD71F-8ACA-33A5-6C24-FBA4AC6FAA7F" otype="Entity" vid="C7F8E35F-AE52-FA38-C5B9-B4B3B64E90C6">
<hideElementsInCurrentOnly>false</hideElementsInCurrentOnly>
<bounds x="400" y="105" width="111" height="112"/>
</OView>
<OView class="oracle.dbtools.crest.swingui.logical.TVEntity" oid="97F5839E-9D99-5EE4-3FBD-F83D6E8566C8" otype="Entity" vid="DE07CF8E-9AE2-3A18-DD7D-4314BA0BE410">
<hideElementsInCurrentOnly>false</hideElementsInCurrentOnly>
<bounds x="653" y="244" width="144" height="72"/>
</OView>
<OView class="oracle.dbtools.crest.swingui.logical.TVEntity" oid="98D735D6-4742-C82D-7BFB-79BBDC624A7D" otype="Entity" vid="002F9AEC-EB3E-8AF6-0736-276F10B2281B">
<hideElementsInCurrentOnly>false</hideElementsInCurrentOnly>
<bounds x="484" y="2" width="132" height="60"/>
</OView>
<OView class="oracle.dbtools.crest.swingui.logical.TVEntity" oid="98FAA55C-153A-349F-307F-0311159CE1E1" otype="Entity" vid="BDCCB529-980D-5481-9DC0-9031C5F59E86">
<hideElementsInCurrentOnly>false</hideElementsInCurrentOnly>
<bounds x="378" y="393" width="101" height="81"/>
</OView>
<OView class="oracle.dbtools.crest.swingui.logical.TVEntity" oid="9B643DE7-AE99-9E3E-B7F8-CD5D91D01CAC" otype="Entity" vid="158A8EF5-B1A7-66C9-9DE6-D7572B53D1D7">
<hideElementsInCurrentOnly>false</hideElementsInCurrentOnly>
<bounds x="3" y="274" width="124" height="87"/>
</OView>
<OView class="oracle.dbtools.crest.swingui.logical.TVEntity" oid="9B6DCC06-4F09-1244-27C0-C0BE0CEF865A" otype="Entity" vid="A4967431-CF21-442E-58C6-01722461CAE5">
<hideElementsInCurrentOnly>false</hideElementsInCurrentOnly>
<bounds x="483" y="268" width="126" height="182"/>
</OView>
<OView class="oracle.dbtools.crest.swingui.logical.TVEntity" oid="AE183615-38B5-05D7-B4D4-C0A36668DC81" otype="Entity" vid="7755DB5B-CA08-484C-E3C8-710C9ACC1E03">
<hideElementsInCurrentOnly>false</hideElementsInCurrentOnly>
<bounds x="209" y="216" width="123" height="79"/>
</OView>
<OView class="oracle.dbtools.crest.swingui.logical.TVEntity" oid="B5901E4F-FE16-8497-C6FA-77254367AE09" otype="Entity" vid="2C1D9299-F087-1349-A594-13F7FD6B7702">
<hideElementsInCurrentOnly>false</hideElementsInCurrentOnly>
<bounds x="221" y="131" width="128" height="43"/>
</OView>
<OView class="oracle.dbtools.crest.swingui.logical.TVEntity" oid="B70CD4E1-34A8-9F6C-A3CF-403C1A0B635E" otype="Entity" vid="9EDFA38C-9BC5-803C-B77D-FB4158CBF06E">
<hideElementsInCurrentOnly>false</hideElementsInCurrentOnly>
<bounds x="527" y="188" width="131" height="46"/>
</OView>
<OView class="oracle.dbtools.crest.swingui.logical.TVEntity" oid="E86EF5B1-3F8F-5AEC-6943-16093FDE25CF" otype="Entity" vid="0C78538B-C7D1-928C-44DA-A1AA988E3A37">
<hideElementsInCurrentOnly>false</hideElementsInCurrentOnly>
<bounds x="22" y="395" width="98" height="94"/>
</OView>
</objectViews>
<connectors>
<Connector class="oracle.dbtools.crest.swingui.logical.TVRelation" oid="041CAC65-CEE4-CBF4-1D2E-12DF8E5B7D4E" otype="Relation" vid_source="B7652020-1602-FFB4-9432-8CE4F6A847C7" vid_target="C7F8E35F-AE52-FA38-C5B9-B4B3B64E90C6">
<hideElementsInCurrentOnly>false</hideElementsInCurrentOnly>
<lineWidth>1</lineWidth>
<points>
<point x="419" y="76"/>
<point x="419" y="105"/>
</points>
</Connector>
<Connector class="oracle.dbtools.crest.swingui.logical.TVRelation" oid="08EB082B-1F6E-B511-CB1F-66F5D235BF07" otype="Relation" vid_source="158A8EF5-B1A7-66C9-9DE6-D7572B53D1D7" vid_target="0C78538B-C7D1-928C-44DA-A1AA988E3A37">
<hideElementsInCurrentOnly>false</hideElementsInCurrentOnly>
<lineWidth>1</lineWidth>
<points>
<point x="71" y="361"/>
<point x="71" y="395"/>
</points>
</Connector>
<Connector class="oracle.dbtools.crest.swingui.logical.TVRelation" oid="2DC15E09-67BA-D635-873E-EF619E27F9D3" otype="Relation" vid_source="0ECB7279-0674-94DD-893B-71477D44DD1D" vid_target="BDCCB529-980D-5481-9DC0-9031C5F59E86">
<hideElementsInCurrentOnly>false</hideElementsInCurrentOnly>
<lineWidth>1</lineWidth>
<points>
<point x="309" y="433"/>
<point x="378" y="433"/>
</points>
</Connector>
<Connector class="oracle.dbtools.crest.swingui.logical.TVRelation" oid="34A37B5B-544C-2D89-9AA4-162A2F3AA375" otype="Relation" vid_source="C7F8E35F-AE52-FA38-C5B9-B4B3B64E90C6" vid_target="65753839-59FF-CEF7-7E9F-5D90664B4909">
<hideElementsInCurrentOnly>false</hideElementsInCurrentOnly>
<lineWidth>1</lineWidth>
<points>
<point x="400" y="115"/>
<point x="311" y="115"/>
</points>
</Connector>
<Connector class="oracle.dbtools.crest.swingui.logical.TVRelation" oid="3887E4B0-99D7-4D22-8E5D-DB276E64F678" otype="Relation" vid_source="C7F8E35F-AE52-FA38-C5B9-B4B3B64E90C6" vid_target="A4967431-CF21-442E-58C6-01722461CAE5">
<hideElementsInCurrentOnly>false</hideElementsInCurrentOnly>
<lineWidth>1</lineWidth>
<points>
<point x="497" y="217"/>
<point x="497" y="268"/>
</points>
</Connector>
<Connector class="oracle.dbtools.crest.swingui.logical.TVRelation" oid="3DC8AEB8-57D3-AFB7-FCE8-7F08DCC93164" otype="Relation" vid_source="DB7A8D8E-0340-DD7E-8606-7846315A1EC8" vid_target="9EDFA38C-9BC5-803C-B77D-FB4158CBF06E">
<hideElementsInCurrentOnly>false</hideElementsInCurrentOnly>
<lineWidth>1</lineWidth>
<points>
<point x="592" y="173"/>
<point x="592" y="188"/>
</points>
</Connector>
<Connector class="oracle.dbtools.crest.swingui.logical.TVRelation" oid="58D22822-17DE-E93C-8D0C-0080DAFE466C" otype="Relation" vid_source="C7F8E35F-AE52-FA38-C5B9-B4B3B64E90C6" vid_target="BDCCB529-980D-5481-9DC0-9031C5F59E86">
<hideElementsInCurrentOnly>false</hideElementsInCurrentOnly>
<lineWidth>1</lineWidth>
<points>
<point x="450" y="217"/>
<point x="450" y="393"/>
</points>
</Connector>
<Connector class="oracle.dbtools.crest.swingui.logical.TVRelation" oid="6F42A286-0894-7836-2315-203EE65990C9" otype="Relation" vid_source="5398B38B-3E7D-C34C-1AF6-6A8403019809" vid_target="2C1D9299-F087-1349-A594-13F7FD6B7702">
<hideElementsInCurrentOnly>false</hideElementsInCurrentOnly>
<lineWidth>1</lineWidth>
<points>
<point x="167" y="152"/>
<point x="221" y="152"/>
</points>
</Connector>
<Connector class="oracle.dbtools.crest.swingui.logical.TVRelation" oid="7D2AD5BB-9026-8B35-F7CF-C8103C4BC4B7" otype="Relation" vid_source="A4967431-CF21-442E-58C6-01722461CAE5" vid_target="6B7E180C-0573-43CA-0074-7E0D41C884E7">
<hideElementsInCurrentOnly>false</hideElementsInCurrentOnly>
<lineWidth>1</lineWidth>
<points>
<point x="554" y="450"/>
<point x="554" y="486"/>
</points>
</Connector>
<Connector class="oracle.dbtools.crest.swingui.logical.TVRelation" oid="8616D814-14C5-793F-6448-01B5887F92E3" otype="Relation" vid_source="3A695CA7-F357-56C1-63C4-3118573688C0" vid_target="8338AEC5-8167-9FC2-E816-2C106E71189D">
<hideElementsInCurrentOnly>false</hideElementsInCurrentOnly>
<lineWidth>1</lineWidth>
<points>
<point x="328" y="334"/>
<point x="292" y="334"/>
</points>
</Connector>
<Connector class="oracle.dbtools.crest.swingui.logical.TVRelation" oid="8C1FC7B8-6660-31CC-55EE-8BE19F7D8F4F" otype="Relation" vid_source="B7652020-1602-FFB4-9432-8CE4F6A847C7" vid_target="5398B38B-3E7D-C34C-1AF6-6A8403019809">
<hideElementsInCurrentOnly>false</hideElementsInCurrentOnly>
<lineWidth>1</lineWidth>
<points>
<point x="335" y="25"/>
<point x="167" y="25"/>
</points>
</Connector>
<Connector class="oracle.dbtools.crest.swingui.logical.TVRelation" oid="8C27B7DD-45FA-8245-524F-9A753EC7EF80" otype="Relation" vid_source="158A8EF5-B1A7-66C9-9DE6-D7572B53D1D7" vid_target="8338AEC5-8167-9FC2-E816-2C106E71189D">
<hideElementsInCurrentOnly>false</hideElementsInCurrentOnly>
<lineWidth>1</lineWidth>
<points>
<point x="127" y="334"/>
<point x="167" y="334"/>
</points>
</Connector>
<Connector class="oracle.dbtools.crest.swingui.logical.TVRelation" oid="8D0FBF94-2DE7-519F-98AE-5140D0EC8001" otype="Relation" vid_source="909B2764-41CC-DF93-2B7C-6215B9252D25" vid_target="A4967431-CF21-442E-58C6-01722461CAE5">
<hideElementsInCurrentOnly>false</hideElementsInCurrentOnly>
<lineWidth>1</lineWidth>
<points>
<point x="657" y="389"/>
<point x="609" y="389"/>
</points>
</Connector>
<Connector class="oracle.dbtools.crest.swingui.logical.TVRelation" oid="A29855C0-B8E0-9AB1-939F-006BD29DD707" otype="Relation" vid_source="158A8EF5-B1A7-66C9-9DE6-D7572B53D1D7" vid_target="7755DB5B-CA08-484C-E3C8-710C9ACC1E03">
<hideElementsInCurrentOnly>false</hideElementsInCurrentOnly>
<lineWidth>1</lineWidth>
<points>
<point x="127" y="284"/>
<point x="209" y="284"/>
</points>
</Connector>
<Connector class="oracle.dbtools.crest.swingui.logical.TVRelation" oid="AA5D1984-FB1D-A844-1D48-1557DD1B109A" otype="Relation" vid_source="0ECB7279-0674-94DD-893B-71477D44DD1D" vid_target="0C78538B-C7D1-928C-44DA-A1AA988E3A37">
<hideElementsInCurrentOnly>false</hideElementsInCurrentOnly>
<lineWidth>1</lineWidth>
<points>
<point x="178" y="441"/>
<point x="120" y="441"/>
</points>
</Connector>
<Connector class="oracle.dbtools.crest.swingui.logical.TVRelation" oid="B20EC83E-C530-0234-2A11-A79159E7DE1C" otype="Relation" vid_source="158A8EF5-B1A7-66C9-9DE6-D7572B53D1D7" vid_target="396446C6-DC2D-366A-2BFC-9C5E0C617769">
<hideElementsInCurrentOnly>false</hideElementsInCurrentOnly>
<lineWidth>1</lineWidth>
<points>
<point x="79" y="274"/>
<point x="79" y="247"/>
</points>
</Connector>
<Connector class="oracle.dbtools.crest.swingui.logical.TVRelation" oid="B4FE6DAF-4B3F-DC93-501E-907D8D4A2E0D" otype="Relation" vid_source="5398B38B-3E7D-C34C-1AF6-6A8403019809" vid_target="65753839-59FF-CEF7-7E9F-5D90664B4909">
<hideElementsInCurrentOnly>false</hideElementsInCurrentOnly>
<lineWidth>1</lineWidth>
<points>
<point x="167" y="86"/>
<point x="199" y="86"/>
</points>
</Connector>
<Connector class="oracle.dbtools.crest.swingui.logical.TVRelation" oid="BFF71C8D-60AE-DDB3-E312-B35FE343EFE9" otype="Relation" vid_source="A4967431-CF21-442E-58C6-01722461CAE5" vid_target="9EDFA38C-9BC5-803C-B77D-FB4158CBF06E">
<hideElementsInCurrentOnly>false</hideElementsInCurrentOnly>
<lineWidth>1</lineWidth>
<points>
<point x="568" y="268"/>
<point x="568" y="234"/>
</points>
</Connector>
<Connector class="oracle.dbtools.crest.swingui.logical.TVRelation" oid="C8A70461-C856-4D8C-9F97-C9F252DDEE62" otype="Relation" vid_source="C7F8E35F-AE52-FA38-C5B9-B4B3B64E90C6" vid_target="2C1D9299-F087-1349-A594-13F7FD6B7702">
<hideElementsInCurrentOnly>false</hideElementsInCurrentOnly>
<lineWidth>1</lineWidth>
<points>
<point x="400" y="152"/>
<point x="349" y="152"/>
</points>
</Connector>
<Connector class="oracle.dbtools.crest.swingui.logical.TVRelation" oid="D42DE3C4-CE63-CA76-6A11-59ADAADC375E" otype="Relation" vid_source="002F9AEC-EB3E-8AF6-0736-276F10B2281B" vid_target="B7652020-1602-FFB4-9432-8CE4F6A847C7">
<hideElementsInCurrentOnly>false</hideElementsInCurrentOnly>
<lineWidth>1</lineWidth>
<points>
<point x="484" y="32"/>
<point x="439" y="32"/>
</points>
</Connector>
<Connector class="oracle.dbtools.crest.swingui.logical.TVRelation" oid="E7FFA077-44AC-87FA-065E-BFAA11FE6881" otype="Relation" vid_source="A4967431-CF21-442E-58C6-01722461CAE5" vid_target="3A695CA7-F357-56C1-63C4-3118573688C0">
<hideElementsInCurrentOnly>false</hideElementsInCurrentOnly>
<lineWidth>1</lineWidth>
<points>
<point x="483" y="328"/>
<point x="433" y="328"/>
</points>
</Connector>
<Connector class="oracle.dbtools.crest.swingui.logical.TVRelation" oid="F7F57D20-49DE-D040-9052-2C303185665D" otype="Relation" vid_source="909B2764-41CC-DF93-2B7C-6215B9252D25" vid_target="DE07CF8E-9AE2-3A18-DD7D-4314BA0BE410">
<hideElementsInCurrentOnly>false</hideElementsInCurrentOnly>
<lineWidth>1</lineWidth>
<points>
<point x="727" y="352"/>
<point x="727" y="316"/>
</points>
</Connector>
<Connector class="oracle.dbtools.crest.swingui.logical.TVRelation" oid="FDA6341C-BE50-5CE3-3821-644B4FD1FDCC" otype="Relation" vid_source="A4967431-CF21-442E-58C6-01722461CAE5" vid_target="7755DB5B-CA08-484C-E3C8-710C9ACC1E03">
<hideElementsInCurrentOnly>false</hideElementsInCurrentOnly>
<lineWidth>1</lineWidth>
<points>
<point x="483" y="281"/>
<point x="332" y="281"/>
</points>
</Connector>
</connectors>
</Diagram>