<?xml version = '1.0' encoding = 'UTF-8'?>
<Diagram class="oracle.dbtools.crest.swingui.relational.DPVRelational" name="Relational_1" id="B2E00884-D3DA-C937-9B36-D566B2445DBD">
<createdBy>marinfotache</createdBy>
<modifiedBy>marinfotache</modifiedBy>
<createdTime>2018-10-26 05:14:38 UTC</createdTime>
<autoRoute>false</autoRoute>
<boxInbox>true</boxInbox>
<showLegend>false</showLegend>
<showLabels>false</showLabels>
<showRelAttributes>false</showRelAttributes>
<gridEnabled>false</gridEnabled>
<showGrid>false</showGrid>
<diagramColor>-1</diagramColor>
<display>false</display>
<notation>1</notation>
<objectViews>
<OView class="oracle.dbtools.crest.swingui.relational.TVTable" oid="009D7D6F-6131-45F0-F986-F5087AA6CFBA" otype="Table" vid="B39921D4-19AB-91B6-5608-742F94030CE9">
<hideElementsInCurrentOnly>false</hideElementsInCurrentOnly>
<bounds x="763" y="373" width="144" height="72"/>
</OView>
<OView class="oracle.dbtools.crest.swingui.relational.TVTable" oid="09ADC6C0-32CC-FD61-E546-E71A8429AC66" otype="Table" vid="F9DD4848-4F2C-AF3C-98EC-DFD8A43CA183">
<hideElementsInCurrentOnly>false</hideElementsInCurrentOnly>
<bounds x="385" y="104" width="111" height="112"/>
</OView>
<OView class="oracle.dbtools.crest.swingui.relational.TVTable" oid="1B176229-33E8-EEF2-6A7F-5F694814EB96" otype="Table" vid="CC21DE1C-A623-6C43-1507-9119B9D0A26A">
<hideElementsInCurrentOnly>false</hideElementsInCurrentOnly>
<bounds x="749" y="12" width="145" height="102"/>
</OView>
<OView class="oracle.dbtools.crest.swingui.relational.TVTable" oid="27D4D0C0-CBF7-7958-B78D-9741B1B6D5D6" otype="Table" vid="2AEC8D34-D108-8C45-5D56-799A7BA63C89">
<hideElementsInCurrentOnly>false</hideElementsInCurrentOnly>
<bounds x="636" y="173" width="126" height="199"/>
</OView>
<OView class="oracle.dbtools.crest.swingui.relational.TVTable" oid="3283714A-F612-C1D4-D96A-FBDB528D94D8" otype="Table" vid="A97F839E-FE92-B082-423D-645EA27CBD7E">
<hideElementsInCurrentOnly>false</hideElementsInCurrentOnly>
<bounds x="520" y="552" width="129" height="71"/>
</OView>
<OView class="oracle.dbtools.crest.swingui.relational.TVTable" oid="37B76D0C-C705-351C-5719-5DF0FDBCE41E" otype="Table" vid="D24AF881-877B-7938-9D09-2E87C15892A1">
<hideElementsInCurrentOnly>false</hideElementsInCurrentOnly>
<bounds x="470" y="265" width="131" height="100"/>
</OView>
<OView class="oracle.dbtools.crest.swingui.relational.TVTable" oid="3824A08F-FCC1-BED9-6619-77072DA4B2EF" otype="Table" vid="A4549C50-33E3-053C-DDD2-C960A063FB31">
<hideElementsInCurrentOnly>false</hideElementsInCurrentOnly>
<bounds x="205" y="160" width="128" height="43"/>
</OView>
<OView class="oracle.dbtools.crest.swingui.relational.TVTable" oid="62AE277B-052F-E1A6-6F86-7F13A5387206" otype="Table" vid="AD4943A3-63BC-8D7F-AA6A-EF9C9D47533E">
<hideElementsInCurrentOnly>false</hideElementsInCurrentOnly>
<bounds x="290" y="484" width="142" height="135"/>
</OView>
<OView class="oracle.dbtools.crest.swingui.relational.TVTable" oid="7288364C-924F-983B-5CC8-1E9C5E16BF59" otype="Table" vid="FE45CE4A-7C92-B9AB-A2EB-09AF69928379">
<hideElementsInCurrentOnly>false</hideElementsInCurrentOnly>
<bounds x="27" y="9" width="144" height="194"/>
</OView>
<OView class="oracle.dbtools.crest.swingui.relational.TVTable" oid="7482650B-4911-EAD0-DD0B-5ED1A6746E24" otype="Table" vid="F41F8AD5-B1D2-0018-A7F5-BD5240989653">
<hideElementsInCurrentOnly>false</hideElementsInCurrentOnly>
<bounds x="23" y="468" width="125" height="64"/>
</OView>
<OView class="oracle.dbtools.crest.swingui.relational.TVTable" oid="84BBA1DC-F4B2-9537-6E04-C5708CB45204" otype="Table" vid="652E0BDD-050D-29B7-4537-098BCF60793E">
<hideElementsInCurrentOnly>false</hideElementsInCurrentOnly>
<bounds x="704" y="507" width="152" height="74"/>
</OView>
<OView class="oracle.dbtools.crest.swingui.relational.TVTable" oid="88BB1177-5EC0-5145-F11A-EF7EDF06FC63" otype="Table" vid="622EEF7E-8066-2B79-2C7D-79B2BE13D372">
<hideElementsInCurrentOnly>false</hideElementsInCurrentOnly>
<bounds x="335" y="3" width="104" height="73"/>
</OView>
<OView class="oracle.dbtools.crest.swingui.relational.TVTable" oid="890B537C-E42C-EA3A-4520-1F61C7D6DAA8" otype="Table" vid="EF2538BF-F609-CFF0-3FAF-3289F29D7F8C">
<hideElementsInCurrentOnly>false</hideElementsInCurrentOnly>
<bounds x="529" y="410" width="129" height="92"/>
</OView>
<OView class="oracle.dbtools.crest.swingui.relational.TVTable" oid="964A262A-6CBC-0644-6C5C-8163261BE6C3" otype="Table" vid="05792E41-9781-3731-3FFC-6FE8AF9DDF63">
<hideElementsInCurrentOnly>false</hideElementsInCurrentOnly>
<bounds x="311" y="307" width="98" height="94"/>
</OView>
<OView class="oracle.dbtools.crest.swingui.relational.TVTable" oid="A53D8904-1885-2F8D-FCA4-F9641205C661" otype="Table" vid="5410B2DB-7FDD-6A70-A315-F2D31ECD82CF">
<hideElementsInCurrentOnly>false</hideElementsInCurrentOnly>
<bounds x="199" y="46" width="112" height="80"/>
</OView>
<OView class="oracle.dbtools.crest.swingui.relational.TVTable" oid="C4D9726D-85FF-446F-26D5-E734C33A2587" otype="Table" vid="98A4D4C2-E508-C439-D034-DA0AF773650E">
<hideElementsInCurrentOnly>false</hideElementsInCurrentOnly>
<bounds x="49" y="557" width="125" height="62"/>
</OView>
<OView class="oracle.dbtools.crest.swingui.relational.TVTable" oid="D380AB1F-6501-9082-C000-84F71F28EE79" otype="Table" vid="C5C271B3-7E88-8B4E-EC10-F25857C58BC9">
<hideElementsInCurrentOnly>false</hideElementsInCurrentOnly>
<bounds x="80" y="214" width="105" height="65"/>
</OView>
<OView class="oracle.dbtools.crest.swingui.relational.TVTable" oid="D4BD278B-84D7-FB48-6A26-1A1BAF0ED64C" otype="Table" vid="B40D9D57-B520-A6C0-7F11-C4294448E231">
<hideElementsInCurrentOnly>false</hideElementsInCurrentOnly>
<bounds x="850" y="256" width="123" height="50"/>
</OView>
<OView class="oracle.dbtools.crest.swingui.relational.TVTable" oid="F99840DB-C15E-CB67-8DFA-B0B04CA24291" otype="Table" vid="7DA0BEF1-2FDA-1178-0ADB-155265557DB7">
<hideElementsInCurrentOnly>false</hideElementsInCurrentOnly>
<bounds x="550" y="75" width="101" height="81"/>
</OView>
<OView class="oracle.dbtools.crest.swingui.relational.TVTable" oid="F9BBFED6-D2EC-AAFC-5000-9FAFD641EA89" otype="Table" vid="8FBB9B11-AA83-DF55-0635-902275C89AEF">
<hideElementsInCurrentOnly>false</hideElementsInCurrentOnly>
<bounds x="828" y="180" width="131" height="46"/>
</OView>
<OView class="oracle.dbtools.crest.swingui.relational.TVTable" oid="FE266567-D822-61FD-4694-29F2A744915D" otype="Table" vid="AC83F02E-C891-298D-D019-EF0502D4FC25">
<hideElementsInCurrentOnly>false</hideElementsInCurrentOnly>
<bounds x="484" y="2" width="132" height="60"/>
</OView>
</objectViews>
<connectors>
<Connector class="oracle.dbtools.crest.swingui.relational.TVFKRelation" oid="38E0BCDB-57DB-48F4-0B7C-91ECFDD1216F" otype="FKIndexAssociation" vid_source="652E0BDD-050D-29B7-4537-098BCF60793E" vid_target="A97F839E-FE92-B082-423D-645EA27CBD7E">
<hideElementsInCurrentOnly>false</hideElementsInCurrentOnly>
<backgroundColor>-16777216</backgroundColor>
<lineWidth>1</lineWidth>
<points>
<point x="704" y="566"/>
<point x="649" y="566"/>
</points>
</Connector>
<Connector class="oracle.dbtools.crest.swingui.relational.TVFKRelation" oid="3C6EB78A-7444-7F8D-1A02-6E52284EBD40" otype="FKIndexAssociation" vid_source="C5C271B3-7E88-8B4E-EC10-F25857C58BC9" vid_target="F41F8AD5-B1D2-0018-A7F5-BD5240989653">
<hideElementsInCurrentOnly>false</hideElementsInCurrentOnly>
<backgroundColor>-16777216</backgroundColor>
<lineWidth>1</lineWidth>
<points>
<point x="114" y="279"/>
<point x="114" y="468"/>
</points>
</Connector>
<Connector class="oracle.dbtools.crest.swingui.relational.TVFKRelation" oid="3F05DCEB-C308-3BEE-9B63-02520CF43173" otype="FKIndexAssociation" vid_source="A97F839E-FE92-B082-423D-645EA27CBD7E" vid_target="EF2538BF-F609-CFF0-3FAF-3289F29D7F8C">
<hideElementsInCurrentOnly>false</hideElementsInCurrentOnly>
<backgroundColor>-16777216</backgroundColor>
<lineWidth>1</lineWidth>
<points>
<point x="627" y="623"/>
<point x="627" y="502"/>
</points>
</Connector>
<Connector class="oracle.dbtools.crest.swingui.relational.TVFKRelation" oid="4ADD7AF8-06B5-CAEA-FAA8-C797A7AE9E26" otype="FKIndexAssociation" vid_source="AD4943A3-63BC-8D7F-AA6A-EF9C9D47533E" vid_target="F41F8AD5-B1D2-0018-A7F5-BD5240989653">
<hideElementsInCurrentOnly>false</hideElementsInCurrentOnly>
<backgroundColor>-16777216</backgroundColor>
<lineWidth>1</lineWidth>
<points>
<point x="290" y="508"/>
<point x="148" y="508"/>
</points>
</Connector>
<Connector class="oracle.dbtools.crest.swingui.relational.TVFKRelation" oid="4C0D4329-DE09-BB6D-89E9-CCE8B962B62A" otype="FKIndexAssociation" vid_source="652E0BDD-050D-29B7-4537-098BCF60793E" vid_target="B39921D4-19AB-91B6-5608-742F94030CE9">
<hideElementsInCurrentOnly>false</hideElementsInCurrentOnly>
<backgroundColor>-16777216</backgroundColor>
<lineWidth>1</lineWidth>
<points>
<point x="809" y="507"/>
<point x="809" y="445"/>
</points>
</Connector>
<Connector class="oracle.dbtools.crest.swingui.relational.TVFKRelation" oid="4CFC51F8-0A33-9673-2941-E5AD604F2AD1" otype="FKIndexAssociation" vid_source="FE45CE4A-7C92-B9AB-A2EB-09AF69928379" vid_target="A4549C50-33E3-053C-DDD2-C960A063FB31">
<hideElementsInCurrentOnly>false</hideElementsInCurrentOnly>
<backgroundColor>-16777216</backgroundColor>
<lineWidth>1</lineWidth>
<points>
<point x="171" y="181"/>
<point x="205" y="181"/>
</points>
</Connector>
<Connector class="oracle.dbtools.crest.swingui.relational.TVFKRelation" oid="4D6E586C-A1F4-5A9A-F1CE-13396705734D" otype="FKIndexAssociation" vid_source="AD4943A3-63BC-8D7F-AA6A-EF9C9D47533E" vid_target="05792E41-9781-3731-3FFC-6FE8AF9DDF63">
<hideElementsInCurrentOnly>false</hideElementsInCurrentOnly>
<backgroundColor>-16777216</backgroundColor>
<lineWidth>1</lineWidth>
<points>
<point x="360" y="484"/>
<point x="360" y="401"/>
</points>
</Connector>
<Connector class="oracle.dbtools.crest.swingui.relational.TVFKRelation" oid="4EABCFDD-A0BE-B083-6903-AD00F795A8EE" otype="FKIndexAssociation" vid_source="D24AF881-877B-7938-9D09-2E87C15892A1" vid_target="05792E41-9781-3731-3FFC-6FE8AF9DDF63">
<hideElementsInCurrentOnly>false</hideElementsInCurrentOnly>
<backgroundColor>-16777216</backgroundColor>
<lineWidth>1</lineWidth>
<points>
<point x="470" y="336"/>
<point x="409" y="336"/>
</points>
</Connector>
<Connector class="oracle.dbtools.crest.swingui.relational.TVFKRelation" oid="58E2B3DF-1639-C444-6C1A-ED0937E9EE5B" otype="FKIndexAssociation" vid_source="652E0BDD-050D-29B7-4537-098BCF60793E" vid_target="2AEC8D34-D108-8C45-5D56-799A7BA63C89">
<hideElementsInCurrentOnly>false</hideElementsInCurrentOnly>
<backgroundColor>-16777216</backgroundColor>
<lineWidth>1</lineWidth>
<points>
<point x="733" y="507"/>
<point x="733" y="372"/>
</points>
</Connector>
<Connector class="oracle.dbtools.crest.swingui.relational.TVFKRelation" oid="62553491-8089-C780-7B7C-E8AD18C54068" otype="FKIndexAssociation" vid_source="622EEF7E-8066-2B79-2C7D-79B2BE13D372" vid_target="FE45CE4A-7C92-B9AB-A2EB-09AF69928379">
<hideElementsInCurrentOnly>false</hideElementsInCurrentOnly>
<backgroundColor>-16777216</backgroundColor>
<lineWidth>1</lineWidth>
<points>
<point x="335" y="42"/>
<point x="171" y="42"/>
</points>
</Connector>
<Connector class="oracle.dbtools.crest.swingui.relational.TVFKRelation" oid="71EDC668-18EA-9134-2C30-F06A416358F9" otype="FKIndexAssociation" vid_source="2AEC8D34-D108-8C45-5D56-799A7BA63C89" vid_target="EF2538BF-F609-CFF0-3FAF-3289F29D7F8C">
<hideElementsInCurrentOnly>false</hideElementsInCurrentOnly>
<backgroundColor>-16777216</backgroundColor>
<lineWidth>1</lineWidth>
<points>
<point x="647" y="372"/>
<point x="647" y="410"/>
</points>
</Connector>
<Connector class="oracle.dbtools.crest.swingui.relational.TVFKRelation" oid="749A6443-7507-59F0-2190-8D27AFCDB561" otype="FKIndexAssociation" vid_source="622EEF7E-8066-2B79-2C7D-79B2BE13D372" vid_target="F9DD4848-4F2C-AF3C-98EC-DFD8A43CA183">
<hideElementsInCurrentOnly>false</hideElementsInCurrentOnly>
<backgroundColor>-16777216</backgroundColor>
<lineWidth>1</lineWidth>
<points>
<point x="412" y="76"/>
<point x="412" y="104"/>
</points>
</Connector>
<Connector class="oracle.dbtools.crest.swingui.relational.TVFKRelation" oid="81A1C23F-02F4-0127-66F2-361F15C52433" otype="FKIndexAssociation" vid_source="F9DD4848-4F2C-AF3C-98EC-DFD8A43CA183" vid_target="2AEC8D34-D108-8C45-5D56-799A7BA63C89">
<hideElementsInCurrentOnly>false</hideElementsInCurrentOnly>
<backgroundColor>-16777216</backgroundColor>
<lineWidth>1</lineWidth>
<points>
<point x="496" y="194"/>
<point x="636" y="194"/>
</points>
</Connector>
<Connector class="oracle.dbtools.crest.swingui.relational.TVFKRelation" oid="87FDB1DB-12C7-9629-6148-07166BFFBF89" otype="FKIndexAssociation" vid_source="AC83F02E-C891-298D-D019-EF0502D4FC25" vid_target="622EEF7E-8066-2B79-2C7D-79B2BE13D372">
<hideElementsInCurrentOnly>false</hideElementsInCurrentOnly>
<backgroundColor>-16777216</backgroundColor>
<lineWidth>1</lineWidth>
<points>
<point x="484" y="32"/>
<point x="439" y="32"/>
</points>
</Connector>
<Connector class="oracle.dbtools.crest.swingui.relational.TVFKRelation" oid="92299D6B-2073-AE19-3BA4-FD390D5357DF" otype="FKIndexAssociation" vid_source="AD4943A3-63BC-8D7F-AA6A-EF9C9D47533E" vid_target="A97F839E-FE92-B082-423D-645EA27CBD7E">
<hideElementsInCurrentOnly>false</hideElementsInCurrentOnly>
<backgroundColor>-16777216</backgroundColor>
<lineWidth>1</lineWidth>
<points>
<point x="432" y="585"/>
<point x="520" y="585"/>
</points>
</Connector>
<Connector class="oracle.dbtools.crest.swingui.relational.TVFKRelation" oid="A380D0B9-7A52-E1A1-AECD-F2B6AA1BB148" otype="FKIndexAssociation" vid_source="2AEC8D34-D108-8C45-5D56-799A7BA63C89" vid_target="8FBB9B11-AA83-DF55-0635-902275C89AEF">
<hideElementsInCurrentOnly>false</hideElementsInCurrentOnly>
<backgroundColor>-16777216</backgroundColor>
<lineWidth>1</lineWidth>
<points>
<point x="762" y="203"/>
<point x="828" y="203"/>
</points>
</Connector>
<Connector class="oracle.dbtools.crest.swingui.relational.TVFKRelation" oid="AECE145C-72D5-28D1-9988-2117E17D5A1C" otype="FKIndexAssociation" vid_source="F9DD4848-4F2C-AF3C-98EC-DFD8A43CA183" vid_target="A4549C50-33E3-053C-DDD2-C960A063FB31">
<hideElementsInCurrentOnly>false</hideElementsInCurrentOnly>
<backgroundColor>-16777216</backgroundColor>
<lineWidth>1</lineWidth>
<points>
<point x="385" y="181"/>
<point x="333" y="181"/>
</points>
</Connector>
<Connector class="oracle.dbtools.crest.swingui.relational.TVFKRelation" oid="B2D54391-E6ED-C9DE-C4F7-2B0F11252A99" otype="FKIndexAssociation" vid_source="AD4943A3-63BC-8D7F-AA6A-EF9C9D47533E" vid_target="A97F839E-FE92-B082-423D-645EA27CBD7E">
<hideElementsInCurrentOnly>false</hideElementsInCurrentOnly>
<backgroundColor>-16777216</backgroundColor>
<lineWidth>1</lineWidth>
<points>
<point x="432" y="595"/>
<point x="520" y="595"/>
</points>
</Connector>
<Connector class="oracle.dbtools.crest.swingui.relational.TVFKRelation" oid="B65A4A3A-C094-3CB1-9E94-DDB90525BC03" otype="FKIndexAssociation" vid_source="2AEC8D34-D108-8C45-5D56-799A7BA63C89" vid_target="C5C271B3-7E88-8B4E-EC10-F25857C58BC9">
<hideElementsInCurrentOnly>false</hideElementsInCurrentOnly>
<backgroundColor>-16777216</backgroundColor>
<lineWidth>1</lineWidth>
<points>
<point x="636" y="246"/>
<point x="185" y="246"/>
</points>
</Connector>
<Connector class="oracle.dbtools.crest.swingui.relational.TVFKRelation" oid="B7BB2F5E-857F-C288-8D01-2BD1F640795F" otype="FKIndexAssociation" vid_source="F9DD4848-4F2C-AF3C-98EC-DFD8A43CA183" vid_target="5410B2DB-7FDD-6A70-A315-F2D31ECD82CF">
<hideElementsInCurrentOnly>false</hideElementsInCurrentOnly>
<backgroundColor>-16777216</backgroundColor>
<lineWidth>1</lineWidth>
<points>
<point x="385" y="115"/>
<point x="311" y="115"/>
</points>
</Connector>
<Connector class="oracle.dbtools.crest.swingui.relational.TVFKRelation" oid="CE2B7349-7276-304E-F688-41A3BE3B2288" otype="FKIndexAssociation" vid_source="CC21DE1C-A623-6C43-1507-9119B9D0A26A" vid_target="8FBB9B11-AA83-DF55-0635-902275C89AEF">
<hideElementsInCurrentOnly>false</hideElementsInCurrentOnly>
<backgroundColor>-16777216</backgroundColor>
<lineWidth>1</lineWidth>
<points>
<point x="861" y="114"/>
<point x="861" y="180"/>
</points>
</Connector>
<Connector class="oracle.dbtools.crest.swingui.relational.TVFKRelation" oid="CF4FA0A1-DF84-8634-2368-26EFC36A1108" otype="FKIndexAssociation" vid_source="AD4943A3-63BC-8D7F-AA6A-EF9C9D47533E" vid_target="EF2538BF-F609-CFF0-3FAF-3289F29D7F8C">
<hideElementsInCurrentOnly>false</hideElementsInCurrentOnly>
<backgroundColor>-16777216</backgroundColor>
<lineWidth>1</lineWidth>
<points>
<point x="432" y="493"/>
<point x="529" y="493"/>
</points>
</Connector>
<Connector class="oracle.dbtools.crest.swingui.relational.TVFKRelation" oid="DBB82863-ED23-5616-39D8-B9F627D28D2D" otype="FKIndexAssociation" vid_source="FE45CE4A-7C92-B9AB-A2EB-09AF69928379" vid_target="5410B2DB-7FDD-6A70-A315-F2D31ECD82CF">
<hideElementsInCurrentOnly>false</hideElementsInCurrentOnly>
<backgroundColor>-16777216</backgroundColor>
<lineWidth>1</lineWidth>
<points>
<point x="171" y="86"/>
<point x="199" y="86"/>
</points>
</Connector>
<Connector class="oracle.dbtools.crest.swingui.relational.TVFKRelation" oid="F0D02C1D-254F-9589-D7DF-EEE88AA7652D" otype="FKIndexAssociation" vid_source="F9DD4848-4F2C-AF3C-98EC-DFD8A43CA183" vid_target="7DA0BEF1-2FDA-1178-0ADB-155265557DB7">
<hideElementsInCurrentOnly>false</hideElementsInCurrentOnly>
<backgroundColor>-16777216</backgroundColor>
<lineWidth>1</lineWidth>
<points>
<point x="496" y="130"/>
<point x="550" y="130"/>
</points>
</Connector>
<Connector class="oracle.dbtools.crest.swingui.relational.TVFKRelation" oid="F5B83E2C-FB4B-11CB-85D8-0B037EF4E0DB" otype="FKIndexAssociation" vid_source="D24AF881-877B-7938-9D09-2E87C15892A1" vid_target="7DA0BEF1-2FDA-1178-0ADB-155265557DB7">
<hideElementsInCurrentOnly>false</hideElementsInCurrentOnly>
<backgroundColor>-16777216</backgroundColor>
<lineWidth>1</lineWidth>
<points>
<point x="575" y="265"/>
<point x="575" y="156"/>
</points>
</Connector>
<Connector class="oracle.dbtools.crest.swingui.relational.TVFKRelation" oid="F86A4CDD-8A54-B639-65E9-D7E7C14E2E1C" otype="FKIndexAssociation" vid_source="2AEC8D34-D108-8C45-5D56-799A7BA63C89" vid_target="B40D9D57-B520-A6C0-7F11-C4294448E231">
<hideElementsInCurrentOnly>false</hideElementsInCurrentOnly>
<backgroundColor>-16777216</backgroundColor>
<lineWidth>1</lineWidth>
<points>
<point x="762" y="281"/>
<point x="850" y="281"/>
</points>
</Connector>
<Connector class="oracle.dbtools.crest.swingui.relational.TVFKRelation" oid="FE62CF9C-F9B2-8EBC-3308-7B04178F553B" otype="FKIndexAssociation" vid_source="AD4943A3-63BC-8D7F-AA6A-EF9C9D47533E" vid_target="98A4D4C2-E508-C439-D034-DA0AF773650E">
<hideElementsInCurrentOnly>false</hideElementsInCurrentOnly>
<backgroundColor>-16777216</backgroundColor>
<lineWidth>1</lineWidth>
<points>
<point x="290" y="588"/>
<point x="174" y="588"/>
</points>
</Connector>
</connectors>
</Diagram>