<?xml version = '1.0' encoding = 'UTF-8'?>
<Diagram class="oracle.dbtools.crest.swingui.logical.DPVLogical" name="Logical" id="53D9F408-D0A1-CB00-D9AA-092A0BDC7D6B">
<createdBy>admin</createdBy>
<modifiedBy>admin</modifiedBy>
<createdTime>2015-11-17 05:14:43 UTC</createdTime>
<autoRoute>false</autoRoute>
<boxInbox>true</boxInbox>
<showLegend>false</showLegend>
<showLabels>false</showLabels>
<showRelAttributes>false</showRelAttributes>
<gridEnabled>false</gridEnabled>
<showGrid>false</showGrid>
<diagramColor>-1</diagramColor>
<display>false</display>
<notation>1</notation>
<objectViews>
<OView class="oracle.dbtools.crest.swingui.logical.TVEntity" oid="185FDAED-4142-8F6C-1627-AB6430C52812" otype="Entity" vid="F788A4E1-DAAF-5F96-870F-6EF0BD2374C3">
<hideElementsInCurrentOnly>false</hideElementsInCurrentOnly>
<bounds x="473" y="285" width="114" height="101"/>
</OView>
<OView class="oracle.dbtools.crest.swingui.logical.TVEntity" oid="329BE96B-DE2C-475D-52E7-D5C96B2224DE" otype="Entity" vid="B3018C2F-5EDC-F32E-14FF-590DE65C259E">
<hideElementsInCurrentOnly>false</hideElementsInCurrentOnly>
<bounds x="226" y="318" width="177" height="94"/>
</OView>
<OView class="oracle.dbtools.crest.swingui.logical.TVEntity" oid="37959DAC-E748-03DE-BF8D-C553082BFD0C" otype="Entity" vid="12A6E837-0170-B351-58C9-859B09695935">
<hideElementsInCurrentOnly>false</hideElementsInCurrentOnly>
<bounds x="11" y="165" width="178" height="135"/>
</OView>
<OView class="oracle.dbtools.crest.swingui.logical.TVEntity" oid="394DE5A9-D863-199D-1A35-358B254204C6" otype="Entity" vid="B75DA4C2-6164-5CD2-8FFE-99D544999F5B">
<hideElementsInCurrentOnly>false</hideElementsInCurrentOnly>
<bounds x="463" y="136" width="118" height="72"/>
</OView>
<OView class="oracle.dbtools.crest.swingui.logical.TVEntity" oid="3EA21102-91A4-8937-EB53-A74A79D1A18E" otype="Entity" vid="87195DB9-A385-C521-A8B4-7D272C6003D6">
<hideElementsInCurrentOnly>false</hideElementsInCurrentOnly>
<bounds x="233" y="176" width="172" height="90"/>
</OView>
<OView class="oracle.dbtools.crest.swingui.logical.TVEntity" oid="8A3435CF-733A-F43C-9122-1EC71F9E50DA" otype="Entity" vid="919E7DD4-F02A-639C-AEB7-C0960A102D89">
<hideElementsInCurrentOnly>false</hideElementsInCurrentOnly>
<bounds x="354" y="17" width="95" height="84"/>
</OView>
<OView class="oracle.dbtools.crest.swingui.logical.TVEntity" oid="ABB7AA0D-B8EE-16B7-DC2B-65E73F6A5347" otype="Entity" vid="C2BE12B1-A392-3970-A280-BF0DD664228C">
<hideElementsInCurrentOnly>false</hideElementsInCurrentOnly>
<bounds x="213" y="19" width="121" height="96"/>
</OView>
<OView class="oracle.dbtools.crest.swingui.logical.TVEntity" oid="CC2E4070-E51D-F1CC-0635-D8F86C3D0758" otype="Entity" vid="A178CCCE-A230-ECED-FDD7-021DC74772EF">
<hideElementsInCurrentOnly>false</hideElementsInCurrentOnly>
<bounds x="479" y="25" width="110" height="67"/>
</OView>
<OView class="oracle.dbtools.crest.swingui.logical.TVEntity" oid="DA08197E-EEC1-840A-62A1-75B0CCBC0A82" otype="Entity" vid="37C2C067-BDEC-ECB0-2973-227BD07342EF">
<hideElementsInCurrentOnly>false</hideElementsInCurrentOnly>
<bounds x="16" y="17" width="134" height="98"/>
</OView>
</objectViews>
<connectors>
<Connector class="oracle.dbtools.crest.swingui.logical.TVRelation" oid="05F3D987-8D50-F892-CE27-0B7AF65CE8E5" otype="Relation" vid_source="F788A4E1-DAAF-5F96-870F-6EF0BD2374C3" vid_target="B75DA4C2-6164-5CD2-8FFE-99D544999F5B">
<hideElementsInCurrentOnly>false</hideElementsInCurrentOnly>
<lineWidth>1</lineWidth>
<points>
<point x="527" y="285"/>
<point x="527" y="208"/>
</points>
</Connector>
<Connector class="oracle.dbtools.crest.swingui.logical.TVRelation" oid="38F8AFDF-5117-A1C9-8116-A183A0DC14A1" otype="Relation" vid_source="87195DB9-A385-C521-A8B4-7D272C6003D6" vid_target="B3018C2F-5EDC-F32E-14FF-590DE65C259E">
<hideElementsInCurrentOnly>false</hideElementsInCurrentOnly>
<lineWidth>1</lineWidth>
<points>
<point x="318" y="266"/>
<point x="318" y="318"/>
</points>
</Connector>
<Connector class="oracle.dbtools.crest.swingui.logical.TVRelation" oid="3E5B78A3-660D-7942-D308-1DB8931CCE52" otype="Relation" vid_source="A178CCCE-A230-ECED-FDD7-021DC74772EF" vid_target="B75DA4C2-6164-5CD2-8FFE-99D544999F5B">
<hideElementsInCurrentOnly>false</hideElementsInCurrentOnly>
<lineWidth>1</lineWidth>
<points>
<point x="530" y="92"/>
<point x="530" y="136"/>
</points>
</Connector>
<Connector class="oracle.dbtools.crest.swingui.logical.TVRelation" oid="490E076D-0EDF-842E-AC53-2939AE086EDB" otype="Relation" vid_source="37C2C067-BDEC-ECB0-2973-227BD07342EF" vid_target="12A6E837-0170-B351-58C9-859B09695935">
<hideElementsInCurrentOnly>false</hideElementsInCurrentOnly>
<lineWidth>1</lineWidth>
<points>
<point x="83" y="115"/>
<point x="83" y="165"/>
</points>
</Connector>
<Connector class="oracle.dbtools.crest.swingui.logical.TVRelation" oid="7EA7BB4E-3FD5-038F-8F19-048021C712CE" otype="Relation" vid_source="12A6E837-0170-B351-58C9-859B09695935" vid_target="87195DB9-A385-C521-A8B4-7D272C6003D6">
<hideElementsInCurrentOnly>false</hideElementsInCurrentOnly>
<lineWidth>1</lineWidth>
<points>
<point x="189" y="221"/>
<point x="233" y="221"/>
</points>
</Connector>
<Connector class="oracle.dbtools.crest.swingui.logical.TVRelation" oid="99015D6D-24B2-EC74-11D9-669D1E7C19D5" otype="Relation" vid_source="919E7DD4-F02A-639C-AEB7-C0960A102D89" vid_target="A178CCCE-A230-ECED-FDD7-021DC74772EF">
<hideElementsInCurrentOnly>false</hideElementsInCurrentOnly>
<lineWidth>1</lineWidth>
<points>
<point x="449" y="58"/>
<point x="479" y="58"/>
</points>
</Connector>
<Connector class="oracle.dbtools.crest.swingui.logical.TVRelation" oid="B20998AE-9B5D-17FD-048A-A843FF481843" otype="Relation" vid_source="F788A4E1-DAAF-5F96-870F-6EF0BD2374C3" vid_target="B3018C2F-5EDC-F32E-14FF-590DE65C259E">
<hideElementsInCurrentOnly>false</hideElementsInCurrentOnly>
<lineWidth>1</lineWidth>
<points>
<point x="473" y="352"/>
<point x="403" y="352"/>
</points>
</Connector>
<Connector class="oracle.dbtools.crest.swingui.logical.TVRelation" oid="B568B4AB-6371-8F89-B98B-3E0D38898EDB" otype="Relation" vid_source="C2BE12B1-A392-3970-A280-BF0DD664228C" vid_target="87195DB9-A385-C521-A8B4-7D272C6003D6">
<hideElementsInCurrentOnly>false</hideElementsInCurrentOnly>
<lineWidth>1</lineWidth>
<points>
<point x="283" y="115"/>
<point x="283" y="176"/>
</points>
</Connector>
</connectors>
</Diagram>