<?xml version = '1.0' encoding = 'UTF-8'?>
<Relation class="oracle.dbtools.crest.model.design.logical.Relation" name="manages_1" directorySegmentName="seg_0" id="3CDA5A05-FB35-B406-DCD5-AD70CFA7F9A8">
<createdBy>Marin F</createdBy>
<createdTime>2011-10-05 07:46:32 UTC</createdTime>
<ownerDesignName>manages_1</ownerDesignName>
<engineerTo>
<item key="8D97322B-A031-7F6D-EFB9-8B606264CDCF" value="true"/>
</engineerTo>
<targetPk>10D2CA96-B305-CFDB-153F-6763A370C57C</targetPk>
<identifying>false</identifying>
<nameOnSource>manager</nameOnSource>
<nameOnTarget>subordinate</nameOnTarget>
<optionalSource>true</optionalSource>
<optionalTarget>true</optionalTarget>
<sourceCardinality>1</sourceCardinality>
<sourceEntity>6934B835-67C6-79F7-1B2E-BDC41342680D</sourceEntity>
<targetCardinalityString>*</targetCardinalityString>
<targetEntity>6934B835-67C6-79F7-1B2E-BDC41342680D</targetEntity>
<transferable>true</transferable>
</Relation>