<?xml version = '1.0' encoding = 'UTF-8'?>
<relationalModel class="oracle.dbtools.crest.model.design.relational.RelationalDesign" name="Relational_1" id="A6ADADB1-59B2-9DCA-E622-1E6FBE99CEB2" mainViewID="2FBB89F1-7338-1AAF-CAAF-6289A151947D">
<createdBy>admin</createdBy>
<createdTime>2015-11-17 04:39:15 UTC</createdTime>
<ownerDesignName>10a_basic_process</ownerDesignName>
<shouldBeOpen>false</shouldBeOpen>
<selectedRDBMSSite>3FD120B5-9F4E-6278-D5E2-746D192C8319</selectedRDBMSSite>
</relationalModel>