<?xml version = '1.0' encoding = 'UTF-8'?>
<relationalModel class="oracle.dbtools.crest.model.design.relational.RelationalDesign" name="Relational_1" id="6BB98802-0B60-AC1E-583C-C923CE882AB8" mainViewID="3D7E64B2-C31B-CE41-360B-CC56DC91A544">
<createdBy>Marin F</createdBy>
<createdTime>2011-08-27 05:58:40 UTC</createdTime>
<ownerDesignName>scolaritate1</ownerDesignName>
<shouldBeOpen>true</shouldBeOpen>
<selectedRDBMSSite>32076570-2523-435C-2E92-BF29817DFF70</selectedRDBMSSite>
</relationalModel>