<?xml version = '1.0' encoding = 'UTF-8'?>
<Table class="oracle.dbtools.crest.model.design.relational.Table" directorySegmentName="seg_0" id="0F99D7A3-2CB4-8CBF-DB50-8D923985D56A" name="identifiable_occurences">
<createdBy>marinfotache</createdBy>
<createdTime>2018-10-26 05:03:12 UTC</createdTime>
<generatorID>67DC2C5A-48AB-5342-70B0-72C3A957BD9C</generatorID>
<ownerDesignName>05_models_and_serial_numbers</ownerDesignName>
<allowColumnReorder>false</allowColumnReorder>
<existDependencyGenerateInDDl>true</existDependencyGenerateInDDl>
<parsed>true</parsed>
<columns itemClass="oracle.dbtools.crest.model.design.relational.Column">
<Column name="serial_number" id="0E2377E9-D973-0A58-98C0-A5E94307AB83">
<createdBy>marinfotache</createdBy>
<createdTime>2018-10-26 05:03:12 UTC</createdTime>
<generatorID>576C76CC-CA44-4F0C-7FF0-5FA1FDF72240</generatorID>
<ownerDesignName>05_models_and_serial_numbers</ownerDesignName>
<useDomainConstraints>false</useDomainConstraints>
<use>1</use>
<logicalDatatype>LOGDT024</logicalDatatype>
<dataTypeSize>50</dataTypeSize>
<ownDataTypeParameters>50,,</ownDataTypeParameters>
<autoIncrementCycle>false</autoIncrementCycle>
</Column>
<Column name="products_prod_id" id="104BE3EB-DCBA-0AA6-7C38-08A803D47A0A">
<createdBy>marinfotache</createdBy>
<createdTime>2018-10-26 05:03:12 UTC</createdTime>
<generatorID>20160AAA-2B1F-3E31-F822-EB15CD1288BA</generatorID>
<ownerDesignName>05_models_and_serial_numbers</ownerDesignName>
<useDomainConstraints>false</useDomainConstraints>
<use>1</use>
<logicalDatatype>LOGDT011</logicalDatatype>
<ownDataTypeParameters>,,</ownDataTypeParameters>
<previousColumn>false</previousColumn>
<autoIncrementCycle>false</autoIncrementCycle>
<associations>
<colAssociation fkAssociation="33531CEB-4FED-B672-6F9F-1AB65EEBF09C" referredColumn="CDC8062E-F32C-5A07-7591-8C69A63FDC80"/>
</associations>
</Column>
<Column name="manuf_date" id="0D6432FE-CEA4-106B-62EB-189E1109CFE5">
<createdBy>marinfotache</createdBy>
<createdTime>2018-10-26 05:03:12 UTC</createdTime>
<generatorID>F8AB324F-48CF-DA22-EE2D-809E0FB9E298</generatorID>
<ownerDesignName>05_models_and_serial_numbers</ownerDesignName>
<nullsAllowed>true</nullsAllowed>
<useDomainConstraints>false</useDomainConstraints>
<use>1</use>
<logicalDatatype>LOGDT007</logicalDatatype>
<ownDataTypeParameters>,,</ownDataTypeParameters>
<autoIncrementCycle>false</autoIncrementCycle>
</Column>
<Column name="batch_code" id="8181B006-BFFF-D459-367F-AD54CBE660B3">
<createdBy>marinfotache</createdBy>
<createdTime>2018-10-26 05:03:12 UTC</createdTime>
<generatorID>9B909E5D-878B-9895-5539-E4E2DDDE51A4</generatorID>
<ownerDesignName>05_models_and_serial_numbers</ownerDesignName>
<nullsAllowed>true</nullsAllowed>
<useDomainConstraints>false</useDomainConstraints>
<use>1</use>
<logicalDatatype>LOGDT024</logicalDatatype>
<dataTypeSize>50</dataTypeSize>
<ownDataTypeParameters>50,,</ownDataTypeParameters>
<autoIncrementCycle>false</autoIncrementCycle>
</Column>
</columns>
<indexes itemClass="oracle.dbtools.crest.model.design.relational.Index">
<ind_PK_UK id="0211F90A-137C-F526-5466-BCD9409E853E" name="identifiable_occurences_PK">
<createdBy>marinfotache</createdBy>
<createdTime>2018-10-26 05:03:12 UTC</createdTime>
<generatorID>31C50FC0-FF30-BC4E-712C-156C06306A5F</generatorID>
<ownerDesignName>05_models_and_serial_numbers</ownerDesignName>
<pk>true</pk>
<indexState>Primary Constraint</indexState>
<isSurrogateKey>false</isSurrogateKey>
<indexColumnUsage>
<colUsage columnID="0E2377E9-D973-0A58-98C0-A5E94307AB83"/>
</indexColumnUsage>
</ind_PK_UK>
<ind_PK_UK id="7BB3E15C-AC8B-C33A-DDFA-A309CCE819EE" name="identifiable_occurences_products_FK">
<createdBy>marinfotache</createdBy>
<createdTime>2018-10-26 05:03:12 UTC</createdTime>
<generatorID>F585F0CE-D2D1-2A74-1A6B-6A513E4A37EE</generatorID>
<ownerDesignName>05_models_and_serial_numbers</ownerDesignName>
<indexState>Foreign Key</indexState>
<isSurrogateKey>false</isSurrogateKey>
<indexColumnUsage>
<colUsage columnID="104BE3EB-DCBA-0AA6-7C38-08A803D47A0A"/>
</indexColumnUsage>
</ind_PK_UK>
</indexes>
</Table>