<?xml version = '1.0' encoding = 'UTF-8'?>
<Table class="oracle.dbtools.crest.model.design.relational.Table" directorySegmentName="seg_0" id="31912FFE-24D0-A340-A708-16E83ADDF259" name="products">
<createdBy>marinfotache</createdBy>
<createdTime>2018-10-26 05:03:12 UTC</createdTime>
<generatorID>31D7E745-BF20-2475-44D8-43FE2613DC9A</generatorID>
<ownerDesignName>05_models_and_serial_numbers</ownerDesignName>
<allowColumnReorder>false</allowColumnReorder>
<existDependencyGenerateInDDl>true</existDependencyGenerateInDDl>
<parsed>true</parsed>
<columns itemClass="oracle.dbtools.crest.model.design.relational.Column">
<Column name="prod_id" id="CDC8062E-F32C-5A07-7591-8C69A63FDC80">
<createdBy>marinfotache</createdBy>
<createdTime>2018-10-26 05:03:12 UTC</createdTime>
<generatorID>7F934447-4C2B-E8DA-3DDF-89B8F58D0E2C</generatorID>
<ownerDesignName>05_models_and_serial_numbers</ownerDesignName>
<useDomainConstraints>false</useDomainConstraints>
<use>1</use>
<logicalDatatype>LOGDT011</logicalDatatype>
<ownDataTypeParameters>,,</ownDataTypeParameters>
<autoIncrementCycle>false</autoIncrementCycle>
</Column>
<Column name="prod_name" id="4D125717-B041-2D31-9DB1-6E248203AF55">
<createdBy>marinfotache</createdBy>
<createdTime>2018-10-26 05:03:12 UTC</createdTime>
<generatorID>047F76B5-2563-FBAB-FC6E-5B63BD67C2A4</generatorID>
<ownerDesignName>05_models_and_serial_numbers</ownerDesignName>
<useDomainConstraints>false</useDomainConstraints>
<use>1</use>
<logicalDatatype>LOGDT037</logicalDatatype>
<dataTypeSize>50</dataTypeSize>
<ownDataTypeParameters>50,,</ownDataTypeParameters>
<autoIncrementCycle>false</autoIncrementCycle>
</Column>
<Column name="sell_measure_unit" id="38D70048-E92E-48D6-3FAB-A1553BF61174">
<createdBy>marinfotache</createdBy>
<createdTime>2018-10-26 05:03:12 UTC</createdTime>
<commentInRDBMS>The measure unit as the product is sold.&lt;br/&gt;Example: &lt;br/&gt;Product: 2 liter Coca-cola pet&lt;br/&gt;sell_measure_unit: pet &lt;br/&gt;</commentInRDBMS>
<generatorID>33368A6C-54B0-B76E-4507-7AD07C2F0B9E</generatorID>
<ownerDesignName>05_models_and_serial_numbers</ownerDesignName>
<useDomainConstraints>false</useDomainConstraints>
<use>1</use>
<logicalDatatype>LOGDT037</logicalDatatype>
<dataTypeSize>30</dataTypeSize>
<ownDataTypeParameters>30,,</ownDataTypeParameters>
<autoIncrementCycle>false</autoIncrementCycle>
</Column>
<Column name="prod_quant_in_sold_unit" id="1A5A8CDE-86CC-BC0D-3295-A50D1064C51C">
<createdBy>marinfotache</createdBy>
<createdTime>2018-10-26 05:03:12 UTC</createdTime>
<commentInRDBMS>The quantity of the prodct in a sold  unit.&lt;br/&gt;Example: &lt;br/&gt;Product: 2 liter Coca-cola pet&lt;br/&gt;sell_measure_unit: pet &lt;br/&gt;prod_quant_in_sold_unit: 2&lt;br/&gt; &lt;br/&gt;&lt;br/&gt;</commentInRDBMS>
<generatorID>6C40DB67-84A7-3EA7-F9B1-10DD5C4B2872</generatorID>
<ownerDesignName>05_models_and_serial_numbers</ownerDesignName>
<useDomainConstraints>false</useDomainConstraints>
<use>1</use>
<logicalDatatype>LOGDT019</logicalDatatype>
<dataTypePrecision>7</dataTypePrecision>
<dataTypeScale>3</dataTypeScale>
<ownDataTypeParameters>,7,3</ownDataTypeParameters>
<autoIncrementCycle>false</autoIncrementCycle>
</Column>
<Column name="measure_unit_qpsu" id="E98115A2-A275-4FE9-D607-51BCE323E4AF">
<createdBy>marinfotache</createdBy>
<createdTime>2018-10-26 05:03:12 UTC</createdTime>
<commentInRDBMS>Measure unit of the quantity of the product in a sold  unit.&lt;br/&gt;Example: &lt;br/&gt;Product: 2 liter Coca-cola pet&lt;br/&gt;sell_measure_unit: pet &lt;br/&gt;prod_quant_in_sold_unit: 2&lt;br/&gt;measure_unit_qpsu: liter &lt;br/&gt;&lt;br/&gt;</commentInRDBMS>
<generatorID>2135A05F-1032-2206-2A39-9484BFFB3E5F</generatorID>
<ownerDesignName>05_models_and_serial_numbers</ownerDesignName>
<nullsAllowed>true</nullsAllowed>
<useDomainConstraints>false</useDomainConstraints>
<use>1</use>
<ownDataTypeParameters>,,</ownDataTypeParameters>
<autoIncrementCycle>false</autoIncrementCycle>
</Column>
<Column name="current_vat_percent" id="275BF055-569D-F9BB-51F8-26F465B48D04">
<createdBy>marinfotache</createdBy>
<createdTime>2018-10-26 05:03:12 UTC</createdTime>
<generatorID>4AB08FCC-D68A-A111-BE83-DA01AEDCA23F</generatorID>
<ownerDesignName>05_models_and_serial_numbers</ownerDesignName>
<useDomainConstraints>false</useDomainConstraints>
<use>1</use>
<logicalDatatype>LOGDT019</logicalDatatype>
<dataTypePrecision>4</dataTypePrecision>
<dataTypeScale>2</dataTypeScale>
<ownDataTypeParameters>,4,2</ownDataTypeParameters>
<autoIncrementCycle>false</autoIncrementCycle>
</Column>
<Column name="item_groups_group_name" id="A4EA0C19-EAF2-3802-28AC-920FE36B83F7">
<createdBy>marinfotache</createdBy>
<createdTime>2018-10-26 05:03:12 UTC</createdTime>
<generatorID>2D1AB2DE-8EFA-5C3C-93EE-75D4C9AEC96E</generatorID>
<ownerDesignName>05_models_and_serial_numbers</ownerDesignName>
<useDomainConstraints>false</useDomainConstraints>
<use>1</use>
<logicalDatatype>LOGDT037</logicalDatatype>
<dataTypeSize>50</dataTypeSize>
<ownDataTypeParameters>,,</ownDataTypeParameters>
<previousColumn>false</previousColumn>
<autoIncrementCycle>false</autoIncrementCycle>
<associations>
<colAssociation fkAssociation="36FA87B1-1F15-335A-7438-5FD3C40D83BB" referredColumn="D196BF75-F924-6560-5D7D-9F807ECB5DBD"/>
</associations>
</Column>
<Column name="measure_units_abbreviation1" id="714556C3-5539-E752-2709-35321350DF27">
<createdBy>marinfotache</createdBy>
<createdTime>2018-10-26 05:03:12 UTC</createdTime>
<generatorID>BDE5909C-9EB2-062F-710E-7A5454E6030D</generatorID>
<ownerDesignName>05_models_and_serial_numbers</ownerDesignName>
<useDomainConstraints>false</useDomainConstraints>
<use>1</use>
<logicalDatatype>LOGDT037</logicalDatatype>
<dataTypeSize>20</dataTypeSize>
<ownDataTypeParameters>,,</ownDataTypeParameters>
<previousColumn>false</previousColumn>
<autoIncrementCycle>false</autoIncrementCycle>
<associations>
<colAssociation fkAssociation="429D780A-0BD2-8841-A201-EB7FDCC7E68A" referredColumn="2FD55DB2-434D-8183-30B6-BCAD1369DD8F"/>
</associations>
</Column>
<Column name="measure_units_abbreviation" id="3F04F7DD-36E5-5590-AD05-86CDDD56CD56">
<createdBy>marinfotache</createdBy>
<createdTime>2018-10-26 05:03:12 UTC</createdTime>
<generatorID>14684F6C-9066-59C5-EA75-650A8A9C26FC</generatorID>
<ownerDesignName>05_models_and_serial_numbers</ownerDesignName>
<useDomainConstraints>false</useDomainConstraints>
<use>1</use>
<logicalDatatype>LOGDT037</logicalDatatype>
<dataTypeSize>20</dataTypeSize>
<ownDataTypeParameters>,,</ownDataTypeParameters>
<previousColumn>false</previousColumn>
<autoIncrementCycle>false</autoIncrementCycle>
<associations>
<colAssociation fkAssociation="E3F5590F-EC77-505F-B5CB-AC0E1B494107" referredColumn="2FD55DB2-434D-8183-30B6-BCAD1369DD8F"/>
</associations>
</Column>
<Column name="enter_dt" id="C7B74BBF-AC41-B84E-A44E-56E5CF47B911">
<createdBy>marinfotache</createdBy>
<createdTime>2018-10-26 05:03:12 UTC</createdTime>
<generatorID>6E81C80C-6CF1-2CF3-5F6C-5FC0D5CDDCF5</generatorID>
<ownerDesignName>05_models_and_serial_numbers</ownerDesignName>
<nullsAllowed>true</nullsAllowed>
<useDomainConstraints>false</useDomainConstraints>
<use>1</use>
<logicalDatatype>LOGDT047</logicalDatatype>
<ownDataTypeParameters>,,</ownDataTypeParameters>
<autoIncrementCycle>false</autoIncrementCycle>
</Column>
<Column name="discard_dt" id="585E47E2-8A71-B41A-8E8E-55B6358D35A3">
<createdBy>marinfotache</createdBy>
<createdTime>2018-10-26 05:03:12 UTC</createdTime>
<generatorID>265E9D91-B049-86EF-7832-6156F5D2A7E3</generatorID>
<ownerDesignName>05_models_and_serial_numbers</ownerDesignName>
<nullsAllowed>true</nullsAllowed>
<useDomainConstraints>false</useDomainConstraints>
<use>1</use>
<logicalDatatype>LOGDT047</logicalDatatype>
<ownDataTypeParameters>,,</ownDataTypeParameters>
<autoIncrementCycle>false</autoIncrementCycle>
</Column>
</columns>
<indexes itemClass="oracle.dbtools.crest.model.design.relational.Index">
<ind_PK_UK id="733F122C-E1A0-C233-0FE9-A3DA3193560D" name="products_PK">
<createdBy>marinfotache</createdBy>
<createdTime>2018-10-26 05:03:12 UTC</createdTime>
<generatorID>AEE44A97-209D-12FA-AEC6-0DD8128DBA6F</generatorID>
<ownerDesignName>05_models_and_serial_numbers</ownerDesignName>
<pk>true</pk>
<indexState>Primary Constraint</indexState>
<isSurrogateKey>false</isSurrogateKey>
<indexColumnUsage>
<colUsage columnID="CDC8062E-F32C-5A07-7591-8C69A63FDC80"/>
</indexColumnUsage>
</ind_PK_UK>
<ind_PK_UK id="B6C5A921-4421-40DD-E835-79413201468B" name="products_item_groups_FK">
<createdBy>marinfotache</createdBy>
<createdTime>2018-10-26 05:03:12 UTC</createdTime>
<generatorID>6D6F96D6-A718-831D-B4E4-9D22F4FC9760</generatorID>
<ownerDesignName>05_models_and_serial_numbers</ownerDesignName>
<indexState>Foreign Key</indexState>
<isSurrogateKey>false</isSurrogateKey>
<indexColumnUsage>
<colUsage columnID="A4EA0C19-EAF2-3802-28AC-920FE36B83F7"/>
</indexColumnUsage>
</ind_PK_UK>
<ind_PK_UK id="816188B9-4444-D5A3-724C-5784F3F29204" name="products_measure_units_FK">
<createdBy>marinfotache</createdBy>
<createdTime>2018-10-26 05:03:12 UTC</createdTime>
<generatorID>26DC25EA-33BA-D687-BA64-7E32F8A5CA2A</generatorID>
<ownerDesignName>05_models_and_serial_numbers</ownerDesignName>
<indexState>Foreign Key</indexState>
<isSurrogateKey>false</isSurrogateKey>
<indexColumnUsage>
<colUsage columnID="3F04F7DD-36E5-5590-AD05-86CDDD56CD56"/>
</indexColumnUsage>
</ind_PK_UK>
<ind_PK_UK id="59C69097-32AA-F8CE-49ED-EFC4606F7244" name="products_measure_units_FKv2">
<createdBy>marinfotache</createdBy>
<createdTime>2018-10-26 05:03:12 UTC</createdTime>
<generatorID>173357BD-B4E5-5AC4-DDA6-93926AB312C5</generatorID>
<ownerDesignName>05_models_and_serial_numbers</ownerDesignName>
<indexState>Foreign Key</indexState>
<isSurrogateKey>false</isSurrogateKey>
<indexColumnUsage>
<colUsage columnID="714556C3-5539-E752-2709-35321350DF27"/>
</indexColumnUsage>
</ind_PK_UK>
</indexes>
</Table>