<?xml version = '1.0' encoding = 'UTF-8'?>
<Table class="oracle.dbtools.crest.model.design.relational.Table" directorySegmentName="seg_0" id="4DAEF6F5-AFB6-F9A2-828C-B9B53E62808E" name="groups_description">
<createdBy>marinfotache</createdBy>
<createdTime>2018-10-26 05:03:12 UTC</createdTime>
<generatorID>F5A42B6E-0F4A-204B-E863-FA2EC91CCD0E</generatorID>
<ownerDesignName>05_models_and_serial_numbers</ownerDesignName>
<allowColumnReorder>false</allowColumnReorder>
<existDependencyGenerateInDDl>true</existDependencyGenerateInDDl>
<parsed>true</parsed>
<columns itemClass="oracle.dbtools.crest.model.design.relational.Column">
<Column name="item_groups_group_name" id="094C2709-9CBA-8D4D-6FB2-700B4B4BFBEF">
<createdBy>marinfotache</createdBy>
<createdTime>2018-10-26 05:03:12 UTC</createdTime>
<generatorID>AE8C9E48-E322-2715-727D-27FB23A633F0</generatorID>
<ownerDesignName>05_models_and_serial_numbers</ownerDesignName>
<useDomainConstraints>false</useDomainConstraints>
<use>1</use>
<logicalDatatype>LOGDT037</logicalDatatype>
<dataTypeSize>50</dataTypeSize>
<ownDataTypeParameters>,,</ownDataTypeParameters>
<previousColumn>false</previousColumn>
<autoIncrementCycle>false</autoIncrementCycle>
<associations>
<colAssociation fkAssociation="D228DE7C-2B4C-FEC6-02A3-910913D29ABC" referredColumn="D196BF75-F924-6560-5D7D-9F807ECB5DBD"/>
</associations>
</Column>
<Column name="properties_property_id" id="8861C990-26CB-A59B-3000-9F20B4A78DD5">
<createdBy>marinfotache</createdBy>
<createdTime>2018-10-26 05:03:12 UTC</createdTime>
<generatorID>1CC60A19-B853-6403-199B-A70BE6FDA21C</generatorID>
<ownerDesignName>05_models_and_serial_numbers</ownerDesignName>
<useDomainConstraints>false</useDomainConstraints>
<use>1</use>
<logicalDatatype>LOGDT011</logicalDatatype>
<ownDataTypeParameters>,,</ownDataTypeParameters>
<previousColumn>false</previousColumn>
<autoIncrementCycle>false</autoIncrementCycle>
<associations>
<colAssociation fkAssociation="7D19C4F2-D26E-0829-581F-3A131852FD30" referredColumn="9AA2E83A-2A13-905B-4E70-AC40B77BE7BC"/>
</associations>
</Column>
<Column name="compulsory_or_not" id="39974D48-52FD-1A6A-20FA-DEA9EC9FF1A7">
<createdBy>marinfotache</createdBy>
<createdTime>2018-10-26 05:03:12 UTC</createdTime>
<comment>it is compulsory or not (optional or other case) to specify current property for current group</comment>
<generatorID>2ADA2F0A-38D3-870B-1860-C407C3E80E9B</generatorID>
<ownerDesignName>05_models_and_serial_numbers</ownerDesignName>
<useDomainConstraints>false</useDomainConstraints>
<use>1</use>
<logicalDatatype>LOGDT024</logicalDatatype>
<dataTypeSize>20</dataTypeSize>
<ownDataTypeParameters>20,,</ownDataTypeParameters>
<autoIncrementCycle>false</autoIncrementCycle>
</Column>
<Column name="defaulf_value" id="F85FED46-9130-F1A4-B681-CD4F4A1B0F01">
<createdBy>marinfotache</createdBy>
<createdTime>2018-10-26 05:03:12 UTC</createdTime>
<generatorID>D6F392E8-3F18-73DC-C6A7-B3726AD2B785</generatorID>
<ownerDesignName>05_models_and_serial_numbers</ownerDesignName>
<nullsAllowed>true</nullsAllowed>
<useDomainConstraints>false</useDomainConstraints>
<use>1</use>
<logicalDatatype>LOGDT037</logicalDatatype>
<dataTypeSize>30</dataTypeSize>
<ownDataTypeParameters>30,,</ownDataTypeParameters>
<autoIncrementCycle>false</autoIncrementCycle>
</Column>
<Column name="min_accepted_value" id="8202BE24-1ED7-FBF1-2BF6-F6BB70444B99">
<createdBy>marinfotache</createdBy>
<createdTime>2018-10-26 05:03:12 UTC</createdTime>
<generatorID>9B3C6B49-EF46-DD00-485E-186D52787F1A</generatorID>
<ownerDesignName>05_models_and_serial_numbers</ownerDesignName>
<nullsAllowed>true</nullsAllowed>
<useDomainConstraints>false</useDomainConstraints>
<use>1</use>
<logicalDatatype>LOGDT037</logicalDatatype>
<dataTypeSize>30</dataTypeSize>
<ownDataTypeParameters>30,,</ownDataTypeParameters>
<autoIncrementCycle>false</autoIncrementCycle>
</Column>
<Column name="max_accepted_value" id="4E78686B-B4F6-A2C0-1F0E-EC57FE9FF3D9">
<createdBy>marinfotache</createdBy>
<createdTime>2018-10-26 05:03:12 UTC</createdTime>
<generatorID>0CE5858F-B37B-4E4E-294D-F5A62DC25230</generatorID>
<ownerDesignName>05_models_and_serial_numbers</ownerDesignName>
<nullsAllowed>true</nullsAllowed>
<useDomainConstraints>false</useDomainConstraints>
<use>1</use>
<logicalDatatype>LOGDT037</logicalDatatype>
<dataTypeSize>20</dataTypeSize>
<ownDataTypeParameters>20,,</ownDataTypeParameters>
<autoIncrementCycle>false</autoIncrementCycle>
</Column>
</columns>
<indexes itemClass="oracle.dbtools.crest.model.design.relational.Index">
<ind_PK_UK id="67942C53-0D3B-1AA5-CD19-2C3DB63CE775" name="groups_description_PK">
<createdBy>marinfotache</createdBy>
<createdTime>2018-10-26 05:03:12 UTC</createdTime>
<generatorID>9ED9037D-1985-9BC4-095B-9CF11D684419</generatorID>
<ownerDesignName>05_models_and_serial_numbers</ownerDesignName>
<pk>true</pk>
<indexState>Primary Constraint</indexState>
<isSurrogateKey>false</isSurrogateKey>
<indexColumnUsage>
<colUsage columnID="094C2709-9CBA-8D4D-6FB2-700B4B4BFBEF"/>
<colUsage columnID="8861C990-26CB-A59B-3000-9F20B4A78DD5"/>
</indexColumnUsage>
</ind_PK_UK>
<ind_PK_UK id="D92A8516-E416-EBE9-98C1-64E8EBAE9B0F" name="groups_description_properties_FK">
<createdBy>marinfotache</createdBy>
<createdTime>2018-10-26 05:03:12 UTC</createdTime>
<generatorID>36C9882B-E622-3248-848F-63569AD8D246</generatorID>
<ownerDesignName>05_models_and_serial_numbers</ownerDesignName>
<indexState>Foreign Key</indexState>
<isSurrogateKey>false</isSurrogateKey>
<indexColumnUsage>
<colUsage columnID="8861C990-26CB-A59B-3000-9F20B4A78DD5"/>
</indexColumnUsage>
</ind_PK_UK>
<ind_PK_UK id="1208E0EA-8161-0E75-A90F-7269BB44C11C" name="groups_description_item_groups_FK">
<createdBy>marinfotache</createdBy>
<createdTime>2018-10-26 05:03:12 UTC</createdTime>
<generatorID>FADAB7FD-5DF3-394E-58EA-3ED875877EB7</generatorID>
<ownerDesignName>05_models_and_serial_numbers</ownerDesignName>
<indexState>Foreign Key</indexState>
<isSurrogateKey>false</isSurrogateKey>
<indexColumnUsage>
<colUsage columnID="094C2709-9CBA-8D4D-6FB2-700B4B4BFBEF"/>
</indexColumnUsage>
</ind_PK_UK>
</indexes>
</Table>