<?xml version = '1.0' encoding = 'UTF-8'?>
<Table class="oracle.dbtools.crest.model.design.relational.Table" directorySegmentName="seg_0" id="8AA64170-A86E-0162-0026-6B064DF7902E" name="measure_units">
<createdBy>marinfotache</createdBy>
<createdTime>2018-10-26 05:03:12 UTC</createdTime>
<generatorID>793CB266-841C-E697-0EA5-7E1769DD141F</generatorID>
<ownerDesignName>05_models_and_serial_numbers</ownerDesignName>
<allowColumnReorder>false</allowColumnReorder>
<existDependencyGenerateInDDl>true</existDependencyGenerateInDDl>
<parsed>true</parsed>
<columns itemClass="oracle.dbtools.crest.model.design.relational.Column">
<Column name="abbreviation" id="2FD55DB2-434D-8183-30B6-BCAD1369DD8F">
<createdBy>marinfotache</createdBy>
<createdTime>2018-10-26 05:03:12 UTC</createdTime>
<generatorID>D51499B0-66B2-B01A-56A9-71E949CF3DB9</generatorID>
<ownerDesignName>05_models_and_serial_numbers</ownerDesignName>
<useDomainConstraints>false</useDomainConstraints>
<use>1</use>
<logicalDatatype>LOGDT037</logicalDatatype>
<dataTypeSize>20</dataTypeSize>
<ownDataTypeParameters>20,,</ownDataTypeParameters>
<autoIncrementCycle>false</autoIncrementCycle>
</Column>
<Column name="name" id="E9AD434B-69BA-7889-F390-5051A0462A81">
<createdBy>marinfotache</createdBy>
<createdTime>2018-10-26 05:03:12 UTC</createdTime>
<generatorID>002F7BC5-4B19-B1B6-F0AE-1372400A7785</generatorID>
<ownerDesignName>05_models_and_serial_numbers</ownerDesignName>
<useDomainConstraints>false</useDomainConstraints>
<use>1</use>
<logicalDatatype>LOGDT037</logicalDatatype>
<dataTypeSize>30</dataTypeSize>
<ownDataTypeParameters>30,,</ownDataTypeParameters>
<autoIncrementCycle>false</autoIncrementCycle>
</Column>
<Column name="metric_system" id="BECDF67E-375F-4573-0818-521E3E48DCD0">
<createdBy>marinfotache</createdBy>
<createdTime>2018-10-26 05:03:12 UTC</createdTime>
<generatorID>E8FE0589-7ECA-FDDF-2382-28ED36ED760F</generatorID>
<ownerDesignName>05_models_and_serial_numbers</ownerDesignName>
<useDomainConstraints>false</useDomainConstraints>
<use>1</use>
<logicalDatatype>LOGDT024</logicalDatatype>
<dataTypeSize>30</dataTypeSize>
<ownDataTypeParameters>30,,</ownDataTypeParameters>
<autoIncrementCycle>false</autoIncrementCycle>
</Column>
</columns>
<indexes itemClass="oracle.dbtools.crest.model.design.relational.Index">
<ind_PK_UK id="83E83EDF-0092-49F3-CA3A-68DDC979695E" name="measure_units_PK">
<createdBy>marinfotache</createdBy>
<createdTime>2018-10-26 05:03:12 UTC</createdTime>
<generatorID>601F2803-D91C-5692-E764-85329B4EE1D7</generatorID>
<ownerDesignName>05_models_and_serial_numbers</ownerDesignName>
<pk>true</pk>
<indexState>Primary Constraint</indexState>
<isSurrogateKey>false</isSurrogateKey>
<indexColumnUsage>
<colUsage columnID="2FD55DB2-434D-8183-30B6-BCAD1369DD8F"/>
</indexColumnUsage>
</ind_PK_UK>
</indexes>
</Table>