<?xml version = '1.0' encoding = 'UTF-8'?>
<Table class="oracle.dbtools.crest.model.design.relational.Table" directorySegmentName="seg_0" id="8C6D8B6D-458F-504E-651E-477BD0464918" name="order_details">
<createdBy>marinfotache</createdBy>
<createdTime>2018-10-26 05:03:12 UTC</createdTime>
<generatorID>F6949211-9D37-77D6-09F9-08C7F5A3956D</generatorID>
<ownerDesignName>05_models_and_serial_numbers</ownerDesignName>
<allowColumnReorder>false</allowColumnReorder>
<existDependencyGenerateInDDl>true</existDependencyGenerateInDDl>
<parsed>true</parsed>
<columns itemClass="oracle.dbtools.crest.model.design.relational.Column">
<Column name="orders_order_id" id="9D76E76A-8C73-258D-A49A-48321DD7212D">
<createdBy>marinfotache</createdBy>
<createdTime>2018-10-26 05:03:12 UTC</createdTime>
<generatorID>CC6DF9ED-203D-790A-AB70-6A91DB9383D5</generatorID>
<ownerDesignName>05_models_and_serial_numbers</ownerDesignName>
<useDomainConstraints>false</useDomainConstraints>
<use>1</use>
<logicalDatatype>LOGDT011</logicalDatatype>
<ownDataTypeParameters>,,</ownDataTypeParameters>
<previousColumn>false</previousColumn>
<autoIncrementCycle>false</autoIncrementCycle>
<associations>
<colAssociation fkAssociation="D0D9A812-1DCC-EC74-751D-C4C43121680D" referredColumn="EDED235E-FAD2-A798-6653-4B69E6EC0F58"/>
</associations>
</Column>
<Column name="products_prod_id" id="7906DE8E-0490-188D-7D2E-1228D3F82E2B">
<createdBy>marinfotache</createdBy>
<createdTime>2018-10-26 05:03:12 UTC</createdTime>
<generatorID>0C47C9D1-8E12-2FB6-D304-9901638A44C0</generatorID>
<ownerDesignName>05_models_and_serial_numbers</ownerDesignName>
<useDomainConstraints>false</useDomainConstraints>
<use>1</use>
<logicalDatatype>LOGDT011</logicalDatatype>
<ownDataTypeParameters>,,</ownDataTypeParameters>
<previousColumn>false</previousColumn>
<autoIncrementCycle>false</autoIncrementCycle>
<associations>
<colAssociation fkAssociation="BE00DF06-6AC3-BC42-2ECB-3CED7CF3C343" referredColumn="CDC8062E-F32C-5A07-7591-8C69A63FDC80"/>
</associations>
</Column>
<Column name="ordered_quantity" id="F0A1E488-2A13-90D9-4853-E4BFDF4585E0">
<createdBy>marinfotache</createdBy>
<createdTime>2018-10-26 05:03:12 UTC</createdTime>
<generatorID>A72863D6-7654-167E-DA59-C689EE76C3EE</generatorID>
<ownerDesignName>05_models_and_serial_numbers</ownerDesignName>
<useDomainConstraints>false</useDomainConstraints>
<use>1</use>
<logicalDatatype>LOGDT019</logicalDatatype>
<dataTypePrecision>9</dataTypePrecision>
<dataTypeScale>3</dataTypeScale>
<ownDataTypeParameters>,9,3</ownDataTypeParameters>
<autoIncrementCycle>false</autoIncrementCycle>
</Column>
<Column name="unit_price" id="E9D1ED9F-BC3B-8D55-0C48-E55909FF66A0">
<createdBy>marinfotache</createdBy>
<createdTime>2018-10-26 05:03:12 UTC</createdTime>
<generatorID>81794B00-DDB0-4CF4-3EBE-3FB23E44AC56</generatorID>
<ownerDesignName>05_models_and_serial_numbers</ownerDesignName>
<useDomainConstraints>false</useDomainConstraints>
<use>1</use>
<logicalDatatype>LOGDT019</logicalDatatype>
<dataTypePrecision>9</dataTypePrecision>
<dataTypeScale>2</dataTypeScale>
<ownDataTypeParameters>,9,2</ownDataTypeParameters>
<autoIncrementCycle>false</autoIncrementCycle>
</Column>
<Column name="item_discount" id="32AC4E5D-EB4A-FFD1-63D5-3DE6035C93D3">
<createdBy>marinfotache</createdBy>
<createdTime>2018-10-26 05:03:12 UTC</createdTime>
<generatorID>84FF10A8-38BC-5097-F07C-FD273CAD9142</generatorID>
<ownerDesignName>05_models_and_serial_numbers</ownerDesignName>
<nullsAllowed>true</nullsAllowed>
<useDomainConstraints>false</useDomainConstraints>
<use>1</use>
<logicalDatatype>LOGDT019</logicalDatatype>
<dataTypePrecision>9</dataTypePrecision>
<dataTypeScale>2</dataTypeScale>
<ownDataTypeParameters>,9,2</ownDataTypeParameters>
<autoIncrementCycle>false</autoIncrementCycle>
</Column>
</columns>
<indexes itemClass="oracle.dbtools.crest.model.design.relational.Index">
<ind_PK_UK id="68D21707-998D-1B98-170C-4281B63DD6C8" name="order_details_PK">
<createdBy>marinfotache</createdBy>
<createdTime>2018-10-26 05:03:12 UTC</createdTime>
<generatorID>D95C68FC-FEB9-CB37-5F64-D4FD76259F03</generatorID>
<ownerDesignName>05_models_and_serial_numbers</ownerDesignName>
<pk>true</pk>
<indexState>Primary Constraint</indexState>
<isSurrogateKey>false</isSurrogateKey>
<indexColumnUsage>
<colUsage columnID="9D76E76A-8C73-258D-A49A-48321DD7212D"/>
<colUsage columnID="7906DE8E-0490-188D-7D2E-1228D3F82E2B"/>
</indexColumnUsage>
</ind_PK_UK>
<ind_PK_UK id="557421A6-DB97-26A3-F802-6BCC40632B4F" name="order_details_orders_FK">
<createdBy>marinfotache</createdBy>
<createdTime>2018-10-26 05:03:12 UTC</createdTime>
<generatorID>A81C4CD6-14E3-3CF7-86BB-592B57E01C24</generatorID>
<ownerDesignName>05_models_and_serial_numbers</ownerDesignName>
<indexState>Foreign Key</indexState>
<isSurrogateKey>false</isSurrogateKey>
<indexColumnUsage>
<colUsage columnID="9D76E76A-8C73-258D-A49A-48321DD7212D"/>
</indexColumnUsage>
</ind_PK_UK>
<ind_PK_UK id="FBD8E07F-339F-50FB-AD77-69DF50E46865" name="order_details_products_FK">
<createdBy>marinfotache</createdBy>
<createdTime>2018-10-26 05:03:12 UTC</createdTime>
<generatorID>3CCB97B3-D252-E683-441C-4BA186AF50D6</generatorID>
<ownerDesignName>05_models_and_serial_numbers</ownerDesignName>
<indexState>Foreign Key</indexState>
<isSurrogateKey>false</isSurrogateKey>
<indexColumnUsage>
<colUsage columnID="7906DE8E-0490-188D-7D2E-1228D3F82E2B"/>
</indexColumnUsage>
</ind_PK_UK>
</indexes>
</Table>