<?xml version = '1.0' encoding = 'UTF-8'?>
<Table class="oracle.dbtools.crest.model.design.relational.Table" directorySegmentName="seg_0" id="905DEE84-A4D7-1CFC-B3D4-764F60A5FD8C" name="customers">
<createdBy>marinfotache</createdBy>
<createdTime>2018-10-26 05:03:12 UTC</createdTime>
<generatorID>D0EFE0D1-F3DE-0D6C-3F22-8A81D1729530</generatorID>
<ownerDesignName>05_models_and_serial_numbers</ownerDesignName>
<allowColumnReorder>false</allowColumnReorder>
<existDependencyGenerateInDDl>true</existDependencyGenerateInDDl>
<parsed>true</parsed>
<columns itemClass="oracle.dbtools.crest.model.design.relational.Column">
<Column name="cust_id" id="3A49036C-D5DD-4196-6FB5-34F16903EB93">
<createdBy>marinfotache</createdBy>
<createdTime>2018-10-26 05:03:12 UTC</createdTime>
<generatorID>6101B142-D1B8-F040-CBF8-59198DB543EE</generatorID>
<ownerDesignName>05_models_and_serial_numbers</ownerDesignName>
<useDomainConstraints>false</useDomainConstraints>
<use>1</use>
<logicalDatatype>LOGDT011</logicalDatatype>
<ownDataTypeParameters>,,</ownDataTypeParameters>
<autoIncrementCycle>false</autoIncrementCycle>
</Column>
<Column name="cust_name" id="E0F83D5D-9568-382D-9C01-40442547BF01">
<createdBy>marinfotache</createdBy>
<createdTime>2018-10-26 05:03:12 UTC</createdTime>
<generatorID>A03677BF-65C1-1335-5E11-4DA4DF6B56F5</generatorID>
<ownerDesignName>05_models_and_serial_numbers</ownerDesignName>
<useDomainConstraints>false</useDomainConstraints>
<use>1</use>
<logicalDatatype>LOGDT037</logicalDatatype>
<dataTypeSize>75</dataTypeSize>
<ownDataTypeParameters>75,,</ownDataTypeParameters>
<autoIncrementCycle>false</autoIncrementCycle>
</Column>
<Column name="cust_address" id="37200CC2-4107-A99B-5466-5F59282FDB1D">
<createdBy>marinfotache</createdBy>
<createdTime>2018-10-26 05:03:12 UTC</createdTime>
<generatorID>24C573B4-0828-AB53-8EFB-3FED6A325858</generatorID>
<ownerDesignName>05_models_and_serial_numbers</ownerDesignName>
<nullsAllowed>true</nullsAllowed>
<useDomainConstraints>false</useDomainConstraints>
<use>1</use>
<logicalDatatype>LOGDT037</logicalDatatype>
<dataTypeSize>100</dataTypeSize>
<ownDataTypeParameters>100,,</ownDataTypeParameters>
<autoIncrementCycle>false</autoIncrementCycle>
</Column>
<Column name="cust_city" id="1708AD39-7BAC-5E43-84D0-63E80EFDE194">
<createdBy>marinfotache</createdBy>
<createdTime>2018-10-26 05:03:12 UTC</createdTime>
<generatorID>06541A0C-56B5-46B2-1C9C-D38BA668BAB5</generatorID>
<ownerDesignName>05_models_and_serial_numbers</ownerDesignName>
<useDomainConstraints>false</useDomainConstraints>
<use>1</use>
<logicalDatatype>LOGDT037</logicalDatatype>
<dataTypeSize>50</dataTypeSize>
<ownDataTypeParameters>50,,</ownDataTypeParameters>
<autoIncrementCycle>false</autoIncrementCycle>
</Column>
<Column name="cust_zipcode" id="7CD86FA7-2E89-9D86-6001-4D911346BEB3">
<createdBy>marinfotache</createdBy>
<createdTime>2018-10-26 05:03:12 UTC</createdTime>
<generatorID>B250944D-013A-A2EF-BE08-DE82CD800F85</generatorID>
<ownerDesignName>05_models_and_serial_numbers</ownerDesignName>
<nullsAllowed>true</nullsAllowed>
<useDomainConstraints>false</useDomainConstraints>
<use>1</use>
<logicalDatatype>LOGDT037</logicalDatatype>
<dataTypeSize>10</dataTypeSize>
<ownDataTypeParameters>10,,</ownDataTypeParameters>
<autoIncrementCycle>false</autoIncrementCycle>
</Column>
<Column name="cust_country" id="05F785BA-413C-FABF-7A74-0A429464E04C">
<createdBy>marinfotache</createdBy>
<createdTime>2018-10-26 05:03:12 UTC</createdTime>
<generatorID>7E047A00-3336-10CC-88B5-454B2DBADA04</generatorID>
<ownerDesignName>05_models_and_serial_numbers</ownerDesignName>
<useDomainConstraints>false</useDomainConstraints>
<use>1</use>
<logicalDatatype>LOGDT037</logicalDatatype>
<dataTypeSize>50</dataTypeSize>
<ownDataTypeParameters>50,,</ownDataTypeParameters>
<autoIncrementCycle>false</autoIncrementCycle>
</Column>
</columns>
<indexes itemClass="oracle.dbtools.crest.model.design.relational.Index">
<ind_PK_UK id="ED946D97-EF50-1228-6B3F-FB66C353F3DB" name="customers_PK">
<createdBy>marinfotache</createdBy>
<createdTime>2018-10-26 05:03:12 UTC</createdTime>
<generatorID>2168AE87-0033-A7BF-8227-49D3E1561CC1</generatorID>
<ownerDesignName>05_models_and_serial_numbers</ownerDesignName>
<pk>true</pk>
<indexState>Primary Constraint</indexState>
<isSurrogateKey>false</isSurrogateKey>
<indexColumnUsage>
<colUsage columnID="3A49036C-D5DD-4196-6FB5-34F16903EB93"/>
</indexColumnUsage>
</ind_PK_UK>
</indexes>
</Table>