<?xml version = '1.0' encoding = 'UTF-8'?>
<Table class="oracle.dbtools.crest.model.design.relational.Table" directorySegmentName="seg_0" id="9CE8BF49-BAD7-2076-DDF4-4230D6E04D42" name="product_description">
<createdBy>marinfotache</createdBy>
<createdTime>2018-10-26 05:03:12 UTC</createdTime>
<generatorID>8F76DA1B-098A-8F2C-1C1A-46DFC01863D9</generatorID>
<ownerDesignName>05_models_and_serial_numbers</ownerDesignName>
<allowColumnReorder>false</allowColumnReorder>
<existDependencyGenerateInDDl>true</existDependencyGenerateInDDl>
<parsed>true</parsed>
<columns itemClass="oracle.dbtools.crest.model.design.relational.Column">
<Column name="prop_value_for_crt_prod" id="33B36C39-2FE0-9D26-8C52-5D361A93ABAF">
<createdBy>marinfotache</createdBy>
<createdTime>2018-10-26 05:03:12 UTC</createdTime>
<generatorID>77B1E9F0-EF2B-77E5-4A11-8810890727D8</generatorID>
<ownerDesignName>05_models_and_serial_numbers</ownerDesignName>
<useDomainConstraints>false</useDomainConstraints>
<use>1</use>
<logicalDatatype>LOGDT024</logicalDatatype>
<dataTypeSize>30</dataTypeSize>
<ownDataTypeParameters>30,,</ownDataTypeParameters>
<autoIncrementCycle>false</autoIncrementCycle>
</Column>
<Column name="products_prod_id" id="80EF5137-3FA2-822B-1AFA-BA915CF89763">
<createdBy>marinfotache</createdBy>
<createdTime>2018-10-26 05:03:12 UTC</createdTime>
<generatorID>E531E7BE-ABE2-3FCB-0D2F-93875813310B</generatorID>
<ownerDesignName>05_models_and_serial_numbers</ownerDesignName>
<useDomainConstraints>false</useDomainConstraints>
<use>1</use>
<logicalDatatype>LOGDT011</logicalDatatype>
<ownDataTypeParameters>,,</ownDataTypeParameters>
<previousColumn>false</previousColumn>
<autoIncrementCycle>false</autoIncrementCycle>
<associations>
<colAssociation fkAssociation="1473ACE3-80E4-5FE0-C710-5B30DC7F7C4E" referredColumn="CDC8062E-F32C-5A07-7591-8C69A63FDC80"/>
</associations>
</Column>
<Column name="properties_property_id" id="3DC260CC-98E6-9B1B-538B-000B8BC3CC62">
<createdBy>marinfotache</createdBy>
<createdTime>2018-10-26 05:03:12 UTC</createdTime>
<generatorID>4FB9C687-9229-A055-F6CF-B096DA3E3FD2</generatorID>
<ownerDesignName>05_models_and_serial_numbers</ownerDesignName>
<useDomainConstraints>false</useDomainConstraints>
<use>1</use>
<logicalDatatype>LOGDT011</logicalDatatype>
<ownDataTypeParameters>,,</ownDataTypeParameters>
<previousColumn>false</previousColumn>
<autoIncrementCycle>false</autoIncrementCycle>
<associations>
<colAssociation fkAssociation="2321600A-41B6-605F-484B-547A57955412" referredColumn="9AA2E83A-2A13-905B-4E70-AC40B77BE7BC"/>
</associations>
</Column>
<Column name="enter_date" id="DC7C4918-34D7-70D2-C65F-80D97C577065">
<createdBy>marinfotache</createdBy>
<createdTime>2018-10-26 05:03:12 UTC</createdTime>
<generatorID>EA5E0ECB-B25C-F0C8-9AA6-35C76B146577</generatorID>
<ownerDesignName>05_models_and_serial_numbers</ownerDesignName>
<useDomainConstraints>false</useDomainConstraints>
<use>1</use>
<logicalDatatype>LOGDT007</logicalDatatype>
<ownDataTypeParameters>,,</ownDataTypeParameters>
<autoIncrementCycle>false</autoIncrementCycle>
</Column>
<Column name="comments" id="EDB6D317-EF82-079B-BB5D-87F46B4DA69F">
<createdBy>marinfotache</createdBy>
<createdTime>2018-10-26 05:03:12 UTC</createdTime>
<generatorID>ACA0E38F-4132-A36D-18E7-3EE6808CCBD9</generatorID>
<ownerDesignName>05_models_and_serial_numbers</ownerDesignName>
<nullsAllowed>true</nullsAllowed>
<useDomainConstraints>false</useDomainConstraints>
<use>1</use>
<logicalDatatype>LOGDT037</logicalDatatype>
<dataTypeSize>50</dataTypeSize>
<ownDataTypeParameters>50,,</ownDataTypeParameters>
<autoIncrementCycle>false</autoIncrementCycle>
</Column>
<Column name="discard_date" id="FB693052-53FA-1DAF-27AD-522E8EB22B90">
<createdBy>marinfotache</createdBy>
<createdTime>2018-10-26 05:03:12 UTC</createdTime>
<generatorID>988BB0B1-BAEB-9376-4CD7-FE37A2FB4D3D</generatorID>
<ownerDesignName>05_models_and_serial_numbers</ownerDesignName>
<nullsAllowed>true</nullsAllowed>
<useDomainConstraints>false</useDomainConstraints>
<use>1</use>
<logicalDatatype>LOGDT007</logicalDatatype>
<ownDataTypeParameters>,,</ownDataTypeParameters>
<autoIncrementCycle>false</autoIncrementCycle>
</Column>
</columns>
<indexes itemClass="oracle.dbtools.crest.model.design.relational.Index">
<ind_PK_UK id="8C2BB661-B50B-4B8D-271E-C3CFCF5D880F" name="product_description_PK">
<createdBy>marinfotache</createdBy>
<createdTime>2018-10-26 05:03:12 UTC</createdTime>
<generatorID>51066801-0E76-BB61-4A93-FFB26EF77F44</generatorID>
<ownerDesignName>05_models_and_serial_numbers</ownerDesignName>
<pk>true</pk>
<indexState>Primary Constraint</indexState>
<isSurrogateKey>false</isSurrogateKey>
<indexColumnUsage>
<colUsage columnID="80EF5137-3FA2-822B-1AFA-BA915CF89763"/>
<colUsage columnID="3DC260CC-98E6-9B1B-538B-000B8BC3CC62"/>
</indexColumnUsage>
</ind_PK_UK>
<ind_PK_UK id="46726ED0-2634-B540-C4EB-D0045E6F2724" name="product_description_properties_FK">
<createdBy>marinfotache</createdBy>
<createdTime>2018-10-26 05:03:12 UTC</createdTime>
<generatorID>548DAA53-54D6-500D-4ED2-A9AA554BC099</generatorID>
<ownerDesignName>05_models_and_serial_numbers</ownerDesignName>
<indexState>Foreign Key</indexState>
<isSurrogateKey>false</isSurrogateKey>
<indexColumnUsage>
<colUsage columnID="3DC260CC-98E6-9B1B-538B-000B8BC3CC62"/>
</indexColumnUsage>
</ind_PK_UK>
<ind_PK_UK id="2AA9B1F7-0098-E6C1-F505-DEDA5CF23B31" name="product_description_products_FK">
<createdBy>marinfotache</createdBy>
<createdTime>2018-10-26 05:03:12 UTC</createdTime>
<generatorID>9862C52A-BE18-1555-57BB-2FADE2E36092</generatorID>
<ownerDesignName>05_models_and_serial_numbers</ownerDesignName>
<indexState>Foreign Key</indexState>
<isSurrogateKey>false</isSurrogateKey>
<indexColumnUsage>
<colUsage columnID="80EF5137-3FA2-822B-1AFA-BA915CF89763"/>
</indexColumnUsage>
</ind_PK_UK>
</indexes>
</Table>