<?xml version = '1.0' encoding = 'UTF-8'?>
<Table class="oracle.dbtools.crest.model.design.relational.Table" directorySegmentName="seg_0" id="A5277541-C8F5-B6CD-EA4C-A2FFADFA0D86" name="recipe_detail">
<createdBy>marinfotache</createdBy>
<createdTime>2018-10-26 05:03:12 UTC</createdTime>
<generatorID>70A078DF-9EFC-2DF2-99C9-D339861C94C1</generatorID>
<ownerDesignName>05_models_and_serial_numbers</ownerDesignName>
<allowColumnReorder>false</allowColumnReorder>
<existDependencyGenerateInDDl>true</existDependencyGenerateInDDl>
<parsed>true</parsed>
<columns itemClass="oracle.dbtools.crest.model.design.relational.Column">
<Column name="needed_quantity" id="936275D0-E357-08E9-3E02-C6783DCCA6B0">
<createdBy>marinfotache</createdBy>
<createdTime>2018-10-26 05:03:12 UTC</createdTime>
<generatorID>D4A3709B-63F2-F625-DB87-EAF65B91BA4F</generatorID>
<ownerDesignName>05_models_and_serial_numbers</ownerDesignName>
<useDomainConstraints>false</useDomainConstraints>
<use>1</use>
<logicalDatatype>LOGDT019</logicalDatatype>
<dataTypePrecision>9</dataTypePrecision>
<dataTypeScale>3</dataTypeScale>
<ownDataTypeParameters>,9,3</ownDataTypeParameters>
<autoIncrementCycle>false</autoIncrementCycle>
</Column>
<Column name="recipes_recipe_id" id="61E8D4B0-BD6A-7B86-FC9A-4AD376F68570">
<createdBy>marinfotache</createdBy>
<createdTime>2018-10-26 05:03:12 UTC</createdTime>
<generatorID>C007E132-B71E-33BF-EAC5-700D24A5E684</generatorID>
<ownerDesignName>05_models_and_serial_numbers</ownerDesignName>
<useDomainConstraints>false</useDomainConstraints>
<use>1</use>
<logicalDatatype>LOGDT011</logicalDatatype>
<ownDataTypeParameters>,,</ownDataTypeParameters>
<previousColumn>false</previousColumn>
<autoIncrementCycle>false</autoIncrementCycle>
<associations>
<colAssociation fkAssociation="46AA1933-47AE-C4A1-AF7E-3E28A4210E62" referredColumn="9018141D-A281-1388-932C-6EF3594875E7"/>
</associations>
</Column>
<Column name="products_prod_id" id="DEDC4569-9D44-C716-DC7D-2862C958684C">
<createdBy>marinfotache</createdBy>
<createdTime>2018-10-26 05:03:12 UTC</createdTime>
<generatorID>B01FBF03-EC4D-6E50-9E07-367B9E96FFA1</generatorID>
<ownerDesignName>05_models_and_serial_numbers</ownerDesignName>
<useDomainConstraints>false</useDomainConstraints>
<use>1</use>
<logicalDatatype>LOGDT011</logicalDatatype>
<ownDataTypeParameters>,,</ownDataTypeParameters>
<previousColumn>false</previousColumn>
<autoIncrementCycle>false</autoIncrementCycle>
<associations>
<colAssociation fkAssociation="1A18F048-CE34-F465-F6BF-D635BD05A583" referredColumn="CDC8062E-F32C-5A07-7591-8C69A63FDC80"/>
</associations>
</Column>
</columns>
<indexes itemClass="oracle.dbtools.crest.model.design.relational.Index">
<ind_PK_UK id="000E58B3-F129-D072-4382-26E27A62B4F4" name="recipe_detail_PK">
<createdBy>marinfotache</createdBy>
<createdTime>2018-10-26 05:03:12 UTC</createdTime>
<generatorID>47BABF2E-81C8-00DB-EA7A-D711EDA0B8D7</generatorID>
<ownerDesignName>05_models_and_serial_numbers</ownerDesignName>
<pk>true</pk>
<indexState>Primary Constraint</indexState>
<isSurrogateKey>false</isSurrogateKey>
<indexColumnUsage>
<colUsage columnID="61E8D4B0-BD6A-7B86-FC9A-4AD376F68570"/>
<colUsage columnID="DEDC4569-9D44-C716-DC7D-2862C958684C"/>
</indexColumnUsage>
</ind_PK_UK>
<ind_PK_UK id="AA53C431-0282-674F-F73C-CCEF686B2B2F" name="recipe_detail_products_FK">
<createdBy>marinfotache</createdBy>
<createdTime>2018-10-26 05:03:12 UTC</createdTime>
<generatorID>FC273F96-278C-C5C4-AE38-48ED42DDFFC4</generatorID>
<ownerDesignName>05_models_and_serial_numbers</ownerDesignName>
<indexState>Foreign Key</indexState>
<isSurrogateKey>false</isSurrogateKey>
<indexColumnUsage>
<colUsage columnID="DEDC4569-9D44-C716-DC7D-2862C958684C"/>
</indexColumnUsage>
</ind_PK_UK>
<ind_PK_UK id="AC831AC2-FFBF-2EEE-C630-6156AFC1037E" name="recipe_detail_recipes_FK">
<createdBy>marinfotache</createdBy>
<createdTime>2018-10-26 05:03:12 UTC</createdTime>
<generatorID>88DB1E51-A230-58AF-AC2D-21DCC326EAD8</generatorID>
<ownerDesignName>05_models_and_serial_numbers</ownerDesignName>
<indexState>Foreign Key</indexState>
<isSurrogateKey>false</isSurrogateKey>
<indexColumnUsage>
<colUsage columnID="61E8D4B0-BD6A-7B86-FC9A-4AD376F68570"/>
</indexColumnUsage>
</ind_PK_UK>
</indexes>
</Table>