<?xml version = '1.0' encoding = 'UTF-8'?>
<Table class="oracle.dbtools.crest.model.design.relational.Table" directorySegmentName="seg_0" id="C69E4A8D-3160-40CA-9807-363AAFBE30A8" name="inv_identifiable_prod">
<createdBy>marinfotache</createdBy>
<createdTime>2018-10-26 05:03:12 UTC</createdTime>
<generatorID>5F83FB94-3BE5-A0BA-2D61-627E111AE978</generatorID>
<ownerDesignName>05_models_and_serial_numbers</ownerDesignName>
<allowColumnReorder>false</allowColumnReorder>
<existDependencyGenerateInDDl>true</existDependencyGenerateInDDl>
<parsed>true</parsed>
<columns itemClass="oracle.dbtools.crest.model.design.relational.Column">
<Column name="invoice_row" id="DF97472D-01FB-C62C-6C4B-65C9107FDD84">
<createdBy>marinfotache</createdBy>
<createdTime>2018-10-26 05:03:12 UTC</createdTime>
<generatorID>1FED2109-37A7-FAD9-55F7-9CAFC1C60B47</generatorID>
<ownerDesignName>05_models_and_serial_numbers</ownerDesignName>
<useDomainConstraints>false</useDomainConstraints>
<use>1</use>
<logicalDatatype>LOGDT011</logicalDatatype>
<ownDataTypeParameters>,,</ownDataTypeParameters>
<autoIncrementCycle>false</autoIncrementCycle>
</Column>
<Column name="warranty_certif_code" id="9DE0D12F-A1B7-12E8-9876-020DF645C717">
<createdBy>marinfotache</createdBy>
<createdTime>2018-10-26 05:03:12 UTC</createdTime>
<generatorID>C409F866-B68D-D0AA-9778-26FB1FFC8781</generatorID>
<ownerDesignName>05_models_and_serial_numbers</ownerDesignName>
<useDomainConstraints>false</useDomainConstraints>
<use>1</use>
<logicalDatatype>LOGDT024</logicalDatatype>
<dataTypeSize>30</dataTypeSize>
<ownDataTypeParameters>30,,</ownDataTypeParameters>
<autoIncrementCycle>false</autoIncrementCycle>
</Column>
<Column name="identifiable_occurences_serial_number" id="EE04E615-F111-CD97-3B93-DFD2D62781C2">
<createdBy>marinfotache</createdBy>
<createdTime>2018-10-26 05:03:12 UTC</createdTime>
<generatorID>1ABE6D77-48C2-7B62-D72B-47FD4E0CFD03</generatorID>
<ownerDesignName>05_models_and_serial_numbers</ownerDesignName>
<useDomainConstraints>false</useDomainConstraints>
<use>1</use>
<logicalDatatype>LOGDT024</logicalDatatype>
<dataTypeSize>50</dataTypeSize>
<ownDataTypeParameters>,,</ownDataTypeParameters>
<previousColumn>false</previousColumn>
<autoIncrementCycle>false</autoIncrementCycle>
<associations>
<colAssociation fkAssociation="AFBEBC77-9E96-1FFD-6FF8-E66078BB80FD" referredColumn="0E2377E9-D973-0A58-98C0-A5E94307AB83"/>
</associations>
</Column>
<Column name="invoices_invoice_id" id="2A6F533A-7BF1-2300-0B3D-AA5CA910DDE6">
<createdBy>marinfotache</createdBy>
<createdTime>2018-10-26 05:03:12 UTC</createdTime>
<generatorID>EE62D3EE-4A97-E0CF-97DE-6F6C26081D5F</generatorID>
<ownerDesignName>05_models_and_serial_numbers</ownerDesignName>
<useDomainConstraints>false</useDomainConstraints>
<use>1</use>
<logicalDatatype>LOGDT011</logicalDatatype>
<ownDataTypeParameters>,,</ownDataTypeParameters>
<previousColumn>false</previousColumn>
<autoIncrementCycle>false</autoIncrementCycle>
<associations>
<colAssociation fkAssociation="F238406D-57E2-3D63-358D-CC9C24B6CD7B" referredColumn="585BAB1C-DB03-6F54-F348-A5783FD760AE"/>
</associations>
</Column>
</columns>
<indexes itemClass="oracle.dbtools.crest.model.design.relational.Index">
<ind_PK_UK id="46A972AB-B44F-7AF3-751E-B07E65B303D5" name="inv_identifiable_prod_PK">
<createdBy>marinfotache</createdBy>
<createdTime>2018-10-26 05:03:12 UTC</createdTime>
<generatorID>68023FF6-9691-95C5-F906-6401365C15B0</generatorID>
<ownerDesignName>05_models_and_serial_numbers</ownerDesignName>
<pk>true</pk>
<indexState>Primary Constraint</indexState>
<isSurrogateKey>false</isSurrogateKey>
<indexColumnUsage>
<colUsage columnID="DF97472D-01FB-C62C-6C4B-65C9107FDD84"/>
<colUsage columnID="2A6F533A-7BF1-2300-0B3D-AA5CA910DDE6"/>
</indexColumnUsage>
</ind_PK_UK>
<ind_PK_UK id="C6321156-74BE-D4C6-FF1C-8E83830501B4" name="inv_identifiable_prod__IDX">
<createdBy>marinfotache</createdBy>
<createdTime>2018-10-26 05:03:12 UTC</createdTime>
<ownerDesignName>05_models_and_serial_numbers</ownerDesignName>
<indexState>Unique Plain Index</indexState>
<isSurrogateKey>false</isSurrogateKey>
<relationGeneratorID>4277218B-E167-E5DE-950D-5D998AA8F19D</relationGeneratorID>
<indexColumnUsage>
<colUsage columnID="EE04E615-F111-CD97-3B93-DFD2D62781C2"/>
</indexColumnUsage>
</ind_PK_UK>
<ind_PK_UK id="0F05B726-9206-F7CE-33CB-4535B4F78B28" name="inv_identifiable_prod_identifiable_occurences_FK">
<createdBy>marinfotache</createdBy>
<createdTime>2018-10-26 05:03:12 UTC</createdTime>
<generatorID>4277218B-E167-E5DE-950D-5D998AA8F19D</generatorID>
<ownerDesignName>05_models_and_serial_numbers</ownerDesignName>
<indexState>Foreign Key</indexState>
<isSurrogateKey>false</isSurrogateKey>
<indexColumnUsage>
<colUsage columnID="EE04E615-F111-CD97-3B93-DFD2D62781C2"/>
</indexColumnUsage>
</ind_PK_UK>
<ind_PK_UK id="15FE8C9B-A688-C857-C369-3DD32F47E84D" name="inv_identifiable_prod_invoices_FK">
<createdBy>marinfotache</createdBy>
<createdTime>2018-10-26 05:03:12 UTC</createdTime>
<generatorID>3B9CE192-0F1C-F3A8-C8B4-DAC545C2CA40</generatorID>
<ownerDesignName>05_models_and_serial_numbers</ownerDesignName>
<indexState>Foreign Key</indexState>
<isSurrogateKey>false</isSurrogateKey>
<indexColumnUsage>
<colUsage columnID="2A6F533A-7BF1-2300-0B3D-AA5CA910DDE6"/>
</indexColumnUsage>
</ind_PK_UK>
</indexes>
</Table>