<?xml version = '1.0' encoding = 'UTF-8'?>
<Table class="oracle.dbtools.crest.model.design.relational.Table" directorySegmentName="seg_0" id="E65270B5-C9B3-07DD-A77C-5C24B7D5B86D" name="inv_unidentif_prods">
<createdBy>marinfotache</createdBy>
<createdTime>2018-10-26 05:03:12 UTC</createdTime>
<generatorID>DC1E692A-547E-4E0B-24A8-2E48B1483176</generatorID>
<ownerDesignName>05_models_and_serial_numbers</ownerDesignName>
<allowColumnReorder>false</allowColumnReorder>
<existDependencyGenerateInDDl>true</existDependencyGenerateInDDl>
<parsed>true</parsed>
<columns itemClass="oracle.dbtools.crest.model.design.relational.Column">
<Column name="invoice_row" id="10ABAF06-3EA8-C227-5FB1-0475C7D12475">
<createdBy>marinfotache</createdBy>
<createdTime>2018-10-26 05:03:12 UTC</createdTime>
<generatorID>ADB72140-1936-A035-6C50-23C87B46573C</generatorID>
<ownerDesignName>05_models_and_serial_numbers</ownerDesignName>
<useDomainConstraints>false</useDomainConstraints>
<use>1</use>
<logicalDatatype>LOGDT011</logicalDatatype>
<ownDataTypeParameters>,,</ownDataTypeParameters>
<autoIncrementCycle>false</autoIncrementCycle>
</Column>
<Column name="delivered_quantity" id="43B6626F-2B45-7572-4638-AA40ADE35C0C">
<createdBy>marinfotache</createdBy>
<createdTime>2018-10-26 05:03:12 UTC</createdTime>
<generatorID>A4FC8458-B190-A84A-4941-E5AA913ABCEA</generatorID>
<ownerDesignName>05_models_and_serial_numbers</ownerDesignName>
<useDomainConstraints>false</useDomainConstraints>
<use>1</use>
<logicalDatatype>LOGDT019</logicalDatatype>
<dataTypePrecision>9</dataTypePrecision>
<dataTypeScale>3</dataTypeScale>
<ownDataTypeParameters>,9,3</ownDataTypeParameters>
<autoIncrementCycle>false</autoIncrementCycle>
</Column>
<Column name="invoices_invoice_id" id="6A8BE73E-A8F2-66F6-152E-120A7552EDB0">
<createdBy>marinfotache</createdBy>
<createdTime>2018-10-26 05:03:12 UTC</createdTime>
<generatorID>3899269D-71F7-5EB2-225A-460B4AC9C9A1</generatorID>
<ownerDesignName>05_models_and_serial_numbers</ownerDesignName>
<useDomainConstraints>false</useDomainConstraints>
<use>1</use>
<logicalDatatype>LOGDT011</logicalDatatype>
<ownDataTypeParameters>,,</ownDataTypeParameters>
<previousColumn>false</previousColumn>
<autoIncrementCycle>false</autoIncrementCycle>
<associations>
<colAssociation fkAssociation="2AA357B0-16D8-12AF-A1D4-8AC3D62B3456" referredColumn="585BAB1C-DB03-6F54-F348-A5783FD760AE"/>
</associations>
</Column>
<Column name="products_prod_id" id="0BC65F18-CDC3-6757-2778-FD19196EF95A">
<createdBy>marinfotache</createdBy>
<createdTime>2018-10-26 05:03:12 UTC</createdTime>
<generatorID>581F0E3E-71C6-2E25-70F6-16AB21993194</generatorID>
<ownerDesignName>05_models_and_serial_numbers</ownerDesignName>
<useDomainConstraints>false</useDomainConstraints>
<use>1</use>
<logicalDatatype>LOGDT011</logicalDatatype>
<ownDataTypeParameters>,,</ownDataTypeParameters>
<previousColumn>false</previousColumn>
<autoIncrementCycle>false</autoIncrementCycle>
<associations>
<colAssociation fkAssociation="EFAEFC75-120D-A310-B8BD-FB201A6BF8B9" referredColumn="CDC8062E-F32C-5A07-7591-8C69A63FDC80"/>
</associations>
</Column>
</columns>
<indexes itemClass="oracle.dbtools.crest.model.design.relational.Index">
<ind_PK_UK id="B9D39B8B-A727-384F-602B-AE808BDAC8E2" name="inv_unidentif_prods_PK">
<createdBy>marinfotache</createdBy>
<createdTime>2018-10-26 05:03:12 UTC</createdTime>
<generatorID>7DA8F91C-AC4C-6098-D9CB-EE0B87911DF8</generatorID>
<ownerDesignName>05_models_and_serial_numbers</ownerDesignName>
<pk>true</pk>
<indexState>Primary Constraint</indexState>
<isSurrogateKey>false</isSurrogateKey>
<indexColumnUsage>
<colUsage columnID="10ABAF06-3EA8-C227-5FB1-0475C7D12475"/>
<colUsage columnID="6A8BE73E-A8F2-66F6-152E-120A7552EDB0"/>
</indexColumnUsage>
</ind_PK_UK>
<ind_PK_UK id="0C765AC4-BEC6-5332-CF59-D733FB7C70D0" name="inv_unidentif_prods_invoices_FK">
<createdBy>marinfotache</createdBy>
<createdTime>2018-10-26 05:03:12 UTC</createdTime>
<generatorID>CFB5091B-08D1-50CA-3821-2B399E0B498F</generatorID>
<ownerDesignName>05_models_and_serial_numbers</ownerDesignName>
<indexState>Foreign Key</indexState>
<isSurrogateKey>false</isSurrogateKey>
<indexColumnUsage>
<colUsage columnID="6A8BE73E-A8F2-66F6-152E-120A7552EDB0"/>
</indexColumnUsage>
</ind_PK_UK>
<ind_PK_UK id="5375EBEE-1883-FD5D-AF66-6BB936789C2C" name="inv_unidentif_prods_products_FK">
<createdBy>marinfotache</createdBy>
<createdTime>2018-10-26 05:03:12 UTC</createdTime>
<generatorID>BA31A1BC-C755-74EC-9EBE-378D389A7F1C</generatorID>
<ownerDesignName>05_models_and_serial_numbers</ownerDesignName>
<indexState>Foreign Key</indexState>
<isSurrogateKey>false</isSurrogateKey>
<indexColumnUsage>
<colUsage columnID="0BC65F18-CDC3-6757-2778-FD19196EF95A"/>
</indexColumnUsage>
</ind_PK_UK>
</indexes>
</Table>