<?xml version = '1.0' encoding = 'UTF-8'?>
<Table class="oracle.dbtools.crest.model.design.relational.Table" directorySegmentName="seg_0" id="E77C1545-7AE3-0B01-32E9-B55B8ECD89E7" name="orders">
<createdBy>marinfotache</createdBy>
<createdTime>2018-10-26 05:03:12 UTC</createdTime>
<generatorID>01B2730E-D705-AE37-ABCF-80713F403B77</generatorID>
<ownerDesignName>05_models_and_serial_numbers</ownerDesignName>
<allowColumnReorder>false</allowColumnReorder>
<existDependencyGenerateInDDl>true</existDependencyGenerateInDDl>
<parsed>true</parsed>
<columns itemClass="oracle.dbtools.crest.model.design.relational.Column">
<Column name="order_id" id="EDED235E-FAD2-A798-6653-4B69E6EC0F58">
<createdBy>marinfotache</createdBy>
<createdTime>2018-10-26 05:03:12 UTC</createdTime>
<generatorID>E074D2C6-8E79-0BEB-C034-DFB3B262973B</generatorID>
<ownerDesignName>05_models_and_serial_numbers</ownerDesignName>
<useDomainConstraints>false</useDomainConstraints>
<use>1</use>
<logicalDatatype>LOGDT011</logicalDatatype>
<ownDataTypeParameters>,,</ownDataTypeParameters>
<autoIncrementCycle>false</autoIncrementCycle>
</Column>
<Column name="order_dt" id="40AD0F58-0888-92DC-CB15-500AB40C81C4">
<createdBy>marinfotache</createdBy>
<createdTime>2018-10-26 05:03:12 UTC</createdTime>
<generatorID>A46F8126-E2D9-4EC2-BD55-B22F812CFA84</generatorID>
<ownerDesignName>05_models_and_serial_numbers</ownerDesignName>
<useDomainConstraints>false</useDomainConstraints>
<use>1</use>
<logicalDatatype>LOGDT047</logicalDatatype>
<ownDataTypeParameters>,,</ownDataTypeParameters>
<autoIncrementCycle>false</autoIncrementCycle>
</Column>
<Column name="delivery_address" id="05542723-86CC-2B1A-54FF-A8C0BD1BBBC7">
<createdBy>marinfotache</createdBy>
<createdTime>2018-10-26 05:03:12 UTC</createdTime>
<generatorID>E5E77C85-4274-0D52-7A19-D81CD3B4ACF5</generatorID>
<ownerDesignName>05_models_and_serial_numbers</ownerDesignName>
<nullsAllowed>true</nullsAllowed>
<useDomainConstraints>false</useDomainConstraints>
<use>1</use>
<logicalDatatype>LOGDT037</logicalDatatype>
<dataTypeSize>100</dataTypeSize>
<ownDataTypeParameters>100,,</ownDataTypeParameters>
<autoIncrementCycle>false</autoIncrementCycle>
</Column>
<Column name="order_amount" id="ED61D444-E342-3FF9-462D-9708555094C7">
<createdBy>marinfotache</createdBy>
<createdTime>2018-10-26 05:03:12 UTC</createdTime>
<generatorID>01CE2BBE-C302-99AF-0E13-5D15A632E44D</generatorID>
<ownerDesignName>05_models_and_serial_numbers</ownerDesignName>
<useDomainConstraints>false</useDomainConstraints>
<use>1</use>
<logicalDatatype>LOGDT019</logicalDatatype>
<dataTypePrecision>10</dataTypePrecision>
<dataTypeScale>2</dataTypeScale>
<ownDataTypeParameters>,10,2</ownDataTypeParameters>
<autoIncrementCycle>false</autoIncrementCycle>
</Column>
<Column name="order_discount" id="544F4C2B-7842-4D25-9519-DDCC0A9E3352">
<createdBy>marinfotache</createdBy>
<createdTime>2018-10-26 05:03:12 UTC</createdTime>
<generatorID>A9585D51-D2B9-08B7-F2AA-69C912DCE489</generatorID>
<ownerDesignName>05_models_and_serial_numbers</ownerDesignName>
<useDomainConstraints>false</useDomainConstraints>
<use>1</use>
<logicalDatatype>LOGDT019</logicalDatatype>
<dataTypePrecision>9</dataTypePrecision>
<dataTypeScale>2</dataTypeScale>
<ownDataTypeParameters>,9,2</ownDataTypeParameters>
<autoIncrementCycle>false</autoIncrementCycle>
</Column>
<Column name="customers_cust_id" id="902E4E1A-9893-62A0-52CF-E1B4A543A7D7">
<createdBy>marinfotache</createdBy>
<createdTime>2018-10-26 05:03:12 UTC</createdTime>
<generatorID>6B6C4535-0828-C709-AAD8-ABD76829C32C</generatorID>
<ownerDesignName>05_models_and_serial_numbers</ownerDesignName>
<useDomainConstraints>false</useDomainConstraints>
<use>1</use>
<logicalDatatype>LOGDT011</logicalDatatype>
<ownDataTypeParameters>,,</ownDataTypeParameters>
<previousColumn>false</previousColumn>
<autoIncrementCycle>false</autoIncrementCycle>
<associations>
<colAssociation fkAssociation="0D3DC672-67DE-AFB6-5D65-C091297DB0F5" referredColumn="3A49036C-D5DD-4196-6FB5-34F16903EB93"/>
</associations>
</Column>
</columns>
<indexes itemClass="oracle.dbtools.crest.model.design.relational.Index">
<ind_PK_UK id="9019F1C6-6042-9EA4-7870-C4CF329A22A9" name="orders_PK">
<createdBy>marinfotache</createdBy>
<createdTime>2018-10-26 05:03:12 UTC</createdTime>
<generatorID>35E466C5-3EA1-B004-59F3-3C9E3D2036CD</generatorID>
<ownerDesignName>05_models_and_serial_numbers</ownerDesignName>
<pk>true</pk>
<indexState>Primary Constraint</indexState>
<isSurrogateKey>false</isSurrogateKey>
<indexColumnUsage>
<colUsage columnID="EDED235E-FAD2-A798-6653-4B69E6EC0F58"/>
</indexColumnUsage>
</ind_PK_UK>
<ind_PK_UK id="94AE0BA3-2014-8550-E674-8BA1A4D60815" name="orders_customers_FK">
<createdBy>marinfotache</createdBy>
<createdTime>2018-10-26 05:03:12 UTC</createdTime>
<generatorID>747DE6D5-8390-B29D-D334-0BBEFF1D856C</generatorID>
<ownerDesignName>05_models_and_serial_numbers</ownerDesignName>
<indexState>Foreign Key</indexState>
<isSurrogateKey>false</isSurrogateKey>
<indexColumnUsage>
<colUsage columnID="902E4E1A-9893-62A0-52CF-E1B4A543A7D7"/>
</indexColumnUsage>
</ind_PK_UK>
</indexes>
</Table>