<?xml version = '1.0' encoding = 'UTF-8'?>
<DomainFile class="oracle.dbtools.crest.model.design.DomainFileWrapper" fileName="defaultdomains">
   <domains>
      <Domain class="oracle.dbtools.crest.model.design.Domain" name="Unknown" id="DOM3000004">
         <createdBy>marinfotache</createdBy>
         <createdTime>2020-11-22 17:11:01 UTC</createdTime>
         <ownerDesignName>System</ownerDesignName>
         <avTSortOrder>0</avTSortOrder>
         <fileName>defaultdomains</fileName>
         <logicalDatatype>LOGDT017</logicalDatatype>
      </Domain>
   </domains>
</DomainFile>
