<?xml version="1.0" encoding="UTF-8" ?>
<logtypes>
	<logicaltype name="unknown" objectid="LOGDT017" default="true">
		<mapping rdbms="Oracle Database 12c">UNKNOWN</mapping>
		<mapping rdbms="Oracle Database 11g">UNKNOWN</mapping>
		<mapping rdbms="Oracle Database 10g">UNKNOWN</mapping>
		<mapping rdbms="Oracle9i">UNKNOWN</mapping>
		<mapping rdbms="SQL Server 2012">UNKNOWN</mapping>
		<mapping rdbms="SQL Server 2008">UNKNOWN</mapping>
		<mapping rdbms="SQL Server 2005">UNKNOWN</mapping>
		<mapping rdbms="SQL Server 2000">UNKNOWN</mapping>
		<mapping rdbms="DB2/390 8">UNKNOWN</mapping>
		<mapping rdbms="DB2/390 7">UNKNOWN</mapping>
		<mapping rdbms="DB2/UDB 9">UNKNOWN</mapping>
		<mapping rdbms="DB2/UDB 8.1">UNKNOWN</mapping>
		<mapping rdbms="DB2/UDB 7.1">UNKNOWN</mapping>
	</logicaltype>
	<logicaltype name="Audio" objectid="LOGDT005">
		<mapping rdbms="Oracle Database 12c">BLOB</mapping>
		<mapping rdbms="Oracle Database 11g">BLOB</mapping>
		<mapping rdbms="Oracle Database 10g">BLOB</mapping>
		<mapping rdbms="Oracle9i">BLOB</mapping>
		<mapping rdbms="SQL Server 2012">BINARY, size</mapping>
		<mapping rdbms="SQL Server 2008">BINARY, size</mapping>
		<mapping rdbms="SQL Server 2005">BINARY, size</mapping>
		<mapping rdbms="SQL Server 2000">BINARY, size</mapping>
		<mapping rdbms="DB2/390 8">BLOB, size</mapping>
		<mapping rdbms="DB2/390 7">BLOB, size</mapping>
		<mapping rdbms="DB2/UDB 9">BLOB, size</mapping>
		<mapping rdbms="DB2/UDB 8.1">BLOB, size</mapping>
		<mapping rdbms="DB2/UDB 7.1">BLOB, size</mapping>
	</logicaltype>
	<logicaltype name="BFile" objectid="LogDes-7DD553FD-11E8-61FA-399D-2E531FB621D0@LOGDT10034">
		<mapping rdbms="Oracle Database 12c">BFILE</mapping>
		<mapping rdbms="Oracle Database 11g">BFILE</mapping>
		<mapping rdbms="Oracle Database 10g">BFILE</mapping>
		<mapping rdbms="Oracle9i">BFILE</mapping>
		<mapping rdbms="SQL Server 2012">VARCHAR, size</mapping>
		<mapping rdbms="SQL Server 2008">VARCHAR, size</mapping>
		<mapping rdbms="SQL Server 2005">VARCHAR, size</mapping>
		<mapping rdbms="SQL Server 2000">VARCHAR, size</mapping>
		<mapping rdbms="DB2/390 8">VARCHAR, size</mapping>
		<mapping rdbms="DB2/390 7">VARCHAR, size</mapping>
		<mapping rdbms="DB2/UDB 9">DATALINK</mapping>
		<mapping rdbms="DB2/UDB 8.1">DATALINK</mapping>
		<mapping rdbms="DB2/UDB 7.1">DATALINK</mapping>
	</logicaltype>
	<logicaltype name="BIGINT" objectid="LOGDT027">
		<mapping rdbms="Oracle Database 12c">INTEGER</mapping>
		<mapping rdbms="Oracle Database 11g">INTEGER</mapping>
		<mapping rdbms="Oracle Database 10g">INTEGER</mapping>
		<mapping rdbms="Oracle9i">INTEGER</mapping>
		<mapping rdbms="SQL Server 2012">BIGINT</mapping>
		<mapping rdbms="SQL Server 2008">BIGINT</mapping>
		<mapping rdbms="SQL Server 2005">BIGINT</mapping>
		<mapping rdbms="SQL Server 2000">BIGINT</mapping>
		<mapping rdbms="DB2/390 8">INTEGER</mapping>
		<mapping rdbms="DB2/390 7">INTEGER</mapping>
		<mapping rdbms="DB2/UDB 9">BIGINT</mapping>
		<mapping rdbms="DB2/UDB 8.1">INTEGER</mapping>
		<mapping rdbms="DB2/UDB 7.1">INTEGER</mapping>
	</logicaltype>
	<logicaltype name="BINARY" objectid="LOGDT033">
		<mapping rdbms="Oracle Database 12c" size_default_value="2000">RAW, size</mapping>
		<mapping rdbms="Oracle Database 11g">BLOB</mapping>
		<mapping rdbms="Oracle Database 10g">BLOB</mapping>
		<mapping rdbms="Oracle9i">BLOB</mapping>
		<mapping rdbms="SQL Server 2012">BINARY, size</mapping>
		<mapping rdbms="SQL Server 2008">BINARY, size</mapping>
		<mapping rdbms="SQL Server 2005">BINARY, size</mapping>
		<mapping rdbms="SQL Server 2000">BINARY, size</mapping>
		<mapping rdbms="DB2/390 8">BLOB, size</mapping>
		<mapping rdbms="DB2/390 7">BLOB, size</mapping>
		<mapping rdbms="DB2/UDB 9">BLOB, size</mapping>
		<mapping rdbms="DB2/UDB 8.1">BLOB, size</mapping>
		<mapping rdbms="DB2/UDB 7.1">BLOB, size</mapping>
	</logicaltype>
	<logicaltype name="BINARY DOUBLE" objectid="LOGDT056">
		<mapping rdbms="Oracle Database 12c">BINARY_DOUBLE</mapping>
		<mapping rdbms="Oracle Database 11g">BINARY_DOUBLE</mapping>
		<mapping rdbms="Oracle Database 10g">BINARY_DOUBLE</mapping>
		<mapping rdbms="Oracle9i">NUMBER</mapping>
		<mapping rdbms="SQL Server 2012">FLOAT</mapping>
		<mapping rdbms="SQL Server 2008">FLOAT</mapping>
		<mapping rdbms="SQL Server 2005">FLOAT</mapping>
		<mapping rdbms="SQL Server 2000">FLOAT</mapping>
		<mapping rdbms="DB2/390 8">DOUBLE</mapping>
		<mapping rdbms="DB2/390 7">DOUBLE</mapping>
		<mapping rdbms="DB2/UDB 9">DOUBLE</mapping>
		<mapping rdbms="DB2/UDB 8.1">DOUBLE</mapping>
		<mapping rdbms="DB2/UDB 7.1">DOUBLE</mapping>
	</logicaltype>
	<logicaltype name="BINARY FLOAT" objectid="LOGDT055">
		<mapping rdbms="Oracle Database 12c">BINARY_FLOAT</mapping>
		<mapping rdbms="Oracle Database 11g">BINARY_FLOAT</mapping>
		<mapping rdbms="Oracle Database 10g">BINARY_FLOAT</mapping>
		<mapping rdbms="Oracle9i">NUMBER</mapping>
		<mapping rdbms="SQL Server 2012">REAL</mapping>
		<mapping rdbms="SQL Server 2008">REAL</mapping>
		<mapping rdbms="SQL Server 2005">REAL</mapping>
		<mapping rdbms="SQL Server 2000">REAL</mapping>
		<mapping rdbms="DB2/390 8">REAL</mapping>
		<mapping rdbms="DB2/390 7">REAL</mapping>
		<mapping rdbms="DB2/UDB 9">REAL</mapping>
		<mapping rdbms="DB2/UDB 8.1">REAL</mapping>
		<mapping rdbms="DB2/UDB 7.1">REAL</mapping>
	</logicaltype>
	<logicaltype name="BIT" objectid="LOGDT034">
		<mapping rdbms="Oracle Database 12c">CHAR</mapping>
		<mapping rdbms="Oracle Database 11g">CHAR</mapping>
		<mapping rdbms="Oracle Database 10g">CHAR</mapping>
		<mapping rdbms="Oracle9i">CHAR</mapping>
		<mapping rdbms="SQL Server 2012">BIT</mapping>
		<mapping rdbms="SQL Server 2008">BIT</mapping>
		<mapping rdbms="SQL Server 2005">BIT</mapping>
		<mapping rdbms="SQL Server 2000">BIT</mapping>
		<mapping rdbms="DB2/390 8">CHAR, size</mapping>
		<mapping rdbms="DB2/390 7">CHAR, size</mapping>
		<mapping rdbms="DB2/UDB 9">CHAR, size</mapping>
		<mapping rdbms="DB2/UDB 8.1">CHAR, size</mapping>
		<mapping rdbms="DB2/UDB 7.1">CHAR, size</mapping>
	</logicaltype>
	<logicaltype name="BLOB" objectid="LOGDT029">
		<mapping rdbms="Oracle Database 12c">BLOB</mapping>
		<mapping rdbms="Oracle Database 11g">BLOB</mapping>
		<mapping rdbms="Oracle Database 10g">BLOB</mapping>
		<mapping rdbms="Oracle9i">BLOB</mapping>
		<mapping rdbms="SQL Server 2012">IMAGE</mapping>
		<mapping rdbms="SQL Server 2008">IMAGE</mapping>
		<mapping rdbms="SQL Server 2005">IMAGE</mapping>
		<mapping rdbms="SQL Server 2000">IMAGE</mapping>
		<mapping rdbms="DB2/390 8">BLOB, size</mapping>
		<mapping rdbms="DB2/390 7">BLOB, size</mapping>
		<mapping rdbms="DB2/UDB 9">BLOB, size</mapping>
		<mapping rdbms="DB2/UDB 8.1">BLOB, size</mapping>
		<mapping rdbms="DB2/UDB 7.1">BLOB, size</mapping>
	</logicaltype>
	<logicaltype name="Boolean" objectid="LOGDT006">
		<mapping rdbms="Oracle Database 12c">NUMBER</mapping>
		<mapping rdbms="Oracle Database 11g">CHAR</mapping>
		<mapping rdbms="Oracle Database 10g">CHAR</mapping>
		<mapping rdbms="Oracle9i">CHAR</mapping>
		<mapping rdbms="SQL Server 2012">BIT</mapping>
		<mapping rdbms="SQL Server 2008">BIT</mapping>
		<mapping rdbms="SQL Server 2005">BIT</mapping>
		<mapping rdbms="SQL Server 2000">BIT</mapping>
		<mapping rdbms="DB2/390 8">CHAR</mapping>
		<mapping rdbms="DB2/390 7">CHAR</mapping>
		<mapping rdbms="DB2/UDB 9">CHAR</mapping>
		<mapping rdbms="DB2/UDB 8.1">CHAR</mapping>
		<mapping rdbms="DB2/UDB 7.1">CHAR</mapping>
	</logicaltype>
	<logicaltype name="CHAR" objectid="LOGDT025">
		<mapping rdbms="Oracle Database 12c">CHAR, size</mapping>
		<mapping rdbms="Oracle Database 11g">CHAR, size</mapping>
		<mapping rdbms="Oracle Database 10g">CHAR, size</mapping>
		<mapping rdbms="Oracle9i">CHAR, size</mapping>
		<mapping rdbms="SQL Server 2012">CHAR, size</mapping>
		<mapping rdbms="SQL Server 2008">CHAR, size</mapping>
		<mapping rdbms="SQL Server 2005">CHAR, size</mapping>
		<mapping rdbms="SQL Server 2000">CHAR, size</mapping>
		<mapping rdbms="DB2/390 8">CHAR, size</mapping>
		<mapping rdbms="DB2/390 7">CHAR, size</mapping>
		<mapping rdbms="DB2/UDB 9">CHAR, size</mapping>
		<mapping rdbms="DB2/UDB 8.1">CHAR, size</mapping>
		<mapping rdbms="DB2/UDB 7.1">CHAR, size</mapping>
	</logicaltype>
	<logicaltype name="CLOB" objectid="LOGDT028">
		<mapping rdbms="Oracle Database 12c">CLOB</mapping>
		<mapping rdbms="Oracle Database 11g">CLOB</mapping>
		<mapping rdbms="Oracle Database 10g">CLOB</mapping>
		<mapping rdbms="Oracle9i">CLOB</mapping>
		<mapping rdbms="SQL Server 2012" size_default_value="max">VARCHAR, size</mapping>
		<mapping rdbms="SQL Server 2008" size_default_value="max">VARCHAR, size</mapping>
		<mapping rdbms="SQL Server 2005" size_default_value="max">VARCHAR, size</mapping>
		<mapping rdbms="SQL Server 2000">TEXT</mapping>
		<mapping rdbms="DB2/390 8">CLOB, size</mapping>
		<mapping rdbms="DB2/390 7">CLOB, size</mapping>
		<mapping rdbms="DB2/UDB 9">CLOB, size</mapping>
		<mapping rdbms="DB2/UDB 8.1">CLOB, size</mapping>
		<mapping rdbms="DB2/UDB 7.1">CLOB, size</mapping>
	</logicaltype>
	<logicaltype name="DATALINK" objectid="LOGDT030">
		<mapping rdbms="Oracle Database 12c">BLOB</mapping>
		<mapping rdbms="Oracle Database 11g">BLOB</mapping>
		<mapping rdbms="Oracle Database 10g">BLOB</mapping>
		<mapping rdbms="Oracle9i">BLOB</mapping>
		<mapping rdbms="SQL Server 2012">BINARY</mapping>
		<mapping rdbms="SQL Server 2008">BINARY</mapping>
		<mapping rdbms="SQL Server 2005">BINARY</mapping>
		<mapping rdbms="SQL Server 2000">BINARY</mapping>
		<mapping rdbms="DB2/390 8">VARCHAR, size</mapping>
		<mapping rdbms="DB2/390 7">VARCHAR, size</mapping>
		<mapping rdbms="DB2/UDB 9">DATALINK</mapping>
		<mapping rdbms="DB2/UDB 8.1">DATALINK</mapping>
		<mapping rdbms="DB2/UDB 7.1">DATALINK</mapping>
	</logicaltype>
	<logicaltype name="Date" objectid="LOGDT007">
		<mapping rdbms="Oracle Database 12c">DATE</mapping>
		<mapping rdbms="Oracle Database 11g">DATE</mapping>
		<mapping rdbms="Oracle Database 10g">DATE</mapping>
		<mapping rdbms="Oracle9i">DATE</mapping>
		<mapping rdbms="SQL Server 2012">DATE</mapping>
		<mapping rdbms="SQL Server 2008">DATE</mapping>
		<mapping rdbms="SQL Server 2005">DATETIME</mapping>
		<mapping rdbms="SQL Server 2000">DATETIME</mapping>
		<mapping rdbms="DB2/390 8">DATE</mapping>
		<mapping rdbms="DB2/390 7">DATE</mapping>
		<mapping rdbms="DB2/UDB 9">DATE</mapping>
		<mapping rdbms="DB2/UDB 8.1">DATE</mapping>
		<mapping rdbms="DB2/UDB 7.1">DATE</mapping>
	</logicaltype>
	<logicaltype name="Datetime" objectid="LOGDT008">
		<mapping rdbms="Oracle Database 12c">DATE</mapping>
		<mapping rdbms="Oracle Database 11g">DATE</mapping>
		<mapping rdbms="Oracle Database 10g">DATE</mapping>
		<mapping rdbms="Oracle9i">DATE</mapping>
		<mapping rdbms="SQL Server 2012">DATETIME</mapping>
		<mapping rdbms="SQL Server 2008">DATETIME</mapping>
		<mapping rdbms="SQL Server 2005">DATETIME</mapping>
		<mapping rdbms="SQL Server 2000">DATETIME</mapping>
		<mapping rdbms="DB2/390 8">TIMESTAMP</mapping>
		<mapping rdbms="DB2/390 7">TIMESTAMP</mapping>
		<mapping rdbms="DB2/UDB 9">TIMESTAMP</mapping>
		<mapping rdbms="DB2/UDB 8.1">TIMESTAMP</mapping>
		<mapping rdbms="DB2/UDB 7.1">TIMESTAMP</mapping>
	</logicaltype>
	<logicaltype name="DATETIME2" objectid="91229484-D19C-D458-8647-333C7FFE7B60">
		<mapping rdbms="Oracle Database 12c">TIMESTAMP</mapping>
		<mapping rdbms="Oracle Database 11g">TIMESTAMP</mapping>
		<mapping rdbms="Oracle Database 10g">TIMESTAMP</mapping>
		<mapping rdbms="Oracle9i">TIMESTAMP</mapping>
		<mapping rdbms="SQL Server 2012">DATETIME2</mapping>
		<mapping rdbms="SQL Server 2008">DATETIME2</mapping>
		<mapping rdbms="SQL Server 2005">DATETIME</mapping>
		<mapping rdbms="SQL Server 2000">DATETIME</mapping>
		<mapping rdbms="DB2/390 8">TIMESTAMP</mapping>
		<mapping rdbms="DB2/390 7">TIMESTAMP</mapping>
		<mapping rdbms="DB2/UDB 9">TIMESTAMP</mapping>
		<mapping rdbms="DB2/UDB 8.1">TIMESTAMP</mapping>
		<mapping rdbms="DB2/UDB 7.1">TIMESTAMP</mapping>
	</logicaltype>
	<logicaltype name="DBURIType" objectid="LOGDT054">
		<mapping rdbms="Oracle Database 12c">DBURITYPE</mapping>
		<mapping rdbms="Oracle Database 11g">DBURITYPE</mapping>
		<mapping rdbms="Oracle Database 10g">DBURITYPE</mapping>
		<mapping rdbms="Oracle9i">DBURITYPE</mapping>
		<mapping rdbms="SQL Server 2012">CHAR, size</mapping>
		<mapping rdbms="SQL Server 2008">CHAR, size</mapping>
		<mapping rdbms="SQL Server 2005">CHAR, size</mapping>
		<mapping rdbms="SQL Server 2000">CHAR, size</mapping>
		<mapping rdbms="DB2/390 8">CHAR, size</mapping>
		<mapping rdbms="DB2/390 7">CHAR, size</mapping>
		<mapping rdbms="DB2/UDB 9">DATALINK</mapping>
		<mapping rdbms="DB2/UDB 8.1">DATALINK</mapping>
		<mapping rdbms="DB2/UDB 7.1">DATALINK</mapping>
	</logicaltype>
	<logicaltype name="DECIMAL" objectid="LOGDT026">
		<mapping rdbms="Oracle Database 12c">NUMBER, precision, scale</mapping>
		<mapping rdbms="Oracle Database 11g">NUMBER, precision, scale</mapping>
		<mapping rdbms="Oracle Database 10g">NUMBER, precision, scale</mapping>
		<mapping rdbms="Oracle9i">NUMBER, precision, scale</mapping>
		<mapping rdbms="SQL Server 2012">DECIMAL, precision, scale</mapping>
		<mapping rdbms="SQL Server 2008">DECIMAL, precision, scale</mapping>
		<mapping rdbms="SQL Server 2005">DECIMAL, precision, scale</mapping>
		<mapping rdbms="SQL Server 2000">DECIMAL, precision, scale</mapping>
		<mapping rdbms="DB2/390 8">DECIMAL, precision, scale</mapping>
		<mapping rdbms="DB2/390 7">DECIMAL, precision, scale</mapping>
		<mapping rdbms="DB2/UDB 9">DECIMAL, precision, scale</mapping>
		<mapping rdbms="DB2/UDB 8.1">DECIMAL, precision, scale</mapping>
		<mapping rdbms="DB2/UDB 7.1">DECIMAL, precision, scale</mapping>
	</logicaltype>
	<logicaltype name="DECFLOAT" objectid="69230305-AB6A-99EB-35A1-CC306D543604">
		<mapping rdbms="Oracle Database 12c">NUMBER</mapping>
		<mapping rdbms="Oracle Database 11g">NUMBER</mapping>
		<mapping rdbms="Oracle Database 10g">NUMBER</mapping>
		<mapping rdbms="Oracle9i">NUMBER</mapping>
		<mapping rdbms="SQL Server 2012">NUMERIC</mapping>
		<mapping rdbms="SQL Server 2008">NUMERIC</mapping>
		<mapping rdbms="SQL Server 2005">NUMERIC</mapping>
		<mapping rdbms="SQL Server 2000">NUMERIC</mapping>
		<mapping rdbms="DB2/390 8">NUMERIC</mapping>
		<mapping rdbms="DB2/390 7">NUMERIC</mapping>
		<mapping rdbms="DB2/UDB 9">DECFLOAT</mapping>
		<mapping rdbms="DB2/UDB 8.1">NUMERIC</mapping>
		<mapping rdbms="DB2/UDB 7.1">NUMERIC</mapping>
	</logicaltype>
	<logicaltype name="DOUBLE" objectid="LOGDT020">
		<mapping rdbms="Oracle Database 12c">NUMBER</mapping>
		<mapping rdbms="Oracle Database 11g">NUMBER</mapping>
		<mapping rdbms="Oracle Database 10g">NUMBER</mapping>
		<mapping rdbms="Oracle9i">NUMBER</mapping>
		<mapping rdbms="SQL Server 2012">BIGINT</mapping>
		<mapping rdbms="SQL Server 2008">BIGINT</mapping>
		<mapping rdbms="SQL Server 2005">BIGINT</mapping>
		<mapping rdbms="SQL Server 2000">BIGINT</mapping>
		<mapping rdbms="DB2/390 8">DOUBLE</mapping>
		<mapping rdbms="DB2/390 7">DOUBLE</mapping>
		<mapping rdbms="DB2/UDB 9">DOUBLE</mapping>
		<mapping rdbms="DB2/UDB 8.1">DOUBLE</mapping>
		<mapping rdbms="DB2/UDB 7.1">DOUBLE</mapping>
	</logicaltype>
	<logicaltype name="FLOAT" objectid="LOGDT021">
		<mapping rdbms="Oracle Database 12c">FLOAT, precision</mapping>
		<mapping rdbms="Oracle Database 11g">FLOAT, precision</mapping>
		<mapping rdbms="Oracle Database 10g">FLOAT, precision</mapping>
		<mapping rdbms="Oracle9i">FLOAT, precision</mapping>
		<mapping rdbms="SQL Server 2012">FLOAT, precision</mapping>
		<mapping rdbms="SQL Server 2008">FLOAT, precision</mapping>
		<mapping rdbms="SQL Server 2005">FLOAT, precision</mapping>
		<mapping rdbms="SQL Server 2000">FLOAT, precision</mapping>
		<mapping rdbms="DB2/390 8">FLOAT, precision</mapping>
		<mapping rdbms="DB2/390 7">FLOAT, precision</mapping>
		<mapping rdbms="DB2/UDB 9">FLOAT, precision</mapping>
		<mapping rdbms="DB2/UDB 8.1">FLOAT, precision</mapping>
		<mapping rdbms="DB2/UDB 7.1">FLOAT, precision</mapping>
	</logicaltype>
	<logicaltype name="GRAPHIC" objectid="LOGDT031">
		<mapping rdbms="Oracle Database 12c">BLOB</mapping>
		<mapping rdbms="Oracle Database 11g">BLOB</mapping>
		<mapping rdbms="Oracle Database 10g">BLOB</mapping>
		<mapping rdbms="Oracle9i">BLOB</mapping>
		<mapping rdbms="SQL Server 2012">BINARY</mapping>
		<mapping rdbms="SQL Server 2008">BINARY</mapping>
		<mapping rdbms="SQL Server 2005">BINARY</mapping>
		<mapping rdbms="SQL Server 2000">BINARY</mapping>
		<mapping rdbms="DB2/390 8">GRAPHIC, size</mapping>
		<mapping rdbms="DB2/390 7">GRAPHIC, size</mapping>
		<mapping rdbms="DB2/UDB 9">GRAPHIC, size</mapping>
		<mapping rdbms="DB2/UDB 8.1">GRAPHIC, size</mapping>
		<mapping rdbms="DB2/UDB 7.1">GRAPHIC, size</mapping>
	</logicaltype>
	<logicaltype name="HTTPURIType" objectid="LOGDT052">
		<mapping rdbms="Oracle Database 12c">HTTPURITYPE</mapping>
		<mapping rdbms="Oracle Database 11g">HTTPURITYPE</mapping>
		<mapping rdbms="Oracle Database 10g">HTTPURITYPE</mapping>
		<mapping rdbms="Oracle9i">HTTPURITYPE</mapping>
		<mapping rdbms="SQL Server 2012">CHAR, size</mapping>
		<mapping rdbms="SQL Server 2008">CHAR, size</mapping>
		<mapping rdbms="SQL Server 2005">CHAR, size</mapping>
		<mapping rdbms="SQL Server 2000">CHAR, size</mapping>
		<mapping rdbms="DB2/390 8">CHAR, size</mapping>
		<mapping rdbms="DB2/390 7">CHAR, size</mapping>
		<mapping rdbms="DB2/UDB 9">CHAR, size</mapping>
		<mapping rdbms="DB2/UDB 8.1">CHAR, size</mapping>
		<mapping rdbms="DB2/UDB 7.1">CHAR, size</mapping>
	</logicaltype>
	<logicaltype name="INTERVAL DAY TO SECOND" objectid="LOGDT049">
		<mapping rdbms="Oracle Database 12c">INTERVAL DAY TO SECOND, precision, scale</mapping>
		<mapping rdbms="Oracle Database 11g">INTERVAL DAY TO SECOND, precision, scale</mapping>
		<mapping rdbms="Oracle Database 10g">INTERVAL DAY TO SECOND, precision, scale</mapping>
		<mapping rdbms="Oracle9i">INTERVAL DAY TO SECOND, precision, scale</mapping>
		<mapping rdbms="SQL Server 2012">CHAR, size</mapping>
		<mapping rdbms="SQL Server 2008">CHAR, size</mapping>
		<mapping rdbms="SQL Server 2005">CHAR, size</mapping>
		<mapping rdbms="SQL Server 2000">CHAR, size</mapping>
		<mapping rdbms="DB2/390 8">CHAR, size</mapping>
		<mapping rdbms="DB2/390 7">CHAR, size</mapping>
		<mapping rdbms="DB2/UDB 9">CHAR, size</mapping>
		<mapping rdbms="DB2/UDB 8.1">CHAR, size</mapping>
		<mapping rdbms="DB2/UDB 7.1">CHAR, size</mapping>
	</logicaltype>
	<logicaltype name="INTERVAL YEAR TO MONTH" objectid="LOGDT048">
		<mapping rdbms="Oracle Database 12c">INTERVAL YEAR TO MONTH, precision</mapping>
		<mapping rdbms="Oracle Database 11g">INTERVAL YEAR TO MONTH, precision</mapping>
		<mapping rdbms="Oracle Database 10g">INTERVAL YEAR TO MONTH, precision</mapping>
		<mapping rdbms="Oracle9i">INTERVAL YEAR TO MONTH, precision</mapping>
		<mapping rdbms="SQL Server 2012">CHAR, size</mapping>
		<mapping rdbms="SQL Server 2008">CHAR, size</mapping>
		<mapping rdbms="SQL Server 2005">CHAR, size</mapping>
		<mapping rdbms="SQL Server 2000">CHAR, size</mapping>
		<mapping rdbms="DB2/390 8">CHAR, size</mapping>
		<mapping rdbms="DB2/390 7">CHAR, size</mapping>
		<mapping rdbms="DB2/UDB 9">CHAR, size</mapping>
		<mapping rdbms="DB2/UDB 8.1">CHAR, size</mapping>
		<mapping rdbms="DB2/UDB 7.1">CHAR, size</mapping>
	</logicaltype>
	<logicaltype name="Image" objectid="LOGDT010">
		<mapping rdbms="Oracle Database 12c">BLOB</mapping>
		<mapping rdbms="Oracle Database 11g">BLOB</mapping>
		<mapping rdbms="Oracle Database 10g">BLOB</mapping>
		<mapping rdbms="Oracle9i">BLOB</mapping>
		<mapping rdbms="SQL Server 2012">IMAGE</mapping>
		<mapping rdbms="SQL Server 2008">IMAGE</mapping>
		<mapping rdbms="SQL Server 2005">IMAGE</mapping>
		<mapping rdbms="SQL Server 2000">IMAGE</mapping>
		<mapping rdbms="DB2/390 8">BLOB, size</mapping>
		<mapping rdbms="DB2/390 7">BLOB, size</mapping>
		<mapping rdbms="DB2/UDB 9">BLOB, size</mapping>
		<mapping rdbms="DB2/UDB 8.1">BLOB, size</mapping>
		<mapping rdbms="DB2/UDB 7.1">BLOB, size</mapping>
	</logicaltype>
	<logicaltype name="Integer" objectid="LOGDT011">
		<mapping rdbms="Oracle Database 12c">INTEGER</mapping>
		<mapping rdbms="Oracle Database 11g">INTEGER</mapping>
		<mapping rdbms="Oracle Database 10g">INTEGER</mapping>
		<mapping rdbms="Oracle9i">INTEGER</mapping>
		<mapping rdbms="SQL Server 2012">INTEGER</mapping>
		<mapping rdbms="SQL Server 2008">INTEGER</mapping>
		<mapping rdbms="SQL Server 2005">INTEGER</mapping>
		<mapping rdbms="SQL Server 2000">INTEGER</mapping>
		<mapping rdbms="DB2/390 8">INTEGER</mapping>
		<mapping rdbms="DB2/390 7">INTEGER</mapping>
		<mapping rdbms="DB2/UDB 9">INTEGER</mapping>
		<mapping rdbms="DB2/UDB 8.1">INTEGER</mapping>
		<mapping rdbms="DB2/UDB 7.1">INTEGER</mapping>
	</logicaltype>
	<logicaltype name="Long Char" objectid="LogDes-1768A872-F385-FDBA-D95E-0CB63F5908E2@LOGDT10045">
		<mapping rdbms="Oracle Database 12c">LONG</mapping>
		<mapping rdbms="Oracle Database 11g">LONG</mapping>
		<mapping rdbms="Oracle Database 10g">LONG</mapping>
		<mapping rdbms="Oracle9i">LONG</mapping>
		<mapping rdbms="SQL Server 2012">VARCHAR, size</mapping>
		<mapping rdbms="SQL Server 2008">VARCHAR, size</mapping>
		<mapping rdbms="SQL Server 2005">VARCHAR, size</mapping>
		<mapping rdbms="SQL Server 2000">VARCHAR, size</mapping>
		<mapping rdbms="DB2/390 8">CLOB, size</mapping>
		<mapping rdbms="DB2/390 7">CLOB, size</mapping>
		<mapping rdbms="DB2/UDB 9">CLOB, size</mapping>
		<mapping rdbms="DB2/UDB 8.1">CLOB, size</mapping>
		<mapping rdbms="DB2/UDB 7.1">CLOB, size</mapping>
	</logicaltype>
	<logicaltype name="Long_Raw" objectid="LogDes-7DD553FD-11E8-61FA-399D-2E531FB621D0@LOGDT10036">
		<mapping rdbms="Oracle Database 12c">LONG RAW</mapping>
		<mapping rdbms="Oracle Database 11g">LONG RAW</mapping>
		<mapping rdbms="Oracle Database 10g">LONG RAW</mapping>
		<mapping rdbms="Oracle9i">LONG RAW</mapping>
		<mapping rdbms="SQL Server 2012">VARBINARY, size</mapping>
		<mapping rdbms="SQL Server 2008">VARBINARY, size</mapping>
		<mapping rdbms="SQL Server 2005">VARBINARY, size</mapping>
		<mapping rdbms="SQL Server 2000">VARBINARY, size</mapping>
		<mapping rdbms="DB2/390 8">BLOB, size</mapping>
		<mapping rdbms="DB2/390 7">BLOB, size</mapping>
		<mapping rdbms="DB2/UDB 9">BLOB, size</mapping>
		<mapping rdbms="DB2/UDB 8.1">BLOB, size</mapping>
		<mapping rdbms="DB2/UDB 7.1">BLOB, size</mapping>
	</logicaltype>
	<logicaltype name="MONEY" objectid="LOGDT043">
		<mapping rdbms="Oracle Database 12c">NUMBER, precision, scale</mapping>
		<mapping rdbms="Oracle Database 11g">NUMBER, precision, scale</mapping>
		<mapping rdbms="Oracle Database 10g">NUMBER, precision, scale</mapping>
		<mapping rdbms="Oracle9i">NUMBER, precision, scale</mapping>
		<mapping rdbms="SQL Server 2012">MONEY</mapping>
		<mapping rdbms="SQL Server 2008">MONEY</mapping>
		<mapping rdbms="SQL Server 2005">MONEY</mapping>
		<mapping rdbms="SQL Server 2000">MONEY</mapping>
		<mapping rdbms="DB2/390 8">DOUBLE</mapping>
		<mapping rdbms="DB2/390 7">DOUBLE</mapping>
		<mapping rdbms="DB2/UDB 9">DOUBLE</mapping>
		<mapping rdbms="DB2/UDB 8.1">DOUBLE</mapping>
		<mapping rdbms="DB2/UDB 7.1">DOUBLE</mapping>
	</logicaltype>
	<logicaltype name="NCHAR" objectid="LOGDT035">
		<mapping rdbms="Oracle Database 12c">NCHAR, size</mapping>
		<mapping rdbms="Oracle Database 11g">NCHAR, size</mapping>
		<mapping rdbms="Oracle Database 10g">NCHAR, size</mapping>
		<mapping rdbms="Oracle9i">NCHAR, size</mapping>
		<mapping rdbms="SQL Server 2012">NCHAR, size</mapping>
		<mapping rdbms="SQL Server 2008">NCHAR, size</mapping>
		<mapping rdbms="SQL Server 2005">NCHAR, size</mapping>
		<mapping rdbms="SQL Server 2000">NCHAR, size</mapping>
		<mapping rdbms="DB2/390 8">CHAR, size</mapping>
		<mapping rdbms="DB2/390 7">CHAR, size</mapping>
		<mapping rdbms="DB2/UDB 9">CHAR, size</mapping>
		<mapping rdbms="DB2/UDB 8.1">CHAR, size</mapping>
		<mapping rdbms="DB2/UDB 7.1">CHAR, size</mapping>
	</logicaltype>
	<logicaltype name="NClob" objectid="LogDes-7DD553FD-11E8-61FA-399D-2E531FB621D0@LOGDT10035">
		<mapping rdbms="Oracle Database 12c">NCLOB</mapping>
		<mapping rdbms="Oracle Database 11g">NCLOB</mapping>
		<mapping rdbms="Oracle Database 10g">NCLOB</mapping>
		<mapping rdbms="Oracle9i">NCLOB</mapping>
		<mapping rdbms="SQL Server 2012">NTEXT</mapping>
		<mapping rdbms="SQL Server 2008">NTEXT</mapping>
		<mapping rdbms="SQL Server 2005">NTEXT</mapping>
		<mapping rdbms="SQL Server 2000">NTEXT</mapping>
		<mapping rdbms="DB2/390 8">CLOB, size</mapping>
		<mapping rdbms="DB2/390 7">CLOB, size</mapping>
		<mapping rdbms="DB2/UDB 9">CLOB, size</mapping>
		<mapping rdbms="DB2/UDB 8.1">CLOB, size</mapping>
		<mapping rdbms="DB2/UDB 7.1">CLOB, size</mapping>
	</logicaltype>
	<logicaltype name="NTEXT" objectid="LOGDT036">
		<mapping rdbms="Oracle Database 12c">NCLOB</mapping>
		<mapping rdbms="Oracle Database 11g">NCLOB</mapping>
		<mapping rdbms="Oracle Database 10g">NCLOB</mapping>
		<mapping rdbms="Oracle9i">NCLOB</mapping>
		<mapping rdbms="SQL Server 2012">NTEXT</mapping>
		<mapping rdbms="SQL Server 2008">NTEXT</mapping>
		<mapping rdbms="SQL Server 2005">NTEXT</mapping>
		<mapping rdbms="SQL Server 2000">NTEXT</mapping>
		<mapping rdbms="DB2/390 8">CLOB, size</mapping>
		<mapping rdbms="DB2/390 7">CLOB, size</mapping>
		<mapping rdbms="DB2/UDB 9">CLOB, size</mapping>
		<mapping rdbms="DB2/UDB 8.1">CLOB, size</mapping>
		<mapping rdbms="DB2/UDB 7.1">CLOB, size</mapping>
	</logicaltype>
	<logicaltype name="NUMERIC" objectid="LOGDT019">
		<mapping rdbms="Oracle Database 12c">NUMBER, precision, scale</mapping>
		<mapping rdbms="Oracle Database 11g">NUMBER, precision, scale</mapping>
		<mapping rdbms="Oracle Database 10g">NUMBER, precision, scale</mapping>
		<mapping rdbms="Oracle9i">NUMBER, precision, scale</mapping>
		<mapping rdbms="SQL Server 2012">NUMERIC, precision, scale</mapping>
		<mapping rdbms="SQL Server 2008">NUMERIC, precision, scale</mapping>
		<mapping rdbms="SQL Server 2005">NUMERIC, precision, scale</mapping>
		<mapping rdbms="SQL Server 2000">NUMERIC, precision, scale</mapping>
		<mapping rdbms="DB2/390 8">NUMERIC, precision, scale</mapping>
		<mapping rdbms="DB2/390 7">NUMERIC, precision, scale</mapping>
		<mapping rdbms="DB2/UDB 9">NUMERIC, precision, scale</mapping>
		<mapping rdbms="DB2/UDB 8.1">NUMERIC, precision, scale</mapping>
		<mapping rdbms="DB2/UDB 7.1">NUMERIC, precision, scale</mapping>
	</logicaltype>
	<logicaltype name="NVARCHAR" objectid="LOGDT037">
		<mapping rdbms="Oracle Database 12c">NVARCHAR2, size</mapping>
		<mapping rdbms="Oracle Database 11g">NVARCHAR2, size</mapping>
		<mapping rdbms="Oracle Database 10g">NVARCHAR2, size</mapping>
		<mapping rdbms="Oracle9i">NVARCHAR2, size</mapping>
		<mapping rdbms="SQL Server 2012">NVARCHAR, size</mapping>
		<mapping rdbms="SQL Server 2008">NVARCHAR, size</mapping>
		<mapping rdbms="SQL Server 2005">NVARCHAR, size</mapping>
		<mapping rdbms="SQL Server 2000">NVARCHAR, size</mapping>
		<mapping rdbms="DB2/390 8">VARCHAR, size</mapping>
		<mapping rdbms="DB2/390 7">VARCHAR, size</mapping>
		<mapping rdbms="DB2/UDB 9">VARCHAR, size</mapping>
		<mapping rdbms="DB2/UDB 8.1">VARCHAR, size</mapping>
		<mapping rdbms="DB2/UDB 7.1">VARCHAR, size</mapping>
	</logicaltype>
	<logicaltype name="ORDAUDIO" objectid="LogDes-4972B6D2-6F93-8AE5-6E24-3599E65A7CFE@LOGDT10005">
		<mapping rdbms="Oracle Database 12c">ORDSYS.ORDAudio</mapping>
		<mapping rdbms="Oracle Database 11g">ORDSYS.ORDAudio</mapping>
		<mapping rdbms="Oracle Database 10g">ORDSYS.ORDAudio</mapping>
		<mapping rdbms="Oracle9i">ORDSYS.ORDAudio</mapping>
		<mapping rdbms="SQL Server 2012">UNKNOWN</mapping>
		<mapping rdbms="SQL Server 2008">UNKNOWN</mapping>
		<mapping rdbms="SQL Server 2005">UNKNOWN</mapping>
		<mapping rdbms="SQL Server 2000">UNKNOWN</mapping>
		<mapping rdbms="DB2/390 8">UNKNOWN</mapping>
		<mapping rdbms="DB2/390 7">UNKNOWN</mapping>
		<mapping rdbms="DB2/UDB 9">UNKNOWN</mapping>
		<mapping rdbms="DB2/UDB 8.1">UNKNOWN</mapping>
		<mapping rdbms="DB2/UDB 7.1">UNKNOWN</mapping>
	</logicaltype>
	<logicaltype name="ORDDOC" objectid="LogDes-4972B6D2-6F93-8AE5-6E24-3599E65A7CFE@LOGDT10009">
		<mapping rdbms="Oracle Database 12c">ORDSYS.ORDDoc</mapping>
		<mapping rdbms="Oracle Database 11g">ORDSYS.ORDDoc</mapping>
		<mapping rdbms="Oracle Database 10g">ORDSYS.ORDDoc</mapping>
		<mapping rdbms="Oracle9i">ORDSYS.ORDDoc</mapping>
		<mapping rdbms="SQL Server 2012">UNKNOWN</mapping>
		<mapping rdbms="SQL Server 2008">UNKNOWN</mapping>
		<mapping rdbms="SQL Server 2005">UNKNOWN</mapping>
		<mapping rdbms="SQL Server 2000">UNKNOWN</mapping>
		<mapping rdbms="DB2/390 8">UNKNOWN</mapping>
		<mapping rdbms="DB2/390 7">UNKNOWN</mapping>
		<mapping rdbms="DB2/UDB 9">UNKNOWN</mapping>
		<mapping rdbms="DB2/UDB 8.1">UNKNOWN</mapping>
		<mapping rdbms="DB2/UDB 7.1">UNKNOWN</mapping>
	</logicaltype>
	<logicaltype name="ORDIMAGE" objectid="LogDes-4972B6D2-6F93-8AE5-6E24-3599E65A7CFE@LOGDT10006">
		<mapping rdbms="Oracle Database 12c">ORDSYS.ORDImage</mapping>
		<mapping rdbms="Oracle Database 11g">ORDSYS.ORDImage</mapping>
		<mapping rdbms="Oracle Database 10g">ORDSYS.ORDImage</mapping>
		<mapping rdbms="Oracle9i">ORDSYS.ORDImage</mapping>
		<mapping rdbms="SQL Server 2012">UNKNOWN</mapping>
		<mapping rdbms="SQL Server 2008">UNKNOWN</mapping>
		<mapping rdbms="SQL Server 2005">UNKNOWN</mapping>
		<mapping rdbms="SQL Server 2000">UNKNOWN</mapping>
		<mapping rdbms="DB2/390 8">UNKNOWN</mapping>
		<mapping rdbms="DB2/390 7">UNKNOWN</mapping>
		<mapping rdbms="DB2/UDB 9">UNKNOWN</mapping>
		<mapping rdbms="DB2/UDB 8.1">UNKNOWN</mapping>
		<mapping rdbms="DB2/UDB 7.1">UNKNOWN</mapping>
	</logicaltype>
	<logicaltype name="ORDIMAGE_SIGNATURE" objectid="LogDes-4972B6D2-6F93-8AE5-6E24-3599E65A7CFE@LOGDT10007">
		<mapping rdbms="Oracle Database 12c">ORDSYS.ORDImageSignature</mapping>
		<mapping rdbms="Oracle Database 11g">ORDSYS.ORDImageSignature</mapping>
		<mapping rdbms="Oracle Database 10g">ORDSYS.ORDImageSignature</mapping>
		<mapping rdbms="Oracle9i">ORDSYS.ORDImageSignature</mapping>
		<mapping rdbms="SQL Server 2012">UNKNOWN</mapping>
		<mapping rdbms="SQL Server 2008">UNKNOWN</mapping>
		<mapping rdbms="SQL Server 2005">UNKNOWN</mapping>
		<mapping rdbms="SQL Server 2000">UNKNOWN</mapping>
		<mapping rdbms="DB2/390 8">UNKNOWN</mapping>
		<mapping rdbms="DB2/390 7">UNKNOWN</mapping>
		<mapping rdbms="DB2/UDB 9">UNKNOWN</mapping>
		<mapping rdbms="DB2/UDB 8.1">UNKNOWN</mapping>
		<mapping rdbms="DB2/UDB 7.1">UNKNOWN</mapping>
	</logicaltype>
	<logicaltype name="ORDVIDEO" objectid="LogDes-4972B6D2-6F93-8AE5-6E24-3599E65A7CFE@LOGDT10008">
		<mapping rdbms="Oracle Database 12c">ORDSYS.ORDVideo</mapping>
		<mapping rdbms="Oracle Database 11g">ORDSYS.ORDVideo</mapping>
		<mapping rdbms="Oracle Database 10g">ORDSYS.ORDVideo</mapping>
		<mapping rdbms="Oracle9i">ORDSYS.ORDVideo</mapping>
		<mapping rdbms="SQL Server 2012">UNKNOWN</mapping>
		<mapping rdbms="SQL Server 2008">UNKNOWN</mapping>
		<mapping rdbms="SQL Server 2005">UNKNOWN</mapping>
		<mapping rdbms="SQL Server 2000">UNKNOWN</mapping>
		<mapping rdbms="DB2/390 8">UNKNOWN</mapping>
		<mapping rdbms="DB2/390 7">UNKNOWN</mapping>
		<mapping rdbms="DB2/UDB 9">UNKNOWN</mapping>
		<mapping rdbms="DB2/UDB 8.1">UNKNOWN</mapping>
		<mapping rdbms="DB2/UDB 7.1">UNKNOWN</mapping>
	</logicaltype>
	<logicaltype name="REAL" objectid="LOGDT022">
		<mapping rdbms="Oracle Database 12c">REAL</mapping>
		<mapping rdbms="Oracle Database 11g">REAL</mapping>
		<mapping rdbms="Oracle Database 10g">REAL</mapping>
		<mapping rdbms="Oracle9i">REAL</mapping>
		<mapping rdbms="SQL Server 2012">REAL, precision</mapping>
		<mapping rdbms="SQL Server 2008">REAL, precision</mapping>
		<mapping rdbms="SQL Server 2005">REAL, precision</mapping>
		<mapping rdbms="SQL Server 2000">REAL, precision</mapping>
		<mapping rdbms="DB2/390 8">REAL</mapping>
		<mapping rdbms="DB2/390 7">REAL</mapping>
		<mapping rdbms="DB2/UDB 9">REAL</mapping>
		<mapping rdbms="DB2/UDB 8.1">REAL</mapping>
		<mapping rdbms="DB2/UDB 7.1">REAL</mapping>
	</logicaltype>
	<logicaltype name="ROWID" objectid="LOGDT032">
		<mapping rdbms="Oracle Database 12c">ROWID</mapping>
		<mapping rdbms="Oracle Database 11g">ROWID</mapping>
		<mapping rdbms="Oracle Database 10g">ROWID</mapping>
		<mapping rdbms="Oracle9i">ROWID</mapping>
		<mapping rdbms="SQL Server 2012">CHAR, size</mapping>
		<mapping rdbms="SQL Server 2008">CHAR, size</mapping>
		<mapping rdbms="SQL Server 2005">CHAR, size</mapping>
		<mapping rdbms="SQL Server 2000">CHAR, size</mapping>
		<mapping rdbms="DB2/390 8">ROWID</mapping>
		<mapping rdbms="DB2/390 7">ROWID</mapping>
		<mapping rdbms="DB2/UDB 9">CHAR, size</mapping>
		<mapping rdbms="DB2/UDB 8.1">CHAR, size</mapping>
		<mapping rdbms="DB2/UDB 7.1">CHAR, size</mapping>
	</logicaltype>
	<logicaltype name="Raw" objectid="LogDes-4BABEC65-108B-2A3C-F7C4-84AC47D292B0@LOGDT10040">
		<mapping rdbms="Oracle Database 12c">RAW, size</mapping>
		<mapping rdbms="Oracle Database 11g">RAW, size</mapping>
		<mapping rdbms="Oracle Database 10g">RAW, size</mapping>
		<mapping rdbms="Oracle9i">RAW, size</mapping>
		<mapping rdbms="SQL Server 2012">VARBINARY, size</mapping>
		<mapping rdbms="SQL Server 2008">VARBINARY, size</mapping>
		<mapping rdbms="SQL Server 2005">VARBINARY, size</mapping>
		<mapping rdbms="SQL Server 2000">VARBINARY, size</mapping>
		<mapping rdbms="DB2/390 8">VARGRAPHIC, size</mapping>
		<mapping rdbms="DB2/390 7">VARGRAPHIC, size</mapping>
		<mapping rdbms="DB2/UDB 9">VARGRAPHIC, size</mapping>
		<mapping rdbms="DB2/UDB 8.1">VARGRAPHIC, size</mapping>
		<mapping rdbms="DB2/UDB 7.1">VARGRAPHIC, size</mapping>
	</logicaltype>
	<logicaltype name="SMALLDATETIME" objectid="LOGDT038">
		<mapping rdbms="Oracle Database 12c">DATE</mapping>
		<mapping rdbms="Oracle Database 11g">DATE</mapping>
		<mapping rdbms="Oracle Database 10g">DATE</mapping>
		<mapping rdbms="Oracle9i">DATE</mapping>
		<mapping rdbms="SQL Server 2012">SMALLDATETIME</mapping>
		<mapping rdbms="SQL Server 2008">SMALLDATETIME</mapping>
		<mapping rdbms="SQL Server 2005">SMALLDATETIME</mapping>
		<mapping rdbms="SQL Server 2000">SMALLDATETIME</mapping>
		<mapping rdbms="DB2/390 8">TIMESTAMP</mapping>
		<mapping rdbms="DB2/390 7">TIMESTAMP</mapping>
		<mapping rdbms="DB2/UDB 9">TIMESTAMP</mapping>
		<mapping rdbms="DB2/UDB 8.1">TIMESTAMP</mapping>
		<mapping rdbms="DB2/UDB 7.1">TIMESTAMP</mapping>
	</logicaltype>
	<logicaltype name="SMALLINT" objectid="LOGDT018">
		<mapping rdbms="Oracle Database 12c">SMALLINT</mapping>
		<mapping rdbms="Oracle Database 11g">SMALLINT</mapping>
		<mapping rdbms="Oracle Database 10g">SMALLINT</mapping>
		<mapping rdbms="Oracle9i">SMALLINT</mapping>
		<mapping rdbms="SQL Server 2012">SMALLINT</mapping>
		<mapping rdbms="SQL Server 2008">SMALLINT</mapping>
		<mapping rdbms="SQL Server 2005">SMALLINT</mapping>
		<mapping rdbms="SQL Server 2000">SMALLINT</mapping>
		<mapping rdbms="DB2/390 8">SMALLINT</mapping>
		<mapping rdbms="DB2/390 7">SMALLINT</mapping>
		<mapping rdbms="DB2/UDB 9">SMALLINT</mapping>
		<mapping rdbms="DB2/UDB 8.1">SMALLINT</mapping>
		<mapping rdbms="DB2/UDB 7.1">SMALLINT</mapping>
	</logicaltype>
	<logicaltype name="SMALLMONEY" objectid="LOGDT044">
		<mapping rdbms="Oracle Database 12c">NUMBER, precision, scale</mapping>
		<mapping rdbms="Oracle Database 11g">NUMBER, precision, scale</mapping>
		<mapping rdbms="Oracle Database 10g">NUMBER, precision, scale</mapping>
		<mapping rdbms="Oracle9i">NUMBER, precision, scale</mapping>
		<mapping rdbms="SQL Server 2012">SMALLMONEY</mapping>
		<mapping rdbms="SQL Server 2008">SMALLMONEY</mapping>
		<mapping rdbms="SQL Server 2005">SMALLMONEY</mapping>
		<mapping rdbms="SQL Server 2000">SMALLMONEY</mapping>
		<mapping rdbms="DB2/390 8">REAL</mapping>
		<mapping rdbms="DB2/390 7">REAL</mapping>
		<mapping rdbms="DB2/UDB 9">REAL</mapping>
		<mapping rdbms="DB2/UDB 8.1">REAL</mapping>
		<mapping rdbms="DB2/UDB 7.1">REAL</mapping>
	</logicaltype>
	<logicaltype name="SQL_VARIANT" objectid="LOGDT045">
		<mapping rdbms="Oracle Database 12c">SYS.ANYDATA</mapping>
		<mapping rdbms="Oracle Database 11g">SYS.ANYDATA</mapping>
		<mapping rdbms="Oracle Database 10g">SYS.ANYDATA</mapping>
		<mapping rdbms="Oracle9i">SYS.ANYDATA</mapping>
		<mapping rdbms="SQL Server 2012">SQL_VARIANT</mapping>
		<mapping rdbms="SQL Server 2008">SQL_VARIANT</mapping>
		<mapping rdbms="SQL Server 2005">SQL_VARIANT</mapping>
		<mapping rdbms="SQL Server 2000">SQL_VARIANT</mapping>
		<mapping rdbms="DB2/390 8">UNKNOWN</mapping>
		<mapping rdbms="DB2/390 7">UNKNOWN</mapping>
		<mapping rdbms="DB2/UDB 9">UNKNOWN</mapping>
		<mapping rdbms="DB2/UDB 8.1">UNKNOWN</mapping>
		<mapping rdbms="DB2/UDB 7.1">UNKNOWN</mapping>
	</logicaltype>
	<logicaltype name="SYSNAME" objectid="LOGDT039">
		<mapping rdbms="Oracle Database 12c">VARCHAR2, size</mapping>
		<mapping rdbms="Oracle Database 11g">VARCHAR2, size</mapping>
		<mapping rdbms="Oracle Database 10g">VARCHAR2, size</mapping>
		<mapping rdbms="Oracle9i">VARCHAR2, size</mapping>
		<mapping rdbms="SQL Server 2012">SYSNAME</mapping>
		<mapping rdbms="SQL Server 2008">SYSNAME</mapping>
		<mapping rdbms="SQL Server 2005">SYSNAME</mapping>
		<mapping rdbms="SQL Server 2000">SYSNAME</mapping>
		<mapping rdbms="DB2/390 8">VARCHAR, size</mapping>
		<mapping rdbms="DB2/390 7">VARCHAR, size</mapping>
		<mapping rdbms="DB2/UDB 9">VARCHAR, size</mapping>
		<mapping rdbms="DB2/UDB 8.1">VARCHAR, size</mapping>
		<mapping rdbms="DB2/UDB 7.1">VARCHAR, size</mapping>
	</logicaltype>
	<logicaltype name="SYS_ANYDATA" objectid="LogDes-F046B719-7D91-3873-3302-38C441683842@LOGDT10010">
		<mapping rdbms="Oracle Database 12c">SYS.ANYDATA</mapping>
		<mapping rdbms="Oracle Database 11g">SYS.ANYDATA</mapping>
		<mapping rdbms="Oracle Database 10g">SYS.ANYDATA</mapping>
		<mapping rdbms="Oracle9i">SYS.ANYDATA</mapping>
		<mapping rdbms="SQL Server 2012">SQL_VARIANT</mapping>
		<mapping rdbms="SQL Server 2008">SQL_VARIANT</mapping>
		<mapping rdbms="SQL Server 2005">SQL_VARIANT</mapping>
		<mapping rdbms="SQL Server 2000">SQL_VARIANT</mapping>
		<mapping rdbms="DB2/390 8">UNKNOWN</mapping>
		<mapping rdbms="DB2/390 7">UNKNOWN</mapping>
		<mapping rdbms="DB2/UDB 9">UNKNOWN</mapping>
		<mapping rdbms="DB2/UDB 8.1">UNKNOWN</mapping>
		<mapping rdbms="DB2/UDB 7.1">UNKNOWN</mapping>
	</logicaltype>
	<logicaltype name="SYS_ANYDATASET" objectid="LogDes-22E251EB-9F6C-8137-56B2-DD4B87DC1E33@LOGDT10030">
		<mapping rdbms="Oracle Database 12c">SYS.ANYDATASET</mapping>
		<mapping rdbms="Oracle Database 11g">SYS.ANYDATASET</mapping>
		<mapping rdbms="Oracle Database 10g">SYS.ANYDATASET</mapping>
		<mapping rdbms="Oracle9i">SYS.ANYDATASET</mapping>
		<mapping rdbms="SQL Server 2012">UNKNOWN</mapping>
		<mapping rdbms="SQL Server 2008">UNKNOWN</mapping>
		<mapping rdbms="SQL Server 2005">UNKNOWN</mapping>
		<mapping rdbms="SQL Server 2000">UNKNOWN</mapping>
		<mapping rdbms="DB2/390 8">UNKNOWN</mapping>
		<mapping rdbms="DB2/390 7">UNKNOWN</mapping>
		<mapping rdbms="DB2/UDB 9">UNKNOWN</mapping>
		<mapping rdbms="DB2/UDB 8.1">UNKNOWN</mapping>
		<mapping rdbms="DB2/UDB 7.1">UNKNOWN</mapping>
	</logicaltype>
	<logicaltype name="SYS_ANYTYPE" objectid="LogDes-F046B719-7D91-3873-3302-38C441683842@LOGDT10011">
		<mapping rdbms="Oracle Database 12c">SYS.ANYTYPE</mapping>
		<mapping rdbms="Oracle Database 11g">SYS.ANYTYPE</mapping>
		<mapping rdbms="Oracle Database 10g">SYS.ANYTYPE</mapping>
		<mapping rdbms="Oracle9i">SYS.ANYTYPE</mapping>
		<mapping rdbms="SQL Server 2012">UNKNOWN</mapping>
		<mapping rdbms="SQL Server 2008">UNKNOWN</mapping>
		<mapping rdbms="SQL Server 2005">UNKNOWN</mapping>
		<mapping rdbms="SQL Server 2000">UNKNOWN</mapping>
		<mapping rdbms="DB2/390 8">UNKNOWN</mapping>
		<mapping rdbms="DB2/390 7">UNKNOWN</mapping>
		<mapping rdbms="DB2/UDB 9">UNKNOWN</mapping>
		<mapping rdbms="DB2/UDB 8.1">UNKNOWN</mapping>
		<mapping rdbms="DB2/UDB 7.1">UNKNOWN</mapping>
	</logicaltype>
	<logicaltype name="TEXT" objectid="LOGDT040">
		<mapping rdbms="Oracle Database 12c">CLOB</mapping>
		<mapping rdbms="Oracle Database 11g">CLOB</mapping>
		<mapping rdbms="Oracle Database 10g">CLOB</mapping>
		<mapping rdbms="Oracle9i">CLOB</mapping>
		<mapping rdbms="SQL Server 2012">TEXT</mapping>
		<mapping rdbms="SQL Server 2008">TEXT</mapping>
		<mapping rdbms="SQL Server 2005">TEXT</mapping>
		<mapping rdbms="SQL Server 2000">TEXT</mapping>
		<mapping rdbms="DB2/390 8">VARCHAR, size</mapping>
		<mapping rdbms="DB2/390 7">VARCHAR, size</mapping>
		<mapping rdbms="DB2/UDB 9">VARCHAR, size</mapping>
		<mapping rdbms="DB2/UDB 8.1">VARCHAR, size</mapping>
		<mapping rdbms="DB2/UDB 7.1">VARCHAR, size</mapping>
	</logicaltype>
	<logicaltype name="TIMESTAMP WITH LOCAL TIME ZONE" objectid="LOGDT047">
		<mapping rdbms="Oracle Database 12c">TIMESTAMP WITH LOCAL TIME ZONE, precision</mapping>
		<mapping rdbms="Oracle Database 11g">TIMESTAMP WITH LOCAL TIME ZONE, precision</mapping>
		<mapping rdbms="Oracle Database 10g">TIMESTAMP WITH LOCAL TIME ZONE, precision</mapping>
		<mapping rdbms="Oracle9i">TIMESTAMP WITH LOCAL TIME ZONE, precision</mapping>
		<mapping rdbms="SQL Server 2012">DATETIME</mapping>
		<mapping rdbms="SQL Server 2008">DATETIME</mapping>
		<mapping rdbms="SQL Server 2005">DATETIME</mapping>
		<mapping rdbms="SQL Server 2000">DATETIME</mapping>
		<mapping rdbms="DB2/390 8">TIMESTAMP</mapping>
		<mapping rdbms="DB2/390 7">TIMESTAMP</mapping>
		<mapping rdbms="DB2/UDB 9">TIMESTAMP</mapping>
		<mapping rdbms="DB2/UDB 8.1">TIMESTAMP</mapping>
		<mapping rdbms="DB2/UDB 7.1">TIMESTAMP</mapping>
	</logicaltype>
	<logicaltype name="TIMESTAMP WITH TIME ZONE" objectid="LOGDT046">
		<mapping rdbms="Oracle Database 12c">TIMESTAMP WITH TIME ZONE, precision</mapping>
		<mapping rdbms="Oracle Database 11g">TIMESTAMP WITH TIME ZONE, precision</mapping>
		<mapping rdbms="Oracle Database 10g">TIMESTAMP WITH TIME ZONE, precision</mapping>
		<mapping rdbms="Oracle9i">TIMESTAMP WITH TIME ZONE, precision</mapping>
		<mapping rdbms="SQL Server 2012">DATETIME</mapping>
		<mapping rdbms="SQL Server 2008">DATETIME</mapping>
		<mapping rdbms="SQL Server 2005">DATETIME</mapping>
		<mapping rdbms="SQL Server 2000">DATETIME</mapping>
		<mapping rdbms="DB2/390 8">TIMESTAMP</mapping>
		<mapping rdbms="DB2/390 7">TIMESTAMP</mapping>
		<mapping rdbms="DB2/UDB 9">TIMESTAMP</mapping>
		<mapping rdbms="DB2/UDB 8.1">TIMESTAMP</mapping>
		<mapping rdbms="DB2/UDB 7.1">TIMESTAMP</mapping>
	</logicaltype>
	<logicaltype name="TINYINT" objectid="LOGDT042">
		<mapping rdbms="Oracle Database 12c">SMALLINT</mapping>
		<mapping rdbms="Oracle Database 11g">SMALLINT</mapping>
		<mapping rdbms="Oracle Database 10g">SMALLINT</mapping>
		<mapping rdbms="Oracle9i">SMALLINT</mapping>
		<mapping rdbms="SQL Server 2012">TINYINT</mapping>
		<mapping rdbms="SQL Server 2008">TINYINT</mapping>
		<mapping rdbms="SQL Server 2005">TINYINT</mapping>
		<mapping rdbms="SQL Server 2000">TINYINT</mapping>
		<mapping rdbms="DB2/390 8">SMALLINT</mapping>
		<mapping rdbms="DB2/390 7">SMALLINT</mapping>
		<mapping rdbms="DB2/UDB 9">SMALLINT</mapping>
		<mapping rdbms="DB2/UDB 8.1">SMALLINT</mapping>
		<mapping rdbms="DB2/UDB 7.1">SMALLINT</mapping>
	</logicaltype>
	<logicaltype name="Time" objectid="LOGDT014">
		<mapping rdbms="Oracle Database 12c">DATE</mapping>
		<mapping rdbms="Oracle Database 11g">DATE</mapping>
		<mapping rdbms="Oracle Database 10g">DATE</mapping>
		<mapping rdbms="Oracle9i">DATE</mapping>
		<mapping rdbms="SQL Server 2012">TIME</mapping>
		<mapping rdbms="SQL Server 2008">TIME</mapping>
		<mapping rdbms="SQL Server 2005">DATETIME</mapping>
		<mapping rdbms="SQL Server 2000">DATETIME</mapping>
		<mapping rdbms="DB2/390 8">TIME</mapping>
		<mapping rdbms="DB2/390 7">TIME</mapping>
		<mapping rdbms="DB2/UDB 9">TIME</mapping>
		<mapping rdbms="DB2/UDB 8.1">TIME</mapping>
		<mapping rdbms="DB2/UDB 7.1">TIME</mapping>
	</logicaltype>
	<logicaltype name="Timestamp" objectid="LOGDT015">
		<mapping rdbms="Oracle Database 12c">TIMESTAMP, precision</mapping>
		<mapping rdbms="Oracle Database 11g">TIMESTAMP, precision</mapping>
		<mapping rdbms="Oracle Database 10g">TIMESTAMP, precision</mapping>
		<mapping rdbms="Oracle9i">TIMESTAMP, precision</mapping>
		<mapping rdbms="SQL Server 2012">DATETIME</mapping>
		<mapping rdbms="SQL Server 2008">DATETIME</mapping>
		<mapping rdbms="SQL Server 2005">DATETIME</mapping>
		<mapping rdbms="SQL Server 2000">DATETIME</mapping>
		<mapping rdbms="DB2/390 8">TIMESTAMP</mapping>
		<mapping rdbms="DB2/390 7">TIMESTAMP</mapping>
		<mapping rdbms="DB2/UDB 9">TIMESTAMP</mapping>
		<mapping rdbms="DB2/UDB 8.1">TIMESTAMP</mapping>
		<mapping rdbms="DB2/UDB 7.1">TIMESTAMP</mapping>
	</logicaltype>
	<logicaltype name="UNIQUEIDENTIFIER" objectid="LOGDT057">
		<mapping rdbms="Oracle Database 12c">CHAR, size</mapping>
		<mapping rdbms="Oracle Database 11g">CHAR, size</mapping>
		<mapping rdbms="Oracle Database 10g">CHAR, size</mapping>
		<mapping rdbms="Oracle9i">CHAR, size</mapping>
		<mapping rdbms="SQL Server 2012">UNIQUEIDENTIFIER</mapping>
		<mapping rdbms="SQL Server 2008">UNIQUEIDENTIFIER</mapping>
		<mapping rdbms="SQL Server 2005">UNIQUEIDENTIFIER</mapping>
		<mapping rdbms="SQL Server 2000">UNIQUEIDENTIFIER</mapping>
		<mapping rdbms="DB2/390 8">CHAR, size</mapping>
		<mapping rdbms="DB2/390 7">CHAR, size</mapping>
		<mapping rdbms="DB2/UDB 9">CHAR, size</mapping>
		<mapping rdbms="DB2/UDB 8.1">CHAR, size</mapping>
		<mapping rdbms="DB2/UDB 7.1">CHAR, size</mapping>
	</logicaltype>
	<logicaltype name="URIType" objectid="LOGDT051">
		<mapping rdbms="Oracle Database 12c">URITYPE</mapping>
		<mapping rdbms="Oracle Database 11g">URITYPE</mapping>
		<mapping rdbms="Oracle Database 10g">URITYPE</mapping>
		<mapping rdbms="Oracle9i">URITYPE</mapping>
		<mapping rdbms="SQL Server 2012">CHAR, size</mapping>
		<mapping rdbms="SQL Server 2008">CHAR, size</mapping>
		<mapping rdbms="SQL Server 2005">CHAR, size</mapping>
		<mapping rdbms="SQL Server 2000">CHAR, size</mapping>
		<mapping rdbms="DB2/390 8">CHAR, size</mapping>
		<mapping rdbms="DB2/390 7">CHAR, size</mapping>
		<mapping rdbms="DB2/UDB 9">CHAR, size</mapping>
		<mapping rdbms="DB2/UDB 8.1">CHAR, size</mapping>
		<mapping rdbms="DB2/UDB 7.1">CHAR, size</mapping>
	</logicaltype>
	<logicaltype name="URowID" objectid="LogDes-4BABEC65-108B-2A3C-F7C4-84AC47D292B0@LOGDT10041">
		<mapping rdbms="Oracle Database 12c">UROWID, size</mapping>
		<mapping rdbms="Oracle Database 11g">UROWID, size</mapping>
		<mapping rdbms="Oracle Database 10g">UROWID, size</mapping>
		<mapping rdbms="Oracle9i">UROWID, size</mapping>
		<mapping rdbms="SQL Server 2012">VARCHAR, size</mapping>
		<mapping rdbms="SQL Server 2008">VARCHAR, size</mapping>
		<mapping rdbms="SQL Server 2005">VARCHAR, size</mapping>
		<mapping rdbms="SQL Server 2000">VARCHAR, size</mapping>
		<mapping rdbms="DB2/390 8">VARCHAR, size</mapping>
		<mapping rdbms="DB2/390 7">VARCHAR, size</mapping>
		<mapping rdbms="DB2/UDB 9">VARCHAR, size</mapping>
		<mapping rdbms="DB2/UDB 8.1">VARCHAR, size</mapping>
		<mapping rdbms="DB2/UDB 7.1">VARCHAR, size</mapping>
	</logicaltype>
	<logicaltype name="VARBINARY" objectid="LOGDT041">
		<mapping rdbms="Oracle Database 12c">BLOB</mapping>
		<mapping rdbms="Oracle Database 11g">BLOB</mapping>
		<mapping rdbms="Oracle Database 10g">BLOB</mapping>
		<mapping rdbms="Oracle9i">BLOB</mapping>
		<mapping rdbms="SQL Server 2012">VARBINARY, size</mapping>
		<mapping rdbms="SQL Server 2008">VARBINARY, size</mapping>
		<mapping rdbms="SQL Server 2005">VARBINARY, size</mapping>
		<mapping rdbms="SQL Server 2000">VARBINARY, size</mapping>
		<mapping rdbms="DB2/390 8">BLOB, size</mapping>
		<mapping rdbms="DB2/390 7">BLOB, size</mapping>
		<mapping rdbms="DB2/UDB 9">BLOB, size</mapping>
		<mapping rdbms="DB2/UDB 8.1">BLOB, size</mapping>
		<mapping rdbms="DB2/UDB 7.1">BLOB, size</mapping>
	</logicaltype>
	<logicaltype name="VARCHAR" objectid="LOGDT024">
		<mapping rdbms="Oracle Database 12c">VARCHAR2, size</mapping>
		<mapping rdbms="Oracle Database 11g">VARCHAR2, size</mapping>
		<mapping rdbms="Oracle Database 10g">VARCHAR2, size</mapping>
		<mapping rdbms="Oracle9i">VARCHAR2, size</mapping>
		<mapping rdbms="SQL Server 2012">VARCHAR, size</mapping>
		<mapping rdbms="SQL Server 2008">VARCHAR, size</mapping>
		<mapping rdbms="SQL Server 2005">VARCHAR, size</mapping>
		<mapping rdbms="SQL Server 2000">VARCHAR, size</mapping>
		<mapping rdbms="DB2/390 8">VARCHAR, size</mapping>
		<mapping rdbms="DB2/390 7">VARCHAR, size</mapping>
		<mapping rdbms="DB2/UDB 9">VARCHAR, size</mapping>
		<mapping rdbms="DB2/UDB 8.1">VARCHAR, size</mapping>
		<mapping rdbms="DB2/UDB 7.1">VARCHAR, size</mapping>
	</logicaltype>
	<logicaltype name="VARGRAPHIC" objectid="LOGDT023">
		<mapping rdbms="Oracle Database 12c">BLOB</mapping>
		<mapping rdbms="Oracle Database 11g">BLOB</mapping>
		<mapping rdbms="Oracle Database 10g">BLOB</mapping>
		<mapping rdbms="Oracle9i">BLOB</mapping>
		<mapping rdbms="SQL Server 2012">VARBINARY, size</mapping>
		<mapping rdbms="SQL Server 2008">VARBINARY, size</mapping>
		<mapping rdbms="SQL Server 2005">VARBINARY, size</mapping>
		<mapping rdbms="SQL Server 2000">VARBINARY, size</mapping>
		<mapping rdbms="DB2/390 8">VARGRAPHIC, size</mapping>
		<mapping rdbms="DB2/390 7">VARGRAPHIC, size</mapping>
		<mapping rdbms="DB2/UDB 9">VARGRAPHIC, size</mapping>
		<mapping rdbms="DB2/UDB 8.1">VARGRAPHIC, size</mapping>
		<mapping rdbms="DB2/UDB 7.1">VARGRAPHIC, size</mapping>
	</logicaltype>
	<logicaltype name="Video" objectid="LOGDT016">
		<mapping rdbms="Oracle Database 12c">BLOB</mapping>
		<mapping rdbms="Oracle Database 11g">BLOB</mapping>
		<mapping rdbms="Oracle Database 10g">BLOB</mapping>
		<mapping rdbms="Oracle9i">BLOB</mapping>
		<mapping rdbms="SQL Server 2012">IMAGE</mapping>
		<mapping rdbms="SQL Server 2008">IMAGE</mapping>
		<mapping rdbms="SQL Server 2005">IMAGE</mapping>
		<mapping rdbms="SQL Server 2000">IMAGE</mapping>
		<mapping rdbms="DB2/390 8">VARGRAPHIC, size</mapping>
		<mapping rdbms="DB2/390 7">VARGRAPHIC, size</mapping>
		<mapping rdbms="DB2/UDB 9">BLOB</mapping>
		<mapping rdbms="DB2/UDB 8.1">BLOB</mapping>
		<mapping rdbms="DB2/UDB 7.1">BLOB</mapping>
	</logicaltype>
	<logicaltype name="XDBURIType" objectid="LOGDT053">
		<mapping rdbms="Oracle Database 12c">XDBURITYPE</mapping>
		<mapping rdbms="Oracle Database 11g">XDBURITYPE</mapping>
		<mapping rdbms="Oracle Database 10g">XDBURITYPE</mapping>
		<mapping rdbms="Oracle9i">XDBURITYPE</mapping>
		<mapping rdbms="SQL Server 2012">CHAR, size</mapping>
		<mapping rdbms="SQL Server 2008">CHAR, size</mapping>
		<mapping rdbms="SQL Server 2005">CHAR, size</mapping>
		<mapping rdbms="SQL Server 2000">CHAR, size</mapping>
		<mapping rdbms="DB2/390 8">CHAR, size</mapping>
		<mapping rdbms="DB2/390 7">CHAR, size</mapping>
		<mapping rdbms="DB2/UDB 9">CHAR, size</mapping>
		<mapping rdbms="DB2/UDB 8.1">CHAR, size</mapping>
		<mapping rdbms="DB2/UDB 7.1">CHAR, size</mapping>
	</logicaltype>
	<logicaltype name="XMLType" objectid="LOGDT050">
		<mapping rdbms="Oracle Database 12c">XMLTYPE</mapping>
		<mapping rdbms="Oracle Database 11g">XMLTYPE</mapping>
		<mapping rdbms="Oracle Database 10g">XMLTYPE</mapping>
		<mapping rdbms="Oracle9i">XMLTYPE</mapping>
		<mapping rdbms="SQL Server 2012">XML</mapping>
		<mapping rdbms="SQL Server 2008">XML</mapping>
		<mapping rdbms="SQL Server 2005">XML</mapping>
		<mapping rdbms="SQL Server 2000">TEXT</mapping>
		<mapping rdbms="DB2/390 8">CLOB, size</mapping>
		<mapping rdbms="DB2/390 7">CLOB, size</mapping>
		<mapping rdbms="DB2/UDB 9">XML</mapping>
		<mapping rdbms="DB2/UDB 8.1">XML</mapping>
		<mapping rdbms="DB2/UDB 7.1">CLOB, size</mapping>
	</logicaltype>
	<logicaltype name="String" objectid="A3A3C77D-0366-9768-FF89-1C25E56881C8">
		<mapping rdbms="Oracle Database 12c" size_default_value="max">VARCHAR2, size</mapping>
		<mapping rdbms="Oracle Database 11g" size_default_value="max">VARCHAR2, size</mapping>
		<mapping rdbms="Oracle Database 10g" size_default_value="max">VARCHAR2, size</mapping>
		<mapping rdbms="Oracle9i" size_default_value="max">VARCHAR2, size</mapping>
        <mapping rdbms="SQL Server 2012" size_default_value="max">VARCHAR, size</mapping>
		<mapping rdbms="SQL Server 2008" size_default_value="max">VARCHAR, size</mapping>
		<mapping rdbms="SQL Server 2005" size_default_value="max">VARCHAR, size</mapping>
		<mapping rdbms="SQL Server 2000" size_default_value="max">VARCHAR, size</mapping>
		<mapping rdbms="DB2/390 8" size_default_value="max">VARCHAR, size</mapping>
		<mapping rdbms="DB2/390 7" size_default_value="max">VARCHAR, size</mapping>
		<mapping rdbms="DB2/UDB 9" size_default_value="max">VARCHAR, size</mapping>
		<mapping rdbms="DB2/UDB 8.1" size_default_value="max">VARCHAR, size</mapping>
		<mapping rdbms="DB2/UDB 7.1" size_default_value="max">VARCHAR, size</mapping>
	</logicaltype>
	<native_to_logical_mappings>
		<mappings_for_RDBMS_type rdbms_type="Oracle Database 12c">
			<mapping native_type="BFILE" logicaltype="BFile" log_type_id="LogDes-7DD553FD-11E8-61FA-399D-2E531FB621D0@LOGDT10034" />
			<mapping native_type="BINARY_DOUBLE" logicaltype="BINARY DOUBLE" log_type_id="LOGDT056" />
			<mapping native_type="BINARY_FLOAT" logicaltype="BINARY FLOAT" log_type_id="LOGDT055" />
			<mapping native_type="BLOB" logicaltype="BLOB" log_type_id="LOGDT029" />
			<mapping native_type="CHAR" logicaltype="CHAR" log_type_id="LOGDT025" />
			<mapping native_type="CHAR VARYING" logicaltype="VARCHAR" log_type_id="LOGDT024" />
			<mapping native_type="CHARACTER" logicaltype="CHAR" log_type_id="LOGDT025" />
			<mapping native_type="CHARACTER VARYING" logicaltype="VARCHAR" log_type_id="LOGDT024" />
			<mapping native_type="CLOB" logicaltype="CLOB" log_type_id="LOGDT028" />
			<mapping native_type="DATE" logicaltype="Date" log_type_id="LOGDT007" />
			<mapping native_type="DECIMAL" logicaltype="DECIMAL" log_type_id="LOGDT026" />
			<mapping native_type="DOUBLE" logicaltype="DOUBLE" log_type_id="LOGDT020" />
			<mapping native_type="FLOAT" logicaltype="FLOAT" log_type_id="LOGDT021" />
			<mapping native_type="INTEGER" logicaltype="Integer" log_type_id="LOGDT011" />
			<mapping native_type="LONG" logicaltype="Long Char" log_type_id="LogDes-1768A872-F385-FDBA-D95E-0CB63F5908E2@LOGDT10045" />
			<mapping native_type="LONG RAW" logicaltype="Long_Raw" log_type_id="LogDes-7DD553FD-11E8-61FA-399D-2E531FB621D0@LOGDT10036" />
			<mapping native_type="LONG ROW" logicaltype="Long_Raw" log_type_id="LogDes-7DD553FD-11E8-61FA-399D-2E531FB621D0@LOGDT10036" />
			<mapping native_type="LONGROW" logicaltype="Long_Raw" log_type_id="LogDes-7DD553FD-11E8-61FA-399D-2E531FB621D0@LOGDT10036" />
			<mapping native_type="NATIONAL CHAR" logicaltype="NCHAR" log_type_id="LOGDT035" />
			<mapping native_type="NATIONAL CHAR VARYING" logicaltype="NVARCHAR" log_type_id="LOGDT037" />
			<mapping native_type="NATIONAL CHARACTER" logicaltype="NCHAR" log_type_id="LOGDT035" />
			<mapping native_type="NATIONAL CHARACTER VARYING" logicaltype="NVARCHAR" log_type_id="LOGDT037" />
			<mapping native_type="NCHAR" logicaltype="NCHAR" log_type_id="LOGDT035" />
			<mapping native_type="NCHAR VARYING" logicaltype="NVARCHAR" log_type_id="LOGDT037" />
			<mapping native_type="NCLOB" logicaltype="NClob" log_type_id="LogDes-7DD553FD-11E8-61FA-399D-2E531FB621D0@LOGDT10035" />
			<mapping native_type="NUMBER" logicaltype="NUMERIC" log_type_id="LOGDT019" />
			<mapping native_type="NUMERIC" logicaltype="NUMERIC" log_type_id="LOGDT019" />
			<mapping native_type="RAW" logicaltype="Raw" log_type_id="LogDes-4BABEC65-108B-2A3C-F7C4-84AC47D292B0@LOGDT10040" />
			<mapping native_type="REAL" logicaltype="REAL" log_type_id="LOGDT022" />
			<mapping native_type="ROWID" logicaltype="ROWID" log_type_id="LOGDT032" />
			<mapping native_type="SMALLINT" logicaltype="SMALLINT" log_type_id="LOGDT018" />
			<mapping native_type="UROWID" logicaltype="URowID" log_type_id="LogDes-4BABEC65-108B-2A3C-F7C4-84AC47D292B0@LOGDT10041" />
			<mapping native_type="VARCHAR" logicaltype="VARCHAR" log_type_id="LOGDT024" />
			<mapping native_type="VARCHAR2" logicaltype="VARCHAR" log_type_id="LOGDT024" />
		</mappings_for_RDBMS_type>
		<mappings_for_RDBMS_type rdbms_type="Oracle Database 11g">
			<mapping native_type="BFILE" logicaltype="BFile" log_type_id="LogDes-7DD553FD-11E8-61FA-399D-2E531FB621D0@LOGDT10034" />
			<mapping native_type="BINARY_DOUBLE" logicaltype="BINARY DOUBLE" log_type_id="LOGDT056" />
			<mapping native_type="BINARY_FLOAT" logicaltype="BINARY FLOAT" log_type_id="LOGDT055" />
			<mapping native_type="BLOB" logicaltype="BLOB" log_type_id="LOGDT029" />
			<mapping native_type="CHAR" logicaltype="CHAR" log_type_id="LOGDT025" />
			<mapping native_type="CHAR VARYING" logicaltype="VARCHAR" log_type_id="LOGDT024" />
			<mapping native_type="CHARACTER" logicaltype="CHAR" log_type_id="LOGDT025" />
			<mapping native_type="CHARACTER VARYING" logicaltype="VARCHAR" log_type_id="LOGDT024" />
			<mapping native_type="CLOB" logicaltype="CLOB" log_type_id="LOGDT028" />
			<mapping native_type="DATE" logicaltype="Date" log_type_id="LOGDT007" />
			<mapping native_type="DECIMAL" logicaltype="DECIMAL" log_type_id="LOGDT026" />
			<mapping native_type="DOUBLE" logicaltype="DOUBLE" log_type_id="LOGDT020" />
			<mapping native_type="FLOAT" logicaltype="FLOAT" log_type_id="LOGDT021" />
			<mapping native_type="INTEGER" logicaltype="Integer" log_type_id="LOGDT011" />
			<mapping native_type="LONG" logicaltype="Long Char" log_type_id="LogDes-1768A872-F385-FDBA-D95E-0CB63F5908E2@LOGDT10045" />
			<mapping native_type="LONG RAW" logicaltype="Long_Raw" log_type_id="LogDes-7DD553FD-11E8-61FA-399D-2E531FB621D0@LOGDT10036" />
			<mapping native_type="LONG ROW" logicaltype="Long_Raw" log_type_id="LogDes-7DD553FD-11E8-61FA-399D-2E531FB621D0@LOGDT10036" />
			<mapping native_type="LONGROW" logicaltype="Long_Raw" log_type_id="LogDes-7DD553FD-11E8-61FA-399D-2E531FB621D0@LOGDT10036" />
			<mapping native_type="NATIONAL CHAR" logicaltype="NCHAR" log_type_id="LOGDT035" />
			<mapping native_type="NATIONAL CHAR VARYING" logicaltype="NVARCHAR" log_type_id="LOGDT037" />
			<mapping native_type="NATIONAL CHARACTER" logicaltype="NCHAR" log_type_id="LOGDT035" />
			<mapping native_type="NATIONAL CHARACTER VARYING" logicaltype="NVARCHAR" log_type_id="LOGDT037" />
			<mapping native_type="NCHAR" logicaltype="NCHAR" log_type_id="LOGDT035" />
			<mapping native_type="NCHAR VARYING" logicaltype="NVARCHAR" log_type_id="LOGDT037" />
			<mapping native_type="NCLOB" logicaltype="NClob" log_type_id="LogDes-7DD553FD-11E8-61FA-399D-2E531FB621D0@LOGDT10035" />
			<mapping native_type="NUMBER" logicaltype="NUMERIC" log_type_id="LOGDT019" />
			<mapping native_type="NUMERIC" logicaltype="NUMERIC" log_type_id="LOGDT019" />
			<mapping native_type="RAW" logicaltype="Raw" log_type_id="LogDes-4BABEC65-108B-2A3C-F7C4-84AC47D292B0@LOGDT10040" />
			<mapping native_type="REAL" logicaltype="REAL" log_type_id="LOGDT022" />
			<mapping native_type="ROWID" logicaltype="ROWID" log_type_id="LOGDT032" />
			<mapping native_type="SMALLINT" logicaltype="SMALLINT" log_type_id="LOGDT018" />
			<mapping native_type="UROWID" logicaltype="URowID" log_type_id="LogDes-4BABEC65-108B-2A3C-F7C4-84AC47D292B0@LOGDT10041" />
			<mapping native_type="VARCHAR" logicaltype="VARCHAR" log_type_id="LOGDT024" />
			<mapping native_type="VARCHAR2" logicaltype="VARCHAR" log_type_id="LOGDT024" />
		</mappings_for_RDBMS_type>
		<mappings_for_RDBMS_type rdbms_type="Oracle Database 10g">
			<mapping native_type="BFILE" logicaltype="BFile" log_type_id="LogDes-7DD553FD-11E8-61FA-399D-2E531FB621D0@LOGDT10034" />
			<mapping native_type="BINARY_DOUBLE" logicaltype="BINARY DOUBLE" log_type_id="LOGDT056" />
			<mapping native_type="BINARY_FLOAT" logicaltype="BINARY FLOAT" log_type_id="LOGDT055" />
			<mapping native_type="BLOB" logicaltype="BLOB" log_type_id="LOGDT029" />
			<mapping native_type="CHAR" logicaltype="CHAR" log_type_id="LOGDT025" />
			<mapping native_type="CHAR VARYING" logicaltype="VARCHAR" log_type_id="LOGDT024" />
			<mapping native_type="CHARACTER" logicaltype="CHAR" log_type_id="LOGDT025" />
			<mapping native_type="CHARACTER VARYING" logicaltype="VARCHAR" log_type_id="LOGDT024" />
			<mapping native_type="CLOB" logicaltype="CLOB" log_type_id="LOGDT028" />
			<mapping native_type="DATE" logicaltype="Date" log_type_id="LOGDT007" />
			<mapping native_type="DECIMAL" logicaltype="DECIMAL" log_type_id="LOGDT026" />
			<mapping native_type="DOUBLE" logicaltype="DOUBLE" log_type_id="LOGDT020" />
			<mapping native_type="FLOAT" logicaltype="FLOAT" log_type_id="LOGDT021" />
			<mapping native_type="INTEGER" logicaltype="Integer" log_type_id="LOGDT011" />
			<mapping native_type="LONG" logicaltype="Long Char" log_type_id="LogDes-1768A872-F385-FDBA-D95E-0CB63F5908E2@LOGDT10045" />
			<mapping native_type="LONG RAW" logicaltype="Long_Raw" log_type_id="LogDes-7DD553FD-11E8-61FA-399D-2E531FB621D0@LOGDT10036" />
			<mapping native_type="LONG ROW" logicaltype="Long_Raw" log_type_id="LogDes-7DD553FD-11E8-61FA-399D-2E531FB621D0@LOGDT10036" />
			<mapping native_type="LONGROW" logicaltype="Long_Raw" log_type_id="LogDes-7DD553FD-11E8-61FA-399D-2E531FB621D0@LOGDT10036" />
			<mapping native_type="NATIONAL CHAR" logicaltype="NCHAR" log_type_id="LOGDT035" />
			<mapping native_type="NATIONAL CHAR VARYING" logicaltype="NVARCHAR" log_type_id="LOGDT037" />
			<mapping native_type="NATIONAL CHARACTER" logicaltype="NCHAR" log_type_id="LOGDT035" />
			<mapping native_type="NATIONAL CHARACTER VARYING" logicaltype="NVARCHAR" log_type_id="LOGDT037" />
			<mapping native_type="NCHAR" logicaltype="NCHAR" log_type_id="LOGDT035" />
			<mapping native_type="NCHAR VARYING" logicaltype="NVARCHAR" log_type_id="LOGDT037" />
			<mapping native_type="NCLOB" logicaltype="NClob" log_type_id="LogDes-7DD553FD-11E8-61FA-399D-2E531FB621D0@LOGDT10035" />
			<mapping native_type="NUMBER" logicaltype="NUMERIC" log_type_id="LOGDT019" />
			<mapping native_type="NUMERIC" logicaltype="NUMERIC" log_type_id="LOGDT019" />
			<mapping native_type="RAW" logicaltype="Raw" log_type_id="LogDes-4BABEC65-108B-2A3C-F7C4-84AC47D292B0@LOGDT10040" />
			<mapping native_type="REAL" logicaltype="REAL" log_type_id="LOGDT022" />
			<mapping native_type="ROWID" logicaltype="ROWID" log_type_id="LOGDT032" />
			<mapping native_type="SMALLINT" logicaltype="SMALLINT" log_type_id="LOGDT018" />
			<mapping native_type="UROWID" logicaltype="URowID" log_type_id="LogDes-4BABEC65-108B-2A3C-F7C4-84AC47D292B0@LOGDT10041" />
			<mapping native_type="VARCHAR" logicaltype="VARCHAR" log_type_id="LOGDT024" />
			<mapping native_type="VARCHAR2" logicaltype="VARCHAR" log_type_id="LOGDT024" />
		</mappings_for_RDBMS_type>
		<mappings_for_RDBMS_type rdbms_type="Oracle9i">
			<mapping native_type="BFILE" logicaltype="BFile" log_type_id="LogDes-7DD553FD-11E8-61FA-399D-2E531FB621D0@LOGDT10034" />
			<mapping native_type="BLOB" logicaltype="BLOB" log_type_id="LOGDT029" />
			<mapping native_type="CHAR" logicaltype="CHAR" log_type_id="LOGDT025" />
			<mapping native_type="CHAR VARYING" logicaltype="VARCHAR" log_type_id="LOGDT024" />
			<mapping native_type="CHARACTER" logicaltype="CHAR" log_type_id="LOGDT025" />
			<mapping native_type="CHARACTER VARYING" logicaltype="VARCHAR" log_type_id="LOGDT024" />
			<mapping native_type="CLOB" logicaltype="CLOB" log_type_id="LOGDT028" />
			<mapping native_type="DATE" logicaltype="Date" log_type_id="LOGDT007" />
			<mapping native_type="DBURITYPE" logicaltype="DBURIType" log_type_id="LOGDT054" />
			<mapping native_type="DECIMAL" logicaltype="DECIMAL" log_type_id="LOGDT026" />
			<mapping native_type="DOUBLE" logicaltype="DOUBLE" log_type_id="LOGDT020" />
			<mapping native_type="FLOAT" logicaltype="FLOAT" log_type_id="LOGDT021" />
			<mapping native_type="HTTPURITYPE" logicaltype="HTTPURIType" log_type_id="LOGDT052" />
			<mapping native_type="INTEGER" logicaltype="Integer" log_type_id="LOGDT011" />
			<mapping native_type="INTERVAL DAY TO SECOND" logicaltype="INTERVAL DAY TO SECOND" log_type_id="LOGDT049" />
			<mapping native_type="INTERVAL YEAR TO MONTH" logicaltype="INTERVAL YEAR TO MONTH" log_type_id="LOGDT048" />
			<mapping native_type="LONG" logicaltype="Long Char" log_type_id="LogDes-1768A872-F385-FDBA-D95E-0CB63F5908E2@LOGDT10045" />
			<mapping native_type="LONG RAW" logicaltype="Long_Raw" log_type_id="LogDes-7DD553FD-11E8-61FA-399D-2E531FB621D0@LOGDT10036" />
			<mapping native_type="LONG ROW" logicaltype="Long_Raw" log_type_id="LogDes-7DD553FD-11E8-61FA-399D-2E531FB621D0@LOGDT10036" />
			<mapping native_type="LONGROW" logicaltype="Long_Raw" log_type_id="LogDes-7DD553FD-11E8-61FA-399D-2E531FB621D0@LOGDT10036" />
			<mapping native_type="NATIONAL CHAR" logicaltype="NCHAR" log_type_id="LOGDT035" />
			<mapping native_type="NATIONAL CHAR VARYING" logicaltype="NVARCHAR" log_type_id="LOGDT037" />
			<mapping native_type="NATIONAL CHARACTER" logicaltype="NCHAR" log_type_id="LOGDT035" />
			<mapping native_type="NATIONAL CHARACTER VARYING" logicaltype="NVARCHAR" log_type_id="LOGDT037" />
			<mapping native_type="NCHAR" logicaltype="NCHAR" log_type_id="LOGDT035" />
			<mapping native_type="NCHAR VARYING" logicaltype="NVARCHAR" log_type_id="LOGDT037" />
			<mapping native_type="NCLOB" logicaltype="NClob" log_type_id="LogDes-7DD553FD-11E8-61FA-399D-2E531FB621D0@LOGDT10035" />
			<mapping native_type="NUMBER" logicaltype="NUMERIC" log_type_id="LOGDT019" />
			<mapping native_type="NUMERIC" logicaltype="NUMERIC" log_type_id="LOGDT019" />
			<mapping native_type="NVARCHAR2" logicaltype="NVARCHAR" log_type_id="LOGDT037" />
			<mapping native_type="ORDSYS.ORDAudio" logicaltype="ORDAUDIO" log_type_id="LogDes-4972B6D2-6F93-8AE5-6E24-3599E65A7CFE@LOGDT10005" />
			<mapping native_type="ORDSYS.ORDDoc" logicaltype="ORDDOC" log_type_id="LogDes-4972B6D2-6F93-8AE5-6E24-3599E65A7CFE@LOGDT10009" />
			<mapping native_type="ORDSYS.ORDImage" logicaltype="ORDIMAGE" log_type_id="LogDes-4972B6D2-6F93-8AE5-6E24-3599E65A7CFE@LOGDT10006" />
			<mapping native_type="ORDSYS.ORDImageSignature" logicaltype="ORDIMAGE_SIGNATURE" log_type_id="LogDes-4972B6D2-6F93-8AE5-6E24-3599E65A7CFE@LOGDT10007" />
			<mapping native_type="ORDSYS.ORDVideo" logicaltype="ORDVIDEO" log_type_id="LogDes-4972B6D2-6F93-8AE5-6E24-3599E65A7CFE@LOGDT10008" />
			<mapping native_type="RAW" logicaltype="Raw" log_type_id="LogDes-4BABEC65-108B-2A3C-F7C4-84AC47D292B0@LOGDT10040" />
			<mapping native_type="REAL" logicaltype="REAL" log_type_id="LOGDT022" />
			<mapping native_type="ROWID" logicaltype="ROWID" log_type_id="LOGDT032" />
			<mapping native_type="SMALLINT" logicaltype="SMALLINT" log_type_id="LOGDT018" />
			<mapping native_type="SYS.ANYDATA" logicaltype="SYS_ANYDATA" log_type_id="LogDes-F046B719-7D91-3873-3302-38C441683842@LOGDT10010" />
			<mapping native_type="SYS.ANYDATASET" logicaltype="SYS_ANYDATASET" log_type_id="LogDes-22E251EB-9F6C-8137-56B2-DD4B87DC1E33@LOGDT10030" />
			<mapping native_type="SYS.ANYTYPE" logicaltype="SYS_ANYTYPE" log_type_id="LogDes-F046B719-7D91-3873-3302-38C441683842@LOGDT10011" />
			<mapping native_type="TIMESTAMP" logicaltype="Timestamp" log_type_id="LOGDT015" />
			<mapping native_type="TIMESTAMP WITH LOCAL TIME ZONE" logicaltype="TIMESTAMP WITH LOCAL TIME ZONE" log_type_id="LOGDT047" />
			<mapping native_type="TIMESTAMP WITH TIME ZONE" logicaltype="TIMESTAMP WITH TIME ZONE" log_type_id="LOGDT046" />
			<mapping native_type="URITYPE" logicaltype="URIType" log_type_id="LOGDT051" />
			<mapping native_type="UROWID" logicaltype="URowID" log_type_id="LogDes-4BABEC65-108B-2A3C-F7C4-84AC47D292B0@LOGDT10041" />
			<mapping native_type="VARCHAR" logicaltype="VARCHAR" log_type_id="LOGDT024" />
			<mapping native_type="VARCHAR2" logicaltype="VARCHAR" log_type_id="LOGDT024" />
			<mapping native_type="XDBURITYPE" logicaltype="XDBURIType" log_type_id="LOGDT053" />
			<mapping native_type="XMLTYPE" logicaltype="XMLType" log_type_id="LOGDT050" />
		</mappings_for_RDBMS_type>
		<mappings_for_RDBMS_type rdbms_type="SQL Server 2012">
			<mapping native_type="DATETIME2" logicaltype="DATETIME2" log_type_id="91229484-D19C-D458-8647-333C7FFE7B60" />
			<mapping native_type="TIME" logicaltype="Time" log_type_id="LOGDT014" />
			<mapping native_type="XML" logicaltype="XMLType" log_type_id="LOGDT050" />
		</mappings_for_RDBMS_type>
		<mappings_for_RDBMS_type rdbms_type="SQL Server 2008">
			<mapping native_type="DATETIME2" logicaltype="DATETIME2" log_type_id="91229484-D19C-D458-8647-333C7FFE7B60" />
			<mapping native_type="TIME" logicaltype="Time" log_type_id="LOGDT014" />
			<mapping native_type="XML" logicaltype="XMLType" log_type_id="LOGDT050" />
		</mappings_for_RDBMS_type>
		<mappings_for_RDBMS_type rdbms_type="SQL Server 2005">
			<mapping native_type="DATE" logicaltype="Date" log_type_id="LOGDT007" />
			<mapping native_type="DOUBLE" logicaltype="DOUBLE" log_type_id="LOGDT020" />
			<mapping native_type="XML" logicaltype="XMLType" log_type_id="LOGDT050" />
		</mappings_for_RDBMS_type>
		<mappings_for_RDBMS_type rdbms_type="SQL Server 2000">
			<mapping native_type="BIGINT" logicaltype="BIGINT" log_type_id="LOGDT027" />
			<mapping native_type="BINARY" logicaltype="BINARY" log_type_id="LOGDT033" />
			<mapping native_type="BIT" logicaltype="BIT" log_type_id="LOGDT034" />
			<mapping native_type="CHAR" logicaltype="CHAR" log_type_id="LOGDT025" />
			<mapping native_type="DATE" logicaltype="Date" log_type_id="LOGDT007" />
			<mapping native_type="DATETIME" logicaltype="Datetime" log_type_id="LOGDT008" />
			<mapping native_type="DECIMAL" logicaltype="DECIMAL" log_type_id="LOGDT026" />
			<mapping native_type="DOUBLE" logicaltype="DOUBLE" log_type_id="LOGDT020" />
			<mapping native_type="FLOAT" logicaltype="FLOAT" log_type_id="LOGDT021" />
			<mapping native_type="IMAGE" logicaltype="Image" log_type_id="LOGDT010" />
			<mapping native_type="INT" logicaltype="Integer" log_type_id="LOGDT011" />
			<mapping native_type="INTEGER" logicaltype="Integer" log_type_id="LOGDT011" />
			<mapping native_type="MONEY" logicaltype="MONEY" log_type_id="LOGDT043" />
			<mapping native_type="NCHAR" logicaltype="NCHAR" log_type_id="LOGDT035" />
			<mapping native_type="NTEXT" logicaltype="NTEXT" log_type_id="LOGDT036" />
			<mapping native_type="NUMERIC" logicaltype="NUMERIC" log_type_id="LOGDT019" />
			<mapping native_type="NVARCHAR" logicaltype="NVARCHAR" log_type_id="LOGDT037" />
			<mapping native_type="REAL" logicaltype="REAL" log_type_id="LOGDT022" />
			<mapping native_type="ROWID" logicaltype="ROWID" log_type_id="LOGDT032" />
			<mapping native_type="SMALLDATETIME" logicaltype="SMALLDATETIME" log_type_id="LOGDT038" />
			<mapping native_type="SMALLINT" logicaltype="SMALLINT" log_type_id="LOGDT018" />
			<mapping native_type="SMALLMONEY" logicaltype="SMALLMONEY" log_type_id="LOGDT044" />
			<mapping native_type="SQL_VARIANT" logicaltype="SQL_VARIANT" log_type_id="LOGDT045" />
			<mapping native_type="SYSNAME" logicaltype="SYSNAME" log_type_id="LOGDT039" />
			<mapping native_type="TEXT" logicaltype="TEXT" log_type_id="LOGDT040" />
			<mapping native_type="TIMESTAMP" logicaltype="Timestamp" log_type_id="LOGDT015" />
			<mapping native_type="TINYINT" logicaltype="TINYINT" log_type_id="LOGDT042" />
			<mapping native_type="UNIQUEIDENTIFIER" logicaltype="UNIQUEIDENTIFIER" log_type_id="LOGDT057" />
			<mapping native_type="VARBINARY" logicaltype="VARBINARY" log_type_id="LOGDT041" />
			<mapping native_type="VARCHAR" logicaltype="VARCHAR" log_type_id="LOGDT024" />
		</mappings_for_RDBMS_type>
		<mappings_for_RDBMS_type rdbms_type="DB2/390 8">
			<mapping native_type="GRAPHIC" logicaltype="GRAPHIC" log_type_id="LOGDT031" />
		</mappings_for_RDBMS_type>
		<mappings_for_RDBMS_type rdbms_type="DB2/390 7">
			<mapping native_type="BINARY LARGE OBJECT" logicaltype="BLOB" log_type_id="LOGDT029" />
			<mapping native_type="BLOB" logicaltype="BLOB" log_type_id="LOGDT029" />
			<mapping native_type="CHAR" logicaltype="CHAR" log_type_id="LOGDT025" />
			<mapping native_type="CHAR LARGE OBJECT" logicaltype="CLOB" log_type_id="LOGDT028" />
			<mapping native_type="CHAR VARYING" logicaltype="VARCHAR" log_type_id="LOGDT024" />
			<mapping native_type="CHARACTER" logicaltype="CHAR" log_type_id="LOGDT025" />
			<mapping native_type="CHARACTER LARGE OBJECT" logicaltype="CLOB" log_type_id="LOGDT028" />
			<mapping native_type="CHARACTER VARYING" logicaltype="VARCHAR" log_type_id="LOGDT024" />
			<mapping native_type="CLOB" logicaltype="CLOB" log_type_id="LOGDT028" />
			<mapping native_type="DATE" logicaltype="Date" log_type_id="LOGDT007" />
			<mapping native_type="DBCLOB" logicaltype="CLOB" log_type_id="LOGDT028" />
			<mapping native_type="DECIMAL" logicaltype="DECIMAL" log_type_id="LOGDT026" />
			<mapping native_type="DOUBLE" logicaltype="DOUBLE" log_type_id="LOGDT020" />
			<mapping native_type="FLOAT" logicaltype="FLOAT" log_type_id="LOGDT021" />
			<mapping native_type="GRAPHIC" logicaltype="GRAPHIC" log_type_id="LOGDT031" />
			<mapping native_type="INTEGER" logicaltype="Integer" log_type_id="LOGDT011" />
			<mapping native_type="LONG VARCHAR" logicaltype="VARCHAR" log_type_id="LOGDT024" />
			<mapping native_type="LONG VARGRAPHIC" logicaltype="VARGRAPHIC" log_type_id="LOGDT023" />
			<mapping native_type="NUMERIC" logicaltype="NUMERIC" log_type_id="LOGDT019" />
			<mapping native_type="REAL" logicaltype="REAL" log_type_id="LOGDT022" />
			<mapping native_type="ROWID" logicaltype="ROWID" log_type_id="LOGDT032" />
			<mapping native_type="SMALLINT" logicaltype="SMALLINT" log_type_id="LOGDT018" />
			<mapping native_type="TIME" logicaltype="Time" log_type_id="LOGDT014" />
			<mapping native_type="TIMESTAMP" logicaltype="Timestamp" log_type_id="LOGDT015" />
			<mapping native_type="VARCHAR" logicaltype="VARCHAR" log_type_id="LOGDT024" />
			<mapping native_type="VARGRAPHIC" logicaltype="VARGRAPHIC" log_type_id="LOGDT023" />
		</mappings_for_RDBMS_type>
		<mappings_for_RDBMS_type rdbms_type="DB2/UDB 9">
			<mapping native_type="BINARY" logicaltype="BINARY" log_type_id="LOGDT033" />
			<mapping native_type="DECFLOAT" logicaltype="DECFLOAT" log_type_id="69230305-AB6A-99EB-35A1-CC306D543604" />
			<mapping native_type="VARBINARY" logicaltype="VARBINARY" log_type_id="LOGDT041" />
		</mappings_for_RDBMS_type>
		<mappings_for_RDBMS_type rdbms_type="DB2/UDB 8.1">
			<mapping native_type="GRAPHIC" logicaltype="GRAPHIC" log_type_id="LOGDT031" />
			<mapping native_type="XML" logicaltype="XMLType" log_type_id="LOGDT050" />
		</mappings_for_RDBMS_type>
		<mappings_for_RDBMS_type rdbms_type="DB2/UDB 7.1">
			<mapping native_type="BIGINT" logicaltype="BIGINT" log_type_id="LOGDT027" />
			<mapping native_type="BLOB" logicaltype="BLOB" log_type_id="LOGDT029" />
			<mapping native_type="CHAR" logicaltype="CHAR" log_type_id="LOGDT025" />
			<mapping native_type="CHAR VARYING" logicaltype="VARCHAR" log_type_id="LOGDT024" />
			<mapping native_type="CHARACTER" logicaltype="CHAR" log_type_id="LOGDT025" />
			<mapping native_type="CHARACTER VARYING" logicaltype="VARCHAR" log_type_id="LOGDT024" />
			<mapping native_type="CLOB" logicaltype="CLOB" log_type_id="LOGDT028" />
			<mapping native_type="DATALINK" logicaltype="DATALINK" log_type_id="LOGDT030" />
			<mapping native_type="DATE" logicaltype="Date" log_type_id="LOGDT007" />
			<mapping native_type="DBCLOB" logicaltype="CLOB" log_type_id="LOGDT028" />
			<mapping native_type="DECIMAL" logicaltype="DECIMAL" log_type_id="LOGDT026" />
			<mapping native_type="DOUBLE" logicaltype="DOUBLE" log_type_id="LOGDT020" />
			<mapping native_type="FLOAT" logicaltype="FLOAT" log_type_id="LOGDT021" />
			<mapping native_type="GRAPHIC" logicaltype="GRAPHIC" log_type_id="LOGDT031" />
			<mapping native_type="INTEGER" logicaltype="Integer" log_type_id="LOGDT011" />
			<mapping native_type="LONG VARCHAR" logicaltype="VARCHAR" log_type_id="LOGDT024" />
			<mapping native_type="LONG VARGRAPHIC" logicaltype="VARGRAPHIC" log_type_id="LOGDT023" />
			<mapping native_type="NUMERIC" logicaltype="NUMERIC" log_type_id="LOGDT019" />
			<mapping native_type="REAL" logicaltype="REAL" log_type_id="LOGDT022" />
			<mapping native_type="SMALLINT" logicaltype="SMALLINT" log_type_id="LOGDT018" />
			<mapping native_type="TIME" logicaltype="Time" log_type_id="LOGDT014" />
			<mapping native_type="TIMESTAMP" logicaltype="Timestamp" log_type_id="LOGDT015" />
			<mapping native_type="VARCHAR" logicaltype="VARCHAR" log_type_id="LOGDT024" />
			<mapping native_type="VARGRAPHIC" logicaltype="VARGRAPHIC" log_type_id="LOGDT023" />
		</mappings_for_RDBMS_type>
	</native_to_logical_mappings>
	<ud_native_db_types>
		<ud_native_for_db_type rdbms_type="DB2/UDB 8.1">
			<ud_db_type native_type="DECFLOAT" logicaltype="DECFLOAT" log_type_id="69230305-AB6A-99EB-35A1-CC306D543604" has_size="true" />
		</ud_native_for_db_type>
		<ud_native_for_db_type rdbms_type="DB2/UDB 9">
			<ud_db_type native_type="BIGINT" logicaltype="BIGINT" log_type_id="LOGDT027" />
			<ud_db_type native_type="DECFLOAT" logicaltype="DECFLOAT" log_type_id="69230305-AB6A-99EB-35A1-CC306D543604" has_size="true" />
		</ud_native_for_db_type>
		<ud_native_for_db_type rdbms_type="SQL Server 2008">
			<ud_db_type native_type="DATE" logicaltype="Date" log_type_id="LOGDT007" />
			<ud_db_type native_type="DATETIME2" logicaltype="DATETIME2" log_type_id="91229484-D19C-D458-8647-333C7FFE7B60" />
			<ud_db_type native_type="TIME" logicaltype="Time" log_type_id="LOGDT014" />
		</ud_native_for_db_type>
		<ud_native_for_db_type rdbms_type="SQL Server 2012">
			<ud_db_type native_type="DATE" logicaltype="Date" log_type_id="LOGDT007" />
			<ud_db_type native_type="DATETIME2" logicaltype="DATETIME2" log_type_id="91229484-D19C-D458-8647-333C7FFE7B60" />
			<ud_db_type native_type="TIME" logicaltype="Time" log_type_id="LOGDT014" />
		</ud_native_for_db_type>
	</ud_native_db_types>
</logtypes>
