<?xml version = '1.0' encoding = 'UTF-8'?>
<Arc class="oracle.dbtools.crest.model.design.logical.Arc" directorySegmentName="seg_0" id="77637BBB-A7AE-1283-FA26-28A69E9180DA" name="Arc_2">
<createdBy>admin</createdBy>
<createdTime>2015-10-30 09:11:05 UTC</createdTime>
<ownerDesignName>02b_package_of_items_v2</ownerDesignName>
<engineerTo>
<item key="8DCDD79B-691F-B298-73CA-B64A62A3AEEC" value="true"/>
</engineerTo>
<entity>F83C1949-608D-81D4-5FB2-16FF9D499229</entity>
<relations>
<relationID>5691A718-A83F-9A5B-BD32-403CBD9A10D6</relationID>
<relationID>30B0283E-4B3A-6B3D-161F-44294A3D63C0</relationID>
<relationID>8583661B-49B5-9C48-8C5B-7920C35F4216</relationID>
</relations>
</Arc>