<?xml version = '1.0' encoding = 'UTF-8'?>
<Diagram class="oracle.dbtools.crest.swingui.relational.DPVRelational" name="Relational_1" id="B7ACDFB4-B904-4E18-C236-27D81BF2CE31">
<createdBy>marinfotache</createdBy>
<modifiedBy>marinfotache</modifiedBy>
<createdTime>2016-11-07 08:29:16 UTC</createdTime>
<autoRoute>false</autoRoute>
<boxInbox>true</boxInbox>
<showLegend>false</showLegend>
<showLabels>false</showLabels>
<showRelAttributes>false</showRelAttributes>
<gridEnabled>false</gridEnabled>
<showGrid>false</showGrid>
<diagramColor>-1</diagramColor>
<display>false</display>
<notation>1</notation>
<objectViews>
<OView class="oracle.dbtools.crest.swingui.relational.TVTable" oid="24A57045-8616-D856-FE76-7FD5499DB443" otype="Table" vid="A230DEA9-07DF-E356-2C74-2C92A27ABD5E">
<hideElementsInCurrentOnly>false</hideElementsInCurrentOnly>
<bounds x="262" y="761" width="293" height="154"/>
</OView>
<OView class="oracle.dbtools.crest.swingui.relational.TVTable" oid="34228E8B-A5C8-CC0B-631A-E1CC0F691231" otype="Table" vid="969457FD-F73E-CB54-F18D-ECC91E07D3D5">
<hideElementsInCurrentOnly>false</hideElementsInCurrentOnly>
<bounds x="635" y="761" width="290" height="128"/>
</OView>
<OView class="oracle.dbtools.crest.swingui.relational.TVTable" oid="926F2C69-7F90-8A79-CCE7-A82AABE0DF4F" otype="Table" vid="A66D980C-D056-7856-F40E-792C27B7DECA">
<hideElementsInCurrentOnly>false</hideElementsInCurrentOnly>
<bounds x="723" y="560" width="326" height="109"/>
</OView>
<OView class="oracle.dbtools.crest.swingui.relational.TVTable" oid="C13EB98A-EE72-118E-5656-571D318E3406" otype="Table" vid="89B4003D-6959-7551-54B4-C0A6D6FA5A21">
<hideElementsInCurrentOnly>false</hideElementsInCurrentOnly>
<bounds x="635" y="949" width="237" height="102"/>
</OView>
<OView class="oracle.dbtools.crest.swingui.relational.TVTable" oid="C949BEC4-CA02-3BD8-AF3D-136B356C10BE" otype="Table" vid="05941989-0ED9-0EB1-5288-E0E550B7C4AC">
<hideElementsInCurrentOnly>false</hideElementsInCurrentOnly>
<bounds x="1005" y="761" width="226" height="89"/>
</OView>
<OView class="oracle.dbtools.crest.swingui.relational.TVTable" oid="E32329BF-F233-4B41-448D-AEF081CF6A3A" otype="Table" vid="88C9E8AD-989E-8814-28F2-36162EA70A7F">
<hideElementsInCurrentOnly>false</hideElementsInCurrentOnly>
<bounds x="262" y="560" width="381" height="141"/>
</OView>
<OView class="oracle.dbtools.crest.swingui.relational.TVTable" oid="E7C1D1F8-75E7-444C-C68B-603B39131365" otype="Table" vid="11C28D20-5BB1-A847-EE5F-595AABC74A9C">
<hideElementsInCurrentOnly>false</hideElementsInCurrentOnly>
<bounds x="262" y="975" width="223" height="83"/>
</OView>
</objectViews>
<connectors>
<Connector class="oracle.dbtools.crest.swingui.relational.TVFKRelation" oid="387EA988-346D-4CD4-BBC9-EEED214BBE54" otype="FKIndexAssociation" vid_source="A230DEA9-07DF-E356-2C74-2C92A27ABD5E" vid_target="88C9E8AD-989E-8814-28F2-36162EA70A7F">
<hideElementsInCurrentOnly>false</hideElementsInCurrentOnly>
<lineWidth>1</lineWidth>
<points>
<point x="408" y="761"/>
<point x="408" y="701"/>
</points>
</Connector>
<Connector class="oracle.dbtools.crest.swingui.relational.TVFKRelation" oid="4BFA74EA-E6AA-0364-66D9-EFDB07BC4E01" otype="FKIndexAssociation" vid_source="969457FD-F73E-CB54-F18D-ECC91E07D3D5" vid_target="89B4003D-6959-7551-54B4-C0A6D6FA5A21">
<hideElementsInCurrentOnly>false</hideElementsInCurrentOnly>
<lineWidth>1</lineWidth>
<points>
<point x="753" y="889"/>
<point x="753" y="949"/>
</points>
</Connector>
<Connector class="oracle.dbtools.crest.swingui.relational.TVFKRelation" oid="58C833CE-B9EA-4480-73C8-056457E20CDF" otype="FKIndexAssociation" vid_source="11C28D20-5BB1-A847-EE5F-595AABC74A9C" vid_target="A230DEA9-07DF-E356-2C74-2C92A27ABD5E">
<hideElementsInCurrentOnly>false</hideElementsInCurrentOnly>
<lineWidth>1</lineWidth>
<points>
<point x="373" y="975"/>
<point x="373" y="915"/>
</points>
</Connector>
<Connector class="oracle.dbtools.crest.swingui.relational.TVFKRelation" oid="9D8DD978-BC1F-5060-3611-E21CA90AEBD8" otype="FKIndexAssociation" vid_source="969457FD-F73E-CB54-F18D-ECC91E07D3D5" vid_target="88C9E8AD-989E-8814-28F2-36162EA70A7F">
<hideElementsInCurrentOnly>false</hideElementsInCurrentOnly>
<lineWidth>1</lineWidth>
<points>
<point x="639" y="761"/>
<point x="639" y="701"/>
</points>
</Connector>
<Connector class="oracle.dbtools.crest.swingui.relational.TVFKRelation" oid="C8FC916F-AAC7-D0B2-E1A0-B80E5D11269B" otype="FKIndexAssociation" vid_source="11C28D20-5BB1-A847-EE5F-595AABC74A9C" vid_target="969457FD-F73E-CB54-F18D-ECC91E07D3D5">
<hideElementsInCurrentOnly>false</hideElementsInCurrentOnly>
<lineWidth>1</lineWidth>
<points>
<point x="373" y="975"/>
<point x="780" y="889"/>
</points>
</Connector>
<Connector class="oracle.dbtools.crest.swingui.relational.TVFKRelation" oid="D243E5AE-ACA2-9B0C-5EDA-F5AD435E6B00" otype="FKIndexAssociation" vid_source="969457FD-F73E-CB54-F18D-ECC91E07D3D5" vid_target="05941989-0ED9-0EB1-5288-E0E550B7C4AC">
<hideElementsInCurrentOnly>false</hideElementsInCurrentOnly>
<lineWidth>1</lineWidth>
<points>
<point x="925" y="805"/>
<point x="1005" y="805"/>
</points>
</Connector>
<Connector class="oracle.dbtools.crest.swingui.relational.TVFKRelation" oid="F0C28DFC-7879-C35A-E896-429E2830D3D8" otype="FKIndexAssociation" vid_source="A66D980C-D056-7856-F40E-792C27B7DECA" vid_target="88C9E8AD-989E-8814-28F2-36162EA70A7F">
<hideElementsInCurrentOnly>false</hideElementsInCurrentOnly>
<lineWidth>1</lineWidth>
<points>
<point x="723" y="614"/>
<point x="643" y="614"/>
</points>
</Connector>
</connectors>
<arcs>
<Arc class="oracle.dbtools.crest.swingui.relational.TVFKArc" oid="C5F0306B-BA6B-062B-8AFC-70213FB05F4C" otype="FKArc" vid="160AB183-876B-9CFF-0E59-0119CBE51C7E">
<hideElementsInCurrentOnly>false</hideElementsInCurrentOnly>
<bounds x="615" y="741" width="330" height="168"/>
</Arc>
</arcs>
</Diagram>