<?xml version = '1.0' encoding = 'UTF-8'?>
<FKArc class="oracle.dbtools.crest.model.design.relational.FKArc" directorySegmentName="seg_0" id="13AB1E3A-540D-8CEA-F1E1-7FB290394AD9" name="Arc_2">
<createdBy>marinfotache</createdBy>
<createdTime>2018-10-25 18:54:52 UTC</createdTime>
<ownerDesignName>catering_1</ownerDesignName>
<mandatory>false</mandatory>
<reverseArc>true</reverseArc>
<table>94887A13-99BB-5D4B-FA4C-366FA6D9977B</table>
<fkeys>
<fkeyID>257D7F9A-F954-64AF-1BFB-CCB23E63C7D7</fkeyID>
<fkeyID>F33F43C6-3B2A-B80B-553A-2D1433F68243</fkeyID>
</fkeys>
</FKArc>