<?xml version = '1.0' encoding = 'UTF-8'?>
<FKArc class="oracle.dbtools.crest.model.design.relational.FKArc" directorySegmentName="seg_0" id="F6A54B7C-11DB-EADD-90FB-08B73A7F1606" name="Arc_1">
<createdBy>marinfotache</createdBy>
<createdTime>2018-10-25 18:54:52 UTC</createdTime>
<ownerDesignName>catering_1</ownerDesignName>
<mandatory>false</mandatory>
<reverseArc>true</reverseArc>
<table>F5F29057-003C-C0A6-C80E-11611B4639BF</table>
<fkeys>
<fkeyID>B25575BA-3339-F2A8-E218-7D9960EA09E1</fkeyID>
<fkeyID>E5D05C64-1968-B908-44CD-E0CAA34246A8</fkeyID>
</fkeys>
</FKArc>