<?xml version = '1.0' encoding = 'UTF-8'?>
<FKIndexAssociation class="oracle.dbtools.crest.model.design.relational.FKIndexAssociation" directorySegmentName="seg_0" id="02055AFF-4827-FF7B-D18B-CD3989EA401B" containerWithKeyObject="5F5899F7-AEFC-B9B5-1741-261D48AA0A47" localFKIndex="014F04A4-8F9E-F9F9-88A8-8058B5D38D56" name="packages_in_packages_packages_FK">
<createdBy>admin</createdBy>
<createdTime>2015-10-30 09:50:13 UTC</createdTime>
<generatorID>AFE66F4D-1E8C-7BBA-80EF-E9DB3938137D</generatorID>
<ownerDesignName>02b_package_of_items_v2</ownerDesignName>
<deleteRule>NO ACTION</deleteRule>
<referredTableID>5677DE78-3FC0-5EDB-C0FE-E5122C2901D4</referredTableID>
<keyObject>3FB0BC8B-A890-7321-58B1-6AC594E5F2FA</keyObject>
<referredKeyID>3FB0BC8B-A890-7321-58B1-6AC594E5F2FA</referredKeyID>
<mandatory>true</mandatory>
<transferable>true</transferable>
<rely>false</rely>
<columnDependencyConstraintGenerateInDDL>true</columnDependencyConstraintGenerateInDDL>
</FKIndexAssociation>