<?xml version = '1.0' encoding = 'UTF-8'?>
<FKIndexAssociation class="oracle.dbtools.crest.model.design.relational.FKIndexAssociation" directorySegmentName="seg_0" id="07A140E6-1519-1FD6-0969-EE873F6A7AF7" containerWithKeyObject="7F9F6102-7406-5C59-4D59-E12979414DB0" localFKIndex="A452938E-F0DC-BF4D-BD9F-AED42C9E7297" name="equiv_measure_units_measure_units_FKv2">
<createdBy>admin</createdBy>
<createdTime>2015-10-30 09:50:13 UTC</createdTime>
<generatorID>1862BC83-BCCB-ED4B-994C-F36D823BA101</generatorID>
<ownerDesignName>02b_package_of_items_v2</ownerDesignName>
<deleteRule>NO ACTION</deleteRule>
<referredTableID>13DC08E5-EACC-5222-D058-89D694D32C13</referredTableID>
<keyObject>A8EFEE17-0D4B-C224-0502-2091A97D1AAA</keyObject>
<referredKeyID>A8EFEE17-0D4B-C224-0502-2091A97D1AAA</referredKeyID>
<mandatory>true</mandatory>
<transferable>true</transferable>
<rely>false</rely>
<columnDependencyConstraintGenerateInDDL>true</columnDependencyConstraintGenerateInDDL>
</FKIndexAssociation>