<?xml version = '1.0' encoding = 'UTF-8'?>
<FKIndexAssociation class="oracle.dbtools.crest.model.design.relational.FKIndexAssociation" directorySegmentName="seg_0" id="08C58829-707E-B331-D1F9-C31E01D6532F" containerWithKeyObject="7E4D4EBB-4CF9-90A8-7633-DE67EF19CAF9" localFKIndex="CC940D0F-F598-5150-A416-91413B92F237" name="services_in_packages_services_FK">
<createdBy>admin</createdBy>
<createdTime>2015-10-30 11:00:36 UTC</createdTime>
<generatorID>121A12F0-D94C-1B89-51DF-FAD043291083</generatorID>
<ownerDesignName>02b_package_of_items_v2</ownerDesignName>
<deleteRule>NO ACTION</deleteRule>
<referredTableID>874E7DFE-4C32-FFE3-02F3-24134B9B71BA</referredTableID>
<keyObject>C5D6C1D2-85E0-C8DA-E0D4-87A8EAFB3F8A</keyObject>
<referredKeyID>C5D6C1D2-85E0-C8DA-E0D4-87A8EAFB3F8A</referredKeyID>
<mandatory>true</mandatory>
<transferable>true</transferable>
<rely>false</rely>
<columnDependencyConstraintGenerateInDDL>true</columnDependencyConstraintGenerateInDDL>
</FKIndexAssociation>