<?xml version = '1.0' encoding = 'UTF-8'?>
<FKIndexAssociation class="oracle.dbtools.crest.model.design.relational.FKIndexAssociation" directorySegmentName="seg_0" id="0AEF8687-B155-5205-3D83-39460169A1C4" containerWithKeyObject="5A94D4A5-C517-8E11-0520-8DC192D5F4C5" localFKIndex="EB0408BE-A4D1-64D0-0A7D-5A0E4B3604E0" name="products_in_packages_packages_FK">
<createdBy>marinfotache</createdBy>
<createdTime>2020-12-02 07:00:43 UTC</createdTime>
<generatorID>D5B6866F-980B-5E62-67FC-D495FB512EAD</generatorID>
<ownerDesignName>02b_package_of_items_v2</ownerDesignName>
<referredTableLongName>packages</referredTableLongName>
<deleteRule>NO ACTION</deleteRule>
<referredTableID>1631710C-1B39-70D1-AA1D-FC0695EA408A</referredTableID>
<keyObject>17BF708B-38D1-6689-92CE-36697C175133</keyObject>
<referredKeyID>17BF708B-38D1-6689-92CE-36697C175133</referredKeyID>
<mandatory>true</mandatory>
<refColNames>package_id</refColNames>
<transferable>true</transferable>
<rely>false</rely>
<columnDependencyConstraintGenerateInDDL>true</columnDependencyConstraintGenerateInDDL>
</FKIndexAssociation>