<?xml version = '1.0' encoding = 'UTF-8'?>
<FKIndexAssociation class="oracle.dbtools.crest.model.design.relational.FKIndexAssociation" directorySegmentName="seg_0" id="141958B3-3CE0-CAAF-3BE6-EA6AF661CC18" containerWithKeyObject="1660E634-61AC-0515-904A-614C0E3E63E5" localFKIndex="C93DFE07-9E94-AABC-DAB1-D81EFBC1F0C9" name="products_in_packages_products_FK">
<createdBy>admin</createdBy>
<createdTime>2015-10-30 09:50:13 UTC</createdTime>
<generatorID>FEFA018E-7051-E63B-863B-0FA7335F6A45</generatorID>
<ownerDesignName>02b_package_of_items_v2</ownerDesignName>
<deleteRule>NO ACTION</deleteRule>
<referredTableID>DE76161C-094B-2968-24C9-FAC1FCEA936D</referredTableID>
<keyObject>B19FB19D-24CD-292E-D3AB-519D7A9AB64D</keyObject>
<referredKeyID>B19FB19D-24CD-292E-D3AB-519D7A9AB64D</referredKeyID>
<mandatory>true</mandatory>
<transferable>true</transferable>
<rely>false</rely>
<columnDependencyConstraintGenerateInDDL>true</columnDependencyConstraintGenerateInDDL>
</FKIndexAssociation>