<?xml version = '1.0' encoding = 'UTF-8'?>
<FKIndexAssociation class="oracle.dbtools.crest.model.design.relational.FKIndexAssociation" directorySegmentName="seg_0" id="1565DA92-5ABC-9965-2E5C-0D3DCAAE6BF9" containerWithKeyObject="6651587D-ABE4-3714-2528-1B001D64AFEF" localFKIndex="DD73C255-EAEB-BE5C-2838-C4C38675F50D" name="equiv_measure_units_measure_units_FK">
<createdBy>marinfotache</createdBy>
<createdTime>2020-12-02 07:00:43 UTC</createdTime>
<generatorID>7F4845F5-1050-9CAA-3BFB-F838E84D69E5</generatorID>
<ownerDesignName>02b_package_of_items_v2</ownerDesignName>
<referredTableLongName>measure_units</referredTableLongName>
<deleteRule>NO ACTION</deleteRule>
<referredTableID>A75BAEAB-1F07-E052-4A38-FFCC2F46D360</referredTableID>
<keyObject>72CD6363-F24E-82F8-316A-1A542481BE9B</keyObject>
<referredKeyID>72CD6363-F24E-82F8-316A-1A542481BE9B</referredKeyID>
<mandatory>true</mandatory>
<refColNames>abbreviation</refColNames>
<transferable>true</transferable>
<rely>false</rely>
<columnDependencyConstraintGenerateInDDL>true</columnDependencyConstraintGenerateInDDL>
</FKIndexAssociation>