<?xml version = '1.0' encoding = 'UTF-8'?>
<FKIndexAssociation class="oracle.dbtools.crest.model.design.relational.FKIndexAssociation" directorySegmentName="seg_0" id="17B27B4F-EAA9-0EE0-08F7-51F743A9BBDC" containerWithKeyObject="71C6F503-E640-9366-5C68-E1D92B984D5F" localFKIndex="7A71070B-E132-014A-95E4-114A335FD5AA" name="products_measure_units_FKv2">
<createdBy>marinfotache</createdBy>
<createdTime>2020-12-02 07:00:43 UTC</createdTime>
<generatorID>173357BD-B4E5-5AC4-DDA6-93926AB312C5</generatorID>
<ownerDesignName>02b_package_of_items_v2</ownerDesignName>
<referredTableLongName>measure_units</referredTableLongName>
<deleteRule>NO ACTION</deleteRule>
<referredTableID>A75BAEAB-1F07-E052-4A38-FFCC2F46D360</referredTableID>
<keyObject>72CD6363-F24E-82F8-316A-1A542481BE9B</keyObject>
<referredKeyID>72CD6363-F24E-82F8-316A-1A542481BE9B</referredKeyID>
<mandatory>true</mandatory>
<refColNames>abbreviation</refColNames>
<transferable>true</transferable>
<rely>false</rely>
<columnDependencyConstraintGenerateInDDL>true</columnDependencyConstraintGenerateInDDL>
</FKIndexAssociation>