<?xml version = '1.0' encoding = 'UTF-8'?>
<FKIndexAssociation class="oracle.dbtools.crest.model.design.relational.FKIndexAssociation" directorySegmentName="seg_0" id="31BCAB9F-5871-6A52-A051-DA682313551E" containerWithKeyObject="FEE68B15-1604-0AE9-7379-3F7878A0CE4B" localFKIndex="806B4853-BEAE-D6DB-0A43-0B83F26FD89D" name="services_in_packages_packages_FK">
<createdBy>marinfotache</createdBy>
<createdTime>2020-12-02 07:00:43 UTC</createdTime>
<generatorID>695E4908-9FB9-3723-0AE8-AD86E545B6B8</generatorID>
<ownerDesignName>02b_package_of_items_v2</ownerDesignName>
<referredTableLongName>packages</referredTableLongName>
<deleteRule>NO ACTION</deleteRule>
<referredTableID>1631710C-1B39-70D1-AA1D-FC0695EA408A</referredTableID>
<keyObject>17BF708B-38D1-6689-92CE-36697C175133</keyObject>
<referredKeyID>17BF708B-38D1-6689-92CE-36697C175133</referredKeyID>
<mandatory>true</mandatory>
<refColNames>package_id</refColNames>
<transferable>true</transferable>
<rely>false</rely>
<columnDependencyConstraintGenerateInDDL>true</columnDependencyConstraintGenerateInDDL>
</FKIndexAssociation>