<?xml version = '1.0' encoding = 'UTF-8'?>
<FKIndexAssociation class="oracle.dbtools.crest.model.design.relational.FKIndexAssociation" directorySegmentName="seg_0" id="390822A3-B60F-8C21-C829-93016FF6B567" containerWithKeyObject="72B9BBC6-20FB-9BCD-7E6B-B4A5A516B93A" localFKIndex="5E023E27-109D-EF67-A2FA-B890A07652AF" name="serv_var_price_services_FK">
<createdBy>marinfotache</createdBy>
<createdTime>2020-12-02 07:00:42 UTC</createdTime>
<generatorID>81C48145-1421-FB94-577D-742EE129B2B4</generatorID>
<ownerDesignName>02b_package_of_items_v2</ownerDesignName>
<referredTableLongName>services</referredTableLongName>
<arc>10F53138-CE4B-9BD4-27CB-47521CF8D2CC</arc>
<deleteRule>RESTRICT</deleteRule>
<referredTableID>828284D0-CAC0-8321-34A1-940C0CBFCFCB</referredTableID>
<keyObject>6F7E6B6B-C4FA-7249-00AB-DC56E9C3AC78</keyObject>
<referredKeyID>6F7E6B6B-C4FA-7249-00AB-DC56E9C3AC78</referredKeyID>
<mandatory>true</mandatory>
<refColNames>serv_id</refColNames>
<transferable>true</transferable>
<rely>false</rely>
<columnDependencyConstraintGenerateInDDL>true</columnDependencyConstraintGenerateInDDL>
</FKIndexAssociation>