<?xml version = '1.0' encoding = 'UTF-8'?>
<FKIndexAssociation class="oracle.dbtools.crest.model.design.relational.FKIndexAssociation" directorySegmentName="seg_0" id="3E180CE9-B0DC-A5D0-0DBC-701FF6BDCBA2" containerWithKeyObject="4483D829-6783-3B35-2F10-4E51A212D438" localFKIndex="9CC9D7F0-953F-83A7-A5C1-705B260F6FCE" name="serv_unique_price_services_FK">
<createdBy>admin</createdBy>
<createdTime>2015-10-30 09:50:13 UTC</createdTime>
<generatorID>9BFF8122-CB69-FA40-B338-4F41DE6F89C0</generatorID>
<ownerDesignName>02b_package_of_items_v2</ownerDesignName>
<arc>436EDE37-6234-BAE4-7370-2805175651C3</arc>
<deleteRule>RESTRICT</deleteRule>
<referredTableID>874E7DFE-4C32-FFE3-02F3-24134B9B71BA</referredTableID>
<keyObject>C5D6C1D2-85E0-C8DA-E0D4-87A8EAFB3F8A</keyObject>
<referredKeyID>C5D6C1D2-85E0-C8DA-E0D4-87A8EAFB3F8A</referredKeyID>
<mandatory>true</mandatory>
<transferable>true</transferable>
<rely>false</rely>
<columnDependencyConstraintGenerateInDDL>true</columnDependencyConstraintGenerateInDDL>
</FKIndexAssociation>