<?xml version = '1.0' encoding = 'UTF-8'?>
<FKIndexAssociation class="oracle.dbtools.crest.model.design.relational.FKIndexAssociation" directorySegmentName="seg_0" id="4B4867EC-4AE1-0120-8EB0-777880E8F273" containerWithKeyObject="3E2CC8B0-5C1B-CCB8-D405-7F1D7FA83AEF" localFKIndex="9BE00D0C-857A-E699-2637-F5A4C4F02382" name="ordered_items_products_FK">
<createdBy>marinfotache</createdBy>
<createdTime>2020-12-02 07:00:43 UTC</createdTime>
<generatorID>30B0283E-4B3A-6B3D-161F-44294A3D63C0</generatorID>
<ownerDesignName>02b_package_of_items_v2</ownerDesignName>
<referredTableLongName>products</referredTableLongName>
<arc>728F164C-4FB3-58CB-741B-21F683E657FF</arc>
<deleteRule>NO ACTION</deleteRule>
<referredTableID>71C6F503-E640-9366-5C68-E1D92B984D5F</referredTableID>
<keyObject>B0932A93-C667-AAEC-B11D-6C5C17AFE85A</keyObject>
<referredKeyID>B0932A93-C667-AAEC-B11D-6C5C17AFE85A</referredKeyID>
<mandatory>false</mandatory>
<refColNames>prod_id</refColNames>
<transferable>true</transferable>
<rely>false</rely>
<columnDependencyConstraintGenerateInDDL>true</columnDependencyConstraintGenerateInDDL>
</FKIndexAssociation>