<?xml version = '1.0' encoding = 'UTF-8'?>
<FKIndexAssociation class="oracle.dbtools.crest.model.design.relational.FKIndexAssociation" directorySegmentName="seg_0" id="4CBF1C60-FF98-F932-310D-C4D040010A19" containerWithKeyObject="7E4D4EBB-4CF9-90A8-7633-DE67EF19CAF9" localFKIndex="09409662-D518-CC96-0A6E-9AB775C7202F" name="services_in_packages_packages_FK">
<createdBy>admin</createdBy>
<createdTime>2015-10-30 09:50:13 UTC</createdTime>
<generatorID>695E4908-9FB9-3723-0AE8-AD86E545B6B8</generatorID>
<ownerDesignName>02b_package_of_items_v2</ownerDesignName>
<deleteRule>NO ACTION</deleteRule>
<referredTableID>5677DE78-3FC0-5EDB-C0FE-E5122C2901D4</referredTableID>
<keyObject>3FB0BC8B-A890-7321-58B1-6AC594E5F2FA</keyObject>
<referredKeyID>3FB0BC8B-A890-7321-58B1-6AC594E5F2FA</referredKeyID>
<mandatory>true</mandatory>
<transferable>true</transferable>
<rely>false</rely>
<columnDependencyConstraintGenerateInDDL>true</columnDependencyConstraintGenerateInDDL>
</FKIndexAssociation>