<?xml version = '1.0' encoding = 'UTF-8'?>
<FKIndexAssociation class="oracle.dbtools.crest.model.design.relational.FKIndexAssociation" directorySegmentName="seg_0" id="5428BC24-6736-D3C4-260F-7414137C153A" containerWithKeyObject="71C6F503-E640-9366-5C68-E1D92B984D5F" localFKIndex="3FF03941-B132-841F-332A-EE0613C549BD" name="products_measure_units_FK">
<createdBy>marinfotache</createdBy>
<createdTime>2020-12-02 07:00:43 UTC</createdTime>
<generatorID>26DC25EA-33BA-D687-BA64-7E32F8A5CA2A</generatorID>
<ownerDesignName>02b_package_of_items_v2</ownerDesignName>
<referredTableLongName>measure_units</referredTableLongName>
<deleteRule>NO ACTION</deleteRule>
<referredTableID>A75BAEAB-1F07-E052-4A38-FFCC2F46D360</referredTableID>
<keyObject>72CD6363-F24E-82F8-316A-1A542481BE9B</keyObject>
<referredKeyID>72CD6363-F24E-82F8-316A-1A542481BE9B</referredKeyID>
<mandatory>true</mandatory>
<refColNames>abbreviation</refColNames>
<transferable>true</transferable>
<rely>false</rely>
<columnDependencyConstraintGenerateInDDL>true</columnDependencyConstraintGenerateInDDL>
</FKIndexAssociation>