<?xml version = '1.0' encoding = 'UTF-8'?>
<FKIndexAssociation class="oracle.dbtools.crest.model.design.relational.FKIndexAssociation" directorySegmentName="seg_0" id="64DDF670-B002-FDFA-1111-FFA39BD2A851" containerWithKeyObject="3E2CC8B0-5C1B-CCB8-D405-7F1D7FA83AEF" localFKIndex="D5B3F6F2-FBB8-9410-20EA-04F197649EEB" name="ordered_items_services_FK">
<createdBy>marinfotache</createdBy>
<createdTime>2020-12-02 07:00:43 UTC</createdTime>
<generatorID>8583661B-49B5-9C48-8C5B-7920C35F4216</generatorID>
<ownerDesignName>02b_package_of_items_v2</ownerDesignName>
<referredTableLongName>services</referredTableLongName>
<arc>728F164C-4FB3-58CB-741B-21F683E657FF</arc>
<deleteRule>NO ACTION</deleteRule>
<referredTableID>828284D0-CAC0-8321-34A1-940C0CBFCFCB</referredTableID>
<keyObject>6F7E6B6B-C4FA-7249-00AB-DC56E9C3AC78</keyObject>
<referredKeyID>6F7E6B6B-C4FA-7249-00AB-DC56E9C3AC78</referredKeyID>
<mandatory>false</mandatory>
<refColNames>serv_id</refColNames>
<transferable>true</transferable>
<rely>false</rely>
<columnDependencyConstraintGenerateInDDL>true</columnDependencyConstraintGenerateInDDL>
</FKIndexAssociation>