<?xml version = '1.0' encoding = 'UTF-8'?>
<FKIndexAssociation class="oracle.dbtools.crest.model.design.relational.FKIndexAssociation" directorySegmentName="seg_0" id="694F8816-D698-C85A-F33A-E5EF9919DD6A" containerWithKeyObject="5DA56238-0DC4-E9A9-5397-5BCA6B43BB85" localFKIndex="A0BE8DF8-E0DF-076A-550A-80658671D75B" name="ordered_items_products_FK">
<createdBy>admin</createdBy>
<createdTime>2015-10-30 09:50:13 UTC</createdTime>
<generatorID>30B0283E-4B3A-6B3D-161F-44294A3D63C0</generatorID>
<ownerDesignName>02b_package_of_items_v2</ownerDesignName>
<deleteRule>NO ACTION</deleteRule>
<referredTableID>DE76161C-094B-2968-24C9-FAC1FCEA936D</referredTableID>
<keyObject>B19FB19D-24CD-292E-D3AB-519D7A9AB64D</keyObject>
<referredKeyID>B19FB19D-24CD-292E-D3AB-519D7A9AB64D</referredKeyID>
<mandatory>true</mandatory>
<transferable>true</transferable>
<rely>false</rely>
<columnDependencyConstraintGenerateInDDL>true</columnDependencyConstraintGenerateInDDL>
</FKIndexAssociation>