<?xml version = '1.0' encoding = 'UTF-8'?>
<FKIndexAssociation class="oracle.dbtools.crest.model.design.relational.FKIndexAssociation" directorySegmentName="seg_0" id="6E4C2927-D110-9428-DDA9-55F44A0B21AB" containerWithKeyObject="5DA56238-0DC4-E9A9-5397-5BCA6B43BB85" localFKIndex="65198133-8CDB-F782-555C-6A2EBBBF3BB2" name="ordered_items_packages_FK">
<createdBy>admin</createdBy>
<createdTime>2015-10-30 09:50:13 UTC</createdTime>
<generatorID>5691A718-A83F-9A5B-BD32-403CBD9A10D6</generatorID>
<ownerDesignName>02b_package_of_items_v2</ownerDesignName>
<deleteRule>NO ACTION</deleteRule>
<referredTableID>5677DE78-3FC0-5EDB-C0FE-E5122C2901D4</referredTableID>
<keyObject>3FB0BC8B-A890-7321-58B1-6AC594E5F2FA</keyObject>
<referredKeyID>3FB0BC8B-A890-7321-58B1-6AC594E5F2FA</referredKeyID>
<mandatory>true</mandatory>
<transferable>true</transferable>
<rely>false</rely>
<columnDependencyConstraintGenerateInDDL>true</columnDependencyConstraintGenerateInDDL>
</FKIndexAssociation>