<?xml version = '1.0' encoding = 'UTF-8'?>
<FKIndexAssociation class="oracle.dbtools.crest.model.design.relational.FKIndexAssociation" directorySegmentName="seg_0" id="748F23B9-669C-6F17-A619-82F0C1E69D44" containerWithKeyObject="5DA56238-0DC4-E9A9-5397-5BCA6B43BB85" localFKIndex="5B2523C9-C203-D3D3-ADBE-0DF3B6A5232B" name="ordered_items_orders_FK">
<createdBy>admin</createdBy>
<createdTime>2015-10-30 09:50:13 UTC</createdTime>
<generatorID>2AFE7B4B-0337-CBB2-49DE-B73C185A50F3</generatorID>
<ownerDesignName>02b_package_of_items_v2</ownerDesignName>
<deleteRule>NO ACTION</deleteRule>
<referredTableID>136E0676-0277-C049-C709-7FB65CAD1637</referredTableID>
<keyObject>846F0DA8-DD66-196D-044F-831CF9512B3C</keyObject>
<referredKeyID>846F0DA8-DD66-196D-044F-831CF9512B3C</referredKeyID>
<mandatory>true</mandatory>
<transferable>true</transferable>
<rely>false</rely>
<columnDependencyConstraintGenerateInDDL>true</columnDependencyConstraintGenerateInDDL>
</FKIndexAssociation>