<?xml version = '1.0' encoding = 'UTF-8'?>
<FKIndexAssociation class="oracle.dbtools.crest.model.design.relational.FKIndexAssociation" directorySegmentName="seg_0" id="75062CA2-22B4-BCD1-B660-7BB9EDFA4ABB" containerWithKeyObject="7F9F6102-7406-5C59-4D59-E12979414DB0" localFKIndex="AD00DC8B-A83D-11CA-4F58-95B53720FACB" name="equiv_measure_units_measure_units_FK">
<createdBy>admin</createdBy>
<createdTime>2015-10-30 09:50:13 UTC</createdTime>
<generatorID>7F4845F5-1050-9CAA-3BFB-F838E84D69E5</generatorID>
<ownerDesignName>02b_package_of_items_v2</ownerDesignName>
<deleteRule>NO ACTION</deleteRule>
<referredTableID>13DC08E5-EACC-5222-D058-89D694D32C13</referredTableID>
<keyObject>A8EFEE17-0D4B-C224-0502-2091A97D1AAA</keyObject>
<referredKeyID>A8EFEE17-0D4B-C224-0502-2091A97D1AAA</referredKeyID>
<mandatory>true</mandatory>
<transferable>true</transferable>
<rely>false</rely>
<columnDependencyConstraintGenerateInDDL>true</columnDependencyConstraintGenerateInDDL>
</FKIndexAssociation>