<?xml version = '1.0' encoding = 'UTF-8'?>
<FKIndexAssociation class="oracle.dbtools.crest.model.design.relational.FKIndexAssociation" directorySegmentName="seg_0" id="7B3FF42C-3F91-357F-A220-726A3E094D0A" containerWithKeyObject="1660E634-61AC-0515-904A-614C0E3E63E5" localFKIndex="565BD1BE-DE49-89F5-5B00-8D66ACCF2370" name="products_in_packages_packages_FK">
<createdBy>admin</createdBy>
<createdTime>2015-10-30 09:50:13 UTC</createdTime>
<generatorID>D5B6866F-980B-5E62-67FC-D495FB512EAD</generatorID>
<ownerDesignName>02b_package_of_items_v2</ownerDesignName>
<deleteRule>NO ACTION</deleteRule>
<referredTableID>5677DE78-3FC0-5EDB-C0FE-E5122C2901D4</referredTableID>
<keyObject>3FB0BC8B-A890-7321-58B1-6AC594E5F2FA</keyObject>
<referredKeyID>3FB0BC8B-A890-7321-58B1-6AC594E5F2FA</referredKeyID>
<mandatory>true</mandatory>
<transferable>true</transferable>
<rely>false</rely>
<columnDependencyConstraintGenerateInDDL>true</columnDependencyConstraintGenerateInDDL>
</FKIndexAssociation>