<?xml version = '1.0' encoding = 'UTF-8'?>
<FKIndexAssociation class="oracle.dbtools.crest.model.design.relational.FKIndexAssociation" directorySegmentName="seg_0" id="85436534-ACC1-17E9-416B-F88E37960E5A" containerWithKeyObject="3E2CC8B0-5C1B-CCB8-D405-7F1D7FA83AEF" localFKIndex="4B897DDD-6F4B-134F-0C9A-4BE5B5D42C3C" name="ordered_items_packages_FK">
<createdBy>marinfotache</createdBy>
<createdTime>2020-12-02 07:00:42 UTC</createdTime>
<generatorID>5691A718-A83F-9A5B-BD32-403CBD9A10D6</generatorID>
<ownerDesignName>02b_package_of_items_v2</ownerDesignName>
<referredTableLongName>packages</referredTableLongName>
<arc>728F164C-4FB3-58CB-741B-21F683E657FF</arc>
<deleteRule>NO ACTION</deleteRule>
<referredTableID>1631710C-1B39-70D1-AA1D-FC0695EA408A</referredTableID>
<keyObject>17BF708B-38D1-6689-92CE-36697C175133</keyObject>
<referredKeyID>17BF708B-38D1-6689-92CE-36697C175133</referredKeyID>
<mandatory>false</mandatory>
<refColNames>package_id</refColNames>
<transferable>true</transferable>
<rely>false</rely>
<columnDependencyConstraintGenerateInDDL>true</columnDependencyConstraintGenerateInDDL>
</FKIndexAssociation>