<?xml version = '1.0' encoding = 'UTF-8'?>
<FKIndexAssociation class="oracle.dbtools.crest.model.design.relational.FKIndexAssociation" directorySegmentName="seg_0" id="89900304-3D30-9BAE-AAD2-82D7C5DB554B" containerWithKeyObject="71C6F503-E640-9366-5C68-E1D92B984D5F" localFKIndex="FE2FE620-894D-6F2D-4995-C83BC430C03B" name="products_item_groups_FK">
<createdBy>marinfotache</createdBy>
<createdTime>2020-12-02 07:00:43 UTC</createdTime>
<generatorID>6D6F96D6-A718-831D-B4E4-9D22F4FC9760</generatorID>
<ownerDesignName>02b_package_of_items_v2</ownerDesignName>
<referredTableLongName>item_groups</referredTableLongName>
<deleteRule>NO ACTION</deleteRule>
<referredTableID>2D3EF911-19E2-A4C4-C47E-BB26099A8267</referredTableID>
<keyObject>BB944CD3-461F-B532-711D-9B050846E8F7</keyObject>
<referredKeyID>BB944CD3-461F-B532-711D-9B050846E8F7</referredKeyID>
<mandatory>true</mandatory>
<refColNames>group_name</refColNames>
<transferable>true</transferable>
<rely>false</rely>
<columnDependencyConstraintGenerateInDDL>true</columnDependencyConstraintGenerateInDDL>
</FKIndexAssociation>