<?xml version = '1.0' encoding = 'UTF-8'?>
<FKIndexAssociation class="oracle.dbtools.crest.model.design.relational.FKIndexAssociation" directorySegmentName="seg_0" id="960A01F0-D78B-1A17-A46F-29D7B11A702A" containerWithKeyObject="DE76161C-094B-2968-24C9-FAC1FCEA936D" localFKIndex="87E0F1F9-EF83-A29B-643D-3AD02C664237" name="products_measure_units_FK">
<createdBy>admin</createdBy>
<createdTime>2015-10-30 09:50:13 UTC</createdTime>
<generatorID>26DC25EA-33BA-D687-BA64-7E32F8A5CA2A</generatorID>
<ownerDesignName>02b_package_of_items_v2</ownerDesignName>
<deleteRule>NO ACTION</deleteRule>
<referredTableID>13DC08E5-EACC-5222-D058-89D694D32C13</referredTableID>
<keyObject>A8EFEE17-0D4B-C224-0502-2091A97D1AAA</keyObject>
<referredKeyID>A8EFEE17-0D4B-C224-0502-2091A97D1AAA</referredKeyID>
<mandatory>true</mandatory>
<transferable>true</transferable>
<rely>false</rely>
<columnDependencyConstraintGenerateInDDL>true</columnDependencyConstraintGenerateInDDL>
</FKIndexAssociation>