<?xml version = '1.0' encoding = 'UTF-8'?>
<FKIndexAssociation class="oracle.dbtools.crest.model.design.relational.FKIndexAssociation" directorySegmentName="seg_0" id="A56506E7-6796-68AF-76B2-77DEFACD3D11" containerWithKeyObject="6651587D-ABE4-3714-2528-1B001D64AFEF" localFKIndex="E0C0C133-B79E-98C7-1F6F-81AB3C2EC90D" name="equiv_measure_units_measure_units_FKv2">
<createdBy>marinfotache</createdBy>
<createdTime>2020-12-02 07:00:43 UTC</createdTime>
<generatorID>1862BC83-BCCB-ED4B-994C-F36D823BA101</generatorID>
<ownerDesignName>02b_package_of_items_v2</ownerDesignName>
<referredTableLongName>measure_units</referredTableLongName>
<deleteRule>NO ACTION</deleteRule>
<referredTableID>A75BAEAB-1F07-E052-4A38-FFCC2F46D360</referredTableID>
<keyObject>72CD6363-F24E-82F8-316A-1A542481BE9B</keyObject>
<referredKeyID>72CD6363-F24E-82F8-316A-1A542481BE9B</referredKeyID>
<mandatory>true</mandatory>
<refColNames>abbreviation</refColNames>
<transferable>true</transferable>
<rely>false</rely>
<columnDependencyConstraintGenerateInDDL>true</columnDependencyConstraintGenerateInDDL>
</FKIndexAssociation>