<?xml version = '1.0' encoding = 'UTF-8'?>
<FKIndexAssociation class="oracle.dbtools.crest.model.design.relational.FKIndexAssociation" directorySegmentName="seg_0" id="A961BCF6-ACF0-51A8-E299-21C4AE57941C" containerWithKeyObject="3E2CC8B0-5C1B-CCB8-D405-7F1D7FA83AEF" localFKIndex="EEDEEDD6-2B15-CEE1-C974-909CDEE49886" name="ordered_items_orders_FK">
<createdBy>marinfotache</createdBy>
<createdTime>2020-12-02 07:00:43 UTC</createdTime>
<generatorID>2AFE7B4B-0337-CBB2-49DE-B73C185A50F3</generatorID>
<ownerDesignName>02b_package_of_items_v2</ownerDesignName>
<referredTableLongName>orders</referredTableLongName>
<deleteRule>NO ACTION</deleteRule>
<referredTableID>61631990-47B3-D5C6-C9B2-970BE2F042AB</referredTableID>
<keyObject>C4145332-D966-4C66-7844-A11607CE2CBC</keyObject>
<referredKeyID>C4145332-D966-4C66-7844-A11607CE2CBC</referredKeyID>
<mandatory>true</mandatory>
<refColNames>order_id</refColNames>
<transferable>true</transferable>
<rely>false</rely>
<columnDependencyConstraintGenerateInDDL>true</columnDependencyConstraintGenerateInDDL>
</FKIndexAssociation>