<?xml version = '1.0' encoding = 'UTF-8'?>
<FKIndexAssociation class="oracle.dbtools.crest.model.design.relational.FKIndexAssociation" directorySegmentName="seg_0" id="AD29AF1A-E3A6-332E-BA33-5839DF3A4B91" containerWithKeyObject="828284D0-CAC0-8321-34A1-940C0CBFCFCB" localFKIndex="B37B42E3-C91B-9B5E-0E50-C6BFC4251475" name="services_item_groups_FK">
<createdBy>marinfotache</createdBy>
<createdTime>2020-12-02 07:00:43 UTC</createdTime>
<generatorID>4C48235E-BC28-B9B9-8F37-185083ACBAF7</generatorID>
<ownerDesignName>02b_package_of_items_v2</ownerDesignName>
<referredTableLongName>item_groups</referredTableLongName>
<deleteRule>NO ACTION</deleteRule>
<referredTableID>2D3EF911-19E2-A4C4-C47E-BB26099A8267</referredTableID>
<keyObject>BB944CD3-461F-B532-711D-9B050846E8F7</keyObject>
<referredKeyID>BB944CD3-461F-B532-711D-9B050846E8F7</referredKeyID>
<mandatory>true</mandatory>
<refColNames>group_name</refColNames>
<transferable>true</transferable>
<rely>false</rely>
<columnDependencyConstraintGenerateInDDL>true</columnDependencyConstraintGenerateInDDL>
</FKIndexAssociation>