<?xml version = '1.0' encoding = 'UTF-8'?>
<FKIndexAssociation class="oracle.dbtools.crest.model.design.relational.FKIndexAssociation" directorySegmentName="seg_0" id="BD7A6BB8-A485-5782-AEF9-3E72EF9AA821" containerWithKeyObject="DE76161C-094B-2968-24C9-FAC1FCEA936D" localFKIndex="A6AC4683-5D71-0986-664A-BDFFCD06B3F0" name="products_item_groups_FK">
<createdBy>admin</createdBy>
<createdTime>2015-10-30 09:50:13 UTC</createdTime>
<generatorID>6D6F96D6-A718-831D-B4E4-9D22F4FC9760</generatorID>
<ownerDesignName>02b_package_of_items_v2</ownerDesignName>
<deleteRule>NO ACTION</deleteRule>
<referredTableID>E471F568-6E99-71FA-C3E5-5DB4F7D86229</referredTableID>
<keyObject>4AF92963-A54F-02D1-46CC-175AFCB1B431</keyObject>
<referredKeyID>4AF92963-A54F-02D1-46CC-175AFCB1B431</referredKeyID>
<mandatory>true</mandatory>
<transferable>true</transferable>
<rely>false</rely>
<columnDependencyConstraintGenerateInDDL>true</columnDependencyConstraintGenerateInDDL>
</FKIndexAssociation>