<?xml version = '1.0' encoding = 'UTF-8'?>
<FKIndexAssociation class="oracle.dbtools.crest.model.design.relational.FKIndexAssociation" directorySegmentName="seg_0" id="CB7DDE08-1AE8-EE88-19EF-BEA74EB0392E" containerWithKeyObject="4797C951-00BD-F025-12B1-E197AC97DAE2" localFKIndex="D6C78653-368C-6DF1-5210-CF11EA1DF0D4" name="packages_in_packages_packages_FKv2">
<createdBy>marinfotache</createdBy>
<createdTime>2020-12-02 07:00:43 UTC</createdTime>
<generatorID>BA15BA92-6528-72A5-DB05-B1FFF5F11BC0</generatorID>
<ownerDesignName>02b_package_of_items_v2</ownerDesignName>
<referredTableLongName>packages</referredTableLongName>
<deleteRule>NO ACTION</deleteRule>
<referredTableID>1631710C-1B39-70D1-AA1D-FC0695EA408A</referredTableID>
<keyObject>17BF708B-38D1-6689-92CE-36697C175133</keyObject>
<referredKeyID>17BF708B-38D1-6689-92CE-36697C175133</referredKeyID>
<mandatory>true</mandatory>
<refColNames>package_id</refColNames>
<transferable>true</transferable>
<rely>false</rely>
<columnDependencyConstraintGenerateInDDL>true</columnDependencyConstraintGenerateInDDL>
</FKIndexAssociation>