<?xml version = '1.0' encoding = 'UTF-8'?>
<FKIndexAssociation class="oracle.dbtools.crest.model.design.relational.FKIndexAssociation" directorySegmentName="seg_0" id="CC3CEE5D-8737-CD94-1F9A-9E79E1A87740" containerWithKeyObject="874E7DFE-4C32-FFE3-02F3-24134B9B71BA" localFKIndex="618FF860-570E-CF4F-D84F-334FC427C3D2" name="services_item_groups_FK">
<createdBy>admin</createdBy>
<createdTime>2015-10-30 09:50:13 UTC</createdTime>
<generatorID>4C48235E-BC28-B9B9-8F37-185083ACBAF7</generatorID>
<ownerDesignName>02b_package_of_items_v2</ownerDesignName>
<deleteRule>NO ACTION</deleteRule>
<referredTableID>E471F568-6E99-71FA-C3E5-5DB4F7D86229</referredTableID>
<keyObject>4AF92963-A54F-02D1-46CC-175AFCB1B431</keyObject>
<referredKeyID>4AF92963-A54F-02D1-46CC-175AFCB1B431</referredKeyID>
<mandatory>true</mandatory>
<transferable>true</transferable>
<rely>false</rely>
<columnDependencyConstraintGenerateInDDL>true</columnDependencyConstraintGenerateInDDL>
</FKIndexAssociation>