<?xml version = '1.0' encoding = 'UTF-8'?>
<FKIndexAssociation class="oracle.dbtools.crest.model.design.relational.FKIndexAssociation" directorySegmentName="seg_0" id="CDAF8817-8EA2-6131-7F3A-2ED8E0AADF2B" containerWithKeyObject="39C62990-253D-18A1-4F5E-F33ACE48B1C2" localFKIndex="C28E78BB-D563-2CE4-088F-9AB90FCC1870" name="serv_var_price_services_FK">
<createdBy>admin</createdBy>
<createdTime>2015-10-30 09:50:13 UTC</createdTime>
<generatorID>81C48145-1421-FB94-577D-742EE129B2B4</generatorID>
<ownerDesignName>02b_package_of_items_v2</ownerDesignName>
<arc>436EDE37-6234-BAE4-7370-2805175651C3</arc>
<deleteRule>RESTRICT</deleteRule>
<referredTableID>874E7DFE-4C32-FFE3-02F3-24134B9B71BA</referredTableID>
<keyObject>C5D6C1D2-85E0-C8DA-E0D4-87A8EAFB3F8A</keyObject>
<referredKeyID>C5D6C1D2-85E0-C8DA-E0D4-87A8EAFB3F8A</referredKeyID>
<mandatory>true</mandatory>
<transferable>true</transferable>
<rely>false</rely>
<columnDependencyConstraintGenerateInDDL>true</columnDependencyConstraintGenerateInDDL>
</FKIndexAssociation>