<?xml version = '1.0' encoding = 'UTF-8'?>
<FKIndexAssociation class="oracle.dbtools.crest.model.design.relational.FKIndexAssociation" directorySegmentName="seg_0" id="D1FF34A4-364B-FEDE-1DB1-DD8E4AB8B5F1" containerWithKeyObject="4797C951-00BD-F025-12B1-E197AC97DAE2" localFKIndex="EBEE3D4E-13C0-832C-861A-580293B75BED" name="packages_in_packages_packages_FK">
<createdBy>marinfotache</createdBy>
<createdTime>2020-12-02 07:00:43 UTC</createdTime>
<generatorID>AFE66F4D-1E8C-7BBA-80EF-E9DB3938137D</generatorID>
<ownerDesignName>02b_package_of_items_v2</ownerDesignName>
<referredTableLongName>packages</referredTableLongName>
<deleteRule>NO ACTION</deleteRule>
<referredTableID>1631710C-1B39-70D1-AA1D-FC0695EA408A</referredTableID>
<keyObject>17BF708B-38D1-6689-92CE-36697C175133</keyObject>
<referredKeyID>17BF708B-38D1-6689-92CE-36697C175133</referredKeyID>
<mandatory>true</mandatory>
<refColNames>package_id</refColNames>
<transferable>true</transferable>
<rely>false</rely>
<columnDependencyConstraintGenerateInDDL>true</columnDependencyConstraintGenerateInDDL>
</FKIndexAssociation>