<?xml version = '1.0' encoding = 'UTF-8'?>
<FKIndexAssociation class="oracle.dbtools.crest.model.design.relational.FKIndexAssociation" directorySegmentName="seg_0" id="D32A087C-E39E-0B76-2E08-8FDD2B47EFE2" containerWithKeyObject="5DA56238-0DC4-E9A9-5397-5BCA6B43BB85" localFKIndex="971778C2-3A3B-5B31-1FB6-C119B2EEC37F" name="ordered_items_services_FK">
<createdBy>admin</createdBy>
<createdTime>2015-10-30 09:50:13 UTC</createdTime>
<generatorID>8583661B-49B5-9C48-8C5B-7920C35F4216</generatorID>
<ownerDesignName>02b_package_of_items_v2</ownerDesignName>
<deleteRule>NO ACTION</deleteRule>
<referredTableID>874E7DFE-4C32-FFE3-02F3-24134B9B71BA</referredTableID>
<keyObject>C5D6C1D2-85E0-C8DA-E0D4-87A8EAFB3F8A</keyObject>
<referredKeyID>C5D6C1D2-85E0-C8DA-E0D4-87A8EAFB3F8A</referredKeyID>
<mandatory>true</mandatory>
<transferable>true</transferable>
<rely>false</rely>
<columnDependencyConstraintGenerateInDDL>true</columnDependencyConstraintGenerateInDDL>
</FKIndexAssociation>