<?xml version = '1.0' encoding = 'UTF-8'?>
<FKIndexAssociation class="oracle.dbtools.crest.model.design.relational.FKIndexAssociation" directorySegmentName="seg_0" id="D5AB977B-0720-8160-25DB-4D82367FFD82" containerWithKeyObject="DE76161C-094B-2968-24C9-FAC1FCEA936D" localFKIndex="1237866D-403C-536B-A5BF-16DAF8F21FA2" name="products_measure_units_FKv2">
<createdBy>admin</createdBy>
<createdTime>2015-10-30 09:50:13 UTC</createdTime>
<generatorID>173357BD-B4E5-5AC4-DDA6-93926AB312C5</generatorID>
<ownerDesignName>02b_package_of_items_v2</ownerDesignName>
<deleteRule>NO ACTION</deleteRule>
<referredTableID>13DC08E5-EACC-5222-D058-89D694D32C13</referredTableID>
<keyObject>A8EFEE17-0D4B-C224-0502-2091A97D1AAA</keyObject>
<referredKeyID>A8EFEE17-0D4B-C224-0502-2091A97D1AAA</referredKeyID>
<mandatory>true</mandatory>
<transferable>true</transferable>
<rely>false</rely>
<columnDependencyConstraintGenerateInDDL>true</columnDependencyConstraintGenerateInDDL>
</FKIndexAssociation>