<?xml version = '1.0' encoding = 'UTF-8'?>
<FKIndexAssociation class="oracle.dbtools.crest.model.design.relational.FKIndexAssociation" directorySegmentName="seg_0" id="D72A8317-247A-9316-2EE6-255A610CB60C" containerWithKeyObject="514B3CCF-E7A2-5DA4-4982-6F762B3EBCFE" localFKIndex="A054C15F-08F4-21EF-7CCC-23146A521D3C" name="serv_unique_price_services_FK">
<createdBy>marinfotache</createdBy>
<createdTime>2020-12-02 07:00:42 UTC</createdTime>
<generatorID>9BFF8122-CB69-FA40-B338-4F41DE6F89C0</generatorID>
<ownerDesignName>02b_package_of_items_v2</ownerDesignName>
<referredTableLongName>services</referredTableLongName>
<arc>10F53138-CE4B-9BD4-27CB-47521CF8D2CC</arc>
<deleteRule>RESTRICT</deleteRule>
<referredTableID>828284D0-CAC0-8321-34A1-940C0CBFCFCB</referredTableID>
<keyObject>6F7E6B6B-C4FA-7249-00AB-DC56E9C3AC78</keyObject>
<referredKeyID>6F7E6B6B-C4FA-7249-00AB-DC56E9C3AC78</referredKeyID>
<mandatory>true</mandatory>
<refColNames>serv_id</refColNames>
<transferable>true</transferable>
<rely>false</rely>
<columnDependencyConstraintGenerateInDDL>true</columnDependencyConstraintGenerateInDDL>
</FKIndexAssociation>