<?xml version = '1.0' encoding = 'UTF-8'?>
<FKIndexAssociation class="oracle.dbtools.crest.model.design.relational.FKIndexAssociation" directorySegmentName="seg_0" id="D85941BC-3242-479B-2D3E-7C6D469095AF" containerWithKeyObject="5F5899F7-AEFC-B9B5-1741-261D48AA0A47" localFKIndex="8EA53F85-1DD4-C9A5-5571-C655A02A5663" name="packages_in_packages_packages_FKv2">
<createdBy>admin</createdBy>
<createdTime>2015-10-30 09:50:13 UTC</createdTime>
<generatorID>BA15BA92-6528-72A5-DB05-B1FFF5F11BC0</generatorID>
<ownerDesignName>02b_package_of_items_v2</ownerDesignName>
<deleteRule>NO ACTION</deleteRule>
<referredTableID>5677DE78-3FC0-5EDB-C0FE-E5122C2901D4</referredTableID>
<keyObject>3FB0BC8B-A890-7321-58B1-6AC594E5F2FA</keyObject>
<referredKeyID>3FB0BC8B-A890-7321-58B1-6AC594E5F2FA</referredKeyID>
<mandatory>true</mandatory>
<transferable>true</transferable>
<rely>false</rely>
<columnDependencyConstraintGenerateInDDL>true</columnDependencyConstraintGenerateInDDL>
</FKIndexAssociation>