<?xml version = '1.0' encoding = 'UTF-8'?>
<FKIndexAssociation class="oracle.dbtools.crest.model.design.relational.FKIndexAssociation" directorySegmentName="seg_0" id="D9D716A8-628E-8287-C384-DC6623452A1F" containerWithKeyObject="5A94D4A5-C517-8E11-0520-8DC192D5F4C5" localFKIndex="BC2FF2A1-BB84-8E12-6BD1-FD0E6F5EAFF9" name="products_in_packages_products_FK">
<createdBy>marinfotache</createdBy>
<createdTime>2020-12-02 07:00:42 UTC</createdTime>
<generatorID>FEFA018E-7051-E63B-863B-0FA7335F6A45</generatorID>
<ownerDesignName>02b_package_of_items_v2</ownerDesignName>
<referredTableLongName>products</referredTableLongName>
<deleteRule>NO ACTION</deleteRule>
<referredTableID>71C6F503-E640-9366-5C68-E1D92B984D5F</referredTableID>
<keyObject>B0932A93-C667-AAEC-B11D-6C5C17AFE85A</keyObject>
<referredKeyID>B0932A93-C667-AAEC-B11D-6C5C17AFE85A</referredKeyID>
<mandatory>true</mandatory>
<refColNames>prod_id</refColNames>
<transferable>true</transferable>
<rely>false</rely>
<columnDependencyConstraintGenerateInDDL>true</columnDependencyConstraintGenerateInDDL>
</FKIndexAssociation>