<?xml version = '1.0' encoding = 'UTF-8'?>
<FKIndexAssociation class="oracle.dbtools.crest.model.design.relational.FKIndexAssociation" directorySegmentName="seg_0" id="F3781CEB-33F9-A31F-A6A7-523B3BFEADD8" containerWithKeyObject="FEE68B15-1604-0AE9-7379-3F7878A0CE4B" localFKIndex="265C3064-5C58-DF6D-0343-12B083BDD466" name="services_in_packages_services_FK">
<createdBy>marinfotache</createdBy>
<createdTime>2020-12-02 07:00:43 UTC</createdTime>
<generatorID>121A12F0-D94C-1B89-51DF-FAD043291083</generatorID>
<ownerDesignName>02b_package_of_items_v2</ownerDesignName>
<referredTableLongName>services</referredTableLongName>
<deleteRule>NO ACTION</deleteRule>
<referredTableID>828284D0-CAC0-8321-34A1-940C0CBFCFCB</referredTableID>
<keyObject>6F7E6B6B-C4FA-7249-00AB-DC56E9C3AC78</keyObject>
<referredKeyID>6F7E6B6B-C4FA-7249-00AB-DC56E9C3AC78</referredKeyID>
<mandatory>true</mandatory>
<refColNames>serv_id</refColNames>
<transferable>true</transferable>
<rely>false</rely>
<columnDependencyConstraintGenerateInDDL>true</columnDependencyConstraintGenerateInDDL>
</FKIndexAssociation>