<?xml version = '1.0' encoding = 'UTF-8'?>
<FKArc class="oracle.dbtools.crest.model.design.relational.FKArc" directorySegmentName="seg_0" id="7831FCC8-9B19-14EA-53EA-9355286F6175" name="Arc_1">
<createdBy>admin</createdBy>
<createdTime>2015-10-26 06:49:25 UTC</createdTime>
<ownerDesignName>univ_info_sys_2</ownerDesignName>
<mandatory>true</mandatory>
<table>5B2443AB-C0F1-2F9D-CF2E-653F48EE3D38</table>
<fkeys>
<fkeyID>789FAC3D-AA98-2ED0-9B2B-E5F49FE87F43</fkeyID>
<fkeyID>1134F0CA-9778-E6A6-8F2B-30B86B15C00E</fkeyID>
</fkeys>
</FKArc>