<?xml version = '1.0' encoding = 'UTF-8'?>
<Table class="oracle.dbtools.crest.model.design.relational.Table" directorySegmentName="seg_0" id="136E0676-0277-C049-C709-7FB65CAD1637" name="orders">
<createdBy>admin</createdBy>
<createdTime>2015-10-30 09:50:13 UTC</createdTime>
<generatorID>1F4DA5A9-5128-2BE7-4AEC-FE0D0E0CCDDF</generatorID>
<ownerDesignName>02b_package_of_items_v2</ownerDesignName>
<existDependencyGenerateInDDl>true</existDependencyGenerateInDDl>
<parsed>true</parsed>
<columns itemClass="oracle.dbtools.crest.model.design.relational.Column">
<Column name="order_id" id="59FDD66F-C588-4196-AE78-87F045858F61">
<createdBy>admin</createdBy>
<createdTime>2015-10-30 09:50:13 UTC</createdTime>
<generatorID>8A98ACB6-4887-B5F0-8B20-94C3085EBB91</generatorID>
<ownerDesignName>02b_package_of_items_v2</ownerDesignName>
<useDomainConstraints>false</useDomainConstraints>
<use>1</use>
<logicalDatatype>LOGDT011</logicalDatatype>
<ownDataTypeParameters>,,</ownDataTypeParameters>
<autoIncrementCycle>false</autoIncrementCycle>
</Column>
<Column name="order_official_code" id="F5CE1E0B-9CE1-574B-1428-773FA073288B">
<createdBy>admin</createdBy>
<createdTime>2015-10-30 09:50:13 UTC</createdTime>
<generatorID>BFBDD0A0-F1B6-9149-7F05-0A5B47C3ACF4</generatorID>
<ownerDesignName>02b_package_of_items_v2</ownerDesignName>
<useDomainConstraints>false</useDomainConstraints>
<use>1</use>
<logicalDatatype>LOGDT037</logicalDatatype>
<dataTypeSize>20</dataTypeSize>
<ownDataTypeParameters>20,,</ownDataTypeParameters>
<autoIncrementCycle>false</autoIncrementCycle>
</Column>
<Column name="order_dt" id="3703D970-B345-6B24-C7C6-0E5A8473326E">
<createdBy>admin</createdBy>
<createdTime>2015-10-30 09:50:13 UTC</createdTime>
<generatorID>F4B89A51-AD81-6297-76CF-9B244D1FC9B5</generatorID>
<ownerDesignName>02b_package_of_items_v2</ownerDesignName>
<useDomainConstraints>false</useDomainConstraints>
<use>1</use>
<logicalDatatype>LOGDT047</logicalDatatype>
<ownDataTypeParameters>,,</ownDataTypeParameters>
<autoIncrementCycle>false</autoIncrementCycle>
</Column>
<Column name="order_amount" id="D8847E3C-8209-EE87-82CF-214272E55CA4">
<createdBy>admin</createdBy>
<createdTime>2015-10-30 09:50:13 UTC</createdTime>
<generatorID>B7A61ADB-81C2-06A8-6C58-A58C60F34B63</generatorID>
<ownerDesignName>02b_package_of_items_v2</ownerDesignName>
<useDomainConstraints>false</useDomainConstraints>
<use>1</use>
<logicalDatatype>LOGDT019</logicalDatatype>
<dataTypePrecision>12</dataTypePrecision>
<dataTypeScale>2</dataTypeScale>
<ownDataTypeParameters>,12,2</ownDataTypeParameters>
<autoIncrementCycle>false</autoIncrementCycle>
</Column>
<Column name="order_status" id="96C22709-476A-87D1-5848-D105AD18F9B6">
<createdBy>admin</createdBy>
<createdTime>2015-10-30 09:50:13 UTC</createdTime>
<generatorID>289AB07B-9F0D-3E29-87A7-AEFBB3ABF9CD</generatorID>
<ownerDesignName>02b_package_of_items_v2</ownerDesignName>
<useDomainConstraints>false</useDomainConstraints>
<use>1</use>
<logicalDatatype>LOGDT037</logicalDatatype>
<dataTypeSize>50</dataTypeSize>
<ownDataTypeParameters>50,,</ownDataTypeParameters>
<autoIncrementCycle>false</autoIncrementCycle>
</Column>
</columns>
<indexes itemClass="oracle.dbtools.crest.model.design.relational.Index">
<ind_PK_UK id="846F0DA8-DD66-196D-044F-831CF9512B3C" name="orders_PK">
<createdBy>admin</createdBy>
<createdTime>2015-10-30 09:50:13 UTC</createdTime>
<generatorID>7E373EBA-A364-1C8D-BF81-378045AF96A7</generatorID>
<ownerDesignName>02b_package_of_items_v2</ownerDesignName>
<pk>true</pk>
<indexState>Primary Constraint</indexState>
<isSurrogateKey>false</isSurrogateKey>
<indexColumnUsage>
<colUsage columnID="59FDD66F-C588-4196-AE78-87F045858F61"/>
</indexColumnUsage>
</ind_PK_UK>
</indexes>
</Table>