<?xml version = '1.0' encoding = 'UTF-8'?>
<Table class="oracle.dbtools.crest.model.design.relational.Table" directorySegmentName="seg_0" id="1660E634-61AC-0515-904A-614C0E3E63E5" name="products_in_packages">
<createdBy>admin</createdBy>
<createdTime>2015-10-30 09:50:13 UTC</createdTime>
<generatorID>1E945C45-520D-0A35-47CD-081A22B04051</generatorID>
<ownerDesignName>02b_package_of_items_v2</ownerDesignName>
<existDependencyGenerateInDDl>true</existDependencyGenerateInDDl>
<parsed>true</parsed>
<columns itemClass="oracle.dbtools.crest.model.design.relational.Column">
<Column name="prod_id" id="8EB5315C-7E68-52AD-B38B-14F2C427B2F9">
<createdBy>admin</createdBy>
<createdTime>2015-10-30 09:50:13 UTC</createdTime>
<generatorID>E31D988A-2B46-4F40-5873-1E3924B93A39</generatorID>
<ownerDesignName>02b_package_of_items_v2</ownerDesignName>
<useDomainConstraints>false</useDomainConstraints>
<use>1</use>
<logicalDatatype>LOGDT011</logicalDatatype>
<ownDataTypeParameters>,,</ownDataTypeParameters>
<previousColumn>false</previousColumn>
<autoIncrementCycle>false</autoIncrementCycle>
<associations>
<colAssociation fkAssociation="141958B3-3CE0-CAAF-3BE6-EA6AF661CC18" referredColumn="43D8C149-4012-01F9-4794-92B090BD042B"/>
</associations>
</Column>
<Column name="package_id" id="175AE856-61AB-E767-5734-73F35B4637C5">
<createdBy>admin</createdBy>
<createdTime>2015-10-30 09:50:13 UTC</createdTime>
<generatorID>3945CCCD-82E8-2C8A-504C-28176486B955</generatorID>
<ownerDesignName>02b_package_of_items_v2</ownerDesignName>
<useDomainConstraints>false</useDomainConstraints>
<use>1</use>
<logicalDatatype>LOGDT011</logicalDatatype>
<ownDataTypeParameters>,,</ownDataTypeParameters>
<previousColumn>false</previousColumn>
<autoIncrementCycle>false</autoIncrementCycle>
<associations>
<colAssociation fkAssociation="7B3FF42C-3F91-357F-A220-726A3E094D0A" referredColumn="0BA250FB-DD02-F8CA-6BA7-57F32887A57B"/>
</associations>
</Column>
<Column name="quantity_in_package" id="5F056E79-8B6C-A0E0-C3AB-CAC6DE9413CB">
<createdBy>admin</createdBy>
<createdTime>2015-10-30 09:50:13 UTC</createdTime>
<generatorID>5A35919B-1ECA-BDED-385A-8365C1BB37B8</generatorID>
<ownerDesignName>02b_package_of_items_v2</ownerDesignName>
<useDomainConstraints>false</useDomainConstraints>
<use>1</use>
<logicalDatatype>LOGDT019</logicalDatatype>
<dataTypePrecision>9</dataTypePrecision>
<dataTypeScale>3</dataTypeScale>
<ownDataTypeParameters>,9,3</ownDataTypeParameters>
<autoIncrementCycle>false</autoIncrementCycle>
</Column>
</columns>
<indexes itemClass="oracle.dbtools.crest.model.design.relational.Index">
<ind_PK_UK id="7C743A83-4993-156B-5074-EDB69535B273" name="products_in_packages_PK">
<createdBy>admin</createdBy>
<createdTime>2015-10-30 09:50:13 UTC</createdTime>
<generatorID>3B9F28BD-7952-3C4A-0AD4-2C258EF925F7</generatorID>
<ownerDesignName>02b_package_of_items_v2</ownerDesignName>
<pk>true</pk>
<indexState>Primary Constraint</indexState>
<isSurrogateKey>false</isSurrogateKey>
<indexColumnUsage>
<colUsage columnID="8EB5315C-7E68-52AD-B38B-14F2C427B2F9"/>
<colUsage columnID="175AE856-61AB-E767-5734-73F35B4637C5"/>
</indexColumnUsage>
</ind_PK_UK>
<ind_PK_UK id="C93DFE07-9E94-AABC-DAB1-D81EFBC1F0C9" name="products_in_packages_products_FK">
<createdBy>admin</createdBy>
<createdTime>2015-10-30 09:50:13 UTC</createdTime>
<generatorID>FEFA018E-7051-E63B-863B-0FA7335F6A45</generatorID>
<ownerDesignName>02b_package_of_items_v2</ownerDesignName>
<indexState>Foreign Key</indexState>
<isSurrogateKey>false</isSurrogateKey>
<indexColumnUsage>
<colUsage columnID="8EB5315C-7E68-52AD-B38B-14F2C427B2F9"/>
</indexColumnUsage>
</ind_PK_UK>
<ind_PK_UK id="565BD1BE-DE49-89F5-5B00-8D66ACCF2370" name="products_in_packages_packages_FK">
<createdBy>admin</createdBy>
<createdTime>2015-10-30 09:50:13 UTC</createdTime>
<generatorID>D5B6866F-980B-5E62-67FC-D495FB512EAD</generatorID>
<ownerDesignName>02b_package_of_items_v2</ownerDesignName>
<indexState>Foreign Key</indexState>
<isSurrogateKey>false</isSurrogateKey>
<indexColumnUsage>
<colUsage columnID="175AE856-61AB-E767-5734-73F35B4637C5"/>
</indexColumnUsage>
</ind_PK_UK>
</indexes>
</Table>