<?xml version = '1.0' encoding = 'UTF-8'?>
<Table class="oracle.dbtools.crest.model.design.relational.Table" directorySegmentName="seg_0" id="2D3EF911-19E2-A4C4-C47E-BB26099A8267" name="item_groups">
<createdBy>marinfotache</createdBy>
<createdTime>2020-12-02 07:00:42 UTC</createdTime>
<generatorID>3A018823-5E70-45BB-B5A4-EDA7E36B82F4</generatorID>
<ownerDesignName>02b_package_of_items_v2</ownerDesignName>
<allowColumnReorder>false</allowColumnReorder>
<existDependencyGenerateInDDl>true</existDependencyGenerateInDDl>
<parsed>true</parsed>
<columns itemClass="oracle.dbtools.crest.model.design.relational.Column">
<Column name="group_name" id="94157D9C-1EB1-728A-481F-98EE1325F665">
<createdBy>marinfotache</createdBy>
<createdTime>2020-12-02 07:00:42 UTC</createdTime>
<generatorID>1762E63D-7844-6487-C08B-4BCF73B819E8</generatorID>
<ownerDesignName>02b_package_of_items_v2</ownerDesignName>
<useDomainConstraints>false</useDomainConstraints>
<use>1</use>
<logicalDatatype>LOGDT037</logicalDatatype>
<dataTypeSize>50</dataTypeSize>
<ownDataTypeParameters>50,,</ownDataTypeParameters>
<autoIncrementCycle>false</autoIncrementCycle>
</Column>
<Column name="description" id="E3BAEBDF-9284-FF7C-814C-71ADEABA13BF">
<createdBy>marinfotache</createdBy>
<createdTime>2020-12-02 07:00:42 UTC</createdTime>
<generatorID>040E5E21-50FE-04DB-9284-8CC456548B7B</generatorID>
<ownerDesignName>02b_package_of_items_v2</ownerDesignName>
<nullsAllowed>true</nullsAllowed>
<useDomainConstraints>false</useDomainConstraints>
<use>1</use>
<logicalDatatype>LOGDT037</logicalDatatype>
<dataTypeSize>100</dataTypeSize>
<ownDataTypeParameters>100,,</ownDataTypeParameters>
<autoIncrementCycle>false</autoIncrementCycle>
</Column>
<Column name="vat_percent" id="C9EC5E32-69C6-22F5-05A3-8AFC9828A785">
<createdBy>marinfotache</createdBy>
<createdTime>2020-12-02 07:00:42 UTC</createdTime>
<generatorID>9B181594-C84C-97E4-4E19-07F0C4368EDD</generatorID>
<ownerDesignName>02b_package_of_items_v2</ownerDesignName>
<useDomainConstraints>false</useDomainConstraints>
<use>1</use>
<logicalDatatype>LOGDT019</logicalDatatype>
<dataTypePrecision>4</dataTypePrecision>
<dataTypeScale>2</dataTypeScale>
<ownDataTypeParameters>,4,2</ownDataTypeParameters>
<autoIncrementCycle>false</autoIncrementCycle>
</Column>
</columns>
<indexes itemClass="oracle.dbtools.crest.model.design.relational.Index">
<ind_PK_UK id="BB944CD3-461F-B532-711D-9B050846E8F7" name="item_groups_PK">
<createdBy>marinfotache</createdBy>
<createdTime>2020-12-02 07:00:42 UTC</createdTime>
<generatorID>B32EEBF9-827C-88E4-08CF-6D3E068056D7</generatorID>
<ownerDesignName>02b_package_of_items_v2</ownerDesignName>
<pk>true</pk>
<indexState>Primary Constraint</indexState>
<isSurrogateKey>false</isSurrogateKey>
<indexColumnUsage>
<colUsage columnID="94157D9C-1EB1-728A-481F-98EE1325F665"/>
</indexColumnUsage>
</ind_PK_UK>
</indexes>
</Table>