<?xml version = '1.0' encoding = 'UTF-8'?>
<Table class="oracle.dbtools.crest.model.design.relational.Table" directorySegmentName="seg_0" id="4797C951-00BD-F025-12B1-E197AC97DAE2" name="packages_in_packages">
<createdBy>marinfotache</createdBy>
<createdTime>2020-12-02 07:00:42 UTC</createdTime>
<generatorID>F7DBC332-3636-01B3-E819-E426D5A0534D</generatorID>
<ownerDesignName>02b_package_of_items_v2</ownerDesignName>
<allowColumnReorder>false</allowColumnReorder>
<existDependencyGenerateInDDl>true</existDependencyGenerateInDDl>
<parsed>true</parsed>
<columns itemClass="oracle.dbtools.crest.model.design.relational.Column">
<Column name="quantity_in_package" id="F05B4941-E761-710D-D669-9668DF535A8A">
<createdBy>marinfotache</createdBy>
<createdTime>2020-12-02 07:00:42 UTC</createdTime>
<generatorID>4FC289C2-6F24-27A1-7EF3-53F05E7BC9E8</generatorID>
<ownerDesignName>02b_package_of_items_v2</ownerDesignName>
<useDomainConstraints>false</useDomainConstraints>
<use>1</use>
<logicalDatatype>LOGDT019</logicalDatatype>
<dataTypePrecision>9</dataTypePrecision>
<dataTypeScale>3</dataTypeScale>
<ownDataTypeParameters>,9,3</ownDataTypeParameters>
<autoIncrementCycle>false</autoIncrementCycle>
</Column>
<Column name="packages_package_id" id="5FBA8E1A-F5E6-E328-E3EF-AF6DA6038885">
<createdBy>marinfotache</createdBy>
<createdTime>2020-12-02 07:00:42 UTC</createdTime>
<generatorID>2A40D3A4-72C8-A968-BA46-B5D6B4D3B5DA</generatorID>
<ownerDesignName>02b_package_of_items_v2</ownerDesignName>
<useDomainConstraints>false</useDomainConstraints>
<use>1</use>
<logicalDatatype>LOGDT011</logicalDatatype>
<ownDataTypeParameters>,,</ownDataTypeParameters>
<previousColumn>false</previousColumn>
<autoIncrementCycle>false</autoIncrementCycle>
<associations>
<colAssociation fkAssociation="D1FF34A4-364B-FEDE-1DB1-DD8E4AB8B5F1" referredColumn="9BC1561F-FF75-606F-DE3A-843A30651396"/>
</associations>
</Column>
<Column name="packages_package_id1" id="F3D010CC-B476-17CC-18B2-5D632FC66843">
<createdBy>marinfotache</createdBy>
<createdTime>2020-12-02 07:00:42 UTC</createdTime>
<generatorID>7D5A9FA2-B958-F84F-F705-8D2527A699A3</generatorID>
<ownerDesignName>02b_package_of_items_v2</ownerDesignName>
<useDomainConstraints>false</useDomainConstraints>
<use>1</use>
<logicalDatatype>LOGDT011</logicalDatatype>
<ownDataTypeParameters>,,</ownDataTypeParameters>
<previousColumn>false</previousColumn>
<autoIncrementCycle>false</autoIncrementCycle>
<associations>
<colAssociation fkAssociation="CB7DDE08-1AE8-EE88-19EF-BEA74EB0392E" referredColumn="9BC1561F-FF75-606F-DE3A-843A30651396"/>
</associations>
</Column>
</columns>
<indexes itemClass="oracle.dbtools.crest.model.design.relational.Index">
<ind_PK_UK id="1FC890B6-DEEC-F3B9-556C-4B98AC2445AC" name="packages_in_packages_PK">
<createdBy>marinfotache</createdBy>
<createdTime>2020-12-02 07:00:42 UTC</createdTime>
<generatorID>6C0BC05F-4A4B-80F9-BECC-18C824DA732B</generatorID>
<ownerDesignName>02b_package_of_items_v2</ownerDesignName>
<pk>true</pk>
<indexState>Primary Constraint</indexState>
<isSurrogateKey>false</isSurrogateKey>
<indexColumnUsage>
<colUsage columnID="5FBA8E1A-F5E6-E328-E3EF-AF6DA6038885"/>
<colUsage columnID="F3D010CC-B476-17CC-18B2-5D632FC66843"/>
</indexColumnUsage>
</ind_PK_UK>
<ind_PK_UK id="EBEE3D4E-13C0-832C-861A-580293B75BED" name="packages_in_packages_packages_FK">
<createdBy>marinfotache</createdBy>
<createdTime>2020-12-02 07:00:43 UTC</createdTime>
<generatorID>AFE66F4D-1E8C-7BBA-80EF-E9DB3938137D</generatorID>
<ownerDesignName>02b_package_of_items_v2</ownerDesignName>
<indexState>Foreign Key</indexState>
<isSurrogateKey>false</isSurrogateKey>
<indexColumnUsage>
<colUsage columnID="5FBA8E1A-F5E6-E328-E3EF-AF6DA6038885"/>
</indexColumnUsage>
</ind_PK_UK>
<ind_PK_UK id="D6C78653-368C-6DF1-5210-CF11EA1DF0D4" name="packages_in_packages_packages_FKv2">
<createdBy>marinfotache</createdBy>
<createdTime>2020-12-02 07:00:43 UTC</createdTime>
<generatorID>BA15BA92-6528-72A5-DB05-B1FFF5F11BC0</generatorID>
<ownerDesignName>02b_package_of_items_v2</ownerDesignName>
<indexState>Foreign Key</indexState>
<isSurrogateKey>false</isSurrogateKey>
<indexColumnUsage>
<colUsage columnID="F3D010CC-B476-17CC-18B2-5D632FC66843"/>
</indexColumnUsage>
</ind_PK_UK>
</indexes>
</Table>