<?xml version = '1.0' encoding = 'UTF-8'?>
<Table class="oracle.dbtools.crest.model.design.relational.Table" directorySegmentName="seg_0" id="5A94D4A5-C517-8E11-0520-8DC192D5F4C5" name="products_in_packages">
<createdBy>marinfotache</createdBy>
<createdTime>2020-12-02 07:00:42 UTC</createdTime>
<generatorID>1E945C45-520D-0A35-47CD-081A22B04051</generatorID>
<ownerDesignName>02b_package_of_items_v2</ownerDesignName>
<allowColumnReorder>false</allowColumnReorder>
<existDependencyGenerateInDDl>true</existDependencyGenerateInDDl>
<parsed>true</parsed>
<columns itemClass="oracle.dbtools.crest.model.design.relational.Column">
<Column name="products_prod_id" id="0461D7DF-93D9-B3E6-A0B5-A8CAA667CF54">
<createdBy>marinfotache</createdBy>
<createdTime>2020-12-02 07:00:42 UTC</createdTime>
<generatorID>E31D988A-2B46-4F40-5873-1E3924B93A39</generatorID>
<ownerDesignName>02b_package_of_items_v2</ownerDesignName>
<useDomainConstraints>false</useDomainConstraints>
<use>1</use>
<logicalDatatype>LOGDT011</logicalDatatype>
<ownDataTypeParameters>,,</ownDataTypeParameters>
<previousColumn>false</previousColumn>
<autoIncrementCycle>false</autoIncrementCycle>
<associations>
<colAssociation fkAssociation="D9D716A8-628E-8287-C384-DC6623452A1F" referredColumn="14DBCF64-96B9-D612-A21D-BC8DA63491C3"/>
</associations>
</Column>
<Column name="packages_package_id" id="58844E6B-93EF-3B98-AEED-E3F7E8AE1AEA">
<createdBy>marinfotache</createdBy>
<createdTime>2020-12-02 07:00:42 UTC</createdTime>
<generatorID>3945CCCD-82E8-2C8A-504C-28176486B955</generatorID>
<ownerDesignName>02b_package_of_items_v2</ownerDesignName>
<useDomainConstraints>false</useDomainConstraints>
<use>1</use>
<logicalDatatype>LOGDT011</logicalDatatype>
<ownDataTypeParameters>,,</ownDataTypeParameters>
<previousColumn>false</previousColumn>
<autoIncrementCycle>false</autoIncrementCycle>
<associations>
<colAssociation fkAssociation="0AEF8687-B155-5205-3D83-39460169A1C4" referredColumn="9BC1561F-FF75-606F-DE3A-843A30651396"/>
</associations>
</Column>
<Column name="quantity_in_package" id="147E2E07-0F70-0521-5F91-4792044BA763">
<createdBy>marinfotache</createdBy>
<createdTime>2020-12-02 07:00:42 UTC</createdTime>
<generatorID>5A35919B-1ECA-BDED-385A-8365C1BB37B8</generatorID>
<ownerDesignName>02b_package_of_items_v2</ownerDesignName>
<useDomainConstraints>false</useDomainConstraints>
<use>1</use>
<logicalDatatype>LOGDT019</logicalDatatype>
<dataTypePrecision>9</dataTypePrecision>
<dataTypeScale>3</dataTypeScale>
<ownDataTypeParameters>,9,3</ownDataTypeParameters>
<autoIncrementCycle>false</autoIncrementCycle>
</Column>
</columns>
<indexes itemClass="oracle.dbtools.crest.model.design.relational.Index">
<ind_PK_UK id="D7CE214E-370E-E8C8-54A8-74BE229A4CAF" name="products_in_packages_PK">
<createdBy>marinfotache</createdBy>
<createdTime>2020-12-02 07:00:42 UTC</createdTime>
<generatorID>3B9F28BD-7952-3C4A-0AD4-2C258EF925F7</generatorID>
<ownerDesignName>02b_package_of_items_v2</ownerDesignName>
<pk>true</pk>
<indexState>Primary Constraint</indexState>
<isSurrogateKey>false</isSurrogateKey>
<indexColumnUsage>
<colUsage columnID="0461D7DF-93D9-B3E6-A0B5-A8CAA667CF54"/>
<colUsage columnID="58844E6B-93EF-3B98-AEED-E3F7E8AE1AEA"/>
</indexColumnUsage>
</ind_PK_UK>
<ind_PK_UK id="BC2FF2A1-BB84-8E12-6BD1-FD0E6F5EAFF9" name="products_in_packages_products_FK">
<createdBy>marinfotache</createdBy>
<createdTime>2020-12-02 07:00:42 UTC</createdTime>
<generatorID>FEFA018E-7051-E63B-863B-0FA7335F6A45</generatorID>
<ownerDesignName>02b_package_of_items_v2</ownerDesignName>
<indexState>Foreign Key</indexState>
<isSurrogateKey>false</isSurrogateKey>
<indexColumnUsage>
<colUsage columnID="0461D7DF-93D9-B3E6-A0B5-A8CAA667CF54"/>
</indexColumnUsage>
</ind_PK_UK>
<ind_PK_UK id="EB0408BE-A4D1-64D0-0A7D-5A0E4B3604E0" name="products_in_packages_packages_FK">
<createdBy>marinfotache</createdBy>
<createdTime>2020-12-02 07:00:43 UTC</createdTime>
<generatorID>D5B6866F-980B-5E62-67FC-D495FB512EAD</generatorID>
<ownerDesignName>02b_package_of_items_v2</ownerDesignName>
<indexState>Foreign Key</indexState>
<isSurrogateKey>false</isSurrogateKey>
<indexColumnUsage>
<colUsage columnID="58844E6B-93EF-3B98-AEED-E3F7E8AE1AEA"/>
</indexColumnUsage>
</ind_PK_UK>
</indexes>
</Table>