<?xml version = '1.0' encoding = 'UTF-8'?>
<Table class="oracle.dbtools.crest.model.design.relational.Table" directorySegmentName="seg_0" id="5DA56238-0DC4-E9A9-5397-5BCA6B43BB85" name="ordered_items">
<createdBy>admin</createdBy>
<createdTime>2015-10-30 09:50:13 UTC</createdTime>
<generatorID>F83C1949-608D-81D4-5FB2-16FF9D499229</generatorID>
<ownerDesignName>02b_package_of_items_v2</ownerDesignName>
<existDependencyGenerateInDDl>true</existDependencyGenerateInDDl>
<parsed>true</parsed>
<columns itemClass="oracle.dbtools.crest.model.design.relational.Column">
<Column name="quantity" id="CC03B3E8-E816-BE44-74DD-DC73C804D48A">
<createdBy>admin</createdBy>
<createdTime>2015-10-30 09:50:13 UTC</createdTime>
<generatorID>80DD8CB9-BEBD-FD64-FEB8-4134C1C271ED</generatorID>
<ownerDesignName>02b_package_of_items_v2</ownerDesignName>
<useDomainConstraints>false</useDomainConstraints>
<use>1</use>
<logicalDatatype>LOGDT019</logicalDatatype>
<dataTypePrecision>9</dataTypePrecision>
<dataTypeScale>3</dataTypeScale>
<ownDataTypeParameters>,9,3</ownDataTypeParameters>
<autoIncrementCycle>false</autoIncrementCycle>
</Column>
<Column name="order_id" id="A97A5546-AF88-AA7F-FB02-19262B346141">
<createdBy>admin</createdBy>
<createdTime>2015-10-30 09:50:13 UTC</createdTime>
<generatorID>1DA98C8A-FC77-0A45-701B-036A0E5A01F1</generatorID>
<ownerDesignName>02b_package_of_items_v2</ownerDesignName>
<useDomainConstraints>false</useDomainConstraints>
<use>1</use>
<logicalDatatype>LOGDT011</logicalDatatype>
<ownDataTypeParameters>,,</ownDataTypeParameters>
<previousColumn>false</previousColumn>
<autoIncrementCycle>false</autoIncrementCycle>
<associations>
<colAssociation fkAssociation="748F23B9-669C-6F17-A619-82F0C1E69D44" referredColumn="59FDD66F-C588-4196-AE78-87F045858F61"/>
</associations>
</Column>
<Column name="prod_id" id="FAE1E536-ECE3-4CD2-A4DC-FF1F7AB82E34">
<createdBy>admin</createdBy>
<createdTime>2015-10-30 09:50:13 UTC</createdTime>
<generatorID>B3A0A70D-3867-2225-61A1-04BFB625DBB3</generatorID>
<ownerDesignName>02b_package_of_items_v2</ownerDesignName>
<useDomainConstraints>false</useDomainConstraints>
<use>1</use>
<logicalDatatype>LOGDT011</logicalDatatype>
<ownDataTypeParameters>,,</ownDataTypeParameters>
<previousColumn>false</previousColumn>
<autoIncrementCycle>false</autoIncrementCycle>
<associations>
<colAssociation fkAssociation="694F8816-D698-C85A-F33A-E5EF9919DD6A" referredColumn="43D8C149-4012-01F9-4794-92B090BD042B"/>
</associations>
</Column>
<Column name="serv_id" id="DBA0085B-E973-B78C-0DA0-D7BF317CFB6D">
<createdBy>admin</createdBy>
<createdTime>2015-10-30 09:50:13 UTC</createdTime>
<generatorID>5BE5B722-5F99-1E50-4476-F0B53F5D37D3</generatorID>
<ownerDesignName>02b_package_of_items_v2</ownerDesignName>
<useDomainConstraints>false</useDomainConstraints>
<use>1</use>
<logicalDatatype>LOGDT011</logicalDatatype>
<ownDataTypeParameters>,,</ownDataTypeParameters>
<previousColumn>false</previousColumn>
<autoIncrementCycle>false</autoIncrementCycle>
<associations>
<colAssociation fkAssociation="D32A087C-E39E-0B76-2E08-8FDD2B47EFE2" referredColumn="728E765B-552C-7A04-CE07-21020A6AFBB0"/>
</associations>
</Column>
<Column name="package_id" id="AD1C9595-C566-387C-D7B2-FD4E4F43B952">
<createdBy>admin</createdBy>
<createdTime>2015-10-30 09:50:13 UTC</createdTime>
<generatorID>4FF4964D-869F-5355-C419-F0A11F6DE9C7</generatorID>
<ownerDesignName>02b_package_of_items_v2</ownerDesignName>
<useDomainConstraints>false</useDomainConstraints>
<use>1</use>
<logicalDatatype>LOGDT011</logicalDatatype>
<ownDataTypeParameters>,,</ownDataTypeParameters>
<previousColumn>false</previousColumn>
<autoIncrementCycle>false</autoIncrementCycle>
<associations>
<colAssociation fkAssociation="6E4C2927-D110-9428-DDA9-55F44A0B21AB" referredColumn="0BA250FB-DD02-F8CA-6BA7-57F32887A57B"/>
</associations>
</Column>
</columns>
<indexes itemClass="oracle.dbtools.crest.model.design.relational.Index">
<ind_PK_UK id="F15AEC2E-2A00-49C9-36C9-A3C771B336FA" name="ordered_items_PK">
<createdBy>admin</createdBy>
<createdTime>2015-10-30 09:50:13 UTC</createdTime>
<generatorID>E298E30E-FE1F-6742-A910-8A6D7786E0D1</generatorID>
<ownerDesignName>02b_package_of_items_v2</ownerDesignName>
<pk>true</pk>
<indexState>Primary Constraint</indexState>
<isSurrogateKey>false</isSurrogateKey>
<indexColumnUsage>
<colUsage columnID="A97A5546-AF88-AA7F-FB02-19262B346141"/>
<colUsage columnID="FAE1E536-ECE3-4CD2-A4DC-FF1F7AB82E34"/>
<colUsage columnID="DBA0085B-E973-B78C-0DA0-D7BF317CFB6D"/>
<colUsage columnID="AD1C9595-C566-387C-D7B2-FD4E4F43B952"/>
</indexColumnUsage>
</ind_PK_UK>
<ind_PK_UK id="65198133-8CDB-F782-555C-6A2EBBBF3BB2" name="ordered_items_packages_FK">
<createdBy>admin</createdBy>
<createdTime>2015-10-30 09:50:13 UTC</createdTime>
<generatorID>5691A718-A83F-9A5B-BD32-403CBD9A10D6</generatorID>
<ownerDesignName>02b_package_of_items_v2</ownerDesignName>
<indexState>Foreign Key</indexState>
<isSurrogateKey>false</isSurrogateKey>
<indexColumnUsage>
<colUsage columnID="AD1C9595-C566-387C-D7B2-FD4E4F43B952"/>
</indexColumnUsage>
</ind_PK_UK>
<ind_PK_UK id="5B2523C9-C203-D3D3-ADBE-0DF3B6A5232B" name="ordered_items_orders_FK">
<createdBy>admin</createdBy>
<createdTime>2015-10-30 09:50:13 UTC</createdTime>
<generatorID>2AFE7B4B-0337-CBB2-49DE-B73C185A50F3</generatorID>
<ownerDesignName>02b_package_of_items_v2</ownerDesignName>
<indexState>Foreign Key</indexState>
<isSurrogateKey>false</isSurrogateKey>
<indexColumnUsage>
<colUsage columnID="A97A5546-AF88-AA7F-FB02-19262B346141"/>
</indexColumnUsage>
</ind_PK_UK>
<ind_PK_UK id="A0BE8DF8-E0DF-076A-550A-80658671D75B" name="ordered_items_products_FK">
<createdBy>admin</createdBy>
<createdTime>2015-10-30 09:50:13 UTC</createdTime>
<generatorID>30B0283E-4B3A-6B3D-161F-44294A3D63C0</generatorID>
<ownerDesignName>02b_package_of_items_v2</ownerDesignName>
<indexState>Foreign Key</indexState>
<isSurrogateKey>false</isSurrogateKey>
<indexColumnUsage>
<colUsage columnID="FAE1E536-ECE3-4CD2-A4DC-FF1F7AB82E34"/>
</indexColumnUsage>
</ind_PK_UK>
<ind_PK_UK id="971778C2-3A3B-5B31-1FB6-C119B2EEC37F" name="ordered_items_services_FK">
<createdBy>admin</createdBy>
<createdTime>2015-10-30 09:50:13 UTC</createdTime>
<generatorID>8583661B-49B5-9C48-8C5B-7920C35F4216</generatorID>
<ownerDesignName>02b_package_of_items_v2</ownerDesignName>
<indexState>Foreign Key</indexState>
<isSurrogateKey>false</isSurrogateKey>
<indexColumnUsage>
<colUsage columnID="DBA0085B-E973-B78C-0DA0-D7BF317CFB6D"/>
</indexColumnUsage>
</ind_PK_UK>
</indexes>
</Table>