<?xml version = '1.0' encoding = 'UTF-8'?>
<Table class="oracle.dbtools.crest.model.design.relational.Table" directorySegmentName="seg_0" id="5F5899F7-AEFC-B9B5-1741-261D48AA0A47" name="packages_in_packages">
<createdBy>admin</createdBy>
<createdTime>2015-10-30 09:50:13 UTC</createdTime>
<generatorID>F7DBC332-3636-01B3-E819-E426D5A0534D</generatorID>
<ownerDesignName>02b_package_of_items_v2</ownerDesignName>
<existDependencyGenerateInDDl>true</existDependencyGenerateInDDl>
<parsed>true</parsed>
<columns itemClass="oracle.dbtools.crest.model.design.relational.Column">
<Column name="quantity_in_package" id="F74BB473-DEDD-5856-1C02-216EA6CAB2A8">
<createdBy>admin</createdBy>
<createdTime>2015-10-30 09:50:13 UTC</createdTime>
<generatorID>4FC289C2-6F24-27A1-7EF3-53F05E7BC9E8</generatorID>
<ownerDesignName>02b_package_of_items_v2</ownerDesignName>
<useDomainConstraints>false</useDomainConstraints>
<use>1</use>
<logicalDatatype>LOGDT019</logicalDatatype>
<dataTypePrecision>9</dataTypePrecision>
<dataTypeScale>3</dataTypeScale>
<ownDataTypeParameters>,9,3</ownDataTypeParameters>
<autoIncrementCycle>false</autoIncrementCycle>
</Column>
<Column name="package_id" id="C323DB04-29D5-D36A-2E35-E468243BE94D">
<createdBy>admin</createdBy>
<createdTime>2015-10-30 09:50:13 UTC</createdTime>
<generatorID>2A40D3A4-72C8-A968-BA46-B5D6B4D3B5DA</generatorID>
<ownerDesignName>02b_package_of_items_v2</ownerDesignName>
<useDomainConstraints>false</useDomainConstraints>
<use>1</use>
<logicalDatatype>LOGDT011</logicalDatatype>
<ownDataTypeParameters>,,</ownDataTypeParameters>
<previousColumn>false</previousColumn>
<autoIncrementCycle>false</autoIncrementCycle>
<associations>
<colAssociation fkAssociation="02055AFF-4827-FF7B-D18B-CD3989EA401B" referredColumn="0BA250FB-DD02-F8CA-6BA7-57F32887A57B"/>
</associations>
</Column>
<Column name="package_id1" id="31F4D89D-5BC1-B76E-A744-5F45F02C46A9">
<createdBy>admin</createdBy>
<createdTime>2015-10-30 09:50:13 UTC</createdTime>
<generatorID>7D5A9FA2-B958-F84F-F705-8D2527A699A3</generatorID>
<ownerDesignName>02b_package_of_items_v2</ownerDesignName>
<useDomainConstraints>false</useDomainConstraints>
<use>1</use>
<logicalDatatype>LOGDT011</logicalDatatype>
<ownDataTypeParameters>,,</ownDataTypeParameters>
<previousColumn>false</previousColumn>
<autoIncrementCycle>false</autoIncrementCycle>
<associations>
<colAssociation fkAssociation="D85941BC-3242-479B-2D3E-7C6D469095AF" referredColumn="0BA250FB-DD02-F8CA-6BA7-57F32887A57B"/>
</associations>
</Column>
</columns>
<indexes itemClass="oracle.dbtools.crest.model.design.relational.Index">
<ind_PK_UK id="C1C0F816-1F84-911E-99F8-EA0E9740D265" name="packages_in_packages_PK">
<createdBy>admin</createdBy>
<createdTime>2015-10-30 09:50:13 UTC</createdTime>
<generatorID>6C0BC05F-4A4B-80F9-BECC-18C824DA732B</generatorID>
<ownerDesignName>02b_package_of_items_v2</ownerDesignName>
<pk>true</pk>
<indexState>Primary Constraint</indexState>
<isSurrogateKey>false</isSurrogateKey>
<indexColumnUsage>
<colUsage columnID="C323DB04-29D5-D36A-2E35-E468243BE94D"/>
<colUsage columnID="31F4D89D-5BC1-B76E-A744-5F45F02C46A9"/>
</indexColumnUsage>
</ind_PK_UK>
<ind_PK_UK id="014F04A4-8F9E-F9F9-88A8-8058B5D38D56" name="packages_in_packages_packages_FK">
<createdBy>admin</createdBy>
<createdTime>2015-10-30 09:50:13 UTC</createdTime>
<generatorID>AFE66F4D-1E8C-7BBA-80EF-E9DB3938137D</generatorID>
<ownerDesignName>02b_package_of_items_v2</ownerDesignName>
<indexState>Foreign Key</indexState>
<isSurrogateKey>false</isSurrogateKey>
<indexColumnUsage>
<colUsage columnID="C323DB04-29D5-D36A-2E35-E468243BE94D"/>
</indexColumnUsage>
</ind_PK_UK>
<ind_PK_UK id="8EA53F85-1DD4-C9A5-5571-C655A02A5663" name="packages_in_packages_packages_FKv2">
<createdBy>admin</createdBy>
<createdTime>2015-10-30 09:50:13 UTC</createdTime>
<generatorID>BA15BA92-6528-72A5-DB05-B1FFF5F11BC0</generatorID>
<ownerDesignName>02b_package_of_items_v2</ownerDesignName>
<indexState>Foreign Key</indexState>
<isSurrogateKey>false</isSurrogateKey>
<indexColumnUsage>
<colUsage columnID="31F4D89D-5BC1-B76E-A744-5F45F02C46A9"/>
</indexColumnUsage>
</ind_PK_UK>
</indexes>
</Table>