<?xml version = '1.0' encoding = 'UTF-8'?>
<Table class="oracle.dbtools.crest.model.design.relational.Table" directorySegmentName="seg_0" id="61631990-47B3-D5C6-C9B2-970BE2F042AB" name="orders">
<createdBy>marinfotache</createdBy>
<createdTime>2020-12-02 07:00:42 UTC</createdTime>
<generatorID>1F4DA5A9-5128-2BE7-4AEC-FE0D0E0CCDDF</generatorID>
<ownerDesignName>02b_package_of_items_v2</ownerDesignName>
<allowColumnReorder>false</allowColumnReorder>
<existDependencyGenerateInDDl>true</existDependencyGenerateInDDl>
<parsed>true</parsed>
<columns itemClass="oracle.dbtools.crest.model.design.relational.Column">
<Column name="order_id" id="2C59F0E1-8883-48BB-C0E1-025E8F94F56D">
<createdBy>marinfotache</createdBy>
<createdTime>2020-12-02 07:00:42 UTC</createdTime>
<generatorID>8A98ACB6-4887-B5F0-8B20-94C3085EBB91</generatorID>
<ownerDesignName>02b_package_of_items_v2</ownerDesignName>
<useDomainConstraints>false</useDomainConstraints>
<use>1</use>
<logicalDatatype>LOGDT011</logicalDatatype>
<ownDataTypeParameters>,,</ownDataTypeParameters>
<autoIncrementCycle>false</autoIncrementCycle>
</Column>
<Column name="order_official_code" id="2662521B-AF0A-D602-8E14-6DCF620612DA">
<createdBy>marinfotache</createdBy>
<createdTime>2020-12-02 07:00:42 UTC</createdTime>
<generatorID>BFBDD0A0-F1B6-9149-7F05-0A5B47C3ACF4</generatorID>
<ownerDesignName>02b_package_of_items_v2</ownerDesignName>
<useDomainConstraints>false</useDomainConstraints>
<use>1</use>
<logicalDatatype>LOGDT037</logicalDatatype>
<dataTypeSize>20</dataTypeSize>
<ownDataTypeParameters>20,,</ownDataTypeParameters>
<autoIncrementCycle>false</autoIncrementCycle>
</Column>
<Column name="order_dt" id="50F53912-07BF-4BAE-B3DF-2A2802A123AF">
<createdBy>marinfotache</createdBy>
<createdTime>2020-12-02 07:00:42 UTC</createdTime>
<generatorID>F4B89A51-AD81-6297-76CF-9B244D1FC9B5</generatorID>
<ownerDesignName>02b_package_of_items_v2</ownerDesignName>
<useDomainConstraints>false</useDomainConstraints>
<use>1</use>
<logicalDatatype>LOGDT047</logicalDatatype>
<ownDataTypeParameters>,,</ownDataTypeParameters>
<autoIncrementCycle>false</autoIncrementCycle>
</Column>
<Column name="order_amount" id="612D0664-5BC5-D1D9-1C8F-E29A42F54889">
<createdBy>marinfotache</createdBy>
<createdTime>2020-12-02 07:00:42 UTC</createdTime>
<generatorID>B7A61ADB-81C2-06A8-6C58-A58C60F34B63</generatorID>
<ownerDesignName>02b_package_of_items_v2</ownerDesignName>
<useDomainConstraints>false</useDomainConstraints>
<use>1</use>
<logicalDatatype>LOGDT019</logicalDatatype>
<dataTypePrecision>12</dataTypePrecision>
<dataTypeScale>2</dataTypeScale>
<ownDataTypeParameters>,12,2</ownDataTypeParameters>
<autoIncrementCycle>false</autoIncrementCycle>
</Column>
<Column name="order_status" id="CCEF7ECE-59BE-A75F-EA88-3931253D9D97">
<createdBy>marinfotache</createdBy>
<createdTime>2020-12-02 07:00:42 UTC</createdTime>
<generatorID>289AB07B-9F0D-3E29-87A7-AEFBB3ABF9CD</generatorID>
<ownerDesignName>02b_package_of_items_v2</ownerDesignName>
<useDomainConstraints>false</useDomainConstraints>
<use>1</use>
<logicalDatatype>LOGDT037</logicalDatatype>
<dataTypeSize>50</dataTypeSize>
<ownDataTypeParameters>50,,</ownDataTypeParameters>
<autoIncrementCycle>false</autoIncrementCycle>
</Column>
</columns>
<indexes itemClass="oracle.dbtools.crest.model.design.relational.Index">
<ind_PK_UK id="C4145332-D966-4C66-7844-A11607CE2CBC" name="orders_PK">
<createdBy>marinfotache</createdBy>
<createdTime>2020-12-02 07:00:42 UTC</createdTime>
<generatorID>7E373EBA-A364-1C8D-BF81-378045AF96A7</generatorID>
<ownerDesignName>02b_package_of_items_v2</ownerDesignName>
<pk>true</pk>
<indexState>Primary Constraint</indexState>
<isSurrogateKey>false</isSurrogateKey>
<indexColumnUsage>
<colUsage columnID="2C59F0E1-8883-48BB-C0E1-025E8F94F56D"/>
</indexColumnUsage>
</ind_PK_UK>
</indexes>
</Table>