<?xml version = '1.0' encoding = 'UTF-8'?>
<Table class="oracle.dbtools.crest.model.design.relational.Table" directorySegmentName="seg_0" id="6651587D-ABE4-3714-2528-1B001D64AFEF" name="equiv_measure_units">
<createdBy>marinfotache</createdBy>
<createdTime>2020-12-02 07:00:42 UTC</createdTime>
<generatorID>7E75DEE9-D0BA-6329-13ED-64D64B66A936</generatorID>
<ownerDesignName>02b_package_of_items_v2</ownerDesignName>
<allowColumnReorder>false</allowColumnReorder>
<existDependencyGenerateInDDl>true</existDependencyGenerateInDDl>
<parsed>true</parsed>
<columns itemClass="oracle.dbtools.crest.model.design.relational.Column">
<Column name="quantity" id="00CB379E-769F-4030-FE85-5421251E9BC8">
<createdBy>marinfotache</createdBy>
<createdTime>2020-12-02 07:00:42 UTC</createdTime>
<generatorID>1F295584-80D4-B97D-12DA-B2BB71979958</generatorID>
<ownerDesignName>02b_package_of_items_v2</ownerDesignName>
<useDomainConstraints>false</useDomainConstraints>
<use>1</use>
<logicalDatatype>LOGDT019</logicalDatatype>
<dataTypePrecision>7</dataTypePrecision>
<dataTypeScale>3</dataTypeScale>
<ownDataTypeParameters>,7,3</ownDataTypeParameters>
<autoIncrementCycle>false</autoIncrementCycle>
</Column>
<Column name="equiv_quantity" id="0A43E605-DE22-C081-47F3-3CF691BD67C0">
<createdBy>marinfotache</createdBy>
<createdTime>2020-12-02 07:00:42 UTC</createdTime>
<generatorID>D733FE51-C0DE-18C9-04E1-AB4C066A5BE5</generatorID>
<ownerDesignName>02b_package_of_items_v2</ownerDesignName>
<useDomainConstraints>false</useDomainConstraints>
<use>1</use>
<logicalDatatype>LOGDT019</logicalDatatype>
<dataTypePrecision>7</dataTypePrecision>
<dataTypeScale>3</dataTypeScale>
<ownDataTypeParameters>,7,3</ownDataTypeParameters>
<autoIncrementCycle>false</autoIncrementCycle>
</Column>
<Column name="measure_units_abbreviation1" id="4DF73EB2-7B58-AFC9-809E-3BC9DC293D28">
<createdBy>marinfotache</createdBy>
<createdTime>2020-12-02 07:00:42 UTC</createdTime>
<generatorID>87672FD4-4353-FAAC-DE11-21F35162A058</generatorID>
<ownerDesignName>02b_package_of_items_v2</ownerDesignName>
<useDomainConstraints>false</useDomainConstraints>
<use>1</use>
<logicalDatatype>LOGDT037</logicalDatatype>
<dataTypeSize>20</dataTypeSize>
<ownDataTypeParameters>,,</ownDataTypeParameters>
<previousColumn>false</previousColumn>
<autoIncrementCycle>false</autoIncrementCycle>
<associations>
<colAssociation fkAssociation="A56506E7-6796-68AF-76B2-77DEFACD3D11" referredColumn="AE80B588-8385-872D-0DC5-D6F5397C53A4"/>
</associations>
</Column>
<Column name="measure_units_abbreviation" id="ABFA1719-2554-5512-27D5-3B5FF65C7467">
<createdBy>marinfotache</createdBy>
<createdTime>2020-12-02 07:00:42 UTC</createdTime>
<generatorID>87853565-2237-9046-3A7C-505F0E9E812F</generatorID>
<ownerDesignName>02b_package_of_items_v2</ownerDesignName>
<useDomainConstraints>false</useDomainConstraints>
<use>1</use>
<logicalDatatype>LOGDT037</logicalDatatype>
<dataTypeSize>20</dataTypeSize>
<ownDataTypeParameters>,,</ownDataTypeParameters>
<previousColumn>false</previousColumn>
<autoIncrementCycle>false</autoIncrementCycle>
<associations>
<colAssociation fkAssociation="1565DA92-5ABC-9965-2E5C-0D3DCAAE6BF9" referredColumn="AE80B588-8385-872D-0DC5-D6F5397C53A4"/>
</associations>
</Column>
</columns>
<indexes itemClass="oracle.dbtools.crest.model.design.relational.Index">
<ind_PK_UK id="5FC61CED-277B-E2AA-72DD-A3CCDB859434" name="equiv_measure_units_PK">
<createdBy>marinfotache</createdBy>
<createdTime>2020-12-02 07:00:42 UTC</createdTime>
<generatorID>84546245-1D56-13BC-CA88-44AEF4573E0C</generatorID>
<ownerDesignName>02b_package_of_items_v2</ownerDesignName>
<pk>true</pk>
<indexState>Primary Constraint</indexState>
<isSurrogateKey>false</isSurrogateKey>
<indexColumnUsage>
<colUsage columnID="4DF73EB2-7B58-AFC9-809E-3BC9DC293D28"/>
<colUsage columnID="ABFA1719-2554-5512-27D5-3B5FF65C7467"/>
</indexColumnUsage>
</ind_PK_UK>
<ind_PK_UK id="DD73C255-EAEB-BE5C-2838-C4C38675F50D" name="equiv_measure_units_measure_units_FK">
<createdBy>marinfotache</createdBy>
<createdTime>2020-12-02 07:00:43 UTC</createdTime>
<generatorID>7F4845F5-1050-9CAA-3BFB-F838E84D69E5</generatorID>
<ownerDesignName>02b_package_of_items_v2</ownerDesignName>
<indexState>Foreign Key</indexState>
<isSurrogateKey>false</isSurrogateKey>
<indexColumnUsage>
<colUsage columnID="ABFA1719-2554-5512-27D5-3B5FF65C7467"/>
</indexColumnUsage>
</ind_PK_UK>
<ind_PK_UK id="E0C0C133-B79E-98C7-1F6F-81AB3C2EC90D" name="equiv_measure_units_measure_units_FKv2">
<createdBy>marinfotache</createdBy>
<createdTime>2020-12-02 07:00:43 UTC</createdTime>
<generatorID>1862BC83-BCCB-ED4B-994C-F36D823BA101</generatorID>
<ownerDesignName>02b_package_of_items_v2</ownerDesignName>
<indexState>Foreign Key</indexState>
<isSurrogateKey>false</isSurrogateKey>
<indexColumnUsage>
<colUsage columnID="4DF73EB2-7B58-AFC9-809E-3BC9DC293D28"/>
</indexColumnUsage>
</ind_PK_UK>
</indexes>
</Table>