<?xml version = '1.0' encoding = 'UTF-8'?>
<Table class="oracle.dbtools.crest.model.design.relational.Table" directorySegmentName="seg_0" id="7E4D4EBB-4CF9-90A8-7633-DE67EF19CAF9" name="services_in_packages">
<createdBy>admin</createdBy>
<createdTime>2015-10-30 09:50:13 UTC</createdTime>
<generatorID>45070F58-A924-B8D5-B816-FBD9324FE702</generatorID>
<ownerDesignName>02b_package_of_items_v2</ownerDesignName>
<existDependencyGenerateInDDl>true</existDependencyGenerateInDDl>
<parsed>true</parsed>
<columns itemClass="oracle.dbtools.crest.model.design.relational.Column">
<Column name="quantity_in_package" id="8E5E0BAE-2150-FC59-7BE2-492566C7AF78">
<createdBy>admin</createdBy>
<createdTime>2015-10-30 09:50:13 UTC</createdTime>
<generatorID>8B3F7882-E9E7-8FAD-A588-A8AC711A1AED</generatorID>
<ownerDesignName>02b_package_of_items_v2</ownerDesignName>
<useDomainConstraints>false</useDomainConstraints>
<use>1</use>
<logicalDatatype>LOGDT019</logicalDatatype>
<dataTypePrecision>9</dataTypePrecision>
<dataTypeScale>3</dataTypeScale>
<ownDataTypeParameters>,9,3</ownDataTypeParameters>
<autoIncrementCycle>false</autoIncrementCycle>
</Column>
<Column name="package_id" id="14C3B8DB-5AA4-14B3-E5B1-842399CF7B22">
<createdBy>admin</createdBy>
<createdTime>2015-10-30 09:50:13 UTC</createdTime>
<generatorID>E945F132-3970-B639-9F55-14A9C8F2EA43</generatorID>
<ownerDesignName>02b_package_of_items_v2</ownerDesignName>
<useDomainConstraints>false</useDomainConstraints>
<use>1</use>
<logicalDatatype>LOGDT011</logicalDatatype>
<ownDataTypeParameters>,,</ownDataTypeParameters>
<previousColumn>false</previousColumn>
<autoIncrementCycle>false</autoIncrementCycle>
<associations>
<colAssociation fkAssociation="4CBF1C60-FF98-F932-310D-C4D040010A19" referredColumn="0BA250FB-DD02-F8CA-6BA7-57F32887A57B"/>
</associations>
</Column>
<Column name="serv_id" id="511AB135-F369-8D51-1BC7-31C2B03D5E34">
<createdBy>admin</createdBy>
<createdTime>2015-10-30 11:00:36 UTC</createdTime>
<generatorID>44501C3C-74D9-CEB6-654F-FA8A23A61CB1</generatorID>
<ownerDesignName>02b_package_of_items_v2</ownerDesignName>
<useDomainConstraints>false</useDomainConstraints>
<use>1</use>
<logicalDatatype>LOGDT011</logicalDatatype>
<ownDataTypeParameters>,,</ownDataTypeParameters>
<previousColumn>false</previousColumn>
<autoIncrementCycle>false</autoIncrementCycle>
<associations>
<colAssociation fkAssociation="08C58829-707E-B331-D1F9-C31E01D6532F" referredColumn="728E765B-552C-7A04-CE07-21020A6AFBB0"/>
</associations>
</Column>
</columns>
<indexes itemClass="oracle.dbtools.crest.model.design.relational.Index">
<ind_PK_UK id="20E5C8CA-9896-F2CE-69E7-4C8384ED3005" name="services_in_packages_PK">
<createdBy>admin</createdBy>
<createdTime>2015-10-30 09:50:13 UTC</createdTime>
<generatorID>41B80518-A29B-FEBE-CC43-7C848FDB0B92</generatorID>
<ownerDesignName>02b_package_of_items_v2</ownerDesignName>
<pk>true</pk>
<indexState>Primary Constraint</indexState>
<isSurrogateKey>false</isSurrogateKey>
<indexColumnUsage>
<colUsage columnID="14C3B8DB-5AA4-14B3-E5B1-842399CF7B22"/>
<colUsage columnID="511AB135-F369-8D51-1BC7-31C2B03D5E34"/>
</indexColumnUsage>
</ind_PK_UK>
<ind_PK_UK id="09409662-D518-CC96-0A6E-9AB775C7202F" name="services_in_packages_packages_FK">
<createdBy>admin</createdBy>
<createdTime>2015-10-30 09:50:13 UTC</createdTime>
<generatorID>695E4908-9FB9-3723-0AE8-AD86E545B6B8</generatorID>
<ownerDesignName>02b_package_of_items_v2</ownerDesignName>
<indexState>Foreign Key</indexState>
<isSurrogateKey>false</isSurrogateKey>
<indexColumnUsage>
<colUsage columnID="14C3B8DB-5AA4-14B3-E5B1-842399CF7B22"/>
</indexColumnUsage>
</ind_PK_UK>
<ind_PK_UK id="CC940D0F-F598-5150-A416-91413B92F237" name="services_in_packages_services_FK">
<createdBy>admin</createdBy>
<createdTime>2015-10-30 11:00:36 UTC</createdTime>
<generatorID>121A12F0-D94C-1B89-51DF-FAD043291083</generatorID>
<ownerDesignName>02b_package_of_items_v2</ownerDesignName>
<indexState>Foreign Key</indexState>
<isSurrogateKey>false</isSurrogateKey>
<indexColumnUsage>
<colUsage columnID="511AB135-F369-8D51-1BC7-31C2B03D5E34"/>
</indexColumnUsage>
</ind_PK_UK>
</indexes>
</Table>