<?xml version = '1.0' encoding = 'UTF-8'?>
<Table class="oracle.dbtools.crest.model.design.relational.Table" directorySegmentName="seg_0" id="7F9F6102-7406-5C59-4D59-E12979414DB0" name="equiv_measure_units">
<createdBy>admin</createdBy>
<createdTime>2015-10-30 09:50:13 UTC</createdTime>
<generatorID>7E75DEE9-D0BA-6329-13ED-64D64B66A936</generatorID>
<ownerDesignName>02b_package_of_items_v2</ownerDesignName>
<existDependencyGenerateInDDl>true</existDependencyGenerateInDDl>
<parsed>true</parsed>
<columns itemClass="oracle.dbtools.crest.model.design.relational.Column">
<Column name="quantity" id="C3CA0A79-6367-AAD6-5EED-24EB850FF132">
<createdBy>admin</createdBy>
<createdTime>2015-10-30 09:50:13 UTC</createdTime>
<generatorID>1F295584-80D4-B97D-12DA-B2BB71979958</generatorID>
<ownerDesignName>02b_package_of_items_v2</ownerDesignName>
<useDomainConstraints>false</useDomainConstraints>
<use>1</use>
<logicalDatatype>LOGDT019</logicalDatatype>
<dataTypePrecision>7</dataTypePrecision>
<dataTypeScale>3</dataTypeScale>
<ownDataTypeParameters>,7,3</ownDataTypeParameters>
<autoIncrementCycle>false</autoIncrementCycle>
</Column>
<Column name="equiv_quantity" id="9FD6EA63-AB09-EF64-A8BC-7339B33C5B66">
<createdBy>admin</createdBy>
<createdTime>2015-10-30 09:50:13 UTC</createdTime>
<generatorID>D733FE51-C0DE-18C9-04E1-AB4C066A5BE5</generatorID>
<ownerDesignName>02b_package_of_items_v2</ownerDesignName>
<useDomainConstraints>false</useDomainConstraints>
<use>1</use>
<logicalDatatype>LOGDT019</logicalDatatype>
<dataTypePrecision>7</dataTypePrecision>
<dataTypeScale>3</dataTypeScale>
<ownDataTypeParameters>,7,3</ownDataTypeParameters>
<autoIncrementCycle>false</autoIncrementCycle>
</Column>
<Column name="abbreviation" id="01730C59-B695-109A-FC93-F17AB7442787">
<createdBy>admin</createdBy>
<createdTime>2015-10-30 09:50:13 UTC</createdTime>
<generatorID>87672FD4-4353-FAAC-DE11-21F35162A058</generatorID>
<ownerDesignName>02b_package_of_items_v2</ownerDesignName>
<useDomainConstraints>false</useDomainConstraints>
<use>1</use>
<logicalDatatype>LOGDT037</logicalDatatype>
<dataTypeSize>20</dataTypeSize>
<ownDataTypeParameters>20,,</ownDataTypeParameters>
<previousColumn>false</previousColumn>
<autoIncrementCycle>false</autoIncrementCycle>
<associations>
<colAssociation fkAssociation="07A140E6-1519-1FD6-0969-EE873F6A7AF7" referredColumn="86C859EE-FEF3-2714-E5BD-AA2DC085BC33"/>
</associations>
</Column>
<Column name="abbreviation1" id="1DCB023C-8AE1-F865-0FDC-C9B924379F75">
<createdBy>admin</createdBy>
<createdTime>2015-10-30 09:50:13 UTC</createdTime>
<generatorID>87853565-2237-9046-3A7C-505F0E9E812F</generatorID>
<ownerDesignName>02b_package_of_items_v2</ownerDesignName>
<useDomainConstraints>false</useDomainConstraints>
<use>1</use>
<logicalDatatype>LOGDT037</logicalDatatype>
<dataTypeSize>20</dataTypeSize>
<ownDataTypeParameters>20,,</ownDataTypeParameters>
<previousColumn>false</previousColumn>
<autoIncrementCycle>false</autoIncrementCycle>
<associations>
<colAssociation fkAssociation="75062CA2-22B4-BCD1-B660-7BB9EDFA4ABB" referredColumn="86C859EE-FEF3-2714-E5BD-AA2DC085BC33"/>
</associations>
</Column>
</columns>
<indexes itemClass="oracle.dbtools.crest.model.design.relational.Index">
<ind_PK_UK id="E22B8810-9CE3-7F0E-F5A4-75130C711175" name="equiv_measure_units_PK">
<createdBy>admin</createdBy>
<createdTime>2015-10-30 09:50:13 UTC</createdTime>
<generatorID>84546245-1D56-13BC-CA88-44AEF4573E0C</generatorID>
<ownerDesignName>02b_package_of_items_v2</ownerDesignName>
<pk>true</pk>
<indexState>Primary Constraint</indexState>
<isSurrogateKey>false</isSurrogateKey>
<indexColumnUsage>
<colUsage columnID="01730C59-B695-109A-FC93-F17AB7442787"/>
<colUsage columnID="1DCB023C-8AE1-F865-0FDC-C9B924379F75"/>
</indexColumnUsage>
</ind_PK_UK>
<ind_PK_UK id="AD00DC8B-A83D-11CA-4F58-95B53720FACB" name="equiv_measure_units_measure_units_FK">
<createdBy>admin</createdBy>
<createdTime>2015-10-30 09:50:13 UTC</createdTime>
<generatorID>7F4845F5-1050-9CAA-3BFB-F838E84D69E5</generatorID>
<ownerDesignName>02b_package_of_items_v2</ownerDesignName>
<indexState>Foreign Key</indexState>
<isSurrogateKey>false</isSurrogateKey>
<indexColumnUsage>
<colUsage columnID="1DCB023C-8AE1-F865-0FDC-C9B924379F75"/>
</indexColumnUsage>
</ind_PK_UK>
<ind_PK_UK id="A452938E-F0DC-BF4D-BD9F-AED42C9E7297" name="equiv_measure_units_measure_units_FKv2">
<createdBy>admin</createdBy>
<createdTime>2015-10-30 09:50:13 UTC</createdTime>
<generatorID>1862BC83-BCCB-ED4B-994C-F36D823BA101</generatorID>
<ownerDesignName>02b_package_of_items_v2</ownerDesignName>
<indexState>Foreign Key</indexState>
<isSurrogateKey>false</isSurrogateKey>
<indexColumnUsage>
<colUsage columnID="01730C59-B695-109A-FC93-F17AB7442787"/>
</indexColumnUsage>
</ind_PK_UK>
</indexes>
</Table>