<?xml version = '1.0' encoding = 'UTF-8'?>
<Table class="oracle.dbtools.crest.model.design.relational.Table" directorySegmentName="seg_0" id="874E7DFE-4C32-FFE3-02F3-24134B9B71BA" name="services">
<createdBy>admin</createdBy>
<createdTime>2015-10-30 09:50:13 UTC</createdTime>
<generatorID>CE438035-A1E7-668F-8CE2-5917FDEDD9D3</generatorID>
<ownerDesignName>02b_package_of_items_v2</ownerDesignName>
<existDependencyGenerateInDDl>true</existDependencyGenerateInDDl>
<parsed>true</parsed>
<columns itemClass="oracle.dbtools.crest.model.design.relational.Column">
<Column name="serv_id" id="728E765B-552C-7A04-CE07-21020A6AFBB0">
<createdBy>admin</createdBy>
<createdTime>2015-10-30 09:50:13 UTC</createdTime>
<generatorID>108E074E-EB5D-87A7-8671-920EE9863BE0</generatorID>
<ownerDesignName>02b_package_of_items_v2</ownerDesignName>
<useDomainConstraints>false</useDomainConstraints>
<use>1</use>
<logicalDatatype>LOGDT011</logicalDatatype>
<ownDataTypeParameters>,,</ownDataTypeParameters>
<autoIncrementCycle>false</autoIncrementCycle>
</Column>
<Column name="serv_name" id="449586CC-DF26-BCBA-09D2-F3C44F3C9BC2">
<createdBy>admin</createdBy>
<createdTime>2015-10-30 09:50:13 UTC</createdTime>
<generatorID>05FAC844-AE69-C366-6544-E6916790B7E0</generatorID>
<ownerDesignName>02b_package_of_items_v2</ownerDesignName>
<useDomainConstraints>false</useDomainConstraints>
<use>1</use>
<logicalDatatype>LOGDT037</logicalDatatype>
<dataTypeSize>100</dataTypeSize>
<ownDataTypeParameters>100,,</ownDataTypeParameters>
<autoIncrementCycle>false</autoIncrementCycle>
</Column>
<Column name="current_vat_percent" id="F2171D28-58DB-2EFF-79FA-DD0B7C759AB3">
<createdBy>admin</createdBy>
<createdTime>2015-10-30 09:50:13 UTC</createdTime>
<generatorID>1CB57B46-BC30-EA4D-9949-7578CACA2D37</generatorID>
<ownerDesignName>02b_package_of_items_v2</ownerDesignName>
<useDomainConstraints>false</useDomainConstraints>
<use>1</use>
<logicalDatatype>LOGDT019</logicalDatatype>
<dataTypePrecision>4</dataTypePrecision>
<dataTypeScale>2</dataTypeScale>
<ownDataTypeParameters>,4,2</ownDataTypeParameters>
<autoIncrementCycle>false</autoIncrementCycle>
</Column>
<Column name="brief_description" id="89B924D2-6D6B-BE69-BD59-0C99831DD255">
<createdBy>admin</createdBy>
<createdTime>2015-10-30 09:50:13 UTC</createdTime>
<generatorID>96341F4B-B5C7-7510-51A1-2EF22CF889FA</generatorID>
<ownerDesignName>02b_package_of_items_v2</ownerDesignName>
<nullsAllowed>true</nullsAllowed>
<useDomainConstraints>false</useDomainConstraints>
<use>1</use>
<logicalDatatype>LOGDT037</logicalDatatype>
<dataTypeSize>100</dataTypeSize>
<ownDataTypeParameters>100,,</ownDataTypeParameters>
<autoIncrementCycle>false</autoIncrementCycle>
</Column>
<Column name="group_name" id="CD1391FD-2EBB-097A-F1CA-C016A2ADC984">
<createdBy>admin</createdBy>
<createdTime>2015-10-30 09:50:13 UTC</createdTime>
<generatorID>C5C314C5-703E-830B-15AF-CC0171B91515</generatorID>
<ownerDesignName>02b_package_of_items_v2</ownerDesignName>
<useDomainConstraints>false</useDomainConstraints>
<use>1</use>
<logicalDatatype>LOGDT037</logicalDatatype>
<dataTypeSize>50</dataTypeSize>
<ownDataTypeParameters>50,,</ownDataTypeParameters>
<previousColumn>false</previousColumn>
<autoIncrementCycle>false</autoIncrementCycle>
<associations>
<colAssociation fkAssociation="CC3CEE5D-8737-CD94-1F9A-9E79E1A87740" referredColumn="3E7419E3-1D8C-95FA-3ABE-352323210247"/>
</associations>
</Column>
</columns>
<indexes itemClass="oracle.dbtools.crest.model.design.relational.Index">
<ind_PK_UK id="C5D6C1D2-85E0-C8DA-E0D4-87A8EAFB3F8A" name="services_PK">
<createdBy>admin</createdBy>
<createdTime>2015-10-30 09:50:13 UTC</createdTime>
<generatorID>E55947F8-3963-CDF5-AA8F-8C4E30F129D4</generatorID>
<ownerDesignName>02b_package_of_items_v2</ownerDesignName>
<pk>true</pk>
<indexState>Primary Constraint</indexState>
<isSurrogateKey>false</isSurrogateKey>
<indexColumnUsage>
<colUsage columnID="728E765B-552C-7A04-CE07-21020A6AFBB0"/>
</indexColumnUsage>
</ind_PK_UK>
<ind_PK_UK id="618FF860-570E-CF4F-D84F-334FC427C3D2" name="services_item_groups_FK">
<createdBy>admin</createdBy>
<createdTime>2015-10-30 09:50:13 UTC</createdTime>
<generatorID>4C48235E-BC28-B9B9-8F37-185083ACBAF7</generatorID>
<ownerDesignName>02b_package_of_items_v2</ownerDesignName>
<indexState>Foreign Key</indexState>
<isSurrogateKey>false</isSurrogateKey>
<indexColumnUsage>
<colUsage columnID="CD1391FD-2EBB-097A-F1CA-C016A2ADC984"/>
</indexColumnUsage>
</ind_PK_UK>
</indexes>
</Table>