<?xml version = '1.0' encoding = 'UTF-8'?>
<Table class="oracle.dbtools.crest.model.design.relational.Table" directorySegmentName="seg_0" id="DE76161C-094B-2968-24C9-FAC1FCEA936D" name="products">
<createdBy>admin</createdBy>
<createdTime>2015-10-30 09:50:13 UTC</createdTime>
<generatorID>31D7E745-BF20-2475-44D8-43FE2613DC9A</generatorID>
<ownerDesignName>02b_package_of_items_v2</ownerDesignName>
<existDependencyGenerateInDDl>true</existDependencyGenerateInDDl>
<parsed>true</parsed>
<columns itemClass="oracle.dbtools.crest.model.design.relational.Column">
<Column name="prod_id" id="43D8C149-4012-01F9-4794-92B090BD042B">
<createdBy>admin</createdBy>
<createdTime>2015-10-30 09:50:13 UTC</createdTime>
<generatorID>7F934447-4C2B-E8DA-3DDF-89B8F58D0E2C</generatorID>
<ownerDesignName>02b_package_of_items_v2</ownerDesignName>
<useDomainConstraints>false</useDomainConstraints>
<use>1</use>
<logicalDatatype>LOGDT011</logicalDatatype>
<ownDataTypeParameters>,,</ownDataTypeParameters>
<autoIncrementCycle>false</autoIncrementCycle>
</Column>
<Column name="prod_name" id="C5B5AAFB-664D-9795-814C-2B8A87AA740F">
<createdBy>admin</createdBy>
<createdTime>2015-10-30 09:50:13 UTC</createdTime>
<generatorID>047F76B5-2563-FBAB-FC6E-5B63BD67C2A4</generatorID>
<ownerDesignName>02b_package_of_items_v2</ownerDesignName>
<useDomainConstraints>false</useDomainConstraints>
<use>1</use>
<logicalDatatype>LOGDT037</logicalDatatype>
<dataTypeSize>50</dataTypeSize>
<ownDataTypeParameters>50,,</ownDataTypeParameters>
<autoIncrementCycle>false</autoIncrementCycle>
</Column>
<Column name="sell_measure_unit" id="12170C15-1413-D72D-9D0D-19D731808C9C">
<createdBy>admin</createdBy>
<createdTime>2015-10-30 09:50:13 UTC</createdTime>
<commentInRDBMS>The measure unit as the product is sold.&lt;br/&gt;Example: &lt;br/&gt;Product: 2 liter Coca-cola pet&lt;br/&gt;sell_measure_unit: pet &lt;br/&gt;</commentInRDBMS>
<generatorID>33368A6C-54B0-B76E-4507-7AD07C2F0B9E</generatorID>
<ownerDesignName>02b_package_of_items_v2</ownerDesignName>
<useDomainConstraints>false</useDomainConstraints>
<use>1</use>
<logicalDatatype>LOGDT037</logicalDatatype>
<dataTypeSize>30</dataTypeSize>
<ownDataTypeParameters>30,,</ownDataTypeParameters>
<autoIncrementCycle>false</autoIncrementCycle>
</Column>
<Column name="prod_quant_in_sold_unit" id="E90C9F8C-29A2-CFF7-A0D9-B9FE18312A99">
<createdBy>admin</createdBy>
<createdTime>2015-10-30 09:50:13 UTC</createdTime>
<commentInRDBMS>The quantity of the prodct in a sold  unit.&lt;br/&gt;Example: &lt;br/&gt;Product: 2 liter Coca-cola pet&lt;br/&gt;sell_measure_unit: pet &lt;br/&gt;prod_quant_in_sold_unit: 2&lt;br/&gt; &lt;br/&gt;&lt;br/&gt;</commentInRDBMS>
<generatorID>6C40DB67-84A7-3EA7-F9B1-10DD5C4B2872</generatorID>
<ownerDesignName>02b_package_of_items_v2</ownerDesignName>
<useDomainConstraints>false</useDomainConstraints>
<use>1</use>
<logicalDatatype>LOGDT019</logicalDatatype>
<dataTypePrecision>7</dataTypePrecision>
<dataTypeScale>3</dataTypeScale>
<ownDataTypeParameters>,7,3</ownDataTypeParameters>
<autoIncrementCycle>false</autoIncrementCycle>
</Column>
<Column name="measure_unit_qpsu" id="ECC99FFD-5511-BF3F-3857-497DBADA26AB">
<createdBy>admin</createdBy>
<createdTime>2015-10-30 09:50:13 UTC</createdTime>
<commentInRDBMS>Measure unit of the quantity of the product in a sold  unit.&lt;br/&gt;Example: &lt;br/&gt;Product: 2 liter Coca-cola pet&lt;br/&gt;sell_measure_unit: pet &lt;br/&gt;prod_quant_in_sold_unit: 2&lt;br/&gt;measure_unit_qpsu: liter &lt;br/&gt;&lt;br/&gt;</commentInRDBMS>
<generatorID>2135A05F-1032-2206-2A39-9484BFFB3E5F</generatorID>
<ownerDesignName>02b_package_of_items_v2</ownerDesignName>
<nullsAllowed>true</nullsAllowed>
<useDomainConstraints>false</useDomainConstraints>
<use>1</use>
<ownDataTypeParameters>,,</ownDataTypeParameters>
<autoIncrementCycle>false</autoIncrementCycle>
</Column>
<Column name="current_vat_percent" id="03F95A11-08EA-0887-FFAF-88CD309051A0">
<createdBy>admin</createdBy>
<createdTime>2015-10-30 09:50:13 UTC</createdTime>
<generatorID>4AB08FCC-D68A-A111-BE83-DA01AEDCA23F</generatorID>
<ownerDesignName>02b_package_of_items_v2</ownerDesignName>
<useDomainConstraints>false</useDomainConstraints>
<use>1</use>
<logicalDatatype>LOGDT019</logicalDatatype>
<dataTypePrecision>4</dataTypePrecision>
<dataTypeScale>2</dataTypeScale>
<ownDataTypeParameters>,4,2</ownDataTypeParameters>
<autoIncrementCycle>false</autoIncrementCycle>
</Column>
<Column name="group_name" id="C9A84567-043E-5A74-9DDB-00ED985C23FB">
<createdBy>admin</createdBy>
<createdTime>2015-10-30 09:50:13 UTC</createdTime>
<generatorID>2D1AB2DE-8EFA-5C3C-93EE-75D4C9AEC96E</generatorID>
<ownerDesignName>02b_package_of_items_v2</ownerDesignName>
<useDomainConstraints>false</useDomainConstraints>
<use>1</use>
<logicalDatatype>LOGDT037</logicalDatatype>
<dataTypeSize>50</dataTypeSize>
<ownDataTypeParameters>50,,</ownDataTypeParameters>
<previousColumn>false</previousColumn>
<autoIncrementCycle>false</autoIncrementCycle>
<associations>
<colAssociation fkAssociation="BD7A6BB8-A485-5782-AEF9-3E72EF9AA821" referredColumn="3E7419E3-1D8C-95FA-3ABE-352323210247"/>
</associations>
</Column>
<Column name="abbreviation" id="BC5C9AB4-14FB-2726-9AAB-5814263E7565">
<createdBy>admin</createdBy>
<createdTime>2015-10-30 09:50:13 UTC</createdTime>
<generatorID>BDE5909C-9EB2-062F-710E-7A5454E6030D</generatorID>
<ownerDesignName>02b_package_of_items_v2</ownerDesignName>
<useDomainConstraints>false</useDomainConstraints>
<use>1</use>
<logicalDatatype>LOGDT037</logicalDatatype>
<dataTypeSize>20</dataTypeSize>
<ownDataTypeParameters>20,,</ownDataTypeParameters>
<previousColumn>false</previousColumn>
<autoIncrementCycle>false</autoIncrementCycle>
<associations>
<colAssociation fkAssociation="D5AB977B-0720-8160-25DB-4D82367FFD82" referredColumn="86C859EE-FEF3-2714-E5BD-AA2DC085BC33"/>
</associations>
</Column>
<Column name="abbreviation1" id="186A05CA-45EF-26A6-4A86-F6BECD2D42F4">
<createdBy>admin</createdBy>
<createdTime>2015-10-30 09:50:13 UTC</createdTime>
<generatorID>14684F6C-9066-59C5-EA75-650A8A9C26FC</generatorID>
<ownerDesignName>02b_package_of_items_v2</ownerDesignName>
<useDomainConstraints>false</useDomainConstraints>
<use>1</use>
<logicalDatatype>LOGDT037</logicalDatatype>
<dataTypeSize>20</dataTypeSize>
<ownDataTypeParameters>20,,</ownDataTypeParameters>
<previousColumn>false</previousColumn>
<autoIncrementCycle>false</autoIncrementCycle>
<associations>
<colAssociation fkAssociation="960A01F0-D78B-1A17-A46F-29D7B11A702A" referredColumn="86C859EE-FEF3-2714-E5BD-AA2DC085BC33"/>
</associations>
</Column>
</columns>
<indexes itemClass="oracle.dbtools.crest.model.design.relational.Index">
<ind_PK_UK id="B19FB19D-24CD-292E-D3AB-519D7A9AB64D" name="products_PK">
<createdBy>admin</createdBy>
<createdTime>2015-10-30 09:50:13 UTC</createdTime>
<generatorID>AEE44A97-209D-12FA-AEC6-0DD8128DBA6F</generatorID>
<ownerDesignName>02b_package_of_items_v2</ownerDesignName>
<pk>true</pk>
<indexState>Primary Constraint</indexState>
<isSurrogateKey>false</isSurrogateKey>
<indexColumnUsage>
<colUsage columnID="43D8C149-4012-01F9-4794-92B090BD042B"/>
</indexColumnUsage>
</ind_PK_UK>
<ind_PK_UK id="A6AC4683-5D71-0986-664A-BDFFCD06B3F0" name="products_item_groups_FK">
<createdBy>admin</createdBy>
<createdTime>2015-10-30 09:50:13 UTC</createdTime>
<generatorID>6D6F96D6-A718-831D-B4E4-9D22F4FC9760</generatorID>
<ownerDesignName>02b_package_of_items_v2</ownerDesignName>
<indexState>Foreign Key</indexState>
<isSurrogateKey>false</isSurrogateKey>
<indexColumnUsage>
<colUsage columnID="C9A84567-043E-5A74-9DDB-00ED985C23FB"/>
</indexColumnUsage>
</ind_PK_UK>
<ind_PK_UK id="87E0F1F9-EF83-A29B-643D-3AD02C664237" name="products_measure_units_FK">
<createdBy>admin</createdBy>
<createdTime>2015-10-30 09:50:13 UTC</createdTime>
<generatorID>26DC25EA-33BA-D687-BA64-7E32F8A5CA2A</generatorID>
<ownerDesignName>02b_package_of_items_v2</ownerDesignName>
<indexState>Foreign Key</indexState>
<isSurrogateKey>false</isSurrogateKey>
<indexColumnUsage>
<colUsage columnID="186A05CA-45EF-26A6-4A86-F6BECD2D42F4"/>
</indexColumnUsage>
</ind_PK_UK>
<ind_PK_UK id="1237866D-403C-536B-A5BF-16DAF8F21FA2" name="products_measure_units_FKv2">
<createdBy>admin</createdBy>
<createdTime>2015-10-30 09:50:13 UTC</createdTime>
<generatorID>173357BD-B4E5-5AC4-DDA6-93926AB312C5</generatorID>
<ownerDesignName>02b_package_of_items_v2</ownerDesignName>
<indexState>Foreign Key</indexState>
<isSurrogateKey>false</isSurrogateKey>
<indexColumnUsage>
<colUsage columnID="BC5C9AB4-14FB-2726-9AAB-5814263E7565"/>
</indexColumnUsage>
</ind_PK_UK>
</indexes>
</Table>