<?xml version = '1.0' encoding = 'UTF-8'?>
<Table class="oracle.dbtools.crest.model.design.relational.Table" directorySegmentName="seg_0" id="FEE68B15-1604-0AE9-7379-3F7878A0CE4B" name="services_in_packages">
<createdBy>marinfotache</createdBy>
<createdTime>2020-12-02 07:00:42 UTC</createdTime>
<generatorID>45070F58-A924-B8D5-B816-FBD9324FE702</generatorID>
<ownerDesignName>02b_package_of_items_v2</ownerDesignName>
<allowColumnReorder>false</allowColumnReorder>
<existDependencyGenerateInDDl>true</existDependencyGenerateInDDl>
<parsed>true</parsed>
<columns itemClass="oracle.dbtools.crest.model.design.relational.Column">
<Column name="quantity_in_package" id="ADBEEC3F-DDF3-E780-266D-2DCD7D88609D">
<createdBy>marinfotache</createdBy>
<createdTime>2020-12-02 07:00:42 UTC</createdTime>
<generatorID>8B3F7882-E9E7-8FAD-A588-A8AC711A1AED</generatorID>
<ownerDesignName>02b_package_of_items_v2</ownerDesignName>
<useDomainConstraints>false</useDomainConstraints>
<use>1</use>
<logicalDatatype>LOGDT019</logicalDatatype>
<dataTypePrecision>9</dataTypePrecision>
<dataTypeScale>3</dataTypeScale>
<ownDataTypeParameters>,9,3</ownDataTypeParameters>
<autoIncrementCycle>false</autoIncrementCycle>
</Column>
<Column name="packages_package_id" id="F55644BB-98F5-FD37-2753-12F964945094">
<createdBy>marinfotache</createdBy>
<createdTime>2020-12-02 07:00:42 UTC</createdTime>
<generatorID>E945F132-3970-B639-9F55-14A9C8F2EA43</generatorID>
<ownerDesignName>02b_package_of_items_v2</ownerDesignName>
<useDomainConstraints>false</useDomainConstraints>
<use>1</use>
<logicalDatatype>LOGDT011</logicalDatatype>
<ownDataTypeParameters>,,</ownDataTypeParameters>
<previousColumn>false</previousColumn>
<autoIncrementCycle>false</autoIncrementCycle>
<associations>
<colAssociation fkAssociation="31BCAB9F-5871-6A52-A051-DA682313551E" referredColumn="9BC1561F-FF75-606F-DE3A-843A30651396"/>
</associations>
</Column>
<Column name="services_serv_id" id="B231AAB7-4528-7980-EBAB-471D6535F337">
<createdBy>marinfotache</createdBy>
<createdTime>2020-12-02 07:00:42 UTC</createdTime>
<generatorID>44501C3C-74D9-CEB6-654F-FA8A23A61CB1</generatorID>
<ownerDesignName>02b_package_of_items_v2</ownerDesignName>
<useDomainConstraints>false</useDomainConstraints>
<use>1</use>
<logicalDatatype>LOGDT011</logicalDatatype>
<ownDataTypeParameters>,,</ownDataTypeParameters>
<previousColumn>false</previousColumn>
<autoIncrementCycle>false</autoIncrementCycle>
<associations>
<colAssociation fkAssociation="F3781CEB-33F9-A31F-A6A7-523B3BFEADD8" referredColumn="2F632D46-3E6A-5FA3-C311-5E788282EAFD"/>
</associations>
</Column>
</columns>
<indexes itemClass="oracle.dbtools.crest.model.design.relational.Index">
<ind_PK_UK id="FD9FE77F-710C-CB49-D196-F0ECDD368670" name="services_in_packages_PK">
<createdBy>marinfotache</createdBy>
<createdTime>2020-12-02 07:00:42 UTC</createdTime>
<generatorID>41B80518-A29B-FEBE-CC43-7C848FDB0B92</generatorID>
<ownerDesignName>02b_package_of_items_v2</ownerDesignName>
<pk>true</pk>
<indexState>Primary Constraint</indexState>
<isSurrogateKey>false</isSurrogateKey>
<indexColumnUsage>
<colUsage columnID="F55644BB-98F5-FD37-2753-12F964945094"/>
<colUsage columnID="B231AAB7-4528-7980-EBAB-471D6535F337"/>
</indexColumnUsage>
</ind_PK_UK>
<ind_PK_UK id="806B4853-BEAE-D6DB-0A43-0B83F26FD89D" name="services_in_packages_packages_FK">
<createdBy>marinfotache</createdBy>
<createdTime>2020-12-02 07:00:43 UTC</createdTime>
<generatorID>695E4908-9FB9-3723-0AE8-AD86E545B6B8</generatorID>
<ownerDesignName>02b_package_of_items_v2</ownerDesignName>
<indexState>Foreign Key</indexState>
<isSurrogateKey>false</isSurrogateKey>
<indexColumnUsage>
<colUsage columnID="F55644BB-98F5-FD37-2753-12F964945094"/>
</indexColumnUsage>
</ind_PK_UK>
<ind_PK_UK id="265C3064-5C58-DF6D-0343-12B083BDD466" name="services_in_packages_services_FK">
<createdBy>marinfotache</createdBy>
<createdTime>2020-12-02 07:00:43 UTC</createdTime>
<generatorID>121A12F0-D94C-1B89-51DF-FAD043291083</generatorID>
<ownerDesignName>02b_package_of_items_v2</ownerDesignName>
<indexState>Foreign Key</indexState>
<isSurrogateKey>false</isSurrogateKey>
<indexColumnUsage>
<colUsage columnID="B231AAB7-4528-7980-EBAB-471D6535F337"/>
</indexColumnUsage>
</ind_PK_UK>
</indexes>
</Table>