<?xml version = '1.0' encoding = 'UTF-8'?>
<Entity class="oracle.dbtools.crest.model.design.logical.Entity" directorySegmentName="seg_0" id="1DB30C75-0803-3C4E-BB55-246616825502" name="prod_offer">
<createdBy>admin</createdBy>
<createdTime>2015-11-10 06:34:23 UTC</createdTime>
<ownerDesignName>07b_Product_bought_product_offered</ownerDesignName>
<adequatelyNormalized>NO</adequatelyNormalized>
<expectedVolumes>0</expectedVolumes>
<fwdEngineeringStrategyName>Single Table</fwdEngineeringStrategyName>
<growthPercent>0</growthPercent>
<growthType>Year</growthType>
<maxVolumes>9999999</maxVolumes>
<minVolumes>0</minVolumes>
<normalForm>Third</normalForm>
<preferredAbbreviation>prod_offers</preferredAbbreviation>
<attributes itemClass="oracle.dbtools.crest.model.design.logical.Attribute">
<Attribute name="discount_id" id="80D73CB9-1AE0-B740-C3D6-64C1A0193FC5">
<createdBy>admin</createdBy>
<createdTime>2015-11-10 06:35:13 UTC</createdTime>
<generatorID>2E93AE36-DAEA-444A-3562-80B7E4E067EB</generatorID>
<ownerDesignName>07b_Product_bought_product_offered</ownerDesignName>
<referedAttribute>6BE25602-6787-EC56-E31D-2206308C0D5E</referedAttribute>
<useDomainConstraints>false</useDomainConstraints>
<use>1</use>
<logicalDatatype>LOGDT011</logicalDatatype>
<ownDataTypeParameters>,,</ownDataTypeParameters>
</Attribute>
<Attribute name="product_id" id="C4BF5F93-E3D3-6AAF-BABA-6E72D5FA203C">
<createdBy>admin</createdBy>
<createdTime>2015-11-10 06:36:05 UTC</createdTime>
<generatorID>081EDC47-108F-9DC3-94F3-855546864C0D</generatorID>
<ownerDesignName>07b_Product_bought_product_offered</ownerDesignName>
<referedAttribute>30D52D27-3E5E-7BBD-B6FB-DD2DAFF8E9FA</referedAttribute>
<useDomainConstraints>false</useDomainConstraints>
<use>1</use>
<logicalDatatype>LOGDT011</logicalDatatype>
<ownDataTypeParameters>,,</ownDataTypeParameters>
</Attribute>
<Attribute name="product_id1" id="6BD56118-DB62-C1C3-FD88-E8C1972BDB8A">
<createdBy>admin</createdBy>
<createdTime>2015-11-10 06:36:32 UTC</createdTime>
<generatorID>8EA6E4FF-1A89-1011-48AA-DEA3B1D97871</generatorID>
<ownerDesignName>07b_Product_bought_product_offered</ownerDesignName>
<referedAttribute>30D52D27-3E5E-7BBD-B6FB-DD2DAFF8E9FA</referedAttribute>
<useDomainConstraints>false</useDomainConstraints>
<use>1</use>
<logicalDatatype>LOGDT011</logicalDatatype>
<ownDataTypeParameters>,,</ownDataTypeParameters>
</Attribute>
<Attribute name="quantity_bought" id="BE53A474-3927-11DA-998B-D0661ACCD2C3">
<createdBy>admin</createdBy>
<createdTime>2015-11-10 06:37:04 UTC</createdTime>
<ownerDesignName>07b_Product_bought_product_offered</ownerDesignName>
<useDomainConstraints>false</useDomainConstraints>
<use>1</use>
<logicalDatatype>LOGDT019</logicalDatatype>
<dataTypePrecision>7</dataTypePrecision>
<dataTypeScale>3</dataTypeScale>
<ownDataTypeParameters>,7,3</ownDataTypeParameters>
</Attribute>
<Attribute name="quantity_offered" id="B6C5CFC7-DB5F-BA2F-37CC-FBF6BFA482A7">
<createdBy>admin</createdBy>
<createdTime>2015-11-10 06:37:28 UTC</createdTime>
<ownerDesignName>07b_Product_bought_product_offered</ownerDesignName>
<useDomainConstraints>false</useDomainConstraints>
<use>1</use>
<logicalDatatype>LOGDT019</logicalDatatype>
<dataTypePrecision>7</dataTypePrecision>
<dataTypeScale>2</dataTypeScale>
<ownDataTypeParameters>,7,2</ownDataTypeParameters>
</Attribute>
<Attribute name="comments" id="C77B4970-D39B-E345-E606-74F07E2C310F">
<createdBy>admin</createdBy>
<createdTime>2015-11-10 06:37:56 UTC</createdTime>
<ownerDesignName>07b_Product_bought_product_offered</ownerDesignName>
<nullsAllowed>true</nullsAllowed>
<useDomainConstraints>false</useDomainConstraints>
<use>1</use>
<logicalDatatype>LOGDT037</logicalDatatype>
<dataTypeSize>100</dataTypeSize>
<ownDataTypeParameters>100,,</ownDataTypeParameters>
</Attribute>
</attributes>
<identifiers itemClass="oracle.dbtools.crest.model.design.logical.CandidateKey">
<identifier id="97908D7B-294A-42F7-F884-2946BABB43ED" name="prod_offer PK">
<createdBy>admin</createdBy>
<createdTime>2015-11-10 06:35:13 UTC</createdTime>
<ownerDesignName>07b_Product_bought_product_offered</ownerDesignName>
<pk>true</pk>
<usedAttributes>
<attributeRef>80D73CB9-1AE0-B740-C3D6-64C1A0193FC5</attributeRef>
<attributeRef>C4BF5F93-E3D3-6AAF-BABA-6E72D5FA203C</attributeRef>
<attributeRef>6BD56118-DB62-C1C3-FD88-E8C1972BDB8A</attributeRef>
</usedAttributes>
</identifier>
</identifiers>
</Entity>