<?xml version = '1.0' encoding = 'UTF-8'?>
<Entity class="oracle.dbtools.crest.model.design.logical.Entity" directorySegmentName="seg_0" id="9B6DCC06-4F09-1244-27C0-C0BE0CEF865A" name="invoice">
<createdBy>Marin F</createdBy>
<createdTime>2011-07-11 06:51:52 UTC</createdTime>
<generatorID>14C17B1F-E2E8-658D-2064-A5D1FC2AFEC8</generatorID>
<ownerDesignName>07b_Product_bought_product_offered</ownerDesignName>
<adequatelyNormalized>NO</adequatelyNormalized>
<expectedVolumes>0</expectedVolumes>
<fwdEngineeringStrategyName>Single Table</fwdEngineeringStrategyName>
<growthPercent>0</growthPercent>
<growthType>Year</growthType>
<maxVolumes>9999999</maxVolumes>
<minVolumes>0</minVolumes>
<normalForm>Third</normalForm>
<preferredAbbreviation>invoices</preferredAbbreviation>
<attributes itemClass="oracle.dbtools.crest.model.design.logical.Attribute">
<Attribute name="invoice_id" id="C90220F5-6B91-8896-D28C-2F28CE7009D2">
<createdBy>Marin F</createdBy>
<createdTime>2011-07-11 06:51:52 UTC</createdTime>
<generatorID>8EE6EBAE-A25A-5D3C-C3F6-1AAC258719B6</generatorID>
<ownerDesignName>07b_Product_bought_product_offered</ownerDesignName>
<useDomainConstraints>false</useDomainConstraints>
<use>1</use>
<logicalDatatype>LOGDT011</logicalDatatype>
<ownDataTypeParameters>,,</ownDataTypeParameters>
</Attribute>
<Attribute name="invoice_number" id="7F0AE5DB-EB56-2E35-7AAF-501C6F1DA2DD">
<createdBy>admin</createdBy>
<createdTime>2015-10-22 05:43:39 UTC</createdTime>
<ownerDesignName>07b_Product_bought_product_offered</ownerDesignName>
<useDomainConstraints>false</useDomainConstraints>
<use>1</use>
<logicalDatatype>LOGDT011</logicalDatatype>
<ownDataTypeParameters>,,</ownDataTypeParameters>
</Attribute>
<Attribute name="invoice_date" id="F53E5B56-08E6-AF80-C44E-79CBD3DB33D1">
<createdBy>Marin F</createdBy>
<createdTime>2011-07-11 06:51:52 UTC</createdTime>
<generatorID>836C9DB1-C19D-FE59-8933-5F3C6E8000C6</generatorID>
<ownerDesignName>07b_Product_bought_product_offered</ownerDesignName>
<useDomainConstraints>false</useDomainConstraints>
<use>1</use>
<logicalDatatype>LOGDT007</logicalDatatype>
<ownDataTypeParameters>,,</ownDataTypeParameters>
</Attribute>
<Attribute name="cust_id" id="F41CCC80-5626-3100-D6D2-D7830E59077A">
<createdBy>Marin F</createdBy>
<createdTime>2011-07-11 06:51:52 UTC</createdTime>
<generatorID>3887E4B0-99D7-4D22-8E5D-DB276E64F678</generatorID>
<ownerDesignName>07b_Product_bought_product_offered</ownerDesignName>
<referedAttribute>2AFA42D8-7657-95E2-24C9-EAD0A6A58C85</referedAttribute>
<useDomainConstraints>false</useDomainConstraints>
<use>1</use>
<logicalDatatype>LOGDT011</logicalDatatype>
<ownDataTypeParameters>,,</ownDataTypeParameters>
<propertyMap>
<property name="refers.attribute" value="2AFA42D8-7657-95E2-24C9-EAD0A6A58C85"/>
</propertyMap>
</Attribute>
<Attribute name="comments" id="57B3A592-EB2C-A732-C0CD-6462234C160D">
<createdBy>Marin F</createdBy>
<createdTime>2011-07-11 06:51:52 UTC</createdTime>
<generatorID>B88B5A34-9B19-6EDB-DA68-DAF1309DB933</generatorID>
<ownerDesignName>07b_Product_bought_product_offered</ownerDesignName>
<nullsAllowed>true</nullsAllowed>
<useDomainConstraints>false</useDomainConstraints>
<use>1</use>
<logicalDatatype>LOGDT037</logicalDatatype>
<dataTypeSize>300 CHAR</dataTypeSize>
<ownDataTypeParameters>300 CHAR,,</ownDataTypeParameters>
</Attribute>
<Attribute name="invoice_VAT" id="A08347F0-21AA-CB15-6C2A-413467005D97">
<createdBy>admin</createdBy>
<createdTime>2015-10-29 08:55:49 UTC</createdTime>
<ownerDesignName>07b_Product_bought_product_offered</ownerDesignName>
<useDomainConstraints>false</useDomainConstraints>
<use>1</use>
<logicalDatatype>LOGDT019</logicalDatatype>
<dataTypePrecision>12</dataTypePrecision>
<dataTypeScale>2</dataTypeScale>
<ownDataTypeParameters>,12,2</ownDataTypeParameters>
</Attribute>
<Attribute name="invoice_amount" id="F8936AC6-6524-F7F4-854A-BC695CB37C12">
<createdBy>admin</createdBy>
<createdTime>2015-10-29 09:01:35 UTC</createdTime>
<ownerDesignName>07b_Product_bought_product_offered</ownerDesignName>
<useDomainConstraints>false</useDomainConstraints>
<use>1</use>
<logicalDatatype>LOGDT019</logicalDatatype>
<dataTypePrecision>12</dataTypePrecision>
<dataTypeScale>2</dataTypeScale>
<ownDataTypeParameters>,12,2</ownDataTypeParameters>
</Attribute>
<Attribute name="amount_received" id="BE162D39-4BCA-C5F6-0941-49C2B8CBB94A">
<createdBy>admin</createdBy>
<createdTime>2015-10-29 09:26:23 UTC</createdTime>
<ownerDesignName>07b_Product_bought_product_offered</ownerDesignName>
<useDomainConstraints>false</useDomainConstraints>
<use>1</use>
<logicalDatatype>LOGDT019</logicalDatatype>
<dataTypePrecision>12</dataTypePrecision>
<dataTypeScale>2</dataTypeScale>
<ownDataTypeParameters>,12,2</ownDataTypeParameters>
</Attribute>
<Attribute name="amount_refused" id="97336AC8-0BC1-B464-A0A6-63DD75E21A84">
<createdBy>admin</createdBy>
<createdTime>2015-10-30 04:17:11 UTC</createdTime>
<ownerDesignName>07b_Product_bought_product_offered</ownerDesignName>
<useDomainConstraints>false</useDomainConstraints>
<use>1</use>
<logicalDatatype>LOGDT019</logicalDatatype>
<dataTypePrecision>12</dataTypePrecision>
<dataTypeScale>2</dataTypeScale>
<ownDataTypeParameters>,12,2</ownDataTypeParameters>
</Attribute>
<Attribute name="n_or_rows" id="E8CE0D55-7BC7-CF8C-A303-A734E0829189">
<createdBy>admin</createdBy>
<createdTime>2015-10-29 12:00:18 UTC</createdTime>
<ownerDesignName>07b_Product_bought_product_offered</ownerDesignName>
<useDomainConstraints>false</useDomainConstraints>
<use>1</use>
<logicalDatatype>LOGDT011</logicalDatatype>
<ownDataTypeParameters>,,</ownDataTypeParameters>
</Attribute>
<Attribute name="is_closed" id="CA3906DA-6686-AA04-3BD8-DFA1DB249AA6">
<createdBy>admin</createdBy>
<createdTime>2015-10-29 12:00:48 UTC</createdTime>
<ownerDesignName>07b_Product_bought_product_offered</ownerDesignName>
<constraintName>ck_invoice_is_closed</constraintName>
<useDomainConstraints>false</useDomainConstraints>
<use>1</use>
<logicalDatatype>LOGDT006</logicalDatatype>
<defaultValue>No</defaultValue>
<ownDataTypeParameters>,,</ownDataTypeParameters>
</Attribute>
<Attribute name="invoice_status" id="2BAE6FC0-860D-27B5-D436-46DD6B0CBFD0">
<createdBy>admin</createdBy>
<createdTime>2015-10-29 12:35:37 UTC</createdTime>
<ownerDesignName>07b_Product_bought_product_offered</ownerDesignName>
<nullsAllowed>true</nullsAllowed>
<useDomainConstraints>false</useDomainConstraints>
<use>1</use>
<logicalDatatype>LOGDT037</logicalDatatype>
<dataTypeSize>50</dataTypeSize>
<ownDataTypeParameters>50,,</ownDataTypeParameters>
</Attribute>
<Attribute name="discount_on_value" id="C051646C-CDDD-AD98-06ED-005F7A1750C2">
<createdBy>admin</createdBy>
<createdTime>2015-11-10 06:04:30 UTC</createdTime>
<ownerDesignName>07b_Product_bought_product_offered</ownerDesignName>
<nullsAllowed>true</nullsAllowed>
<useDomainConstraints>false</useDomainConstraints>
<use>1</use>
<logicalDatatype>LOGDT019</logicalDatatype>
<dataTypePrecision>9</dataTypePrecision>
<dataTypeScale>2</dataTypeScale>
<ownDataTypeParameters>,9,2</ownDataTypeParameters>
</Attribute>
<Attribute name="discount_id" id="171676D7-6251-C002-3006-57F1AB33347D">
<createdBy>admin</createdBy>
<createdTime>2015-11-10 06:05:40 UTC</createdTime>
<generatorID>8D0FBF94-2DE7-519F-98AE-5140D0EC8001</generatorID>
<ownerDesignName>07b_Product_bought_product_offered</ownerDesignName>
<referedAttribute>6BE25602-6787-EC56-E31D-2206308C0D5E</referedAttribute>
<useDomainConstraints>false</useDomainConstraints>
<use>1</use>
<logicalDatatype>LOGDT011</logicalDatatype>
<ownDataTypeParameters>,,</ownDataTypeParameters>
</Attribute>
<Attribute name="discount_on_prods" id="181676D8-B726-2D36-B5EC-84649BD86033">
<createdBy>admin</createdBy>
<createdTime>2015-11-10 06:43:09 UTC</createdTime>
<ownerDesignName>07b_Product_bought_product_offered</ownerDesignName>
<nullsAllowed>true</nullsAllowed>
<useDomainConstraints>false</useDomainConstraints>
<use>1</use>
<logicalDatatype>LOGDT019</logicalDatatype>
<dataTypePrecision>9</dataTypePrecision>
<dataTypeScale>2</dataTypeScale>
<ownDataTypeParameters>,9,2</ownDataTypeParameters>
</Attribute>
</attributes>
<identifiers itemClass="oracle.dbtools.crest.model.design.logical.CandidateKey">
<identifier id="D0B2DB68-6D9E-659C-A596-16AA379526BF" name="invoices__pk">
<createdBy>Marin F</createdBy>
<createdTime>2011-07-11 06:51:52 UTC</createdTime>
<generatorID>F051ED3F-4FFE-7308-142C-141EFD1FC6F3</generatorID>
<ownerDesignName>07b_Product_bought_product_offered</ownerDesignName>
<pk>true</pk>
<newElementsIDs>C90220F5-6B91-8896-D28C-2F28CE7009D2</newElementsIDs>
<usedAttributes>
<attributeRef>C90220F5-6B91-8896-D28C-2F28CE7009D2</attributeRef>
</usedAttributes>
</identifier>
</identifiers>
</Entity>