<?xml version = '1.0' encoding = 'UTF-8'?>
<Entity class="oracle.dbtools.crest.model.design.logical.Entity" directorySegmentName="seg_0" id="AE183615-38B5-05D7-B4D4-C0A36668DC81" name="invoice_detail">
<createdBy>Marin F</createdBy>
<createdTime>2011-07-11 06:51:52 UTC</createdTime>
<generatorID>5CF56CCC-8DA3-2EA6-AA70-BD6C42DBBB25</generatorID>
<ownerDesignName>07b_Product_bought_product_offered</ownerDesignName>
<adequatelyNormalized>NO</adequatelyNormalized>
<expectedVolumes>0</expectedVolumes>
<fwdEngineeringStrategyName>Single Table</fwdEngineeringStrategyName>
<growthPercent>0</growthPercent>
<growthType>Year</growthType>
<maxVolumes>9999999</maxVolumes>
<minVolumes>0</minVolumes>
<normalForm>Third</normalForm>
<preferredAbbreviation>invoice_details</preferredAbbreviation>
<attributes itemClass="oracle.dbtools.crest.model.design.logical.Attribute">
<Attribute name="invoice_id" id="FB06227C-EDF1-2369-E0EF-A6041F5FE960">
<createdBy>Marin F</createdBy>
<createdTime>2011-07-11 06:51:52 UTC</createdTime>
<generatorID>FDA6341C-BE50-5CE3-3821-644B4FD1FDCC</generatorID>
<ownerDesignName>07b_Product_bought_product_offered</ownerDesignName>
<referedAttribute>C90220F5-6B91-8896-D28C-2F28CE7009D2</referedAttribute>
<useDomainConstraints>false</useDomainConstraints>
<use>1</use>
<logicalDatatype>LOGDT011</logicalDatatype>
<ownDataTypeParameters>,,</ownDataTypeParameters>
<propertyMap>
<property name="refers.attribute" value="C90220F5-6B91-8896-D28C-2F28CE7009D2"/>
</propertyMap>
</Attribute>
<Attribute name="row_number" id="3B9414C7-4687-A4CC-2CA1-644805AC6167">
<createdBy>Marin F</createdBy>
<createdTime>2011-07-11 06:51:52 UTC</createdTime>
<generatorID>0283E6E7-A752-AAC8-8053-BE21C32F0CBB</generatorID>
<ownerDesignName>07b_Product_bought_product_offered</ownerDesignName>
<constraintName>ck_linie</constraintName>
<useDomainConstraints>false</useDomainConstraints>
<use>1</use>
<logicalDatatype>LOGDT042</logicalDatatype>
<checkConstraint>
<implementationDef dbType="Oracle Database 10g" definition="linie &gt; 0"/>
</checkConstraint>
<ownDataTypeParameters>,,</ownDataTypeParameters>
</Attribute>
<Attribute name="quantity" id="0BC4EDB1-0834-9749-082D-419662A21509">
<createdBy>Marin F</createdBy>
<createdTime>2011-07-11 06:51:52 UTC</createdTime>
<generatorID>A8BF4328-A293-2474-05FB-003CBB62C2DF</generatorID>
<ownerDesignName>07b_Product_bought_product_offered</ownerDesignName>
<useDomainConstraints>false</useDomainConstraints>
<use>1</use>
<logicalDatatype>LOGDT019</logicalDatatype>
<dataTypePrecision>10</dataTypePrecision>
<dataTypeScale>3</dataTypeScale>
<ownDataTypeParameters>,10,3</ownDataTypeParameters>
</Attribute>
<Attribute name="unit_price" id="B1343FEA-FB7D-2E3F-FD0E-99C4516F5B22">
<createdBy>Marin F</createdBy>
<createdTime>2011-07-11 06:51:52 UTC</createdTime>
<generatorID>7A56DCB6-4AA5-7A24-48C8-8FA5D9BADDFE</generatorID>
<ownerDesignName>07b_Product_bought_product_offered</ownerDesignName>
<useDomainConstraints>false</useDomainConstraints>
<use>1</use>
<logicalDatatype>LOGDT019</logicalDatatype>
<dataTypePrecision>8</dataTypePrecision>
<dataTypeScale>2</dataTypeScale>
<ownDataTypeParameters>,8,2</ownDataTypeParameters>
</Attribute>
<Attribute name="product_id" id="19016841-DAB5-A040-19BD-5FE0FF0CFCB4">
<createdBy>admin</createdBy>
<createdTime>2015-10-22 05:39:59 UTC</createdTime>
<generatorID>A29855C0-B8E0-9AB1-939F-006BD29DD707</generatorID>
<ownerDesignName>07b_Product_bought_product_offered</ownerDesignName>
<referedAttribute>30D52D27-3E5E-7BBD-B6FB-DD2DAFF8E9FA</referedAttribute>
<useDomainConstraints>false</useDomainConstraints>
<use>1</use>
<logicalDatatype>LOGDT011</logicalDatatype>
<ownDataTypeParameters>,,</ownDataTypeParameters>
</Attribute>
<Attribute name="row_VAT" id="332A8C26-B8ED-7DF2-429E-6A70267CCABA">
<createdBy>admin</createdBy>
<createdTime>2015-10-25 20:04:33 UTC</createdTime>
<ownerDesignName>07b_Product_bought_product_offered</ownerDesignName>
<nullsAllowed>true</nullsAllowed>
<useDomainConstraints>false</useDomainConstraints>
<use>1</use>
<logicalDatatype>LOGDT019</logicalDatatype>
<dataTypePrecision>12</dataTypePrecision>
<dataTypeScale>2</dataTypeScale>
<ownDataTypeParameters>,12,2</ownDataTypeParameters>
</Attribute>
<Attribute name="row_discount" id="29444F9A-B3A9-947C-686F-9173126481A5">
<createdBy>admin</createdBy>
<createdTime>2015-11-10 06:33:01 UTC</createdTime>
<ownerDesignName>07b_Product_bought_product_offered</ownerDesignName>
<nullsAllowed>true</nullsAllowed>
<useDomainConstraints>false</useDomainConstraints>
<use>1</use>
<logicalDatatype>LOGDT019</logicalDatatype>
<dataTypePrecision>9</dataTypePrecision>
<dataTypeScale>2</dataTypeScale>
<ownDataTypeParameters>,9,2</ownDataTypeParameters>
</Attribute>
<Attribute name="discount_id" id="15455968-8CF1-1692-E5EB-DDCE8B3A73BE">
<createdBy>admin</createdBy>
<createdTime>2015-11-10 06:42:27 UTC</createdTime>
<generatorID>D6C4E417-1A40-1732-05FF-E8BF674B815E</generatorID>
<ownerDesignName>07b_Product_bought_product_offered</ownerDesignName>
<nullsAllowed>true</nullsAllowed>
<referedAttribute>80D73CB9-1AE0-B740-C3D6-64C1A0193FC5</referedAttribute>
<useDomainConstraints>false</useDomainConstraints>
<use>1</use>
<logicalDatatype>LOGDT011</logicalDatatype>
<ownDataTypeParameters>,,</ownDataTypeParameters>
</Attribute>
<Attribute name="product_id1" id="97201F4B-5F7F-F233-D04E-7E3B4C34BBE0">
<createdBy>admin</createdBy>
<createdTime>2015-11-10 06:42:27 UTC</createdTime>
<generatorID>D6C4E417-1A40-1732-05FF-E8BF674B815E</generatorID>
<ownerDesignName>07b_Product_bought_product_offered</ownerDesignName>
<nullsAllowed>true</nullsAllowed>
<referedAttribute>C4BF5F93-E3D3-6AAF-BABA-6E72D5FA203C</referedAttribute>
<useDomainConstraints>false</useDomainConstraints>
<use>1</use>
<logicalDatatype>LOGDT011</logicalDatatype>
<ownDataTypeParameters>,,</ownDataTypeParameters>
</Attribute>
<Attribute name="product_id11" id="6AB15D8E-605E-BD62-C2CE-06E362C62964">
<createdBy>admin</createdBy>
<createdTime>2015-11-10 06:42:27 UTC</createdTime>
<generatorID>D6C4E417-1A40-1732-05FF-E8BF674B815E</generatorID>
<ownerDesignName>07b_Product_bought_product_offered</ownerDesignName>
<nullsAllowed>true</nullsAllowed>
<referedAttribute>6BD56118-DB62-C1C3-FD88-E8C1972BDB8A</referedAttribute>
<useDomainConstraints>false</useDomainConstraints>
<use>1</use>
<logicalDatatype>LOGDT011</logicalDatatype>
<ownDataTypeParameters>,,</ownDataTypeParameters>
</Attribute>
</attributes>
<identifiers itemClass="oracle.dbtools.crest.model.design.logical.CandidateKey">
<identifier id="C23FB1C8-9526-9315-2F2A-5F2D47415535" name="invoice_details__pk">
<createdBy>Marin F</createdBy>
<createdTime>2011-07-11 06:51:52 UTC</createdTime>
<generatorID>EA135B27-7379-1C77-4330-7A7B66E0FC6C</generatorID>
<ownerDesignName>07b_Product_bought_product_offered</ownerDesignName>
<pk>true</pk>
<newElementsIDs>FDA6341C-BE50-5CE3-3821-644B4FD1FDCC,3B9414C7-4687-A4CC-2CA1-644805AC6167</newElementsIDs>
<usedAttributes>
<attributeRef>FB06227C-EDF1-2369-E0EF-A6041F5FE960</attributeRef>
<attributeRef>3B9414C7-4687-A4CC-2CA1-644805AC6167</attributeRef>
</usedAttributes>
</identifier>
</identifiers>
</Entity>