<?xml version = '1.0' encoding = 'UTF-8'?>
<Entity class="oracle.dbtools.crest.model.design.logical.Entity" directorySegmentName="seg_0" id="B70CD4E1-34A8-9F6C-A3CF-403C1A0B635E" name="receipt_detail">
<createdBy>Marin F</createdBy>
<createdTime>2011-07-11 06:51:52 UTC</createdTime>
<generatorID>74B3622B-9524-45E8-4677-7887BFF30522</generatorID>
<ownerDesignName>07b_Product_bought_product_offered</ownerDesignName>
<adequatelyNormalized>NO</adequatelyNormalized>
<expectedVolumes>0</expectedVolumes>
<fwdEngineeringStrategyName>Single Table</fwdEngineeringStrategyName>
<growthPercent>0</growthPercent>
<growthType>Year</growthType>
<maxVolumes>9999999</maxVolumes>
<minVolumes>0</minVolumes>
<normalForm>Third</normalForm>
<preferredAbbreviation>receipt_details</preferredAbbreviation>
<attributes itemClass="oracle.dbtools.crest.model.design.logical.Attribute">
<Attribute name="receipt_id" id="F1DA05D9-C570-6F7E-733E-923398ED6586">
<createdBy>Marin F</createdBy>
<createdTime>2011-07-11 06:51:52 UTC</createdTime>
<generatorID>3DC8AEB8-57D3-AFB7-FCE8-7F08DCC93164</generatorID>
<ownerDesignName>07b_Product_bought_product_offered</ownerDesignName>
<referedAttribute>A3CDB75B-2E26-71BC-F06D-B979DCAF6B5A</referedAttribute>
<useDomainConstraints>false</useDomainConstraints>
<use>1</use>
<logicalDatatype>LOGDT011</logicalDatatype>
<ownDataTypeParameters>,,</ownDataTypeParameters>
<propertyMap>
<property name="refers.attribute" value="A3CDB75B-2E26-71BC-F06D-B979DCAF6B5A"/>
</propertyMap>
</Attribute>
<Attribute name="invoice_id" id="0C14151E-D4EE-ADA2-1872-555172A66F23">
<createdBy>Marin F</createdBy>
<createdTime>2011-07-11 06:51:52 UTC</createdTime>
<generatorID>BFF71C8D-60AE-DDB3-E312-B35FE343EFE9</generatorID>
<ownerDesignName>07b_Product_bought_product_offered</ownerDesignName>
<referedAttribute>C90220F5-6B91-8896-D28C-2F28CE7009D2</referedAttribute>
<useDomainConstraints>false</useDomainConstraints>
<use>1</use>
<logicalDatatype>LOGDT011</logicalDatatype>
<ownDataTypeParameters>,,</ownDataTypeParameters>
<propertyMap>
<property name="refers.attribute" value="C90220F5-6B91-8896-D28C-2F28CE7009D2"/>
</propertyMap>
</Attribute>
<Attribute name="amount" id="7B263314-88C8-4CD6-147B-D25C8B94984A">
<createdBy>Marin F</createdBy>
<createdTime>2011-07-11 06:51:52 UTC</createdTime>
<generatorID>476D51B6-7F19-2341-D7C4-6F30AB03E7B0</generatorID>
<ownerDesignName>07b_Product_bought_product_offered</ownerDesignName>
<useDomainConstraints>false</useDomainConstraints>
<use>1</use>
<logicalDatatype>LOGDT019</logicalDatatype>
<dataTypePrecision>10</dataTypePrecision>
<dataTypeScale>2</dataTypeScale>
<ownDataTypeParameters>,10,2</ownDataTypeParameters>
</Attribute>
</attributes>
<identifiers itemClass="oracle.dbtools.crest.model.design.logical.CandidateKey">
<identifier id="833AF945-D4D6-7A94-3F15-626CF5B39775" name="receipts_details__pk">
<createdBy>Marin F</createdBy>
<createdTime>2011-07-11 06:51:52 UTC</createdTime>
<generatorID>9FDFF5F8-C4B7-EFE0-B06B-8704BD98401A</generatorID>
<ownerDesignName>07b_Product_bought_product_offered</ownerDesignName>
<pk>true</pk>
<newElementsIDs>BFF71C8D-60AE-DDB3-E312-B35FE343EFE9,3DC8AEB8-57D3-AFB7-FCE8-7F08DCC93164</newElementsIDs>
<usedAttributes>
<attributeRef>0C14151E-D4EE-ADA2-1872-555172A66F23</attributeRef>
<attributeRef>F1DA05D9-C570-6F7E-733E-923398ED6586</attributeRef>
</usedAttributes>
</identifier>
</identifiers>
</Entity>