<?xml version = '1.0' encoding = 'UTF-8'?>
<Entity class="oracle.dbtools.crest.model.design.logical.Entity" directorySegmentName="seg_0" id="E86EF5B1-3F8F-5AEC-6943-16093FDE25CF" name="product_montly_stats">
<createdBy>admin</createdBy>
<createdTime>2015-10-30 05:13:46 UTC</createdTime>
<ownerDesignName>07b_Product_bought_product_offered</ownerDesignName>
<adequatelyNormalized>NO</adequatelyNormalized>
<expectedVolumes>0</expectedVolumes>
<fwdEngineeringStrategyName>Single Table</fwdEngineeringStrategyName>
<growthPercent>0</growthPercent>
<growthType>Year</growthType>
<maxVolumes>9999999</maxVolumes>
<minVolumes>0</minVolumes>
<normalForm>Third</normalForm>
<preferredAbbreviation>product_montly_stats</preferredAbbreviation>
<attributes itemClass="oracle.dbtools.crest.model.design.logical.Attribute">
<Attribute name="sales" id="AAC582BE-DF3A-BCB3-B7C7-088DFF163081">
<createdBy>admin</createdBy>
<createdTime>2015-10-30 05:14:47 UTC</createdTime>
<ownerDesignName>07b_Product_bought_product_offered</ownerDesignName>
<useDomainConstraints>false</useDomainConstraints>
<use>1</use>
<logicalDatatype>LOGDT019</logicalDatatype>
<dataTypePrecision>12</dataTypePrecision>
<dataTypeScale>2</dataTypeScale>
<ownDataTypeParameters>,12,2</ownDataTypeParameters>
</Attribute>
<Attribute name="refusals" id="BDAC4A73-B0DF-2614-AFE2-3B64CA6B8D87">
<createdBy>admin</createdBy>
<createdTime>2015-10-30 05:14:58 UTC</createdTime>
<ownerDesignName>07b_Product_bought_product_offered</ownerDesignName>
<useDomainConstraints>false</useDomainConstraints>
<use>1</use>
<logicalDatatype>LOGDT019</logicalDatatype>
<dataTypePrecision>12</dataTypePrecision>
<dataTypeScale>2</dataTypeScale>
<ownDataTypeParameters>,12,2</ownDataTypeParameters>
</Attribute>
<Attribute name="cancellations" id="73A65DD7-4181-00C8-7815-31A4D4404CB5">
<createdBy>admin</createdBy>
<createdTime>2015-10-30 05:15:21 UTC</createdTime>
<ownerDesignName>07b_Product_bought_product_offered</ownerDesignName>
<useDomainConstraints>false</useDomainConstraints>
<use>1</use>
<logicalDatatype>LOGDT019</logicalDatatype>
<dataTypePrecision>12</dataTypePrecision>
<dataTypeScale>2</dataTypeScale>
<ownDataTypeParameters>,12,2</ownDataTypeParameters>
</Attribute>
<Attribute name="received" id="46888713-A2DD-3F83-9B14-833DDB8CF257">
<createdBy>admin</createdBy>
<createdTime>2015-10-30 05:15:45 UTC</createdTime>
<ownerDesignName>07b_Product_bought_product_offered</ownerDesignName>
<useDomainConstraints>false</useDomainConstraints>
<use>1</use>
<logicalDatatype>LOGDT019</logicalDatatype>
<dataTypePrecision>12</dataTypePrecision>
<dataTypeScale>2</dataTypeScale>
<ownDataTypeParameters>,12,2</ownDataTypeParameters>
</Attribute>
<Attribute name="product_id" id="475D7A5C-BF2B-7A6A-A2AB-79B8D925E86E">
<createdBy>admin</createdBy>
<createdTime>2015-10-30 05:17:01 UTC</createdTime>
<generatorID>08EB082B-1F6E-B511-CB1F-66F5D235BF07</generatorID>
<ownerDesignName>07b_Product_bought_product_offered</ownerDesignName>
<referedAttribute>30D52D27-3E5E-7BBD-B6FB-DD2DAFF8E9FA</referedAttribute>
<useDomainConstraints>false</useDomainConstraints>
<use>1</use>
<logicalDatatype>LOGDT011</logicalDatatype>
<ownDataTypeParameters>,,</ownDataTypeParameters>
</Attribute>
<Attribute name="year" id="B67B74F8-4DD9-5D5D-DACF-97D41CC55B17">
<createdBy>admin</createdBy>
<createdTime>2015-10-30 05:18:54 UTC</createdTime>
<generatorID>AA5D1984-FB1D-A844-1D48-1557DD1B109A</generatorID>
<ownerDesignName>07b_Product_bought_product_offered</ownerDesignName>
<referedAttribute>A7347849-3A6F-E1AF-5004-FD02129940B8</referedAttribute>
<useDomainConstraints>false</useDomainConstraints>
<use>1</use>
<logicalDatatype>LOGDT019</logicalDatatype>
<dataTypePrecision>4</dataTypePrecision>
<ownDataTypeParameters>,4,</ownDataTypeParameters>
</Attribute>
<Attribute name="month" id="C24D6B32-8AB0-036C-B41D-C40350B61FB1">
<createdBy>admin</createdBy>
<createdTime>2015-10-30 05:18:54 UTC</createdTime>
<generatorID>AA5D1984-FB1D-A844-1D48-1557DD1B109A</generatorID>
<ownerDesignName>07b_Product_bought_product_offered</ownerDesignName>
<referedAttribute>DAFA5FC0-E925-6935-9B49-F252942EB190</referedAttribute>
<useDomainConstraints>false</useDomainConstraints>
<use>1</use>
<logicalDatatype>LOGDT019</logicalDatatype>
<dataTypePrecision>2</dataTypePrecision>
<ownDataTypeParameters>,2,</ownDataTypeParameters>
</Attribute>
</attributes>
<identifiers itemClass="oracle.dbtools.crest.model.design.logical.CandidateKey">
<identifier id="477542DB-EBDA-9444-0DC9-4EAC23156F38" name="product_montly_stats PK">
<createdBy>admin</createdBy>
<createdTime>2015-10-30 05:17:01 UTC</createdTime>
<ownerDesignName>07b_Product_bought_product_offered</ownerDesignName>
<pk>true</pk>
<usedAttributes>
<attributeRef>475D7A5C-BF2B-7A6A-A2AB-79B8D925E86E</attributeRef>
<attributeRef>B67B74F8-4DD9-5D5D-DACF-97D41CC55B17</attributeRef>
<attributeRef>C24D6B32-8AB0-036C-B41D-C40350B61FB1</attributeRef>
</usedAttributes>
</identifier>
</identifiers>
</Entity>