<?xml version = '1.0' encoding = 'UTF-8'?>
<Diagram class="oracle.dbtools.crest.swingui.logical.DPVLogical" name="Logical" id="5C38C1AE-1620-1875-B0FB-A8F537548763">
<createdBy>admin</createdBy>
<modifiedBy>admin</modifiedBy>
<createdTime>2015-10-30 06:59:19 UTC</createdTime>
<autoRoute>false</autoRoute>
<boxInbox>true</boxInbox>
<showLegend>false</showLegend>
<showLabels>false</showLabels>
<showRelAttributes>false</showRelAttributes>
<gridEnabled>false</gridEnabled>
<showGrid>false</showGrid>
<diagramColor>-1</diagramColor>
<display>false</display>
<notation>1</notation>
<objectViews>
<OView class="oracle.dbtools.crest.swingui.logical.TVEntity" oid="1E945C45-520D-0A35-47CD-081A22B04051" otype="Entity" vid="C8863BFC-C953-648E-77EF-C346CB8AE579">
<hideElementsInCurrentOnly>false</hideElementsInCurrentOnly>
<bounds x="342" y="14" width="186" height="45"/>
</OView>
<OView class="oracle.dbtools.crest.swingui.logical.TVEntity" oid="1F4DA5A9-5128-2BE7-4AEC-FE0D0E0CCDDF" otype="Entity" vid="E478D875-1C3F-F757-A4AA-55C8CEBA1E43">
<hideElementsInCurrentOnly>false</hideElementsInCurrentOnly>
<bounds x="424" y="334" width="180" height="90"/>
</OView>
<OView class="oracle.dbtools.crest.swingui.logical.TVEntity" oid="236E7C15-6D26-6086-E364-534DFF1234D4" otype="Entity" vid="85E6C146-CBD1-CB89-CB85-215A4D2719C3">
<hideElementsInCurrentOnly>false</hideElementsInCurrentOnly>
<bounds x="217" y="313" width="127" height="44"/>
</OView>
<OView class="oracle.dbtools.crest.swingui.logical.TVEntity" oid="31D7E745-BF20-2475-44D8-43FE2613DC9A" otype="Entity" vid="24AC1A08-0A7D-E265-6CF6-C1025AD48FD2">
<hideElementsInCurrentOnly>false</hideElementsInCurrentOnly>
<bounds x="179" y="150" width="194" height="107"/>
</OView>
<OView class="oracle.dbtools.crest.swingui.logical.TVEntity" oid="38FA2BA3-27A0-5338-90FD-CFDBDD5249E8" otype="Entity" vid="18371CDF-A421-F7A7-132B-910BE8FE6B7C">
<hideElementsInCurrentOnly>false</hideElementsInCurrentOnly>
<bounds x="214" y="368" width="129" height="40"/>
</OView>
<OView class="oracle.dbtools.crest.swingui.logical.TVEntity" oid="3A018823-5E70-45BB-B5A4-EDA7E36B82F4" otype="Entity" vid="6822A438-A329-0E54-15C5-5F42334E6C56">
<hideElementsInCurrentOnly>false</hideElementsInCurrentOnly>
<bounds x="34" y="156" width="117" height="80"/>
</OView>
<OView class="oracle.dbtools.crest.swingui.logical.TVEntity" oid="6714288E-718D-93ED-B0E2-57C7129971D9" otype="Entity" vid="C5D06FBF-0A27-F4DB-131A-17BEEF856B7B">
<hideElementsInCurrentOnly>false</hideElementsInCurrentOnly>
<bounds x="426" y="94" width="143" height="73"/>
</OView>
<OView class="oracle.dbtools.crest.swingui.logical.TVEntity" oid="793CB266-841C-E697-0EA5-7E1769DD141F" otype="Entity" vid="13F9B8A0-C449-9CF7-4477-093003B9762D">
<hideElementsInCurrentOnly>false</hideElementsInCurrentOnly>
<bounds x="218" y="24" width="108" height="69"/>
</OView>
<OView class="oracle.dbtools.crest.swingui.logical.TVEntity" oid="7E75DEE9-D0BA-6329-13ED-64D64B66A936" otype="Entity" vid="19DE99A4-6625-8578-43A2-EC3E09A5E58C">
<hideElementsInCurrentOnly>false</hideElementsInCurrentOnly>
<bounds x="29" y="25" width="122" height="69"/>
</OView>
<OView class="oracle.dbtools.crest.swingui.logical.TVEntity" oid="CE438035-A1E7-668F-8CE2-5917FDEDD9D3" otype="Entity" vid="12FBD0AF-08A7-58A6-62AD-7635DBAEFAF8">
<hideElementsInCurrentOnly>false</hideElementsInCurrentOnly>
<bounds x="48" y="284" width="306" height="134"/>
</OView>
<OView class="oracle.dbtools.crest.swingui.logical.TVEntity" oid="F83C1949-608D-81D4-5FB2-16FF9D499229" otype="Entity" vid="2CD4CFB2-0F80-89E5-911E-B378FC9A1BAD">
<hideElementsInCurrentOnly>false</hideElementsInCurrentOnly>
<bounds x="451" y="219" width="161" height="77"/>
</OView>
</objectViews>
<connectors>
<Connector class="oracle.dbtools.crest.swingui.logical.TVRelation" oid="173357BD-B4E5-5AC4-DDA6-93926AB312C5" otype="Relation" vid_source="13F9B8A0-C449-9CF7-4477-093003B9762D" vid_target="24AC1A08-0A7D-E265-6CF6-C1025AD48FD2">
<hideElementsInCurrentOnly>false</hideElementsInCurrentOnly>
<backgroundColor>-16777216</backgroundColor>
<lineWidth>1</lineWidth>
<points>
<point x="272" y="93"/>
<point x="272" y="150"/>
</points>
</Connector>
<Connector class="oracle.dbtools.crest.swingui.logical.TVRelation" oid="1862BC83-BCCB-ED4B-994C-F36D823BA101" otype="Relation" vid_source="13F9B8A0-C449-9CF7-4477-093003B9762D" vid_target="19DE99A4-6625-8578-43A2-EC3E09A5E58C">
<hideElementsInCurrentOnly>false</hideElementsInCurrentOnly>
<backgroundColor>-16777216</backgroundColor>
<lineWidth>1</lineWidth>
<points>
<point x="218" y="59"/>
<point x="151" y="59"/>
</points>
</Connector>
<Connector class="oracle.dbtools.crest.swingui.logical.TVRelation" oid="26DC25EA-33BA-D687-BA64-7E32F8A5CA2A" otype="Relation" vid_source="13F9B8A0-C449-9CF7-4477-093003B9762D" vid_target="24AC1A08-0A7D-E265-6CF6-C1025AD48FD2">
<hideElementsInCurrentOnly>false</hideElementsInCurrentOnly>
<backgroundColor>-16777216</backgroundColor>
<lineWidth>1</lineWidth>
<points>
<point x="282" y="93"/>
<point x="282" y="150"/>
</points>
</Connector>
<Connector class="oracle.dbtools.crest.swingui.logical.TVRelation" oid="2AFE7B4B-0337-CBB2-49DE-B73C185A50F3" otype="Relation" vid_source="E478D875-1C3F-F757-A4AA-55C8CEBA1E43" vid_target="2CD4CFB2-0F80-89E5-911E-B378FC9A1BAD">
<hideElementsInCurrentOnly>false</hideElementsInCurrentOnly>
<backgroundColor>-16777216</backgroundColor>
<lineWidth>1</lineWidth>
<points>
<point x="527" y="334"/>
<point x="527" y="296"/>
</points>
</Connector>
<Connector class="oracle.dbtools.crest.swingui.logical.TVRelation" oid="30B0283E-4B3A-6B3D-161F-44294A3D63C0" otype="Relation" vid_source="24AC1A08-0A7D-E265-6CF6-C1025AD48FD2" vid_target="2CD4CFB2-0F80-89E5-911E-B378FC9A1BAD">
<hideElementsInCurrentOnly>false</hideElementsInCurrentOnly>
<backgroundColor>-16777216</backgroundColor>
<lineWidth>1</lineWidth>
<points>
<point x="373" y="238"/>
<point x="451" y="238"/>
</points>
</Connector>
<Connector class="oracle.dbtools.crest.swingui.logical.TVRelation" oid="4C48235E-BC28-B9B9-8F37-185083ACBAF7" otype="Relation" vid_source="6822A438-A329-0E54-15C5-5F42334E6C56" vid_target="12FBD0AF-08A7-58A6-62AD-7635DBAEFAF8">
<hideElementsInCurrentOnly>false</hideElementsInCurrentOnly>
<backgroundColor>-16777216</backgroundColor>
<lineWidth>1</lineWidth>
<points>
<point x="99" y="236"/>
<point x="99" y="284"/>
</points>
</Connector>
<Connector class="oracle.dbtools.crest.swingui.logical.TVRelation" oid="5691A718-A83F-9A5B-BD32-403CBD9A10D6" otype="Relation" vid_source="C5D06FBF-0A27-F4DB-131A-17BEEF856B7B" vid_target="2CD4CFB2-0F80-89E5-911E-B378FC9A1BAD">
<hideElementsInCurrentOnly>false</hideElementsInCurrentOnly>
<backgroundColor>-16777216</backgroundColor>
<lineWidth>1</lineWidth>
<points>
<point x="510" y="167"/>
<point x="510" y="219"/>
</points>
</Connector>
<Connector class="oracle.dbtools.crest.swingui.logical.TVRelation" oid="6D6F96D6-A718-831D-B4E4-9D22F4FC9760" otype="Relation" vid_source="6822A438-A329-0E54-15C5-5F42334E6C56" vid_target="24AC1A08-0A7D-E265-6CF6-C1025AD48FD2">
<hideElementsInCurrentOnly>false</hideElementsInCurrentOnly>
<backgroundColor>-16777216</backgroundColor>
<lineWidth>1</lineWidth>
<points>
<point x="151" y="196"/>
<point x="179" y="196"/>
</points>
</Connector>
<Connector class="oracle.dbtools.crest.swingui.logical.TVRelation" oid="7F4845F5-1050-9CAA-3BFB-F838E84D69E5" otype="Relation" vid_source="13F9B8A0-C449-9CF7-4477-093003B9762D" vid_target="19DE99A4-6625-8578-43A2-EC3E09A5E58C">
<hideElementsInCurrentOnly>false</hideElementsInCurrentOnly>
<backgroundColor>-16777216</backgroundColor>
<lineWidth>1</lineWidth>
<points>
<point x="218" y="69"/>
<point x="151" y="69"/>
</points>
</Connector>
<Connector class="oracle.dbtools.crest.swingui.logical.TVInheritanceRelation" oid="81C48145-1421-FB94-577D-742EE129B2B4" otype="Hierarchy relation" vid_source="12FBD0AF-08A7-58A6-62AD-7635DBAEFAF8" vid_target="85E6C146-CBD1-CB89-CB85-215A4D2719C3">
<hideElementsInCurrentOnly>false</hideElementsInCurrentOnly>
<backgroundColor>-65536</backgroundColor>
<lineWidth>1</lineWidth>
</Connector>
<Connector class="oracle.dbtools.crest.swingui.logical.TVRelation" oid="8583661B-49B5-9C48-8C5B-7920C35F4216" otype="Relation" vid_source="12FBD0AF-08A7-58A6-62AD-7635DBAEFAF8" vid_target="2CD4CFB2-0F80-89E5-911E-B378FC9A1BAD">
<hideElementsInCurrentOnly>false</hideElementsInCurrentOnly>
<backgroundColor>-16777216</backgroundColor>
<lineWidth>1</lineWidth>
<points>
<point x="354" y="290"/>
<point x="451" y="290"/>
</points>
</Connector>
<Connector class="oracle.dbtools.crest.swingui.logical.TVInheritanceRelation" oid="9BFF8122-CB69-FA40-B338-4F41DE6F89C0" otype="Hierarchy relation" vid_source="12FBD0AF-08A7-58A6-62AD-7635DBAEFAF8" vid_target="18371CDF-A421-F7A7-132B-910BE8FE6B7C">
<hideElementsInCurrentOnly>false</hideElementsInCurrentOnly>
<backgroundColor>-65536</backgroundColor>
<lineWidth>1</lineWidth>
</Connector>
<Connector class="oracle.dbtools.crest.swingui.logical.TVRelation" oid="D5B6866F-980B-5E62-67FC-D495FB512EAD" otype="Relation" vid_source="C5D06FBF-0A27-F4DB-131A-17BEEF856B7B" vid_target="C8863BFC-C953-648E-77EF-C346CB8AE579">
<hideElementsInCurrentOnly>false</hideElementsInCurrentOnly>
<backgroundColor>-16777216</backgroundColor>
<lineWidth>1</lineWidth>
<points>
<point x="477" y="94"/>
<point x="477" y="59"/>
</points>
</Connector>
<Connector class="oracle.dbtools.crest.swingui.logical.TVRelation" oid="FEFA018E-7051-E63B-863B-0FA7335F6A45" otype="Relation" vid_source="24AC1A08-0A7D-E265-6CF6-C1025AD48FD2" vid_target="C8863BFC-C953-648E-77EF-C346CB8AE579">
<hideElementsInCurrentOnly>false</hideElementsInCurrentOnly>
<backgroundColor>-16777216</backgroundColor>
<lineWidth>1</lineWidth>
<points>
<point x="359" y="150"/>
<point x="359" y="59"/>
</points>
</Connector>
</connectors>
<arcs>
<Arc class="oracle.dbtools.crest.swingui.logical.TVArc" oid="77637BBB-A7AE-1283-FA26-28A69E9180DA" otype="Arc" vid="36A277EF-9773-B8FF-3243-899D7B1FA2C8">
<hideElementsInCurrentOnly>false</hideElementsInCurrentOnly>
<bounds x="431" y="199" width="201" height="117"/>
</Arc>
</arcs>
</Diagram>