<?xml version = '1.0' encoding = 'UTF-8'?>
<Diagram class="oracle.dbtools.crest.swingui.relational.DPVRelational" name="Relational_1" id="E76DA4F9-8CB5-7932-2EB9-68E0644EA76E">
<createdBy>admin</createdBy>
<modifiedBy>admin</modifiedBy>
<createdTime>2015-10-27 07:23:19 UTC</createdTime>
<autoRoute>false</autoRoute>
<boxInbox>true</boxInbox>
<showLegend>false</showLegend>
<showLabels>false</showLabels>
<showRelAttributes>false</showRelAttributes>
<gridEnabled>false</gridEnabled>
<showGrid>false</showGrid>
<diagramColor>-1</diagramColor>
<display>false</display>
<notation>1</notation>
<objectViews>
<OView class="oracle.dbtools.crest.swingui.relational.TVTable" oid="044BD808-410D-DF63-8B4F-D3A53E2BD86A" otype="Table" vid="48C7CF7A-6337-B2A0-C4A2-92D754E2F0F9">
<hideElementsInCurrentOnly>false</hideElementsInCurrentOnly>
<bounds x="630" y="496" width="246" height="109"/>
</OView>
<OView class="oracle.dbtools.crest.swingui.relational.TVTable" oid="09ECC3CD-A878-66E2-40B9-CD81A7D750FF" otype="Table" vid="94FD73C6-28A5-B291-5896-E6589EC6D082">
<hideElementsInCurrentOnly>false</hideElementsInCurrentOnly>
<bounds x="278" y="133" width="205" height="115"/>
</OView>
<OView class="oracle.dbtools.crest.swingui.relational.TVTable" oid="284E8E84-33DD-9FC3-477B-A9B92A4F8600" otype="Table" vid="5FAF3437-B22B-98FF-5910-CB8E925B1DEE">
<hideElementsInCurrentOnly>false</hideElementsInCurrentOnly>
<bounds x="87" y="261" width="202" height="128"/>
</OView>
<OView class="oracle.dbtools.crest.swingui.relational.TVTable" oid="3B2EF651-E022-DD21-B462-64C39DEA1687" otype="Table" vid="52D0277B-AA43-8B59-0E7C-36664CD9695F">
<hideElementsInCurrentOnly>false</hideElementsInCurrentOnly>
<bounds x="22" y="9" width="212" height="230"/>
</OView>
<OView class="oracle.dbtools.crest.swingui.relational.TVTable" oid="3EF7D23A-1C42-6C72-032B-4F8F763804FE" otype="Table" vid="44F6EC85-67B4-D26A-6F3F-DEEFB5F1C18F">
<hideElementsInCurrentOnly>false</hideElementsInCurrentOnly>
<bounds x="607" y="141" width="228" height="151"/>
</OView>
<OView class="oracle.dbtools.crest.swingui.relational.TVTable" oid="BEEF6E8B-1678-FC94-6009-5F939E25BA95" otype="Table" vid="D6C34705-3BF9-3FD9-289A-9860E7B6C460">
<hideElementsInCurrentOnly>false</hideElementsInCurrentOnly>
<bounds x="321" y="270" width="222" height="128"/>
</OView>
<OView class="oracle.dbtools.crest.swingui.relational.TVTable" oid="DB4C276D-F357-0A90-B73B-6F2182AE0671" otype="Table" vid="13AB2DDD-0BC6-9644-6011-9F78F922D9F5">
<hideElementsInCurrentOnly>false</hideElementsInCurrentOnly>
<bounds x="261" y="449" width="248" height="141"/>
</OView>
<OView class="oracle.dbtools.crest.swingui.relational.TVTable" oid="DF140510-3573-012B-F077-9E05C2F2B7B8" otype="Table" vid="35C81F22-F18E-864E-A095-6E320E87C9BF">
<hideElementsInCurrentOnly>false</hideElementsInCurrentOnly>
<bounds x="662" y="13" width="196" height="99"/>
</OView>
<OView class="oracle.dbtools.crest.swingui.relational.TVTable" oid="E1D654B8-0A52-2FF9-5D6D-8F6D6A08A997" otype="Table" vid="9F812692-2422-82C1-8762-A09A1F912E99">
<hideElementsInCurrentOnly>false</hideElementsInCurrentOnly>
<bounds x="627" y="328" width="236" height="115"/>
</OView>
<OView class="oracle.dbtools.crest.swingui.relational.TVTable" oid="E601E9D6-94E7-9D48-BA68-AE834CA36F7F" otype="Table" vid="51D09685-15B7-935C-F12B-3B36ACCDA40D">
<hideElementsInCurrentOnly>false</hideElementsInCurrentOnly>
<bounds x="7" y="446" width="204" height="122"/>
</OView>
<OView class="oracle.dbtools.crest.swingui.relational.TVTable" oid="FF0E9139-72C9-EF95-0DA0-729492A97534" otype="Table" vid="302E397E-4D6B-2D06-001F-050EADCD7676">
<hideElementsInCurrentOnly>false</hideElementsInCurrentOnly>
<bounds x="433" y="10" width="182" height="99"/>
</OView>
</objectViews>
<connectors>
<Connector class="oracle.dbtools.crest.swingui.relational.TVFKRelation" oid="18FE106E-1473-FA72-0C43-71F8D4B4C2EA" otype="FKIndexAssociation" vid_source="44F6EC85-67B4-D26A-6F3F-DEEFB5F1C18F" vid_target="D6C34705-3BF9-3FD9-289A-9860E7B6C460">
<hideElementsInCurrentOnly>false</hideElementsInCurrentOnly>
<lineWidth>1</lineWidth>
<points>
<point x="607" y="281"/>
<point x="543" y="281"/>
</points>
</Connector>
<Connector class="oracle.dbtools.crest.swingui.relational.TVFKRelation" oid="1B3B75F9-E9CC-29B6-36E7-5C4AFFF38C1E" otype="FKIndexAssociation" vid_source="48C7CF7A-6337-B2A0-C4A2-92D754E2F0F9" vid_target="9F812692-2422-82C1-8762-A09A1F912E99">
<hideElementsInCurrentOnly>false</hideElementsInCurrentOnly>
<lineWidth>1</lineWidth>
<points>
<point x="746" y="496"/>
<point x="746" y="443"/>
</points>
</Connector>
<Connector class="oracle.dbtools.crest.swingui.relational.TVFKRelation" oid="1E22E82D-CE67-3020-521F-1AC4D12A4E88" otype="FKIndexAssociation" vid_source="5FAF3437-B22B-98FF-5910-CB8E925B1DEE" vid_target="51D09685-15B7-935C-F12B-3B36ACCDA40D">
<hideElementsInCurrentOnly>false</hideElementsInCurrentOnly>
<lineWidth>1</lineWidth>
<points>
<point x="149" y="389"/>
<point x="149" y="446"/>
</points>
</Connector>
<Connector class="oracle.dbtools.crest.swingui.relational.TVFKRelation" oid="34A0B267-EC47-4BEA-C826-B4DF7B291DA2" otype="FKIndexAssociation" vid_source="D6C34705-3BF9-3FD9-289A-9860E7B6C460" vid_target="13AB2DDD-0BC6-9644-6011-9F78F922D9F5">
<hideElementsInCurrentOnly>false</hideElementsInCurrentOnly>
<lineWidth>1</lineWidth>
<points>
<point x="415" y="398"/>
<point x="415" y="449"/>
</points>
</Connector>
<Connector class="oracle.dbtools.crest.swingui.relational.TVFKRelation" oid="4399EDF7-5EE6-D554-4AEE-FEA668444E41" otype="FKIndexAssociation" vid_source="44F6EC85-67B4-D26A-6F3F-DEEFB5F1C18F" vid_target="94FD73C6-28A5-B291-5896-E6589EC6D082">
<hideElementsInCurrentOnly>false</hideElementsInCurrentOnly>
<lineWidth>1</lineWidth>
<points>
<point x="607" y="194"/>
<point x="483" y="194"/>
</points>
</Connector>
<Connector class="oracle.dbtools.crest.swingui.relational.TVFKRelation" oid="5BA12D5C-30AF-233C-F281-C3C7335EB374" otype="FKIndexAssociation" vid_source="302E397E-4D6B-2D06-001F-050EADCD7676" vid_target="52D0277B-AA43-8B59-0E7C-36664CD9695F">
<hideElementsInCurrentOnly>false</hideElementsInCurrentOnly>
<lineWidth>1</lineWidth>
<points>
<point x="433" y="59"/>
<point x="234" y="59"/>
</points>
</Connector>
<Connector class="oracle.dbtools.crest.swingui.relational.TVFKRelation" oid="877749E1-3F65-099F-49D7-EA8E807FBB9F" otype="FKIndexAssociation" vid_source="35C81F22-F18E-864E-A095-6E320E87C9BF" vid_target="302E397E-4D6B-2D06-001F-050EADCD7676">
<hideElementsInCurrentOnly>false</hideElementsInCurrentOnly>
<lineWidth>1</lineWidth>
<points>
<point x="662" y="61"/>
<point x="615" y="61"/>
</points>
</Connector>
<Connector class="oracle.dbtools.crest.swingui.relational.TVFKRelation" oid="A299B011-E66A-E515-9E53-6226553CF9E7" otype="FKIndexAssociation" vid_source="302E397E-4D6B-2D06-001F-050EADCD7676" vid_target="44F6EC85-67B4-D26A-6F3F-DEEFB5F1C18F">
<hideElementsInCurrentOnly>false</hideElementsInCurrentOnly>
<lineWidth>1</lineWidth>
<points>
<point x="611" y="109"/>
<point x="611" y="141"/>
</points>
</Connector>
<Connector class="oracle.dbtools.crest.swingui.relational.TVFKRelation" oid="A60FDC33-5E5A-2828-9B85-861A3D7DA8F5" otype="FKIndexAssociation" vid_source="D6C34705-3BF9-3FD9-289A-9860E7B6C460" vid_target="9F812692-2422-82C1-8762-A09A1F912E99">
<hideElementsInCurrentOnly>false</hideElementsInCurrentOnly>
<lineWidth>1</lineWidth>
<points>
<point x="543" y="363"/>
<point x="627" y="363"/>
</points>
</Connector>
<Connector class="oracle.dbtools.crest.swingui.relational.TVFKRelation" oid="EF5D2FEB-79F1-2B5D-B021-380693F1CA0C" otype="FKIndexAssociation" vid_source="5FAF3437-B22B-98FF-5910-CB8E925B1DEE" vid_target="13AB2DDD-0BC6-9644-6011-9F78F922D9F5">
<hideElementsInCurrentOnly>false</hideElementsInCurrentOnly>
<lineWidth>1</lineWidth>
<points>
<point x="275" y="389"/>
<point x="275" y="449"/>
</points>
</Connector>
<Connector class="oracle.dbtools.crest.swingui.relational.TVFKRelation" oid="FE0311E7-318D-970D-DDAE-8AB228D597B0" otype="FKIndexAssociation" vid_source="52D0277B-AA43-8B59-0E7C-36664CD9695F" vid_target="94FD73C6-28A5-B291-5896-E6589EC6D082">
<hideElementsInCurrentOnly>false</hideElementsInCurrentOnly>
<lineWidth>1</lineWidth>
<points>
<point x="234" y="186"/>
<point x="278" y="186"/>
</points>
</Connector>
</connectors>
</Diagram>