<?xml version = '1.0' encoding = 'UTF-8'?>
<FKIndexAssociation class="oracle.dbtools.crest.model.design.relational.FKIndexAssociation" directorySegmentName="seg_0" id="01CFD6CA-1E32-AB14-35C8-0E86E8AD1F00" containerWithKeyObject="332DDD7D-50AB-45CA-B15E-289813DB29B1" localFKIndex="C2416456-41E0-877A-AA4E-F8F5F23ECE00" name="valid_for_sg">
<createdBy>admin</createdBy>
<createdTime>2015-10-26 06:49:25 UTC</createdTime>
<generatorID>158D50A7-5492-92E6-AA66-B64E22182327</generatorID>
<ownerDesignName>univ_info_sys_2</ownerDesignName>
<deleteRule>NO ACTION</deleteRule>
<referredTableID>5B2443AB-C0F1-2F9D-CF2E-653F48EE3D38</referredTableID>
<keyObject>5AAA7F37-8214-E779-100A-6219CE286B8C</keyObject>
<referredKeyID>5AAA7F37-8214-E779-100A-6219CE286B8C</referredKeyID>
<mandatory>true</mandatory>
<transferable>true</transferable>
<rely>false</rely>
<columnDependencyConstraintGenerateInDDL>true</columnDependencyConstraintGenerateInDDL>
</FKIndexAssociation>