<?xml version = '1.0' encoding = 'UTF-8'?>
<FKIndexAssociation class="oracle.dbtools.crest.model.design.relational.FKIndexAssociation" directorySegmentName="seg_0" id="1134F0CA-9778-E6A6-8F2B-30B86B15C00E" containerWithKeyObject="5B2443AB-C0F1-2F9D-CF2E-653F48EE3D38" localFKIndex="930CCC5A-9C44-2D85-1C16-571265DF5E2A" name="stands_for_spec_">
<createdBy>admin</createdBy>
<createdTime>2015-10-26 06:49:25 UTC</createdTime>
<generatorID>994D9A3A-F2D2-0B4F-D215-BCA4A4ADD299</generatorID>
<ownerDesignName>univ_info_sys_2</ownerDesignName>
<arc>7831FCC8-9B19-14EA-53EA-9355286F6175</arc>
<deleteRule>NO ACTION</deleteRule>
<referredTableID>7E7E1449-F8DF-F173-5561-1B7B5F184C9B</referredTableID>
<keyObject>089A64D4-5D8D-1558-7248-5D75EF01DE39</keyObject>
<referredKeyID>089A64D4-5D8D-1558-7248-5D75EF01DE39</referredKeyID>
<mandatory>false</mandatory>
<transferable>true</transferable>
<rely>false</rely>
<columnDependencyConstraintGenerateInDDL>true</columnDependencyConstraintGenerateInDDL>
</FKIndexAssociation>