<?xml version = '1.0' encoding = 'UTF-8'?>
<FKIndexAssociation class="oracle.dbtools.crest.model.design.relational.FKIndexAssociation" directorySegmentName="seg_0" id="180866E2-2029-5CDA-3377-0B5EE85B4994" containerWithKeyObject="1E7B3E58-729A-4576-8125-FF715D196B5D" localFKIndex="3B2343F7-E43D-BDD7-F136-7D29CD01534F" name="is_awarded">
<createdBy>Marin F</createdBy>
<createdTime>2011-08-27 05:58:45 UTC</createdTime>
<generatorID>E8717697-8BF2-E190-8BC4-A364A5723280</generatorID>
<ownerDesignName>univ_info_sys_2</ownerDesignName>
<deleteRule>NO ACTION</deleteRule>
<referredTableID>7AE9EAE7-F26B-7D2C-8261-328082EEF3C2</referredTableID>
<keyObject>74ABE595-57A7-5BEF-4292-F4FB6820AA09</keyObject>
<referredKeyID>74ABE595-57A7-5BEF-4292-F4FB6820AA09</referredKeyID>
<mandatory>false</mandatory>
<transferable>true</transferable>
<rely>false</rely>
<columnDependencyConstraintGenerateInDDL>false</columnDependencyConstraintGenerateInDDL>
</FKIndexAssociation>