<?xml version = '1.0' encoding = 'UTF-8'?>
<FKIndexAssociation class="oracle.dbtools.crest.model.design.relational.FKIndexAssociation" directorySegmentName="seg_0" id="3EE994C2-9426-2C6C-14E1-EC5BB8910B31" containerWithKeyObject="380FC5E3-2F00-A78F-76B2-F07E54A197DD" localFKIndex="E65F6909-851B-780E-EC28-C4E6B433ACF4" name="assesses_for">
<createdBy>admin</createdBy>
<createdTime>2015-10-26 06:49:25 UTC</createdTime>
<generatorID>970DCD1F-AC7E-F1A5-B3DD-421344F97684</generatorID>
<ownerDesignName>univ_info_sys_2</ownerDesignName>
<deleteRule>NO ACTION</deleteRule>
<referredTableID>69285C83-F2F3-9051-F152-403273D18157</referredTableID>
<keyObject>33494B24-0571-AB0B-A16C-BACD8629E5BA</keyObject>
<referredKeyID>33494B24-0571-AB0B-A16C-BACD8629E5BA</referredKeyID>
<mandatory>true</mandatory>
<transferable>true</transferable>
<rely>false</rely>
<columnDependencyConstraintGenerateInDDL>true</columnDependencyConstraintGenerateInDDL>
</FKIndexAssociation>