<?xml version = '1.0' encoding = 'UTF-8'?>
<FKIndexAssociation class="oracle.dbtools.crest.model.design.relational.FKIndexAssociation" directorySegmentName="seg_0" id="5C42BD56-FDD7-0B96-F4AE-A82F4A87E3AC" containerWithKeyObject="69285C83-F2F3-9051-F152-403273D18157" localFKIndex="54E07C4B-479F-50C0-92C0-8CC58E513536" name="taught_for_">
<createdBy>admin</createdBy>
<createdTime>2015-10-26 06:49:25 UTC</createdTime>
<generatorID>C6554D73-CE97-FDB4-6D98-84B35C3DEE16</generatorID>
<ownerDesignName>univ_info_sys_2</ownerDesignName>
<deleteRule>NO ACTION</deleteRule>
<referredTableID>5B2443AB-C0F1-2F9D-CF2E-653F48EE3D38</referredTableID>
<keyObject>5AAA7F37-8214-E779-100A-6219CE286B8C</keyObject>
<referredKeyID>5AAA7F37-8214-E779-100A-6219CE286B8C</referredKeyID>
<mandatory>true</mandatory>
<transferable>true</transferable>
<rely>false</rely>
<columnDependencyConstraintGenerateInDDL>true</columnDependencyConstraintGenerateInDDL>
</FKIndexAssociation>