<?xml version = '1.0' encoding = 'UTF-8'?>
<FKIndexAssociation class="oracle.dbtools.crest.model.design.relational.FKIndexAssociation" directorySegmentName="seg_0" id="5EA29DBB-C79D-0931-E13A-78D3B76C32A8" containerWithKeyObject="7AC4E529-8C77-5E15-9222-716E78A6F3D2" localFKIndex="631BB63C-FE5D-29A2-9269-C0AB0E371989" name="was_granted_in">
<createdBy>admin</createdBy>
<createdTime>2015-10-26 06:49:25 UTC</createdTime>
<generatorID>8944312C-58E0-1E00-6A3E-5A366E7D082C</generatorID>
<ownerDesignName>univ_info_sys_2</ownerDesignName>
<deleteRule>NO ACTION</deleteRule>
<referredTableID>B1F5D502-1292-794A-4769-64A0D3467CFC</referredTableID>
<keyObject>2A874991-A593-E40A-70E9-C5308B3B9BEB</keyObject>
<referredKeyID>2A874991-A593-E40A-70E9-C5308B3B9BEB</referredKeyID>
<mandatory>true</mandatory>
<transferable>true</transferable>
<rely>false</rely>
<columnDependencyConstraintGenerateInDDL>true</columnDependencyConstraintGenerateInDDL>
</FKIndexAssociation>