<?xml version = '1.0' encoding = 'UTF-8'?>
<FKIndexAssociation class="oracle.dbtools.crest.model.design.relational.FKIndexAssociation" directorySegmentName="seg_0" id="661920BD-B544-7E1E-FBB6-77214E787EF1" containerWithKeyObject="AEA8EDF8-6565-8C95-99AE-D34269CD7261" localFKIndex="1DB5E5D7-CE18-626E-ABE6-7EAA3BA636E9" name="is_about_">
<createdBy>admin</createdBy>
<createdTime>2015-10-26 06:49:25 UTC</createdTime>
<generatorID>9E0AA252-8EDD-62B3-20E1-EED248CAC8B8</generatorID>
<ownerDesignName>univ_info_sys_2</ownerDesignName>
<deleteRule>NO ACTION</deleteRule>
<referredTableID>1E7B3E58-729A-4576-8125-FF715D196B5D</referredTableID>
<keyObject>363ED973-BC7A-9CAB-4B67-415ABEFD986B</keyObject>
<referredKeyID>363ED973-BC7A-9CAB-4B67-415ABEFD986B</referredKeyID>
<mandatory>true</mandatory>
<transferable>true</transferable>
<rely>false</rely>
<columnDependencyConstraintGenerateInDDL>true</columnDependencyConstraintGenerateInDDL>
</FKIndexAssociation>