<?xml version = '1.0' encoding = 'UTF-8'?>
<FKIndexAssociation class="oracle.dbtools.crest.model.design.relational.FKIndexAssociation" directorySegmentName="seg_0" id="69F54565-F613-9B7E-FFC9-7B63644F0308" containerWithKeyObject="1E7B3E58-729A-4576-8125-FF715D196B5D" localFKIndex="8E2003CB-EF8B-F452-BE94-91827A9102DB" name="is_person_">
<createdBy>admin</createdBy>
<createdTime>2015-10-26 06:49:25 UTC</createdTime>
<generatorID>52910993-8BD7-3864-4ECF-92B0431E78FC</generatorID>
<ownerDesignName>univ_info_sys_2</ownerDesignName>
<deleteRule>NO ACTION</deleteRule>
<referredTableID>C8169FB9-2C7E-012E-EE0B-4DC2A8C2E739</referredTableID>
<keyObject>4724429B-40D7-3737-DB33-0852322F165B</keyObject>
<referredKeyID>4724429B-40D7-3737-DB33-0852322F165B</referredKeyID>
<mandatory>true</mandatory>
<transferable>true</transferable>
<rely>false</rely>
<columnDependencyConstraintGenerateInDDL>true</columnDependencyConstraintGenerateInDDL>
</FKIndexAssociation>