<?xml version = '1.0' encoding = 'UTF-8'?>
<FKIndexAssociation class="oracle.dbtools.crest.model.design.relational.FKIndexAssociation" directorySegmentName="seg_0" id="6A53B375-5225-22B9-9B69-CE9CC050FCB3" containerWithKeyObject="2893CFF1-4322-2B88-22AE-5DB299E50ECD" localFKIndex="E492081E-ADBC-56CB-030C-80BC55207089" name="was_got_at_">
<createdBy>admin</createdBy>
<createdTime>2015-10-26 06:49:25 UTC</createdTime>
<generatorID>295607FA-52BE-E93C-3736-DC16F668F988</generatorID>
<ownerDesignName>univ_info_sys_2</ownerDesignName>
<deleteRule>NO ACTION</deleteRule>
<referredTableID>380FC5E3-2F00-A78F-76B2-F07E54A197DD</referredTableID>
<keyObject>BB8D508B-5100-1B5D-DA03-60879B696F91</keyObject>
<referredKeyID>BB8D508B-5100-1B5D-DA03-60879B696F91</referredKeyID>
<mandatory>true</mandatory>
<transferable>true</transferable>
<rely>false</rely>
<columnDependencyConstraintGenerateInDDL>true</columnDependencyConstraintGenerateInDDL>
</FKIndexAssociation>