<?xml version = '1.0' encoding = 'UTF-8'?>
<FKIndexAssociation class="oracle.dbtools.crest.model.design.relational.FKIndexAssociation" directorySegmentName="seg_0" id="7040A25D-049E-337F-C721-89FBAF738389" containerWithKeyObject="2893CFF1-4322-2B88-22AE-5DB299E50ECD" localFKIndex="46B6B3A1-9E05-0A95-0E69-2A6CCCA86809" name="is_organized_for">
<createdBy>Marin F</createdBy>
<createdTime>2011-08-27 05:58:45 UTC</createdTime>
<generatorID>C9D726A4-7792-4015-57F4-185A47FFC8F3</generatorID>
<ownerDesignName>univ_info_sys_2</ownerDesignName>
<deleteRule>NO ACTION</deleteRule>
<referredTableID>D769C0A0-A7F8-5750-09F6-13C686CA8980</referredTableID>
<keyObject>51175509-EE8A-03FD-8AA6-32EF7BC76865</keyObject>
<referredKeyID>51175509-EE8A-03FD-8AA6-32EF7BC76865</referredKeyID>
<mandatory>true</mandatory>
<transferable>true</transferable>
<rely>false</rely>
<columnDependencyConstraintGenerateInDDL>false</columnDependencyConstraintGenerateInDDL>
</FKIndexAssociation>