<?xml version = '1.0' encoding = 'UTF-8'?>
<FKIndexAssociation class="oracle.dbtools.crest.model.design.relational.FKIndexAssociation" directorySegmentName="seg_0" id="789FAC3D-AA98-2ED0-9B2B-E5F49FE87F43" containerWithKeyObject="5B2443AB-C0F1-2F9D-CF2E-653F48EE3D38" localFKIndex="96FFE14A-82F5-5BBB-983B-47A23E77B077" name="stands_for_common_">
<createdBy>admin</createdBy>
<createdTime>2015-10-26 06:49:25 UTC</createdTime>
<generatorID>6DE44B08-A309-49FC-151C-D147B0F92A04</generatorID>
<ownerDesignName>univ_info_sys_2</ownerDesignName>
<arc>7831FCC8-9B19-14EA-53EA-9355286F6175</arc>
<deleteRule>NO ACTION</deleteRule>
<referredTableID>D837A0F5-A73C-885B-7FF4-020D020201F8</referredTableID>
<keyObject>9DB02A0F-2184-2306-F4C3-19024E2A3B3E</keyObject>
<referredKeyID>9DB02A0F-2184-2306-F4C3-19024E2A3B3E</referredKeyID>
<mandatory>false</mandatory>
<transferable>true</transferable>
<rely>false</rely>
<columnDependencyConstraintGenerateInDDL>true</columnDependencyConstraintGenerateInDDL>
</FKIndexAssociation>