<?xml version = '1.0' encoding = 'UTF-8'?>
<FKIndexAssociation class="oracle.dbtools.crest.model.design.relational.FKIndexAssociation" directorySegmentName="seg_0" id="9B7BF0BB-8585-2FB2-2C0E-091745CB711B" containerWithKeyObject="AEA8EDF8-6565-8C95-99AE-D34269CD7261" localFKIndex="15D0FC7E-2899-DC9A-F877-F2B64F5780C6" name="enrolled_in">
<createdBy>admin</createdBy>
<createdTime>2015-10-26 06:49:25 UTC</createdTime>
<generatorID>FFB62D98-C62B-F675-44FF-79692E77E3EE</generatorID>
<ownerDesignName>univ_info_sys_2</ownerDesignName>
<deleteRule>NO ACTION</deleteRule>
<referredTableID>5B2443AB-C0F1-2F9D-CF2E-653F48EE3D38</referredTableID>
<keyObject>5AAA7F37-8214-E779-100A-6219CE286B8C</keyObject>
<referredKeyID>5AAA7F37-8214-E779-100A-6219CE286B8C</referredKeyID>
<mandatory>true</mandatory>
<transferable>true</transferable>
<rely>false</rely>
<columnDependencyConstraintGenerateInDDL>true</columnDependencyConstraintGenerateInDDL>
</FKIndexAssociation>