<?xml version = '1.0' encoding = 'UTF-8'?>
<FKIndexAssociation class="oracle.dbtools.crest.model.design.relational.FKIndexAssociation" directorySegmentName="seg_0" id="A3F4F06C-BDF7-3D01-8D95-C9A36CD71C32" containerWithKeyObject="7AC4E529-8C77-5E15-9222-716E78A6F3D2" localFKIndex="7C45C73D-4B24-D19F-D07A-5965F9B7964A" name="is_about_grant_">
<createdBy>admin</createdBy>
<createdTime>2015-10-26 06:49:25 UTC</createdTime>
<generatorID>F33163BD-66FD-4E3D-7736-AA9CCFE50030</generatorID>
<ownerDesignName>univ_info_sys_2</ownerDesignName>
<deleteRule>NO ACTION</deleteRule>
<referredTableID>7AE9EAE7-F26B-7D2C-8261-328082EEF3C2</referredTableID>
<keyObject>74ABE595-57A7-5BEF-4292-F4FB6820AA09</keyObject>
<referredKeyID>74ABE595-57A7-5BEF-4292-F4FB6820AA09</referredKeyID>
<mandatory>true</mandatory>
<transferable>true</transferable>
<rely>false</rely>
<columnDependencyConstraintGenerateInDDL>true</columnDependencyConstraintGenerateInDDL>
</FKIndexAssociation>