<?xml version = '1.0' encoding = 'UTF-8'?>
<FKIndexAssociation class="oracle.dbtools.crest.model.design.relational.FKIndexAssociation" directorySegmentName="seg_0" id="A5C7E89A-E750-8AF1-5893-93EEE669ABC7" containerWithKeyObject="90CE4996-5A07-FDF5-E45E-4A7F23FCC191" localFKIndex="7BF83628-7541-42E6-F46A-B6C3971EFEBB" name="is_for_">
<createdBy>admin</createdBy>
<createdTime>2015-10-26 06:49:25 UTC</createdTime>
<generatorID>E10190B0-65C5-0E79-C2CB-B15380F27491</generatorID>
<ownerDesignName>univ_info_sys_2</ownerDesignName>
<deleteRule>NO ACTION</deleteRule>
<referredTableID>7E7E1449-F8DF-F173-5561-1B7B5F184C9B</referredTableID>
<keyObject>089A64D4-5D8D-1558-7248-5D75EF01DE39</keyObject>
<referredKeyID>089A64D4-5D8D-1558-7248-5D75EF01DE39</referredKeyID>
<mandatory>true</mandatory>
<transferable>true</transferable>
<rely>false</rely>
<columnDependencyConstraintGenerateInDDL>true</columnDependencyConstraintGenerateInDDL>
</FKIndexAssociation>