<?xml version = '1.0' encoding = 'UTF-8'?>
<FKIndexAssociation class="oracle.dbtools.crest.model.design.relational.FKIndexAssociation" directorySegmentName="seg_0" id="B2732D9C-019D-2CEB-8568-B43EB33B3ABF" containerWithKeyObject="AEA8EDF8-6565-8C95-99AE-D34269CD7261" localFKIndex="0BF09385-E52D-5C3E-2B60-B1B743759502" name="was_granted_">
<createdBy>admin</createdBy>
<createdTime>2015-10-26 06:49:25 UTC</createdTime>
<generatorID>F6A02D53-EAF8-7585-BD90-3E00D0049133</generatorID>
<ownerDesignName>univ_info_sys_2</ownerDesignName>
<deleteRule>NO ACTION</deleteRule>
<referredTableID>7AE9EAE7-F26B-7D2C-8261-328082EEF3C2</referredTableID>
<keyObject>74ABE595-57A7-5BEF-4292-F4FB6820AA09</keyObject>
<referredKeyID>74ABE595-57A7-5BEF-4292-F4FB6820AA09</referredKeyID>
<mandatory>true</mandatory>
<transferable>true</transferable>
<rely>false</rely>
<columnDependencyConstraintGenerateInDDL>true</columnDependencyConstraintGenerateInDDL>
</FKIndexAssociation>