<?xml version = '1.0' encoding = 'UTF-8'?>
<FKIndexAssociation class="oracle.dbtools.crest.model.design.relational.FKIndexAssociation" directorySegmentName="seg_0" id="BBD63293-F807-70F2-E0CB-6EAA8E5A62A3" containerWithKeyObject="5B2443AB-C0F1-2F9D-CF2E-653F48EE3D38" localFKIndex="2F9AA56A-CB3F-06A3-D531-BA79CCCB3E65" name="active_in">
<createdBy>admin</createdBy>
<createdTime>2015-10-26 06:49:25 UTC</createdTime>
<generatorID>D6BCD7E7-6530-42CA-4251-C0473C79055E</generatorID>
<ownerDesignName>univ_info_sys_2</ownerDesignName>
<deleteRule>NO ACTION</deleteRule>
<referredTableID>B1F5D502-1292-794A-4769-64A0D3467CFC</referredTableID>
<keyObject>2A874991-A593-E40A-70E9-C5308B3B9BEB</keyObject>
<referredKeyID>2A874991-A593-E40A-70E9-C5308B3B9BEB</referredKeyID>
<mandatory>true</mandatory>
<transferable>true</transferable>
<rely>false</rely>
<columnDependencyConstraintGenerateInDDL>true</columnDependencyConstraintGenerateInDDL>
</FKIndexAssociation>