<?xml version = '1.0' encoding = 'UTF-8'?>
<FKIndexAssociation class="oracle.dbtools.crest.model.design.relational.FKIndexAssociation" directorySegmentName="seg_0" id="BCEE53B0-D08B-E263-E26E-D10235536FC8" containerWithKeyObject="57585D37-17AF-0EA5-D36D-98588F60DD41" localFKIndex="C3D3E1B1-47DA-4251-2F19-448B2CF1BDB4" name="declared_for_">
<createdBy>admin</createdBy>
<createdTime>2015-10-26 06:49:25 UTC</createdTime>
<generatorID>420089AF-5E49-C5E6-C9E4-FFA467576D46</generatorID>
<ownerDesignName>univ_info_sys_2</ownerDesignName>
<deleteRule>NO ACTION</deleteRule>
<referredTableID>B1F5D502-1292-794A-4769-64A0D3467CFC</referredTableID>
<keyObject>2A874991-A593-E40A-70E9-C5308B3B9BEB</keyObject>
<referredKeyID>2A874991-A593-E40A-70E9-C5308B3B9BEB</referredKeyID>
<mandatory>true</mandatory>
<transferable>true</transferable>
<rely>false</rely>
<columnDependencyConstraintGenerateInDDL>true</columnDependencyConstraintGenerateInDDL>
</FKIndexAssociation>