<?xml version = '1.0' encoding = 'UTF-8'?>
<FKIndexAssociation class="oracle.dbtools.crest.model.design.relational.FKIndexAssociation" directorySegmentName="seg_0" id="CD3865F2-CBDB-0BC8-E974-E1E0F04CEC2D" containerWithKeyObject="69285C83-F2F3-9051-F152-403273D18157" localFKIndex="269F1FA1-2863-5E56-D0C5-A9D0C121DB4A" name="teaches_about">
<createdBy>Marin F</createdBy>
<createdTime>2011-08-27 05:58:45 UTC</createdTime>
<generatorID>F085211A-745B-49E9-398F-CE32B8805C04</generatorID>
<ownerDesignName>univ_info_sys_2</ownerDesignName>
<deleteRule>NO ACTION</deleteRule>
<referredTableID>D769C0A0-A7F8-5750-09F6-13C686CA8980</referredTableID>
<keyObject>51175509-EE8A-03FD-8AA6-32EF7BC76865</keyObject>
<referredKeyID>51175509-EE8A-03FD-8AA6-32EF7BC76865</referredKeyID>
<mandatory>true</mandatory>
<transferable>true</transferable>
<rely>false</rely>
<columnDependencyConstraintGenerateInDDL>false</columnDependencyConstraintGenerateInDDL>
</FKIndexAssociation>