<?xml version = '1.0' encoding = 'UTF-8'?>
<FKIndexAssociation class="oracle.dbtools.crest.model.design.relational.FKIndexAssociation" directorySegmentName="seg_0" id="D7EE8FEF-8461-1096-6061-47186D49B2E3" containerWithKeyObject="332DDD7D-50AB-45CA-B15E-289813DB29B1" localFKIndex="DF4A2442-B449-A758-E489-3B8BF9EE3ABE" name="is_abour_course_">
<createdBy>admin</createdBy>
<createdTime>2015-10-26 06:49:25 UTC</createdTime>
<generatorID>0349CEAC-492D-9A6D-E9C0-48C08B2D0A1B</generatorID>
<ownerDesignName>univ_info_sys_2</ownerDesignName>
<deleteRule>NO ACTION</deleteRule>
<referredTableID>D769C0A0-A7F8-5750-09F6-13C686CA8980</referredTableID>
<keyObject>51175509-EE8A-03FD-8AA6-32EF7BC76865</keyObject>
<referredKeyID>51175509-EE8A-03FD-8AA6-32EF7BC76865</referredKeyID>
<mandatory>true</mandatory>
<transferable>true</transferable>
<rely>false</rely>
<columnDependencyConstraintGenerateInDDL>true</columnDependencyConstraintGenerateInDDL>
</FKIndexAssociation>