<?xml version = '1.0' encoding = 'UTF-8'?>
<FKIndexAssociation class="oracle.dbtools.crest.model.design.relational.FKIndexAssociation" directorySegmentName="seg_0" id="E5486B70-A3B0-52E8-F180-4267693E4D77" containerWithKeyObject="90CE4996-5A07-FDF5-E45E-4A7F23FCC191" localFKIndex="8D70BC79-4BCD-D55B-751F-68BEDD9DB577" name="common_module_is">
<createdBy>admin</createdBy>
<createdTime>2015-10-26 06:49:25 UTC</createdTime>
<generatorID>D1FDC8E4-4578-A70C-5D13-F56547F8DADB</generatorID>
<ownerDesignName>univ_info_sys_2</ownerDesignName>
<deleteRule>NO ACTION</deleteRule>
<referredTableID>D837A0F5-A73C-885B-7FF4-020D020201F8</referredTableID>
<keyObject>9DB02A0F-2184-2306-F4C3-19024E2A3B3E</keyObject>
<referredKeyID>9DB02A0F-2184-2306-F4C3-19024E2A3B3E</referredKeyID>
<mandatory>true</mandatory>
<transferable>true</transferable>
<rely>false</rely>
<columnDependencyConstraintGenerateInDDL>true</columnDependencyConstraintGenerateInDDL>
</FKIndexAssociation>