<?xml version = '1.0' encoding = 'UTF-8'?>
<FKIndexAssociation class="oracle.dbtools.crest.model.design.relational.FKIndexAssociation" directorySegmentName="seg_0" id="E9FD24A7-6960-676E-328F-21B7118B2DCC" containerWithKeyObject="2893CFF1-4322-2B88-22AE-5DB299E50ECD" localFKIndex="EB484779-D832-D9A3-0DD1-606F38D49BA9" name="was_got_by">
<createdBy>Marin F</createdBy>
<createdTime>2011-08-27 05:58:45 UTC</createdTime>
<generatorID>68EEADA6-8520-8FA8-C56F-8C6595E2B80A</generatorID>
<ownerDesignName>univ_info_sys_2</ownerDesignName>
<deleteRule>NO ACTION</deleteRule>
<referredTableID>1E7B3E58-729A-4576-8125-FF715D196B5D</referredTableID>
<keyObject>363ED973-BC7A-9CAB-4B67-415ABEFD986B</keyObject>
<referredKeyID>363ED973-BC7A-9CAB-4B67-415ABEFD986B</referredKeyID>
<mandatory>true</mandatory>
<transferable>true</transferable>
<rely>false</rely>
<columnDependencyConstraintGenerateInDDL>false</columnDependencyConstraintGenerateInDDL>
</FKIndexAssociation>