<?xml version = '1.0' encoding = 'UTF-8'?>
<FKIndexAssociation class="oracle.dbtools.crest.model.design.relational.FKIndexAssociation" directorySegmentName="seg_0" id="F39C2DE5-1CC9-7F0C-D520-B77EDF5A9793" containerWithKeyObject="69285C83-F2F3-9051-F152-403273D18157" localFKIndex="7DFED01B-EACB-678B-18BF-9F5D40AA522E" name="is_taught_by">
<createdBy>Marin F</createdBy>
<createdTime>2011-08-27 05:58:45 UTC</createdTime>
<generatorID>4C93214B-2E77-7FE1-A653-88EE0A12DD9F</generatorID>
<ownerDesignName>univ_info_sys_2</ownerDesignName>
<deleteRule>NO ACTION</deleteRule>
<referredTableID>6E619F81-47A2-0F7E-325E-CDE7FB1864CE</referredTableID>
<keyObject>048040CF-B74E-7BCC-48BF-664BF55A1F3C</keyObject>
<referredKeyID>048040CF-B74E-7BCC-48BF-664BF55A1F3C</referredKeyID>
<mandatory>false</mandatory>
<transferable>true</transferable>
<rely>false</rely>
<columnDependencyConstraintGenerateInDDL>false</columnDependencyConstraintGenerateInDDL>
</FKIndexAssociation>