<?xml version = '1.0' encoding = 'UTF-8'?>
<Diagram class="oracle.dbtools.crest.swingui.relational.DPVRelational" name="Relational_1" id="19A71080-EA3A-0763-5438-A50EAC63EC93">
<createdBy>marinfotache</createdBy>
<modifiedBy>marinfotache</modifiedBy>
<createdTime>2018-10-25 19:10:01 UTC</createdTime>
<autoRoute>false</autoRoute>
<boxInbox>true</boxInbox>
<showLegend>false</showLegend>
<showLabels>false</showLabels>
<showRelAttributes>false</showRelAttributes>
<gridEnabled>false</gridEnabled>
<showGrid>false</showGrid>
<diagramColor>-1</diagramColor>
<display>false</display>
<notation>1</notation>
<objectViews>
<OView class="oracle.dbtools.crest.swingui.relational.TVTable" oid="3B3CB05D-6B3B-608C-AADC-6A1E5B7EC3D2" otype="Table" vid="4D367AF8-B164-626B-B30D-1C66F9541E32">
<hideElementsInCurrentOnly>false</hideElementsInCurrentOnly>
<bounds x="367" y="12" width="277" height="108"/>
</OView>
<OView class="oracle.dbtools.crest.swingui.relational.TVTable" oid="48E4F3C0-B057-F8A0-9C35-ADA0F0DCD6DB" otype="Table" vid="DEA0B9CD-4978-0D43-4F48-72C5665C01D1">
<hideElementsInCurrentOnly>false</hideElementsInCurrentOnly>
<bounds x="279" y="374" width="317" height="144"/>
</OView>
<OView class="oracle.dbtools.crest.swingui.relational.TVTable" oid="572D844D-7E29-D26C-28A2-B510968C302F" otype="Table" vid="E0FCCA1C-DCF8-1054-8490-52BACBFF3329">
<hideElementsInCurrentOnly>false</hideElementsInCurrentOnly>
<bounds x="486" y="156" width="295" height="170"/>
</OView>
<OView class="oracle.dbtools.crest.swingui.relational.TVTable" oid="5C4EB995-F492-B31A-A9C0-657FEB6B0D87" otype="Table" vid="C142C658-784B-C794-15CC-54C26B696C2F">
<hideElementsInCurrentOnly>false</hideElementsInCurrentOnly>
<bounds x="620" y="539" width="246" height="143"/>
</OView>
<OView class="oracle.dbtools.crest.swingui.relational.TVTable" oid="633D39A4-0450-DDAC-4442-0D2409294331" otype="Table" vid="3F48FF8F-53BD-3979-C878-93D65F596CEC">
<hideElementsInCurrentOnly>false</hideElementsInCurrentOnly>
<bounds x="16" y="10" width="290" height="243"/>
</OView>
<OView class="oracle.dbtools.crest.swingui.relational.TVTable" oid="91ECDE9D-FB91-4D36-A2D7-77A512186D84" otype="Table" vid="420DA58D-B728-5AC6-E1BB-CB61C58B4C54">
<hideElementsInCurrentOnly>false</hideElementsInCurrentOnly>
<bounds x="17" y="342" width="216" height="114"/>
</OView>
<OView class="oracle.dbtools.crest.swingui.relational.TVTable" oid="98581114-FC1C-2127-AF0E-7AF35434CD24" otype="Table" vid="ED7950E9-2430-F36F-7F6E-B2A9246E241C">
<hideElementsInCurrentOnly>false</hideElementsInCurrentOnly>
<bounds x="138" y="547" width="293" height="164"/>
</OView>
<OView class="oracle.dbtools.crest.swingui.relational.TVTable" oid="A92DC498-CE85-E218-9167-D9A3553FBEF3" otype="Table" vid="6828E5AF-5BD9-5F87-9DBE-928C4181FCD0">
<hideElementsInCurrentOnly>false</hideElementsInCurrentOnly>
<bounds x="874" y="169" width="244" height="126"/>
</OView>
<OView class="oracle.dbtools.crest.swingui.relational.TVTable" oid="C7BD8C6F-2ABA-F5B7-7884-87BC43128B8E" otype="Table" vid="F68AB357-4300-6072-C265-31F7359A8DAF">
<hideElementsInCurrentOnly>false</hideElementsInCurrentOnly>
<bounds x="746" y="5" width="237" height="110"/>
</OView>
<OView class="oracle.dbtools.crest.swingui.relational.TVTable" oid="D1C3353C-4DAC-72EC-D2BF-8C5C45C318C8" otype="Table" vid="B7ED55A2-0D21-BE22-5088-DCA8A519A53E">
<hideElementsInCurrentOnly>false</hideElementsInCurrentOnly>
<bounds x="795" y="353" width="323" height="138"/>
</OView>
</objectViews>
<connectors>
<Connector class="oracle.dbtools.crest.swingui.relational.TVFKRelation" oid="2F444AF0-F3A2-3C27-67B9-0C18555C38B6" otype="FKIndexAssociation" vid_source="420DA58D-B728-5AC6-E1BB-CB61C58B4C54" vid_target="ED7950E9-2430-F36F-7F6E-B2A9246E241C">
<hideElementsInCurrentOnly>false</hideElementsInCurrentOnly>
<backgroundColor>-16777216</backgroundColor>
<lineWidth>1</lineWidth>
<points>
<point x="185" y="456"/>
<point x="185" y="547"/>
</points>
</Connector>
<Connector class="oracle.dbtools.crest.swingui.relational.TVFKRelation" oid="39CDB0CA-6CBE-DB37-A1C5-7F9B3CF05365" otype="FKIndexAssociation" vid_source="C142C658-784B-C794-15CC-54C26B696C2F" vid_target="ED7950E9-2430-F36F-7F6E-B2A9246E241C">
<hideElementsInCurrentOnly>false</hideElementsInCurrentOnly>
<backgroundColor>-16777216</backgroundColor>
<lineWidth>1</lineWidth>
<points>
<point x="620" y="614"/>
<point x="431" y="614"/>
</points>
</Connector>
<Connector class="oracle.dbtools.crest.swingui.relational.TVFKRelation" oid="4D68F461-154B-0D3C-6FDD-0262C7A09BD3" otype="FKIndexAssociation" vid_source="4D367AF8-B164-626B-B30D-1C66F9541E32" vid_target="3F48FF8F-53BD-3979-C878-93D65F596CEC">
<hideElementsInCurrentOnly>false</hideElementsInCurrentOnly>
<backgroundColor>-16777216</backgroundColor>
<lineWidth>1</lineWidth>
<points>
<point x="367" y="66"/>
<point x="306" y="66"/>
</points>
</Connector>
<Connector class="oracle.dbtools.crest.swingui.relational.TVFKRelation" oid="7E74E3F9-249F-1C27-002A-7374B596F78B" otype="FKIndexAssociation" vid_source="E0FCCA1C-DCF8-1054-8490-52BACBFF3329" vid_target="C142C658-784B-C794-15CC-54C26B696C2F">
<hideElementsInCurrentOnly>false</hideElementsInCurrentOnly>
<backgroundColor>-16777216</backgroundColor>
<lineWidth>1</lineWidth>
<points>
<point x="700" y="326"/>
<point x="700" y="539"/>
</points>
</Connector>
<Connector class="oracle.dbtools.crest.swingui.relational.TVFKRelation" oid="8B06B4C9-B642-DAFF-DE04-58924D0A6EA6" otype="FKIndexAssociation" vid_source="4D367AF8-B164-626B-B30D-1C66F9541E32" vid_target="E0FCCA1C-DCF8-1054-8490-52BACBFF3329">
<hideElementsInCurrentOnly>false</hideElementsInCurrentOnly>
<backgroundColor>-16777216</backgroundColor>
<lineWidth>1</lineWidth>
<points>
<point x="565" y="120"/>
<point x="565" y="156"/>
</points>
</Connector>
<Connector class="oracle.dbtools.crest.swingui.relational.TVFKRelation" oid="9C7D102C-D867-BC4C-D62E-55FAFFE3AC91" otype="FKIndexAssociation" vid_source="E0FCCA1C-DCF8-1054-8490-52BACBFF3329" vid_target="DEA0B9CD-4978-0D43-4F48-72C5665C01D1">
<hideElementsInCurrentOnly>false</hideElementsInCurrentOnly>
<backgroundColor>-16777216</backgroundColor>
<lineWidth>1</lineWidth>
<points>
<point x="541" y="326"/>
<point x="541" y="374"/>
</points>
</Connector>
<Connector class="oracle.dbtools.crest.swingui.relational.TVFKRelation" oid="B48E9959-DAB8-0EDB-CCCE-15EACC007ABB" otype="FKIndexAssociation" vid_source="6828E5AF-5BD9-5F87-9DBE-928C4181FCD0" vid_target="B7ED55A2-0D21-BE22-5088-DCA8A519A53E">
<hideElementsInCurrentOnly>false</hideElementsInCurrentOnly>
<backgroundColor>-16777216</backgroundColor>
<lineWidth>1</lineWidth>
<points>
<point x="996" y="295"/>
<point x="996" y="353"/>
</points>
</Connector>
<Connector class="oracle.dbtools.crest.swingui.relational.TVFKRelation" oid="C0B9AD28-0E21-72BF-F6F8-C954D533491D" otype="FKIndexAssociation" vid_source="F68AB357-4300-6072-C265-31F7359A8DAF" vid_target="4D367AF8-B164-626B-B30D-1C66F9541E32">
<hideElementsInCurrentOnly>false</hideElementsInCurrentOnly>
<backgroundColor>-16777216</backgroundColor>
<lineWidth>1</lineWidth>
<points>
<point x="746" y="63"/>
<point x="644" y="63"/>
</points>
</Connector>
<Connector class="oracle.dbtools.crest.swingui.relational.TVFKRelation" oid="CC7549DD-B4C8-DEBC-3203-A9F5137B4CF9" otype="FKIndexAssociation" vid_source="3F48FF8F-53BD-3979-C878-93D65F596CEC" vid_target="DEA0B9CD-4978-0D43-4F48-72C5665C01D1">
<hideElementsInCurrentOnly>false</hideElementsInCurrentOnly>
<backgroundColor>-16777216</backgroundColor>
<lineWidth>1</lineWidth>
<points>
<point x="292" y="253"/>
<point x="292" y="374"/>
</points>
</Connector>
<Connector class="oracle.dbtools.crest.swingui.relational.TVFKRelation" oid="F25FCFA5-150F-0380-E173-FE7F17DF8F79" otype="FKIndexAssociation" vid_source="C142C658-784B-C794-15CC-54C26B696C2F" vid_target="B7ED55A2-0D21-BE22-5088-DCA8A519A53E">
<hideElementsInCurrentOnly>false</hideElementsInCurrentOnly>
<backgroundColor>-16777216</backgroundColor>
<lineWidth>1</lineWidth>
<points>
<point x="830" y="539"/>
<point x="830" y="491"/>
</points>
</Connector>
</connectors>
</Diagram>