<?xml version = '1.0' encoding = 'UTF-8'?>
<Table class="oracle.dbtools.crest.model.design.relational.Table" directorySegmentName="seg_0" id="1EA6DCF0-A392-3431-02B0-34CEE9100AFA" name="deposits">
<createdBy>admin</createdBy>
<createdTime>2015-10-28 10:37:54 UTC</createdTime>
<generatorID>F5ED67E0-3C0B-BBF2-B992-B12A56A5B610</generatorID>
<ownerDesignName>bank_cards_2</ownerDesignName>
<existDependencyGenerateInDDl>true</existDependencyGenerateInDDl>
<parsed>true</parsed>
<columns itemClass="oracle.dbtools.crest.model.design.relational.Column">
<Column name="deposit_id" id="4F900021-B452-8E26-7174-ADDD7D53DD47">
<createdBy>admin</createdBy>
<createdTime>2015-10-28 10:37:54 UTC</createdTime>
<generatorID>BD33D6D4-66C5-AFC8-33A4-F0220DBF9FE6</generatorID>
<ownerDesignName>bank_cards_2</ownerDesignName>
<useDomainConstraints>false</useDomainConstraints>
<use>1</use>
<logicalDatatype>LOGDT011</logicalDatatype>
<ownDataTypeParameters>,,</ownDataTypeParameters>
<autoIncrementCycle>false</autoIncrementCycle>
</Column>
<Column name="deposit_dt" id="8E628C3A-2D46-85B2-40A1-5ED8408557AB">
<createdBy>admin</createdBy>
<createdTime>2015-10-28 10:37:54 UTC</createdTime>
<generatorID>67424D1C-D399-9030-CAFA-D81EDF4B3FCC</generatorID>
<ownerDesignName>bank_cards_2</ownerDesignName>
<nullsAllowed>true</nullsAllowed>
<useDomainConstraints>false</useDomainConstraints>
<use>1</use>
<logicalDatatype>LOGDT047</logicalDatatype>
<ownDataTypeParameters>,,</ownDataTypeParameters>
<autoIncrementCycle>false</autoIncrementCycle>
</Column>
<Column name="source_name" id="5DD76201-CD16-66F2-EE41-3FD3C19773EC">
<createdBy>admin</createdBy>
<createdTime>2015-10-28 10:37:54 UTC</createdTime>
<generatorID>D5B58F9E-D514-DFB2-162B-56D702983AAB</generatorID>
<ownerDesignName>bank_cards_2</ownerDesignName>
<nullsAllowed>true</nullsAllowed>
<useDomainConstraints>false</useDomainConstraints>
<use>1</use>
<logicalDatatype>LOGDT037</logicalDatatype>
<dataTypeSize>50</dataTypeSize>
<ownDataTypeParameters>50,,</ownDataTypeParameters>
<autoIncrementCycle>false</autoIncrementCycle>
</Column>
<Column name="source_iban" id="01506A6C-FFF7-2B7C-12FF-50639C702BCE">
<createdBy>admin</createdBy>
<createdTime>2015-10-28 10:37:54 UTC</createdTime>
<generatorID>C473C654-7A46-4642-51B5-2463B038A7E3</generatorID>
<ownerDesignName>bank_cards_2</ownerDesignName>
<nullsAllowed>true</nullsAllowed>
<useDomainConstraints>false</useDomainConstraints>
<use>1</use>
<logicalDatatype>LOGDT024</logicalDatatype>
<dataTypeSize>20</dataTypeSize>
<ownDataTypeParameters>20,,</ownDataTypeParameters>
<autoIncrementCycle>false</autoIncrementCycle>
</Column>
<Column name="amount" id="4C6840C5-C485-AEA2-E8E8-D2D29FACD49E">
<createdBy>admin</createdBy>
<createdTime>2015-10-28 10:37:54 UTC</createdTime>
<generatorID>20C69A59-EF4D-5964-9550-B2DDF841C58C</generatorID>
<ownerDesignName>bank_cards_2</ownerDesignName>
<useDomainConstraints>false</useDomainConstraints>
<use>1</use>
<logicalDatatype>LOGDT019</logicalDatatype>
<dataTypePrecision>12</dataTypePrecision>
<dataTypeScale>2</dataTypeScale>
<ownDataTypeParameters>,12,2</ownDataTypeParameters>
<autoIncrementCycle>false</autoIncrementCycle>
</Column>
<Column name="account_id" id="06C71076-61EB-E1A4-C55E-18C0387140DE">
<createdBy>admin</createdBy>
<createdTime>2015-10-28 10:37:54 UTC</createdTime>
<generatorID>C15B7862-6994-9DC5-1E16-03B6AE40C169</generatorID>
<ownerDesignName>bank_cards_2</ownerDesignName>
<useDomainConstraints>false</useDomainConstraints>
<use>1</use>
<logicalDatatype>LOGDT011</logicalDatatype>
<ownDataTypeParameters>,,</ownDataTypeParameters>
<previousColumn>false</previousColumn>
<autoIncrementCycle>false</autoIncrementCycle>
<associations>
<colAssociation fkAssociation="4C56728F-8D57-892B-5B41-D80089E1F3DC" referredColumn="7CEC1E96-C771-B5E1-B930-A852A672FC40"/>
</associations>
</Column>
</columns>
<indexes itemClass="oracle.dbtools.crest.model.design.relational.Index">
<ind_PK_UK id="FD4CD630-D6ED-E187-CFC7-6EC6FDCF7CDD" name="deposits_PK">
<createdBy>admin</createdBy>
<createdTime>2015-10-28 10:37:54 UTC</createdTime>
<generatorID>3A8D169F-14BC-2D84-011C-998EE17CB875</generatorID>
<ownerDesignName>bank_cards_2</ownerDesignName>
<pk>true</pk>
<indexState>Primary Constraint</indexState>
<isSurrogateKey>false</isSurrogateKey>
<indexColumnUsage>
<colUsage columnID="4F900021-B452-8E26-7174-ADDD7D53DD47"/>
</indexColumnUsage>
</ind_PK_UK>
<ind_PK_UK id="1D094467-ED35-4037-4B29-8D5DD44B4C15" name="deposits_accounts_FK">
<createdBy>admin</createdBy>
<createdTime>2015-10-28 10:37:54 UTC</createdTime>
<generatorID>D9417189-580B-D94A-DB9E-A9FADCE6F787</generatorID>
<ownerDesignName>bank_cards_2</ownerDesignName>
<indexState>Foreign Key</indexState>
<isSurrogateKey>false</isSurrogateKey>
<indexColumnUsage>
<colUsage columnID="06C71076-61EB-E1A4-C55E-18C0387140DE"/>
</indexColumnUsage>
</ind_PK_UK>
</indexes>
</Table>