<?xml version = '1.0' encoding = 'UTF-8'?>
<Table class="oracle.dbtools.crest.model.design.relational.Table" directorySegmentName="seg_0" id="3FCB5B4A-6BFD-6467-BA17-2B0A988328C9" name="payments">
<createdBy>admin</createdBy>
<createdTime>2015-10-28 10:37:54 UTC</createdTime>
<generatorID>7CB32C00-8327-AE6E-58FF-1D497CE18C15</generatorID>
<ownerDesignName>bank_cards_2</ownerDesignName>
<existDependencyGenerateInDDl>true</existDependencyGenerateInDDl>
<parsed>true</parsed>
<columns itemClass="oracle.dbtools.crest.model.design.relational.Column">
<Column name="payment_id" id="FC8ABB3A-14F9-C5DA-E8EC-4AC85FA30452">
<createdBy>admin</createdBy>
<createdTime>2015-10-28 10:37:54 UTC</createdTime>
<generatorID>16973240-E2E6-20E5-A478-E47A32987516</generatorID>
<ownerDesignName>bank_cards_2</ownerDesignName>
<useDomainConstraints>false</useDomainConstraints>
<use>1</use>
<logicalDatatype>LOGDT011</logicalDatatype>
<ownDataTypeParameters>,,</ownDataTypeParameters>
<autoIncrementCycle>false</autoIncrementCycle>
</Column>
<Column name="payment_dt" id="35EE4AEF-9567-DE53-C37A-1D5A62BD513C">
<createdBy>admin</createdBy>
<createdTime>2015-10-28 10:37:54 UTC</createdTime>
<generatorID>0D72C1C0-9C40-8605-D391-09781A39BC48</generatorID>
<ownerDesignName>bank_cards_2</ownerDesignName>
<useDomainConstraints>false</useDomainConstraints>
<use>1</use>
<logicalDatatype>LOGDT047</logicalDatatype>
<ownDataTypeParameters>,,</ownDataTypeParameters>
<autoIncrementCycle>false</autoIncrementCycle>
</Column>
<Column name="destination_name" id="7A1957F1-6757-2427-B03C-B527D96E608C">
<createdBy>admin</createdBy>
<createdTime>2015-10-28 10:37:54 UTC</createdTime>
<generatorID>3014DA32-98B0-A981-F088-A2B1C36DA587</generatorID>
<ownerDesignName>bank_cards_2</ownerDesignName>
<nullsAllowed>true</nullsAllowed>
<useDomainConstraints>false</useDomainConstraints>
<use>1</use>
<logicalDatatype>LOGDT037</logicalDatatype>
<dataTypeSize>50</dataTypeSize>
<ownDataTypeParameters>50,,</ownDataTypeParameters>
<autoIncrementCycle>false</autoIncrementCycle>
</Column>
<Column name="destination_iban" id="8063E9E3-CDC3-4E0F-5D03-DD26041996ED">
<createdBy>admin</createdBy>
<createdTime>2015-10-28 10:37:54 UTC</createdTime>
<generatorID>9A8681F2-15F4-BC8A-11E8-1007A330D3FF</generatorID>
<ownerDesignName>bank_cards_2</ownerDesignName>
<nullsAllowed>true</nullsAllowed>
<useDomainConstraints>false</useDomainConstraints>
<use>1</use>
<logicalDatatype>LOGDT024</logicalDatatype>
<dataTypeSize>20</dataTypeSize>
<ownDataTypeParameters>20,,</ownDataTypeParameters>
<autoIncrementCycle>false</autoIncrementCycle>
</Column>
<Column name="amount" id="8F229F0B-EF70-34BC-0031-7820F5C3B403">
<createdBy>admin</createdBy>
<createdTime>2015-10-28 10:37:54 UTC</createdTime>
<generatorID>89385A6E-E615-9989-EB8F-D39FC2BF4AE0</generatorID>
<ownerDesignName>bank_cards_2</ownerDesignName>
<nullsAllowed>true</nullsAllowed>
<useDomainConstraints>false</useDomainConstraints>
<use>1</use>
<logicalDatatype>LOGDT019</logicalDatatype>
<dataTypePrecision>12</dataTypePrecision>
<dataTypeScale>2</dataTypeScale>
<ownDataTypeParameters>,12,2</ownDataTypeParameters>
<autoIncrementCycle>false</autoIncrementCycle>
</Column>
<Column name="account_id" id="32ADCAFF-4FB5-C1BD-3493-9B3DCC001A2A">
<createdBy>admin</createdBy>
<createdTime>2015-10-28 10:37:54 UTC</createdTime>
<generatorID>82281ABA-7584-1856-98FF-A87D1DF969F2</generatorID>
<ownerDesignName>bank_cards_2</ownerDesignName>
<useDomainConstraints>false</useDomainConstraints>
<use>1</use>
<logicalDatatype>LOGDT011</logicalDatatype>
<ownDataTypeParameters>,,</ownDataTypeParameters>
<previousColumn>false</previousColumn>
<autoIncrementCycle>false</autoIncrementCycle>
<associations>
<colAssociation fkAssociation="6A64A982-C3CF-77F5-28BD-87AE1D00CF95" referredColumn="7CEC1E96-C771-B5E1-B930-A852A672FC40"/>
</associations>
</Column>
</columns>
<indexes itemClass="oracle.dbtools.crest.model.design.relational.Index">
<ind_PK_UK id="B523812A-F917-DDDB-3487-1DB47B86C4FF" name="payments_PK">
<createdBy>admin</createdBy>
<createdTime>2015-10-28 10:37:54 UTC</createdTime>
<generatorID>BC6BDD3A-AABF-CD82-A84C-6757986032BD</generatorID>
<ownerDesignName>bank_cards_2</ownerDesignName>
<pk>true</pk>
<indexState>Primary Constraint</indexState>
<isSurrogateKey>false</isSurrogateKey>
<indexColumnUsage>
<colUsage columnID="FC8ABB3A-14F9-C5DA-E8EC-4AC85FA30452"/>
</indexColumnUsage>
</ind_PK_UK>
<ind_PK_UK id="300B264F-B24A-4FE5-B2AF-0C91D9B6C370" name="payments_accounts_FK">
<createdBy>admin</createdBy>
<createdTime>2015-10-28 10:37:54 UTC</createdTime>
<generatorID>198B0F8A-2545-03A6-C8A5-3C0403B11BCA</generatorID>
<ownerDesignName>bank_cards_2</ownerDesignName>
<indexState>Foreign Key</indexState>
<isSurrogateKey>false</isSurrogateKey>
<indexColumnUsage>
<colUsage columnID="32ADCAFF-4FB5-C1BD-3493-9B3DCC001A2A"/>
</indexColumnUsage>
</ind_PK_UK>
</indexes>
</Table>