<?xml version = '1.0' encoding = 'UTF-8'?>
<Table class="oracle.dbtools.crest.model.design.relational.Table" directorySegmentName="seg_0" id="9690E0CE-EB03-723C-A729-3A129DCCAD41" name="customers">
<createdBy>admin</createdBy>
<createdTime>2015-10-28 10:28:12 UTC</createdTime>
<generatorID>29D5425A-8DDE-AE83-A3C3-420DDDBAF7D2</generatorID>
<ownerDesignName>bank_cards_2</ownerDesignName>
<existDependencyGenerateInDDl>true</existDependencyGenerateInDDl>
<parsed>true</parsed>
<columns itemClass="oracle.dbtools.crest.model.design.relational.Column">
<Column name="cust_id" id="D6B9F583-53C3-9AA6-49C5-9B3ACBB38D5A">
<createdBy>admin</createdBy>
<createdTime>2015-10-28 10:28:12 UTC</createdTime>
<generatorID>99E24EE9-3AD1-5DCF-E5B9-4C3A1C0D9912</generatorID>
<ownerDesignName>bank_cards_2</ownerDesignName>
<useDomainConstraints>false</useDomainConstraints>
<use>1</use>
<logicalDatatype>LOGDT011</logicalDatatype>
<ownDataTypeParameters>,,</ownDataTypeParameters>
<autoIncrementCycle>false</autoIncrementCycle>
</Column>
<Column name="cust_name" id="8A3240D6-C11D-A49E-8D37-BD3B478E47F3">
<createdBy>admin</createdBy>
<createdTime>2015-10-28 10:28:12 UTC</createdTime>
<generatorID>3BF12329-45FF-FE69-B8FB-E7CD8A493A1A</generatorID>
<ownerDesignName>bank_cards_2</ownerDesignName>
<useDomainConstraints>false</useDomainConstraints>
<use>1</use>
<logicalDatatype>LOGDT037</logicalDatatype>
<dataTypeSize>75</dataTypeSize>
<ownDataTypeParameters>75,,</ownDataTypeParameters>
<autoIncrementCycle>false</autoIncrementCycle>
</Column>
<Column name="cust_address" id="05EF1D14-8CF6-E656-3263-E1FDB5E9F0A9">
<createdBy>admin</createdBy>
<createdTime>2015-10-28 10:37:54 UTC</createdTime>
<generatorID>BA337493-3EF0-055B-A652-872EB683C90E</generatorID>
<ownerDesignName>bank_cards_2</ownerDesignName>
<nullsAllowed>true</nullsAllowed>
<useDomainConstraints>false</useDomainConstraints>
<use>1</use>
<logicalDatatype>LOGDT037</logicalDatatype>
<dataTypeSize>100</dataTypeSize>
<ownDataTypeParameters>100,,</ownDataTypeParameters>
<autoIncrementCycle>false</autoIncrementCycle>
</Column>
<Column name="cust_town" id="EB90B9AE-6584-2514-54E9-6469063A84A4">
<createdBy>admin</createdBy>
<createdTime>2015-10-28 10:37:54 UTC</createdTime>
<generatorID>145F87F6-A8B3-9EBF-7EFC-7DB6708EFDB6</generatorID>
<ownerDesignName>bank_cards_2</ownerDesignName>
<useDomainConstraints>false</useDomainConstraints>
<use>1</use>
<logicalDatatype>LOGDT037</logicalDatatype>
<dataTypeSize>50</dataTypeSize>
<ownDataTypeParameters>50,,</ownDataTypeParameters>
<autoIncrementCycle>false</autoIncrementCycle>
</Column>
<Column name="cust_county" id="BD3A39E9-4E8B-9DD5-710D-15B18C321062">
<createdBy>admin</createdBy>
<createdTime>2015-10-28 10:37:54 UTC</createdTime>
<generatorID>4B038BA0-661B-6D7F-2C38-3B7EAFCC0585</generatorID>
<ownerDesignName>bank_cards_2</ownerDesignName>
<useDomainConstraints>false</useDomainConstraints>
<use>1</use>
<logicalDatatype>LOGDT037</logicalDatatype>
<dataTypeSize>30</dataTypeSize>
<ownDataTypeParameters>30,,</ownDataTypeParameters>
<autoIncrementCycle>false</autoIncrementCycle>
</Column>
<Column name="cust_phone" id="C8C05F62-EDD7-A307-6E04-6187C26F9279">
<createdBy>admin</createdBy>
<createdTime>2015-10-28 10:37:54 UTC</createdTime>
<generatorID>FBBDCBC4-F945-806D-D158-DFA5042F433D</generatorID>
<ownerDesignName>bank_cards_2</ownerDesignName>
<nullsAllowed>true</nullsAllowed>
<useDomainConstraints>false</useDomainConstraints>
<use>1</use>
<logicalDatatype>LOGDT024</logicalDatatype>
<dataTypeSize>10</dataTypeSize>
<ownDataTypeParameters>10,,</ownDataTypeParameters>
<autoIncrementCycle>false</autoIncrementCycle>
</Column>
<Column name="cust_email" id="3B5172E1-36C3-2B2B-7573-28D544E4E128">
<createdBy>admin</createdBy>
<createdTime>2015-10-28 10:37:54 UTC</createdTime>
<generatorID>315E46FF-74A3-CC3C-1281-58582B64F76D</generatorID>
<ownerDesignName>bank_cards_2</ownerDesignName>
<nullsAllowed>true</nullsAllowed>
<useDomainConstraints>false</useDomainConstraints>
<use>1</use>
<logicalDatatype>LOGDT024</logicalDatatype>
<dataTypeSize>75</dataTypeSize>
<ownDataTypeParameters>75,,</ownDataTypeParameters>
<autoIncrementCycle>false</autoIncrementCycle>
</Column>
</columns>
<indexes itemClass="oracle.dbtools.crest.model.design.relational.Index">
<ind_PK_UK id="1CB119CB-869E-A180-0ABA-C3F9959226EE" name="customers_PK">
<createdBy>admin</createdBy>
<createdTime>2015-10-28 10:28:12 UTC</createdTime>
<generatorID>D1386227-A31A-983C-F322-589666E1CC70</generatorID>
<ownerDesignName>bank_cards_2</ownerDesignName>
<pk>true</pk>
<indexState>Primary Constraint</indexState>
<isSurrogateKey>false</isSurrogateKey>
<indexColumnUsage>
<colUsage columnID="D6B9F583-53C3-9AA6-49C5-9B3ACBB38D5A"/>
</indexColumnUsage>
</ind_PK_UK>
</indexes>
</Table>