<?xml version = '1.0' encoding = 'UTF-8'?>
<Diagram class="oracle.dbtools.crest.swingui.logical.DPVLogical" name="Logical" id="FD1AAEAC-2264-8ABE-84D9-D2104E1AC047">
<createdBy>admin</createdBy>
<modifiedBy>admin</modifiedBy>
<createdTime>2015-11-10 15:44:36 UTC</createdTime>
<autoRoute>false</autoRoute>
<boxInbox>true</boxInbox>
<showLegend>false</showLegend>
<showLabels>false</showLabels>
<showRelAttributes>false</showRelAttributes>
<gridEnabled>false</gridEnabled>
<showGrid>false</showGrid>
<diagramColor>-1</diagramColor>
<display>false</display>
<notation>1</notation>
<objectViews>
<OView class="oracle.dbtools.crest.swingui.logical.TVEntity" oid="30381E6D-38CD-CBD6-A9D8-6DBCEE9BEBAB" otype="Entity" vid="C6FC9313-D6B0-DCD5-76C3-DE6138AF9A42">
<hideElementsInCurrentOnly>false</hideElementsInCurrentOnly>
<bounds x="254" y="156" width="164" height="97"/>
</OView>
<OView class="oracle.dbtools.crest.swingui.logical.TVEntity" oid="696BFCA8-1F84-3914-250C-B8DAB10EEF19" otype="Entity" vid="F5498D06-47E3-E726-9863-89DB6DD0D490">
<hideElementsInCurrentOnly>false</hideElementsInCurrentOnly>
<bounds x="38" y="151" width="134" height="96"/>
</OView>
<OView class="oracle.dbtools.crest.swingui.logical.TVEntity" oid="859ACD1F-61FF-A75D-A8BC-8A3B3FFD0285" otype="Entity" vid="EB65432F-83D4-0CED-1E69-591ABDF445E3">
<hideElementsInCurrentOnly>false</hideElementsInCurrentOnly>
<bounds x="431" y="17" width="158" height="103"/>
</OView>
<OView class="oracle.dbtools.crest.swingui.logical.TVEntity" oid="86090696-46A2-BC08-7643-58117B1969C7" otype="Entity" vid="6E3F3295-5212-E382-5768-8952EF03E4B1">
<hideElementsInCurrentOnly>false</hideElementsInCurrentOnly>
<bounds x="202" y="14" width="149" height="84"/>
</OView>
<OView class="oracle.dbtools.crest.swingui.logical.TVEntity" oid="9C0AA00A-C153-164C-2576-95D78692A2C1" otype="Entity" vid="EFD2A611-B188-AFB8-F502-25E82FD694AA">
<hideElementsInCurrentOnly>false</hideElementsInCurrentOnly>
<bounds x="23" y="13" width="109" height="80"/>
</OView>
</objectViews>
<connectors>
<Connector class="oracle.dbtools.crest.swingui.logical.TVRelation" oid="32FBA94C-E9DA-C4BF-0F17-102E59204570" otype="Relation" vid_source="6E3F3295-5212-E382-5768-8952EF03E4B1" vid_target="EB65432F-83D4-0CED-1E69-591ABDF445E3">
<hideElementsInCurrentOnly>false</hideElementsInCurrentOnly>
<lineWidth>1</lineWidth>
<points>
<point x="351" y="67"/>
<point x="431" y="67"/>
</points>
</Connector>
<Connector class="oracle.dbtools.crest.swingui.logical.TVRelation" oid="37FC1BEE-D723-1130-22CC-4F3CC809466D" otype="Relation" vid_source="F5498D06-47E3-E726-9863-89DB6DD0D490" vid_target="C6FC9313-D6B0-DCD5-76C3-DE6138AF9A42">
<hideElementsInCurrentOnly>false</hideElementsInCurrentOnly>
<lineWidth>1</lineWidth>
<points>
<point x="172" y="201"/>
<point x="254" y="201"/>
</points>
</Connector>
<Connector class="oracle.dbtools.crest.swingui.logical.TVRelation" oid="453E0446-810E-21D1-C01F-2BF28419FDBD" otype="Relation" vid_source="EFD2A611-B188-AFB8-F502-25E82FD694AA" vid_target="6E3F3295-5212-E382-5768-8952EF03E4B1">
<hideElementsInCurrentOnly>false</hideElementsInCurrentOnly>
<lineWidth>1</lineWidth>
<points>
<point x="132" y="53"/>
<point x="202" y="53"/>
</points>
</Connector>
<Connector class="oracle.dbtools.crest.swingui.logical.TVRelation" oid="E016AE1B-FC48-1EDA-27A1-EAA046A88B1E" otype="Relation" vid_source="6E3F3295-5212-E382-5768-8952EF03E4B1" vid_target="C6FC9313-D6B0-DCD5-76C3-DE6138AF9A42">
<hideElementsInCurrentOnly>false</hideElementsInCurrentOnly>
<lineWidth>1</lineWidth>
<points>
<point x="302" y="98"/>
<point x="302" y="156"/>
</points>
</Connector>
<Connector class="oracle.dbtools.crest.swingui.logical.TVRelation" oid="ED264942-1A28-9CA5-1069-F8D437AC08A2" otype="Relation" vid_source="6E3F3295-5212-E382-5768-8952EF03E4B1" vid_target="EB65432F-83D4-0CED-1E69-591ABDF445E3">
<hideElementsInCurrentOnly>false</hideElementsInCurrentOnly>
<lineWidth>1</lineWidth>
<points>
<point x="351" y="57"/>
<point x="431" y="57"/>
</points>
</Connector>
</connectors>
</Diagram>