<?xml version = '1.0' encoding = 'UTF-8'?>
<Table class="oracle.dbtools.crest.model.design.relational.Table" directorySegmentName="seg_0" id="0047B65F-DD8A-3F7C-4D83-823AD5D2CF5A" name="order_contract">
<createdBy>marinfotache</createdBy>
<createdTime>2018-10-25 18:54:52 UTC</createdTime>
<generatorID>7142BA9C-0FBB-CDF3-FBB0-EE63CC0DBBF1</generatorID>
<ownerDesignName>catering_1</ownerDesignName>
<allowColumnReorder>false</allowColumnReorder>
<existDependencyGenerateInDDl>true</existDependencyGenerateInDDl>
<parsed>true</parsed>
<columns itemClass="oracle.dbtools.crest.model.design.relational.Column">
<Column name="comment" id="D521C5E6-8509-E0D5-580A-8FC4E799AA89">
<createdBy>marinfotache</createdBy>
<createdTime>2018-10-25 18:54:52 UTC</createdTime>
<generatorID>CF48C757-3CF6-3DD7-4520-847952B90F6C</generatorID>
<ownerDesignName>catering_1</ownerDesignName>
<nullsAllowed>true</nullsAllowed>
<useDomainConstraints>false</useDomainConstraints>
<use>1</use>
<logicalDatatype>LOGDT037</logicalDatatype>
<dataTypeSize>300</dataTypeSize>
<ownDataTypeParameters>300,,</ownDataTypeParameters>
<autoIncrementCycle>false</autoIncrementCycle>
</Column>
<Column name="order_order_ID1" id="D689AFA5-97FD-9AC4-A211-A1C7FDC3D186">
<createdBy>marinfotache</createdBy>
<createdTime>2018-10-25 18:54:52 UTC</createdTime>
<ownerDesignName>catering_1</ownerDesignName>
<useDomainConstraints>false</useDomainConstraints>
<use>1</use>
<logicalDatatype>LOGDT019</logicalDatatype>
<ownDataTypeParameters>,,</ownDataTypeParameters>
<previousColumn>false</previousColumn>
<autoIncrementCycle>false</autoIncrementCycle>
<associations>
<colAssociation fkAssociation="D174B278-3F86-A10B-D32E-6E0FA4A8A29A" referredColumn="0B92D70D-BE60-D922-5D5C-4864E05954A0"/>
</associations>
</Column>
<Column name="contract_contract_ID1" id="187303ED-6940-2D85-A4D3-9D6D06A0057D">
<createdBy>marinfotache</createdBy>
<createdTime>2018-10-25 18:54:52 UTC</createdTime>
<ownerDesignName>catering_1</ownerDesignName>
<useDomainConstraints>false</useDomainConstraints>
<use>1</use>
<logicalDatatype>LOGDT019</logicalDatatype>
<ownDataTypeParameters>,,</ownDataTypeParameters>
<previousColumn>false</previousColumn>
<autoIncrementCycle>false</autoIncrementCycle>
<associations>
<colAssociation fkAssociation="21A54632-E7E9-4CB7-5DBE-6D9D294F08DD" referredColumn="544E8CF2-F1BE-D0D4-A68A-BDC5E48CE485"/>
</associations>
</Column>
<Column name="order_order_ID11" id="8C100FEC-D824-862D-D26F-EC43BA503E87">
<createdBy>marinfotache</createdBy>
<createdTime>2018-10-25 18:54:52 UTC</createdTime>
<ownerDesignName>catering_1</ownerDesignName>
<useDomainConstraints>false</useDomainConstraints>
<use>1</use>
<logicalDatatype>LOGDT019</logicalDatatype>
<ownDataTypeParameters>,,</ownDataTypeParameters>
<previousColumn>false</previousColumn>
<autoIncrementCycle>false</autoIncrementCycle>
<associations>
<colAssociation fkAssociation="F3E15D72-3FD0-C945-59C4-B9D3AA34D765" referredColumn="0B92D70D-BE60-D922-5D5C-4864E05954A0"/>
</associations>
</Column>
</columns>
<indexes itemClass="oracle.dbtools.crest.model.design.relational.Index">
<ind_PK_UK id="47BA3FCA-D62F-33BA-C8F6-E29E493E883C" name="orders_contracts__pk">
<createdBy>marinfotache</createdBy>
<createdTime>2018-10-25 18:54:52 UTC</createdTime>
<generatorID>17F5E9B4-5DE1-DE08-A257-3C9DD4694C53</generatorID>
<ownerDesignName>catering_1</ownerDesignName>
<pk>true</pk>
<indexState>Primary Constraint</indexState>
<isSurrogateKey>false</isSurrogateKey>
<indexColumnUsage>
<colUsage columnID="8C100FEC-D824-862D-D26F-EC43BA503E87"/>
<colUsage columnID="187303ED-6940-2D85-A4D3-9D6D06A0057D"/>
</indexColumnUsage>
</ind_PK_UK>
<ind_PK_UK id="F93FED81-2D6F-647D-EA6F-3E8B7D70DB9A" name="order_contract__IDX">
<createdBy>marinfotache</createdBy>
<createdTime>2018-10-25 18:54:52 UTC</createdTime>
<ownerDesignName>catering_1</ownerDesignName>
<indexState>Unique Plain Index</indexState>
<isSurrogateKey>false</isSurrogateKey>
<relationGeneratorID>8BDF1986-6339-8852-8AAF-5FC021F20499</relationGeneratorID>
<indexColumnUsage>
<colUsage columnID="D689AFA5-97FD-9AC4-A211-A1C7FDC3D186"/>
</indexColumnUsage>
</ind_PK_UK>
<ind_PK_UK id="19A38C6E-1644-BFEB-18E3-45D7C9DE9093" name="FK_ASS_8">
<createdBy>marinfotache</createdBy>
<createdTime>2018-10-25 18:54:52 UTC</createdTime>
<generatorID>8BDF1986-6339-8852-8AAF-5FC021F20499</generatorID>
<ownerDesignName>catering_1</ownerDesignName>
<indexState>Foreign Key</indexState>
<isSurrogateKey>false</isSurrogateKey>
<indexColumnUsage>
<colUsage columnID="D689AFA5-97FD-9AC4-A211-A1C7FDC3D186"/>
</indexColumnUsage>
</ind_PK_UK>
<ind_PK_UK id="DCD45491-0950-A5AE-216F-E7B3F464B48A" name="is_fulfilled">
<createdBy>marinfotache</createdBy>
<createdTime>2018-10-25 18:54:52 UTC</createdTime>
<generatorID>29A72459-50D9-3F1E-8E22-1C81EEFB3F40</generatorID>
<ownerDesignName>catering_1</ownerDesignName>
<indexState>Foreign Key</indexState>
<isSurrogateKey>false</isSurrogateKey>
<indexColumnUsage>
<colUsage columnID="187303ED-6940-2D85-A4D3-9D6D06A0057D"/>
</indexColumnUsage>
</ind_PK_UK>
<ind_PK_UK id="34D79419-0FBC-7DB2-624B-5AE96DC1764E" name="refers_to_v2">
<createdBy>marinfotache</createdBy>
<createdTime>2018-10-25 18:54:52 UTC</createdTime>
<generatorID>24DD7E8D-2AD4-465B-6D4C-669F69225A12</generatorID>
<ownerDesignName>catering_1</ownerDesignName>
<indexState>Foreign Key</indexState>
<isSurrogateKey>false</isSurrogateKey>
<indexColumnUsage>
<colUsage columnID="8C100FEC-D824-862D-D26F-EC43BA503E87"/>
</indexColumnUsage>
</ind_PK_UK>
</indexes>
</Table>