<?xml version = '1.0' encoding = 'UTF-8'?>
<Table class="oracle.dbtools.crest.model.design.relational.Table" directorySegmentName="seg_0" id="00A037BA-AD7E-C531-1588-1A40CAF0D4BE" name="product_return">
<createdBy>marinfotache</createdBy>
<createdTime>2018-10-25 18:54:52 UTC</createdTime>
<generatorID>7350898A-EF98-C0AF-6324-802E6E7B68AB</generatorID>
<ownerDesignName>catering_1</ownerDesignName>
<allowColumnReorder>false</allowColumnReorder>
<existDependencyGenerateInDDl>true</existDependencyGenerateInDDl>
<parsed>true</parsed>
<columns itemClass="oracle.dbtools.crest.model.design.relational.Column">
<Column name="returned_quantity" id="17215B97-9A70-450F-9E71-1602EDDCCA43">
<createdBy>marinfotache</createdBy>
<createdTime>2018-10-25 18:54:52 UTC</createdTime>
<generatorID>8BB01FCC-FD67-D14B-A765-806F80AB5834</generatorID>
<ownerDesignName>catering_1</ownerDesignName>
<nullsAllowed>true</nullsAllowed>
<useDomainConstraints>false</useDomainConstraints>
<use>1</use>
<logicalDatatype>LOGDT019</logicalDatatype>
<dataTypePrecision>9</dataTypePrecision>
<dataTypeScale>3</dataTypeScale>
<ownDataTypeParameters>,9,3</ownDataTypeParameters>
<autoIncrementCycle>false</autoIncrementCycle>
</Column>
<Column name="return_return_ID1" id="51D043F8-1675-137A-0060-6E44445402A9">
<createdBy>marinfotache</createdBy>
<createdTime>2018-10-25 18:54:52 UTC</createdTime>
<ownerDesignName>catering_1</ownerDesignName>
<useDomainConstraints>false</useDomainConstraints>
<use>1</use>
<logicalDatatype>LOGDT019</logicalDatatype>
<ownDataTypeParameters>,,</ownDataTypeParameters>
<previousColumn>false</previousColumn>
<autoIncrementCycle>false</autoIncrementCycle>
<associations>
<colAssociation fkAssociation="E8CA33C2-D07B-AC5B-EF22-212CD35EC83F" referredColumn="5ABF7B1B-5EFC-5DF9-4C84-E76D64B8C531"/>
</associations>
</Column>
<Column name="product_product_ID" id="36471D19-863A-02CD-3EE7-C3BE31CB8954">
<createdBy>marinfotache</createdBy>
<createdTime>2018-10-25 18:54:52 UTC</createdTime>
<ownerDesignName>catering_1</ownerDesignName>
<useDomainConstraints>false</useDomainConstraints>
<use>1</use>
<logicalDatatype>LOGDT019</logicalDatatype>
<ownDataTypeParameters>,,</ownDataTypeParameters>
<previousColumn>false</previousColumn>
<autoIncrementCycle>false</autoIncrementCycle>
<associations>
<colAssociation fkAssociation="C51F0563-7F3E-08B0-BFAF-A6E39597ED05" referredColumn="BF4C0CEA-6BCA-0D86-83DA-1BA0916471CD"/>
</associations>
</Column>
</columns>
<indexes itemClass="oracle.dbtools.crest.model.design.relational.Index">
<ind_PK_UK id="2E648D3C-9FFE-FE95-7290-1E4B27E2DDAA" name="product_return_PK">
<createdBy>marinfotache</createdBy>
<createdTime>2018-10-25 18:54:52 UTC</createdTime>
<generatorID>01C460BD-ACDE-C1E1-A606-05C5865A780F</generatorID>
<ownerDesignName>catering_1</ownerDesignName>
<pk>true</pk>
<indexState>Primary Constraint</indexState>
<isSurrogateKey>false</isSurrogateKey>
<indexColumnUsage>
<colUsage columnID="36471D19-863A-02CD-3EE7-C3BE31CB8954"/>
<colUsage columnID="51D043F8-1675-137A-0060-6E44445402A9"/>
</indexColumnUsage>
</ind_PK_UK>
<ind_PK_UK id="71332456-33B5-C928-16A8-42311D8F07AF" name="return_products__pk">
<createdBy>marinfotache</createdBy>
<createdTime>2018-10-25 18:54:52 UTC</createdTime>
<generatorID>6FB616F4-7E92-CFBF-58D7-9750C0EA4D93</generatorID>
<ownerDesignName>catering_1</ownerDesignName>
<indexState>Unique Constraint</indexState>
<isSurrogateKey>false</isSurrogateKey>
<indexColumnUsage>
<colUsage columnID="51D043F8-1675-137A-0060-6E44445402A9"/>
<colUsage columnID="36471D19-863A-02CD-3EE7-C3BE31CB8954"/>
</indexColumnUsage>
</ind_PK_UK>
<ind_PK_UK id="EFB619B4-D52F-D54D-63A5-9C7C68FF02F7" name="can_contain_">
<createdBy>marinfotache</createdBy>
<createdTime>2018-10-25 18:54:52 UTC</createdTime>
<generatorID>4F9F22EE-C1C9-2ED1-C501-5BB4F9BA955E</generatorID>
<ownerDesignName>catering_1</ownerDesignName>
<indexState>Foreign Key</indexState>
<isSurrogateKey>false</isSurrogateKey>
<indexColumnUsage>
<colUsage columnID="51D043F8-1675-137A-0060-6E44445402A9"/>
</indexColumnUsage>
</ind_PK_UK>
<ind_PK_UK id="0948B83A-ABE3-620A-A81F-570523026A5E" name="returned_product_is">
<createdBy>marinfotache</createdBy>
<createdTime>2018-10-25 18:54:52 UTC</createdTime>
<generatorID>E86549E0-E326-422E-1FF8-77FF83E0AF75</generatorID>
<ownerDesignName>catering_1</ownerDesignName>
<indexState>Foreign Key</indexState>
<isSurrogateKey>false</isSurrogateKey>
<indexColumnUsage>
<colUsage columnID="36471D19-863A-02CD-3EE7-C3BE31CB8954"/>
</indexColumnUsage>
</ind_PK_UK>
</indexes>
</Table>