<?xml version = '1.0' encoding = 'UTF-8'?>
<Table class="oracle.dbtools.crest.model.design.relational.Table" directorySegmentName="seg_0" id="1A0BABC6-DA4D-F78C-045D-53799D47E5FC" name="deliveried_product">
<createdBy>marinfotache</createdBy>
<createdTime>2018-10-25 18:54:52 UTC</createdTime>
<generatorID>0E1BD95D-0ADA-8E64-A019-59FE9F3B5569</generatorID>
<ownerDesignName>catering_1</ownerDesignName>
<allowColumnReorder>false</allowColumnReorder>
<existDependencyGenerateInDDl>true</existDependencyGenerateInDDl>
<parsed>true</parsed>
<columns itemClass="oracle.dbtools.crest.model.design.relational.Column">
<Column name="deliveried_quantity" id="1A886DDB-3651-F1B7-A2C4-BC4F27554426">
<createdBy>marinfotache</createdBy>
<createdTime>2018-10-25 18:54:52 UTC</createdTime>
<generatorID>8E5A3509-B35B-C02C-3723-9863EC1B4B3D</generatorID>
<ownerDesignName>catering_1</ownerDesignName>
<useDomainConstraints>false</useDomainConstraints>
<use>1</use>
<logicalDatatype>LOGDT019</logicalDatatype>
<dataTypePrecision>9</dataTypePrecision>
<dataTypeScale>3</dataTypeScale>
<defaultValue>1</defaultValue>
<ownDataTypeParameters>,9,3</ownDataTypeParameters>
<autoIncrementCycle>false</autoIncrementCycle>
</Column>
<Column name="delivery_delivery_ID1" id="982C4E97-62FE-3D2E-FACD-D9CA55A20DE1">
<createdBy>marinfotache</createdBy>
<createdTime>2018-10-25 18:54:52 UTC</createdTime>
<ownerDesignName>catering_1</ownerDesignName>
<useDomainConstraints>false</useDomainConstraints>
<use>1</use>
<logicalDatatype>LOGDT019</logicalDatatype>
<ownDataTypeParameters>,,</ownDataTypeParameters>
<previousColumn>false</previousColumn>
<autoIncrementCycle>false</autoIncrementCycle>
<associations>
<colAssociation fkAssociation="EBA581A9-F98D-DA9F-1AD8-2F7070F0FF88" referredColumn="8B7F1263-B419-4A21-89BE-38272AC75F27"/>
</associations>
</Column>
<Column name="product_product_ID" id="115DDFD7-C362-5F7C-277A-C765126A6D42">
<createdBy>marinfotache</createdBy>
<createdTime>2018-10-25 18:54:52 UTC</createdTime>
<ownerDesignName>catering_1</ownerDesignName>
<useDomainConstraints>false</useDomainConstraints>
<use>1</use>
<logicalDatatype>LOGDT019</logicalDatatype>
<ownDataTypeParameters>,,</ownDataTypeParameters>
<previousColumn>false</previousColumn>
<autoIncrementCycle>false</autoIncrementCycle>
<associations>
<colAssociation fkAssociation="E7A5CFE0-DC3A-782A-4D9C-A2E0907DA521" referredColumn="BF4C0CEA-6BCA-0D86-83DA-1BA0916471CD"/>
</associations>
</Column>
</columns>
<indexes itemClass="oracle.dbtools.crest.model.design.relational.Index">
<ind_PK_UK id="CE7D50CE-724C-A5CF-9C1B-CA23623F32F1" name="deliveried_product_PK">
<createdBy>marinfotache</createdBy>
<createdTime>2018-10-25 18:54:52 UTC</createdTime>
<generatorID>521066C0-3C4D-62FD-1C30-7C05B63A0687</generatorID>
<ownerDesignName>catering_1</ownerDesignName>
<pk>true</pk>
<indexState>Primary Constraint</indexState>
<isSurrogateKey>false</isSurrogateKey>
<indexColumnUsage>
<colUsage columnID="115DDFD7-C362-5F7C-277A-C765126A6D42"/>
<colUsage columnID="982C4E97-62FE-3D2E-FACD-D9CA55A20DE1"/>
</indexColumnUsage>
</ind_PK_UK>
<ind_PK_UK id="9A069949-83E9-1FAD-A738-C5980E4CF5A3" name="delivered_products__pk">
<createdBy>marinfotache</createdBy>
<createdTime>2018-10-25 18:54:52 UTC</createdTime>
<generatorID>8E6E606E-6062-074B-3599-96B29B9D4F24</generatorID>
<ownerDesignName>catering_1</ownerDesignName>
<indexState>Unique Constraint</indexState>
<isSurrogateKey>false</isSurrogateKey>
<indexColumnUsage>
<colUsage columnID="115DDFD7-C362-5F7C-277A-C765126A6D42"/>
<colUsage columnID="982C4E97-62FE-3D2E-FACD-D9CA55A20DE1"/>
</indexColumnUsage>
</ind_PK_UK>
<ind_PK_UK id="F6784CF3-2795-2A69-BBB1-3E38CA98ACAE" name="deliveries">
<createdBy>marinfotache</createdBy>
<createdTime>2018-10-25 18:54:52 UTC</createdTime>
<generatorID>9CC88E57-F848-D735-0239-B84D16815CBE</generatorID>
<ownerDesignName>catering_1</ownerDesignName>
<indexState>Foreign Key</indexState>
<isSurrogateKey>false</isSurrogateKey>
<indexColumnUsage>
<colUsage columnID="982C4E97-62FE-3D2E-FACD-D9CA55A20DE1"/>
</indexColumnUsage>
</ind_PK_UK>
<ind_PK_UK id="416FF0F1-20DF-C2AA-9BA8-36BC2AD6843F" name="prod_deliveried_by">
<createdBy>marinfotache</createdBy>
<createdTime>2018-10-25 18:54:52 UTC</createdTime>
<generatorID>3A009CF8-5641-AC29-3070-6926BB375D8C</generatorID>
<ownerDesignName>catering_1</ownerDesignName>
<indexState>Foreign Key</indexState>
<isSurrogateKey>false</isSurrogateKey>
<indexColumnUsage>
<colUsage columnID="115DDFD7-C362-5F7C-277A-C765126A6D42"/>
</indexColumnUsage>
</ind_PK_UK>
</indexes>
</Table>