<?xml version = '1.0' encoding = 'UTF-8'?>
<Table class="oracle.dbtools.crest.model.design.relational.Table" directorySegmentName="seg_0" id="20E40DB1-23D7-4D29-3392-30F5F1B882B9" name="cancelled_order">
<createdBy>marinfotache</createdBy>
<createdTime>2018-10-25 18:54:52 UTC</createdTime>
<generatorID>4543BB0A-E368-9C9D-07EF-D4091FC55076</generatorID>
<ownerDesignName>catering_1</ownerDesignName>
<allowColumnReorder>false</allowColumnReorder>
<existDependencyGenerateInDDl>true</existDependencyGenerateInDDl>
<parsed>true</parsed>
<columns itemClass="oracle.dbtools.crest.model.design.relational.Column">
<Column name="cancellation_timestamp" id="6C2D9FF1-D084-B9A3-B8D6-AE04C89A1638">
<createdBy>marinfotache</createdBy>
<createdTime>2018-10-25 18:54:52 UTC</createdTime>
<generatorID>5354E12E-A591-456F-A003-875608D6CC9F</generatorID>
<ownerDesignName>catering_1</ownerDesignName>
<useDomainConstraints>false</useDomainConstraints>
<use>1</use>
<logicalDatatype>LOGDT047</logicalDatatype>
<ownDataTypeParameters>,,</ownDataTypeParameters>
<autoIncrementCycle>false</autoIncrementCycle>
</Column>
<Column name="cancellation_reason" id="CA22BD83-F3C4-E0A3-33BA-B504B6F2F714">
<createdBy>marinfotache</createdBy>
<createdTime>2018-10-25 18:54:52 UTC</createdTime>
<generatorID>C1C5F72B-8A1B-CDCD-35A2-E0D189831CDF</generatorID>
<ownerDesignName>catering_1</ownerDesignName>
<nullsAllowed>true</nullsAllowed>
<useDomainConstraints>false</useDomainConstraints>
<use>1</use>
<logicalDatatype>LOGDT037</logicalDatatype>
<dataTypeSize>100</dataTypeSize>
<ownDataTypeParameters>100,,</ownDataTypeParameters>
<autoIncrementCycle>false</autoIncrementCycle>
</Column>
<Column name="penalties" id="E394544B-C0A3-8A4A-7C7F-481ABAFBC460">
<createdBy>marinfotache</createdBy>
<createdTime>2018-10-25 18:54:52 UTC</createdTime>
<generatorID>C33F5F16-825A-F1D7-ABAD-0C1D352C2B1C</generatorID>
<ownerDesignName>catering_1</ownerDesignName>
<useDomainConstraints>false</useDomainConstraints>
<use>1</use>
<logicalDatatype>LOGDT019</logicalDatatype>
<dataTypePrecision>12</dataTypePrecision>
<defaultValue>0</defaultValue>
<ownDataTypeParameters>,12,</ownDataTypeParameters>
<autoIncrementCycle>false</autoIncrementCycle>
</Column>
<Column name="order_order_ID1" id="54332616-E75E-3862-AEDD-67196C611499">
<createdBy>marinfotache</createdBy>
<createdTime>2018-10-25 18:54:52 UTC</createdTime>
<ownerDesignName>catering_1</ownerDesignName>
<useDomainConstraints>false</useDomainConstraints>
<use>1</use>
<logicalDatatype>LOGDT019</logicalDatatype>
<ownDataTypeParameters>,,</ownDataTypeParameters>
<previousColumn>false</previousColumn>
<autoIncrementCycle>false</autoIncrementCycle>
<associations>
<colAssociation fkAssociation="83EE11BA-24AC-037A-C5DC-2994824F3DFF" referredColumn="0B92D70D-BE60-D922-5D5C-4864E05954A0"/>
</associations>
</Column>
</columns>
<indexes itemClass="oracle.dbtools.crest.model.design.relational.Index">
<ind_PK_UK id="A2E29BB7-D863-76B3-9E39-97AF853D52C1" name="cancelled_order__IDX">
<createdBy>marinfotache</createdBy>
<createdTime>2018-10-25 18:54:52 UTC</createdTime>
<ownerDesignName>catering_1</ownerDesignName>
<indexState>Unique Plain Index</indexState>
<isSurrogateKey>false</isSurrogateKey>
<relationGeneratorID>5ED3C2AB-9E15-0925-2C63-4ECC85CF2EC2</relationGeneratorID>
<indexColumnUsage>
<colUsage columnID="54332616-E75E-3862-AEDD-67196C611499"/>
</indexColumnUsage>
</ind_PK_UK>
<ind_PK_UK id="6DA0AC50-ECD3-67D6-E1A0-6D6681235AD6" name="is_cancelled_with">
<createdBy>marinfotache</createdBy>
<createdTime>2018-10-25 18:54:52 UTC</createdTime>
<generatorID>5ED3C2AB-9E15-0925-2C63-4ECC85CF2EC2</generatorID>
<ownerDesignName>catering_1</ownerDesignName>
<indexState>Foreign Key</indexState>
<isSurrogateKey>false</isSurrogateKey>
<indexColumnUsage>
<colUsage columnID="54332616-E75E-3862-AEDD-67196C611499"/>
</indexColumnUsage>
</ind_PK_UK>
</indexes>
</Table>