<?xml version = '1.0' encoding = 'UTF-8'?>
<Table class="oracle.dbtools.crest.model.design.relational.Table" directorySegmentName="seg_0" id="39B2CB3D-B54A-8B5B-4D61-62EAC3F2F917" name="equipment_return">
<createdBy>marinfotache</createdBy>
<createdTime>2018-10-25 18:54:52 UTC</createdTime>
<generatorID>AD8F5CDE-F367-4E05-8DF0-380E5FC496CA</generatorID>
<ownerDesignName>catering_1</ownerDesignName>
<allowColumnReorder>false</allowColumnReorder>
<existDependencyGenerateInDDl>true</existDependencyGenerateInDDl>
<parsed>true</parsed>
<columns itemClass="oracle.dbtools.crest.model.design.relational.Column">
<Column name="equipment_state" id="82E33099-C2A9-343C-A5B0-7B02DEB56D56">
<createdBy>marinfotache</createdBy>
<createdTime>2018-10-25 18:54:52 UTC</createdTime>
<generatorID>8DC8E84F-69C6-C971-D8FD-C345DA98BB35</generatorID>
<ownerDesignName>catering_1</ownerDesignName>
<nullsAllowed>true</nullsAllowed>
<useDomainConstraints>false</useDomainConstraints>
<use>1</use>
<logicalDatatype>LOGDT037</logicalDatatype>
<dataTypeSize>50</dataTypeSize>
<ownDataTypeParameters>50,,</ownDataTypeParameters>
<autoIncrementCycle>false</autoIncrementCycle>
</Column>
<Column name="comments" id="9127B91B-4FD1-A454-D29F-F40D024E564A">
<createdBy>marinfotache</createdBy>
<createdTime>2018-10-25 18:54:52 UTC</createdTime>
<generatorID>FCD9162F-FFE8-92E0-3B79-5F0DC92450C6</generatorID>
<ownerDesignName>catering_1</ownerDesignName>
<nullsAllowed>true</nullsAllowed>
<useDomainConstraints>false</useDomainConstraints>
<use>1</use>
<logicalDatatype>LOGDT037</logicalDatatype>
<dataTypeSize>100</dataTypeSize>
<ownDataTypeParameters>100,,</ownDataTypeParameters>
<autoIncrementCycle>false</autoIncrementCycle>
</Column>
<Column name="return_return_ID1" id="99BA323C-5827-40B0-2FE5-3BC9EE5CD5C9">
<createdBy>marinfotache</createdBy>
<createdTime>2018-10-25 18:54:52 UTC</createdTime>
<ownerDesignName>catering_1</ownerDesignName>
<useDomainConstraints>false</useDomainConstraints>
<use>1</use>
<logicalDatatype>LOGDT019</logicalDatatype>
<ownDataTypeParameters>,,</ownDataTypeParameters>
<previousColumn>false</previousColumn>
<autoIncrementCycle>false</autoIncrementCycle>
<associations>
<colAssociation fkAssociation="D753C7E1-AAE1-412B-CF9F-0CC18EAF88DA" referredColumn="5ABF7B1B-5EFC-5DF9-4C84-E76D64B8C531"/>
</associations>
</Column>
<Column name="equipment_equipment_ID1" id="BF477FF2-1F41-67B8-E244-1270C9D87DE5">
<createdBy>marinfotache</createdBy>
<createdTime>2018-10-25 18:54:52 UTC</createdTime>
<ownerDesignName>catering_1</ownerDesignName>
<useDomainConstraints>false</useDomainConstraints>
<use>1</use>
<logicalDatatype>LOGDT019</logicalDatatype>
<ownDataTypeParameters>,,</ownDataTypeParameters>
<previousColumn>false</previousColumn>
<autoIncrementCycle>false</autoIncrementCycle>
<associations>
<colAssociation fkAssociation="8946D6ED-2F97-22DE-F080-E8991CAF8CAF" referredColumn="ECF41F0D-7D95-C9FE-9F05-8E3B7F8F5B90"/>
</associations>
</Column>
</columns>
<indexes itemClass="oracle.dbtools.crest.model.design.relational.Index">
<ind_PK_UK id="879F4772-98BE-A426-CAEC-AC19061E7A53" name="returned_equipm__pk">
<createdBy>marinfotache</createdBy>
<createdTime>2018-10-25 18:54:52 UTC</createdTime>
<generatorID>2F59AAB7-8767-DFCF-D284-8CEB5837949E</generatorID>
<ownerDesignName>catering_1</ownerDesignName>
<pk>true</pk>
<indexState>Primary Constraint</indexState>
<isSurrogateKey>false</isSurrogateKey>
<indexColumnUsage>
<colUsage columnID="BF477FF2-1F41-67B8-E244-1270C9D87DE5"/>
<colUsage columnID="99BA323C-5827-40B0-2FE5-3BC9EE5CD5C9"/>
</indexColumnUsage>
</ind_PK_UK>
<ind_PK_UK id="CC16D299-6011-7987-7826-403A975DCE64" name="can_contain">
<createdBy>marinfotache</createdBy>
<createdTime>2018-10-25 18:54:52 UTC</createdTime>
<generatorID>4C146004-FFFC-F8C4-F704-EDDAFA93C6CB</generatorID>
<ownerDesignName>catering_1</ownerDesignName>
<indexState>Foreign Key</indexState>
<isSurrogateKey>false</isSurrogateKey>
<indexColumnUsage>
<colUsage columnID="99BA323C-5827-40B0-2FE5-3BC9EE5CD5C9"/>
</indexColumnUsage>
</ind_PK_UK>
<ind_PK_UK id="A89396E9-EF3A-2523-C656-8FECCD5C7E8A" name="is_returned_with">
<createdBy>marinfotache</createdBy>
<createdTime>2018-10-25 18:54:52 UTC</createdTime>
<generatorID>4B7F132B-17A3-36BF-0461-429490B8CC58</generatorID>
<ownerDesignName>catering_1</ownerDesignName>
<indexState>Foreign Key</indexState>
<isSurrogateKey>false</isSurrogateKey>
<indexColumnUsage>
<colUsage columnID="BF477FF2-1F41-67B8-E244-1270C9D87DE5"/>
</indexColumnUsage>
</ind_PK_UK>
</indexes>
</Table>