<?xml version = '1.0' encoding = 'UTF-8'?>
<Table class="oracle.dbtools.crest.model.design.relational.Table" directorySegmentName="seg_0" id="58EA05EB-1583-70B6-A53B-9DF784D13AB3" name="invoice_order">
<createdBy>marinfotache</createdBy>
<createdTime>2018-10-25 18:54:52 UTC</createdTime>
<generatorID>4A99BB51-F105-BC26-7BE5-E481C970DBF2</generatorID>
<ownerDesignName>catering_1</ownerDesignName>
<allowColumnReorder>false</allowColumnReorder>
<existDependencyGenerateInDDl>true</existDependencyGenerateInDDl>
<parsed>true</parsed>
<columns itemClass="oracle.dbtools.crest.model.design.relational.Column">
<Column name="amount_invoice_order" id="FA47B31A-1340-F641-8A20-0E3A75EFD1C6">
<createdBy>marinfotache</createdBy>
<createdTime>2018-10-25 18:54:52 UTC</createdTime>
<generatorID>BB8D529D-0A71-A041-5EDC-A183FCEEDC4B</generatorID>
<ownerDesignName>catering_1</ownerDesignName>
<useDomainConstraints>false</useDomainConstraints>
<use>1</use>
<logicalDatatype>LOGDT019</logicalDatatype>
<dataTypePrecision>12</dataTypePrecision>
<dataTypeScale>2</dataTypeScale>
<ownDataTypeParameters>,12,2</ownDataTypeParameters>
<autoIncrementCycle>false</autoIncrementCycle>
</Column>
<Column name="order_order_ID1" id="B285CF6F-BFC3-BBE1-3AB5-65D2C042DA71">
<createdBy>marinfotache</createdBy>
<createdTime>2018-10-25 18:54:52 UTC</createdTime>
<ownerDesignName>catering_1</ownerDesignName>
<useDomainConstraints>false</useDomainConstraints>
<use>1</use>
<logicalDatatype>LOGDT019</logicalDatatype>
<ownDataTypeParameters>,,</ownDataTypeParameters>
<previousColumn>false</previousColumn>
<autoIncrementCycle>false</autoIncrementCycle>
<associations>
<colAssociation fkAssociation="B131E2CA-2E56-6F37-018D-56B37DB1E57F" referredColumn="0B92D70D-BE60-D922-5D5C-4864E05954A0"/>
</associations>
</Column>
<Column name="invoice_invoice_ID" id="72F0FB99-CC51-0D54-27B3-24E7DE0294D8">
<createdBy>marinfotache</createdBy>
<createdTime>2018-10-25 18:54:52 UTC</createdTime>
<ownerDesignName>catering_1</ownerDesignName>
<useDomainConstraints>false</useDomainConstraints>
<use>1</use>
<logicalDatatype>LOGDT019</logicalDatatype>
<ownDataTypeParameters>,,</ownDataTypeParameters>
<previousColumn>false</previousColumn>
<autoIncrementCycle>false</autoIncrementCycle>
<associations>
<colAssociation fkAssociation="5D2647D1-5CF8-E29D-A852-B2670BA3F59E" referredColumn="46D0F51B-636B-24F9-7664-2ABE2E2695D3"/>
</associations>
</Column>
</columns>
<indexes itemClass="oracle.dbtools.crest.model.design.relational.Index">
<ind_PK_UK id="15EBA566-A342-1E67-773A-617EC6D01591" name="invoice_order_PK">
<createdBy>marinfotache</createdBy>
<createdTime>2018-10-25 18:54:52 UTC</createdTime>
<generatorID>7ADFB8B1-1700-E97B-C349-5C57925966F5</generatorID>
<ownerDesignName>catering_1</ownerDesignName>
<pk>true</pk>
<indexState>Primary Constraint</indexState>
<isSurrogateKey>false</isSurrogateKey>
<indexColumnUsage>
<colUsage columnID="72F0FB99-CC51-0D54-27B3-24E7DE0294D8"/>
<colUsage columnID="B285CF6F-BFC3-BBE1-3AB5-65D2C042DA71"/>
</indexColumnUsage>
</ind_PK_UK>
<ind_PK_UK id="377886F6-E357-01DF-B1DD-913AD117B421" name="invoice_orders__pk">
<createdBy>marinfotache</createdBy>
<createdTime>2018-10-25 18:54:52 UTC</createdTime>
<generatorID>0D0C8FE3-22BA-F48F-EFB8-C924AA50261A</generatorID>
<ownerDesignName>catering_1</ownerDesignName>
<indexState>Unique Constraint</indexState>
<isSurrogateKey>false</isSurrogateKey>
<indexColumnUsage>
<colUsage columnID="B285CF6F-BFC3-BBE1-3AB5-65D2C042DA71"/>
<colUsage columnID="72F0FB99-CC51-0D54-27B3-24E7DE0294D8"/>
</indexColumnUsage>
</ind_PK_UK>
<ind_PK_UK id="952002EF-B6EF-DDE0-F2D1-3A3FECDFB12A" name="is_included_in">
<createdBy>marinfotache</createdBy>
<createdTime>2018-10-25 18:54:52 UTC</createdTime>
<generatorID>B2FD1270-B8AB-BAB2-56DC-292000D5CBF3</generatorID>
<ownerDesignName>catering_1</ownerDesignName>
<indexState>Foreign Key</indexState>
<isSurrogateKey>false</isSurrogateKey>
<indexColumnUsage>
<colUsage columnID="B285CF6F-BFC3-BBE1-3AB5-65D2C042DA71"/>
</indexColumnUsage>
</ind_PK_UK>
<ind_PK_UK id="A4AFE037-832B-8D92-CF69-3D97511CC9FF" name="refers_to_order_">
<createdBy>marinfotache</createdBy>
<createdTime>2018-10-25 18:54:52 UTC</createdTime>
<generatorID>EA955EF5-4765-8683-A39B-55C949CCBEE7</generatorID>
<ownerDesignName>catering_1</ownerDesignName>
<indexState>Foreign Key</indexState>
<isSurrogateKey>false</isSurrogateKey>
<indexColumnUsage>
<colUsage columnID="72F0FB99-CC51-0D54-27B3-24E7DE0294D8"/>
</indexColumnUsage>
</ind_PK_UK>
</indexes>
</Table>