<?xml version = '1.0' encoding = 'UTF-8'?>
<Table class="oracle.dbtools.crest.model.design.relational.Table" directorySegmentName="seg_0" id="62CC133F-3B0A-6D56-B805-F92C422FE187" name="equipment">
<createdBy>marinfotache</createdBy>
<createdTime>2018-10-25 18:54:52 UTC</createdTime>
<generatorID>1A7043D9-89BC-C2C1-65DC-E34DF9DF13F3</generatorID>
<ownerDesignName>catering_1</ownerDesignName>
<allowColumnReorder>false</allowColumnReorder>
<existDependencyGenerateInDDl>true</existDependencyGenerateInDDl>
<parsed>true</parsed>
<columns itemClass="oracle.dbtools.crest.model.design.relational.Column">
<Column name="equipment_id" id="35A3DAC7-430E-7813-AEBE-2CFC5B9CD711">
<createdBy>marinfotache</createdBy>
<createdTime>2018-10-25 18:54:52 UTC</createdTime>
<generatorID>C48898F1-310C-3CD1-D542-B8E2420F1D54</generatorID>
<ownerDesignName>catering_1</ownerDesignName>
<useDomainConstraints>false</useDomainConstraints>
<use>1</use>
<logicalDatatype>LOGDT011</logicalDatatype>
<ownDataTypeParameters>,,</ownDataTypeParameters>
<autoIncrementCycle>false</autoIncrementCycle>
</Column>
<Column name="equipment_name" id="26672E5F-BE62-8353-BE8F-037816E57282">
<createdBy>marinfotache</createdBy>
<createdTime>2018-10-25 18:54:52 UTC</createdTime>
<generatorID>916DCDA7-062E-0F3F-38C4-4C963943FF7E</generatorID>
<ownerDesignName>catering_1</ownerDesignName>
<useDomainConstraints>false</useDomainConstraints>
<use>1</use>
<logicalDatatype>LOGDT037</logicalDatatype>
<dataTypeSize>50</dataTypeSize>
<ownDataTypeParameters>50,,</ownDataTypeParameters>
<autoIncrementCycle>false</autoIncrementCycle>
</Column>
<Column name="equipment_category" id="0D39255F-DC8E-B13A-7C07-5FA4A1F508AD">
<createdBy>marinfotache</createdBy>
<createdTime>2018-10-25 18:54:52 UTC</createdTime>
<generatorID>0451C40D-7459-EED1-EDFB-FE98335ED930</generatorID>
<ownerDesignName>catering_1</ownerDesignName>
<nullsAllowed>true</nullsAllowed>
<useDomainConstraints>false</useDomainConstraints>
<use>1</use>
<logicalDatatype>LOGDT024</logicalDatatype>
<dataTypeSize>50</dataTypeSize>
<defaultValue>&apos;expresoare cafea&apos;</defaultValue>
<ownDataTypeParameters>50,,</ownDataTypeParameters>
<autoIncrementCycle>false</autoIncrementCycle>
</Column>
<Column name="acquirement_date" id="3FC2C4C9-0BCD-46B0-CBEF-69FE3E024665">
<createdBy>marinfotache</createdBy>
<createdTime>2018-10-25 18:54:52 UTC</createdTime>
<generatorID>1ACC113E-6735-9AF6-4FBF-8DA570956466</generatorID>
<ownerDesignName>catering_1</ownerDesignName>
<nullsAllowed>true</nullsAllowed>
<useDomainConstraints>false</useDomainConstraints>
<use>1</use>
<logicalDatatype>LOGDT007</logicalDatatype>
<ownDataTypeParameters>,,</ownDataTypeParameters>
<autoIncrementCycle>false</autoIncrementCycle>
</Column>
<Column name="comments" id="63711472-3D7A-0F99-D5EB-D263C0C40A9E">
<createdBy>marinfotache</createdBy>
<createdTime>2018-10-25 18:54:52 UTC</createdTime>
<generatorID>9D15ADAD-B32F-91F9-CD1A-30EF570AFE65</generatorID>
<ownerDesignName>catering_1</ownerDesignName>
<nullsAllowed>true</nullsAllowed>
<useDomainConstraints>false</useDomainConstraints>
<use>1</use>
<logicalDatatype>LOGDT024</logicalDatatype>
<dataTypeSize>100</dataTypeSize>
<ownDataTypeParameters>100,,</ownDataTypeParameters>
<autoIncrementCycle>false</autoIncrementCycle>
</Column>
<Column name="equipment_ID1" id="ECF41F0D-7D95-C9FE-9F05-8E3B7F8F5B90">
<createdBy>marinfotache</createdBy>
<createdTime>2018-10-25 18:54:52 UTC</createdTime>
<ownerDesignName>catering_1</ownerDesignName>
<useDomainConstraints>false</useDomainConstraints>
<use>1</use>
<logicalDatatype>LOGDT019</logicalDatatype>
<ownDataTypeParameters>,,</ownDataTypeParameters>
<autoIncrementColumn>true</autoIncrementColumn>
<identityColumn>true</identityColumn>
<autoIncrementCycle>false</autoIncrementCycle>
<isSurrogateColumn>true</isSurrogateColumn>
</Column>
</columns>
<indexes itemClass="oracle.dbtools.crest.model.design.relational.Index">
<ind_PK_UK id="13B6DA7C-D153-8072-2087-AED7FC057731" name="equipment_PK">
<createdBy>marinfotache</createdBy>
<createdTime>2018-10-25 18:54:52 UTC</createdTime>
<ownerDesignName>catering_1</ownerDesignName>
<pk>true</pk>
<indexState>Primary Constraint</indexState>
<indexColumnUsage>
<colUsage columnID="ECF41F0D-7D95-C9FE-9F05-8E3B7F8F5B90"/>
</indexColumnUsage>
</ind_PK_UK>
<ind_PK_UK id="F752AFDD-DF51-047F-02E9-86C64A253FA7" name="equipment_equipment_id_UN">
<createdBy>marinfotache</createdBy>
<createdTime>2018-10-25 18:54:52 UTC</createdTime>
<generatorID>175F803F-688F-F4F5-1853-77C4201732E3</generatorID>
<ownerDesignName>catering_1</ownerDesignName>
<indexState>Unique Constraint</indexState>
<isSurrogateKey>false</isSurrogateKey>
<indexColumnUsage>
<colUsage columnID="35A3DAC7-430E-7813-AEBE-2CFC5B9CD711"/>
</indexColumnUsage>
</ind_PK_UK>
</indexes>
</Table>