<?xml version = '1.0' encoding = 'UTF-8'?>
<Table class="oracle.dbtools.crest.model.design.relational.Table" directorySegmentName="seg_0" id="6496588B-B813-BB77-ADA7-24CDE54BA62A" name="return">
<createdBy>marinfotache</createdBy>
<createdTime>2018-10-25 18:54:52 UTC</createdTime>
<generatorID>63C59E17-0366-CCEF-B991-6526CD768E82</generatorID>
<ownerDesignName>catering_1</ownerDesignName>
<allowColumnReorder>false</allowColumnReorder>
<existDependencyGenerateInDDl>true</existDependencyGenerateInDDl>
<parsed>true</parsed>
<columns itemClass="oracle.dbtools.crest.model.design.relational.Column">
<Column name="return_id" id="2968A4E6-D0A8-EF8F-1ADE-5734D3E0E7AB">
<createdBy>marinfotache</createdBy>
<createdTime>2018-10-25 18:54:52 UTC</createdTime>
<generatorID>073E146F-51A4-4308-B3AB-AD36E5B8043D</generatorID>
<ownerDesignName>catering_1</ownerDesignName>
<useDomainConstraints>false</useDomainConstraints>
<use>1</use>
<logicalDatatype>LOGDT011</logicalDatatype>
<ownDataTypeParameters>,,</ownDataTypeParameters>
<autoIncrementCycle>false</autoIncrementCycle>
</Column>
<Column name="return_timestamp" id="A90EE2C1-C6B3-2F13-EF48-87BAFF26C220">
<createdBy>marinfotache</createdBy>
<createdTime>2018-10-25 18:54:52 UTC</createdTime>
<generatorID>866A1846-6FD2-C6D3-130B-2DE897BB3474</generatorID>
<ownerDesignName>catering_1</ownerDesignName>
<nullsAllowed>true</nullsAllowed>
<useDomainConstraints>false</useDomainConstraints>
<use>1</use>
<logicalDatatype>LOGDT047</logicalDatatype>
<ownDataTypeParameters>,,</ownDataTypeParameters>
<autoIncrementCycle>false</autoIncrementCycle>
</Column>
<Column name="comments" id="7A660527-9337-CDA3-E270-4036684349A8">
<createdBy>marinfotache</createdBy>
<createdTime>2018-10-25 18:54:52 UTC</createdTime>
<generatorID>5BD42B10-4771-ECCD-7E8F-FF0F60410997</generatorID>
<ownerDesignName>catering_1</ownerDesignName>
<nullsAllowed>true</nullsAllowed>
<useDomainConstraints>false</useDomainConstraints>
<use>1</use>
<logicalDatatype>LOGDT024</logicalDatatype>
<dataTypeSize>100</dataTypeSize>
<ownDataTypeParameters>100,,</ownDataTypeParameters>
<autoIncrementCycle>false</autoIncrementCycle>
</Column>
<Column name="return_ID1" id="5ABF7B1B-5EFC-5DF9-4C84-E76D64B8C531">
<createdBy>marinfotache</createdBy>
<createdTime>2018-10-25 18:54:52 UTC</createdTime>
<ownerDesignName>catering_1</ownerDesignName>
<useDomainConstraints>false</useDomainConstraints>
<use>1</use>
<logicalDatatype>LOGDT019</logicalDatatype>
<ownDataTypeParameters>,,</ownDataTypeParameters>
<autoIncrementColumn>true</autoIncrementColumn>
<identityColumn>true</identityColumn>
<autoIncrementCycle>false</autoIncrementCycle>
<isSurrogateColumn>true</isSurrogateColumn>
</Column>
<Column name="employee_employee_ID" id="1D2938AA-BBBD-23CC-6F68-13B236C34AFE">
<createdBy>marinfotache</createdBy>
<createdTime>2018-10-25 18:54:52 UTC</createdTime>
<ownerDesignName>catering_1</ownerDesignName>
<useDomainConstraints>false</useDomainConstraints>
<use>1</use>
<logicalDatatype>LOGDT019</logicalDatatype>
<ownDataTypeParameters>,,</ownDataTypeParameters>
<previousColumn>false</previousColumn>
<autoIncrementCycle>false</autoIncrementCycle>
<associations>
<colAssociation fkAssociation="05863C19-1EB2-6471-33FD-D172A57C2086" referredColumn="AEFB8348-1D91-8BCA-D9DE-23676EB2C84E"/>
</associations>
</Column>
<Column name="order_order_ID1" id="FD620849-84F9-F45B-72F5-B69CAC0C120D">
<createdBy>marinfotache</createdBy>
<createdTime>2018-10-25 18:54:52 UTC</createdTime>
<ownerDesignName>catering_1</ownerDesignName>
<useDomainConstraints>false</useDomainConstraints>
<use>1</use>
<logicalDatatype>LOGDT019</logicalDatatype>
<ownDataTypeParameters>,,</ownDataTypeParameters>
<previousColumn>false</previousColumn>
<autoIncrementCycle>false</autoIncrementCycle>
<associations>
<colAssociation fkAssociation="64EEB1CC-264A-CC05-B235-1C93C0A16314" referredColumn="0B92D70D-BE60-D922-5D5C-4864E05954A0"/>
</associations>
</Column>
</columns>
<indexes itemClass="oracle.dbtools.crest.model.design.relational.Index">
<ind_PK_UK id="394A2033-9458-80A3-F4F7-789028E1531E" name="return_PK">
<createdBy>marinfotache</createdBy>
<createdTime>2018-10-25 18:54:52 UTC</createdTime>
<ownerDesignName>catering_1</ownerDesignName>
<pk>true</pk>
<indexState>Primary Constraint</indexState>
<indexColumnUsage>
<colUsage columnID="5ABF7B1B-5EFC-5DF9-4C84-E76D64B8C531"/>
</indexColumnUsage>
</ind_PK_UK>
<ind_PK_UK id="B7BC1DFF-2CD3-F2D5-BBAA-8E1C2D07103A" name="return_return_id_UN">
<createdBy>marinfotache</createdBy>
<createdTime>2018-10-25 18:54:52 UTC</createdTime>
<generatorID>B7399338-5A82-C519-3D1F-132671AA7BD2</generatorID>
<ownerDesignName>catering_1</ownerDesignName>
<indexState>Unique Constraint</indexState>
<isSurrogateKey>false</isSurrogateKey>
<indexColumnUsage>
<colUsage columnID="2968A4E6-D0A8-EF8F-1ADE-5734D3E0E7AB"/>
</indexColumnUsage>
</ind_PK_UK>
<ind_PK_UK id="801EED53-CFFB-6987-D980-4602D41B3A3B" name="coordinates">
<createdBy>marinfotache</createdBy>
<createdTime>2018-10-25 18:54:52 UTC</createdTime>
<generatorID>6A686C51-B1DC-7AA4-D7D3-4BE3F2BA3F71</generatorID>
<ownerDesignName>catering_1</ownerDesignName>
<indexState>Foreign Key</indexState>
<isSurrogateKey>false</isSurrogateKey>
<indexColumnUsage>
<colUsage columnID="1D2938AA-BBBD-23CC-6F68-13B236C34AFE"/>
</indexColumnUsage>
</ind_PK_UK>
<ind_PK_UK id="2D315FE5-5984-FCA2-7426-4573163934C0" name="could_by_returned_with">
<createdBy>marinfotache</createdBy>
<createdTime>2018-10-25 18:54:52 UTC</createdTime>
<generatorID>3527152B-F5DE-819E-5DE3-03AA751BF6FF</generatorID>
<ownerDesignName>catering_1</ownerDesignName>
<indexState>Foreign Key</indexState>
<isSurrogateKey>false</isSurrogateKey>
<indexColumnUsage>
<colUsage columnID="FD620849-84F9-F45B-72F5-B69CAC0C120D"/>
</indexColumnUsage>
</ind_PK_UK>
</indexes>
</Table>