<?xml version = '1.0' encoding = 'UTF-8'?>
<Table class="oracle.dbtools.crest.model.design.relational.Table" directorySegmentName="seg_0" id="67E66D7D-484A-61B4-77F2-801A0C56C097" name="receipt_invoice">
<createdBy>marinfotache</createdBy>
<createdTime>2018-10-25 18:54:52 UTC</createdTime>
<generatorID>E1F23145-C10B-023C-205C-4782680B5959</generatorID>
<ownerDesignName>catering_1</ownerDesignName>
<allowColumnReorder>false</allowColumnReorder>
<existDependencyGenerateInDDl>true</existDependencyGenerateInDDl>
<parsed>true</parsed>
<columns itemClass="oracle.dbtools.crest.model.design.relational.Column">
<Column name="amount_inv_rec" id="6C1320A7-EFE1-310F-502D-CA7939189C1D">
<createdBy>marinfotache</createdBy>
<createdTime>2018-10-25 18:54:52 UTC</createdTime>
<generatorID>FF77796B-04DC-5C60-9958-41CB057FF184</generatorID>
<ownerDesignName>catering_1</ownerDesignName>
<nullsAllowed>true</nullsAllowed>
<useDomainConstraints>false</useDomainConstraints>
<use>1</use>
<logicalDatatype>LOGDT019</logicalDatatype>
<dataTypePrecision>12</dataTypePrecision>
<dataTypeScale>2</dataTypeScale>
<ownDataTypeParameters>,12,2</ownDataTypeParameters>
<autoIncrementCycle>false</autoIncrementCycle>
</Column>
<Column name="invoice_invoice_ID" id="0D252E9A-F34E-A975-DB56-85A195CBE12E">
<createdBy>marinfotache</createdBy>
<createdTime>2018-10-25 18:54:52 UTC</createdTime>
<ownerDesignName>catering_1</ownerDesignName>
<useDomainConstraints>false</useDomainConstraints>
<use>1</use>
<logicalDatatype>LOGDT019</logicalDatatype>
<ownDataTypeParameters>,,</ownDataTypeParameters>
<previousColumn>false</previousColumn>
<autoIncrementCycle>false</autoIncrementCycle>
<associations>
<colAssociation fkAssociation="E9DB77CB-4455-F335-DE61-2E3E4CE4D778" referredColumn="46D0F51B-636B-24F9-7664-2ABE2E2695D3"/>
</associations>
</Column>
<Column name="receipt_receipt_ID1" id="98EDD5F9-6991-2C42-A096-F1A57878E074">
<createdBy>marinfotache</createdBy>
<createdTime>2018-10-25 18:54:52 UTC</createdTime>
<ownerDesignName>catering_1</ownerDesignName>
<useDomainConstraints>false</useDomainConstraints>
<use>1</use>
<logicalDatatype>LOGDT019</logicalDatatype>
<ownDataTypeParameters>,,</ownDataTypeParameters>
<previousColumn>false</previousColumn>
<autoIncrementCycle>false</autoIncrementCycle>
<associations>
<colAssociation fkAssociation="F33F43C6-3B2A-B80B-553A-2D1433F68243" referredColumn="CE5B8B8A-6185-D342-1DD7-F4C305AF4741"/>
</associations>
</Column>
</columns>
<indexes itemClass="oracle.dbtools.crest.model.design.relational.Index">
<ind_PK_UK id="750761EC-46DC-A944-351A-B21A58A21D0C" name="receipt_invoice_PK">
<createdBy>marinfotache</createdBy>
<createdTime>2018-10-25 18:54:52 UTC</createdTime>
<generatorID>3D6EDE4E-9930-9E65-6367-EE0AA7F03A06</generatorID>
<ownerDesignName>catering_1</ownerDesignName>
<pk>true</pk>
<indexState>Primary Constraint</indexState>
<isSurrogateKey>false</isSurrogateKey>
<indexColumnUsage>
<colUsage columnID="98EDD5F9-6991-2C42-A096-F1A57878E074"/>
<colUsage columnID="0D252E9A-F34E-A975-DB56-85A195CBE12E"/>
</indexColumnUsage>
</ind_PK_UK>
<ind_PK_UK id="CE4CCBDC-69F6-5EFB-FE05-E0030AE71639" name="receipt_invoices__pk">
<createdBy>marinfotache</createdBy>
<createdTime>2018-10-25 18:54:52 UTC</createdTime>
<generatorID>2B802D10-68E7-2756-8EB6-6206B46CCDA1</generatorID>
<ownerDesignName>catering_1</ownerDesignName>
<indexState>Unique Constraint</indexState>
<isSurrogateKey>false</isSurrogateKey>
<indexColumnUsage>
<colUsage columnID="0D252E9A-F34E-A975-DB56-85A195CBE12E"/>
<colUsage columnID="98EDD5F9-6991-2C42-A096-F1A57878E074"/>
</indexColumnUsage>
</ind_PK_UK>
<ind_PK_UK id="E33D9098-4F3B-68CE-A550-6541A1B9F34B" name="is_payed_with_">
<createdBy>marinfotache</createdBy>
<createdTime>2018-10-25 18:54:52 UTC</createdTime>
<generatorID>4BED6462-BAB5-4087-9158-F94758DE8A1B</generatorID>
<ownerDesignName>catering_1</ownerDesignName>
<indexState>Foreign Key</indexState>
<isSurrogateKey>false</isSurrogateKey>
<indexColumnUsage>
<colUsage columnID="0D252E9A-F34E-A975-DB56-85A195CBE12E"/>
</indexColumnUsage>
</ind_PK_UK>
<ind_PK_UK id="40F8BEA7-914B-0300-B938-613F0C718162" name="part_of_rec">
<createdBy>marinfotache</createdBy>
<createdTime>2018-10-25 18:54:52 UTC</createdTime>
<generatorID>72B0C29C-592D-1710-A592-31D6149A26A5</generatorID>
<ownerDesignName>catering_1</ownerDesignName>
<indexState>Foreign Key</indexState>
<isSurrogateKey>false</isSurrogateKey>
<indexColumnUsage>
<colUsage columnID="98EDD5F9-6991-2C42-A096-F1A57878E074"/>
</indexColumnUsage>
</ind_PK_UK>
</indexes>
</Table>