<?xml version = '1.0' encoding = 'UTF-8'?>
<Table class="oracle.dbtools.crest.model.design.relational.Table" directorySegmentName="seg_0" id="9103726E-1A28-A894-8E92-57C559A8C2C7" name="recipe_product">
<createdBy>marinfotache</createdBy>
<createdTime>2018-10-25 18:54:52 UTC</createdTime>
<generatorID>4E4CD229-C452-315D-1863-E2B7422337D3</generatorID>
<ownerDesignName>catering_1</ownerDesignName>
<allowColumnReorder>false</allowColumnReorder>
<existDependencyGenerateInDDl>true</existDependencyGenerateInDDl>
<parsed>true</parsed>
<columns itemClass="oracle.dbtools.crest.model.design.relational.Column">
<Column name="prescribed_quantity" id="029B6005-1169-98DA-E4FE-F8FE51386ACF">
<createdBy>marinfotache</createdBy>
<createdTime>2018-10-25 18:54:52 UTC</createdTime>
<generatorID>49BF7C16-466B-8715-0495-626C2E3BE2EE</generatorID>
<ownerDesignName>catering_1</ownerDesignName>
<useDomainConstraints>false</useDomainConstraints>
<use>1</use>
<logicalDatatype>LOGDT019</logicalDatatype>
<dataTypePrecision>9</dataTypePrecision>
<dataTypeScale>3</dataTypeScale>
<defaultValue>1</defaultValue>
<ownDataTypeParameters>,9,3</ownDataTypeParameters>
<autoIncrementCycle>false</autoIncrementCycle>
</Column>
<Column name="comments" id="F3873A43-7EC5-93AD-A82D-C5FA33D7E9C7">
<createdBy>marinfotache</createdBy>
<createdTime>2018-10-25 18:54:52 UTC</createdTime>
<generatorID>F9DBF290-6019-5EE7-BA71-478601FD359D</generatorID>
<ownerDesignName>catering_1</ownerDesignName>
<nullsAllowed>true</nullsAllowed>
<useDomainConstraints>false</useDomainConstraints>
<use>1</use>
<logicalDatatype>LOGDT037</logicalDatatype>
<dataTypeSize>100</dataTypeSize>
<ownDataTypeParameters>100,,</ownDataTypeParameters>
<autoIncrementCycle>false</autoIncrementCycle>
</Column>
<Column name="product_product_ID" id="6EE7DB27-2C7E-357E-A572-F261AD81EED1">
<createdBy>marinfotache</createdBy>
<createdTime>2018-10-25 18:54:52 UTC</createdTime>
<ownerDesignName>catering_1</ownerDesignName>
<useDomainConstraints>false</useDomainConstraints>
<use>1</use>
<logicalDatatype>LOGDT019</logicalDatatype>
<ownDataTypeParameters>,,</ownDataTypeParameters>
<previousColumn>false</previousColumn>
<autoIncrementCycle>false</autoIncrementCycle>
<associations>
<colAssociation fkAssociation="49843C4D-CFD1-C903-9CF6-D1BF01C916CF" referredColumn="BF4C0CEA-6BCA-0D86-83DA-1BA0916471CD"/>
</associations>
</Column>
<Column name="product_product_ID1" id="F4111BF0-B3D2-13FD-FB66-F3A5BC42E8DD">
<createdBy>marinfotache</createdBy>
<createdTime>2018-10-25 18:54:52 UTC</createdTime>
<ownerDesignName>catering_1</ownerDesignName>
<useDomainConstraints>false</useDomainConstraints>
<use>1</use>
<logicalDatatype>LOGDT019</logicalDatatype>
<ownDataTypeParameters>,,</ownDataTypeParameters>
<previousColumn>false</previousColumn>
<autoIncrementCycle>false</autoIncrementCycle>
<associations>
<colAssociation fkAssociation="67C79A62-D322-7835-5FD2-813FFFD7C1A1" referredColumn="BF4C0CEA-6BCA-0D86-83DA-1BA0916471CD"/>
</associations>
</Column>
</columns>
<indexes itemClass="oracle.dbtools.crest.model.design.relational.Index">
<ind_PK_UK id="E0E18FE3-649A-BFB4-AA8E-58A6F73B6F61" name="recipe_product_PKv1">
<createdBy>marinfotache</createdBy>
<createdTime>2018-10-25 18:54:52 UTC</createdTime>
<generatorID>E29C765F-9ACC-A853-12AE-D6F409B43F81</generatorID>
<ownerDesignName>catering_1</ownerDesignName>
<pk>true</pk>
<indexState>Primary Constraint</indexState>
<isSurrogateKey>false</isSurrogateKey>
<indexColumnUsage>
<colUsage columnID="F4111BF0-B3D2-13FD-FB66-F3A5BC42E8DD"/>
<colUsage columnID="6EE7DB27-2C7E-357E-A572-F261AD81EED1"/>
</indexColumnUsage>
</ind_PK_UK>
<ind_PK_UK id="6E3951E4-9ADE-74F1-F3A4-15018BB27EDA" name="recipe_products__pk">
<createdBy>marinfotache</createdBy>
<createdTime>2018-10-25 18:54:52 UTC</createdTime>
<generatorID>FB19BD7D-EF97-ECF0-14C4-7FDE49894C79</generatorID>
<ownerDesignName>catering_1</ownerDesignName>
<indexState>Unique Constraint</indexState>
<isSurrogateKey>false</isSurrogateKey>
<indexColumnUsage>
<colUsage columnID="6EE7DB27-2C7E-357E-A572-F261AD81EED1"/>
<colUsage columnID="F4111BF0-B3D2-13FD-FB66-F3A5BC42E8DD"/>
</indexColumnUsage>
</ind_PK_UK>
<ind_PK_UK id="F1DD4F92-1936-E31F-C2E0-33AF1D0F17D4" name="recipe_product_PK">
<createdBy>marinfotache</createdBy>
<createdTime>2018-10-25 18:54:52 UTC</createdTime>
<generatorID>0D8192BB-97A2-82D4-3CB0-FD7079E6096A</generatorID>
<ownerDesignName>catering_1</ownerDesignName>
<indexState>Unique Constraint</indexState>
<isSurrogateKey>false</isSurrogateKey>
</ind_PK_UK>
<ind_PK_UK id="6DE382CC-80DA-CF28-E69E-CC3453B232C9" name="an_ingredient">
<createdBy>marinfotache</createdBy>
<createdTime>2018-10-25 18:54:52 UTC</createdTime>
<generatorID>83FC4D13-492D-431C-FDB1-C96BF3BE477A</generatorID>
<ownerDesignName>catering_1</ownerDesignName>
<indexState>Foreign Key</indexState>
<isSurrogateKey>false</isSurrogateKey>
<indexColumnUsage>
<colUsage columnID="6EE7DB27-2C7E-357E-A572-F261AD81EED1"/>
</indexColumnUsage>
</ind_PK_UK>
<ind_PK_UK id="0FF73677-7F64-5AEE-39D7-642D221E0AB8" name="prepared_prod">
<createdBy>marinfotache</createdBy>
<createdTime>2018-10-25 18:54:52 UTC</createdTime>
<generatorID>4A07F31D-AA3A-8482-A79D-DF8449D8E2E5</generatorID>
<ownerDesignName>catering_1</ownerDesignName>
<indexState>Foreign Key</indexState>
<isSurrogateKey>false</isSurrogateKey>
<indexColumnUsage>
<colUsage columnID="F4111BF0-B3D2-13FD-FB66-F3A5BC42E8DD"/>
</indexColumnUsage>
</ind_PK_UK>
</indexes>
</Table>