<?xml version = '1.0' encoding = 'UTF-8'?>
<Table class="oracle.dbtools.crest.model.design.relational.Table" directorySegmentName="seg_0" id="9A58F465-C422-6FFF-8C7C-E9F08226CA01" name="displaced_equipment">
<createdBy>marinfotache</createdBy>
<createdTime>2018-10-25 18:54:52 UTC</createdTime>
<generatorID>BCF62260-65AE-1482-40D0-895D959353F4</generatorID>
<ownerDesignName>catering_1</ownerDesignName>
<allowColumnReorder>false</allowColumnReorder>
<existDependencyGenerateInDDl>true</existDependencyGenerateInDDl>
<parsed>true</parsed>
<columns itemClass="oracle.dbtools.crest.model.design.relational.Column">
<Column name="IdLivrare" id="2F75D9E2-7666-A816-1AF8-08A88A0D7E83">
<createdBy>marinfotache</createdBy>
<createdTime>2018-10-25 18:54:52 UTC</createdTime>
<generatorID>8A875442-851D-CD87-D9D6-B5A3024218C7</generatorID>
<ownerDesignName>catering_1</ownerDesignName>
<use>0</use>
<logicalDatatype>LOGDT019</logicalDatatype>
<domain>384970FF-147E-7781-BF3E-A35CFFB50EB1</domain>
<ownDataTypeParameters>,,</ownDataTypeParameters>
<autoIncrementCycle>false</autoIncrementCycle>
</Column>
<Column name="IdEchipament" id="AE77AC8E-5A46-1CDB-7A4B-D81CCA553FF9">
<createdBy>marinfotache</createdBy>
<createdTime>2018-10-25 18:54:52 UTC</createdTime>
<generatorID>7EF27D9F-5548-CF7C-AF80-21EE0AA916F0</generatorID>
<ownerDesignName>catering_1</ownerDesignName>
<use>0</use>
<logicalDatatype>LOGDT019</logicalDatatype>
<domain>9BD581CD-8F7F-E29A-F008-42C61632EB84</domain>
<ownDataTypeParameters>,,</ownDataTypeParameters>
<autoIncrementCycle>false</autoIncrementCycle>
</Column>
<Column name="ObsTranspEchipament" id="5EDE1DEA-9DB6-46FF-3492-4C67EE642559">
<createdBy>marinfotache</createdBy>
<createdTime>2018-10-25 18:54:52 UTC</createdTime>
<generatorID>BE82A40E-6843-90D9-8DB7-38FDE5EE7BAD</generatorID>
<ownerDesignName>catering_1</ownerDesignName>
<nullsAllowed>true</nullsAllowed>
<use>0</use>
<logicalDatatype>LOGDT024</logicalDatatype>
<domain>C0FA7077-2469-D688-D6EB-03928319A30D</domain>
<ownDataTypeParameters>,,</ownDataTypeParameters>
<autoIncrementCycle>false</autoIncrementCycle>
</Column>
<Column name="delivery_delivery_ID1" id="BC6910C6-F340-E90C-EA9E-C451282A17A4">
<createdBy>marinfotache</createdBy>
<createdTime>2018-10-25 18:54:52 UTC</createdTime>
<ownerDesignName>catering_1</ownerDesignName>
<useDomainConstraints>false</useDomainConstraints>
<use>1</use>
<logicalDatatype>LOGDT019</logicalDatatype>
<ownDataTypeParameters>,,</ownDataTypeParameters>
<previousColumn>false</previousColumn>
<autoIncrementCycle>false</autoIncrementCycle>
<associations>
<colAssociation fkAssociation="10B98DDD-ABD1-84E5-780D-CEB6518D99E8" referredColumn="8B7F1263-B419-4A21-89BE-38272AC75F27"/>
</associations>
</Column>
<Column name="equipment_equipment_ID1" id="834DFE19-CDD3-BF47-73BF-F0CB3C9800E2">
<createdBy>marinfotache</createdBy>
<createdTime>2018-10-25 18:54:52 UTC</createdTime>
<ownerDesignName>catering_1</ownerDesignName>
<useDomainConstraints>false</useDomainConstraints>
<use>1</use>
<logicalDatatype>LOGDT019</logicalDatatype>
<ownDataTypeParameters>,,</ownDataTypeParameters>
<previousColumn>false</previousColumn>
<autoIncrementCycle>false</autoIncrementCycle>
<associations>
<colAssociation fkAssociation="E6316BF4-D975-1A56-43C7-FBB483D3DA6A" referredColumn="ECF41F0D-7D95-C9FE-9F05-8E3B7F8F5B90"/>
</associations>
</Column>
</columns>
<indexes itemClass="oracle.dbtools.crest.model.design.relational.Index">
<ind_PK_UK id="777B3AB3-A919-1D1D-0BAD-0A4E42220D91" name="displaced_equip__pk">
<createdBy>marinfotache</createdBy>
<createdTime>2018-10-25 18:54:52 UTC</createdTime>
<generatorID>8B531E17-CAEB-5F91-A184-D831C1D08647</generatorID>
<ownerDesignName>catering_1</ownerDesignName>
<pk>true</pk>
<indexState>Primary Constraint</indexState>
<isSurrogateKey>false</isSurrogateKey>
<indexColumnUsage>
<colUsage columnID="834DFE19-CDD3-BF47-73BF-F0CB3C9800E2"/>
<colUsage columnID="BC6910C6-F340-E90C-EA9E-C451282A17A4"/>
</indexColumnUsage>
</ind_PK_UK>
<ind_PK_UK id="66BC3A26-2AD6-2619-BA2F-9AF6FC07904A" name="can_displace">
<createdBy>marinfotache</createdBy>
<createdTime>2018-10-25 18:54:52 UTC</createdTime>
<generatorID>93C9E9D2-3F85-5512-1B80-4F2FD6249DF6</generatorID>
<ownerDesignName>catering_1</ownerDesignName>
<indexState>Foreign Key</indexState>
<isSurrogateKey>false</isSurrogateKey>
<indexColumnUsage>
<colUsage columnID="BC6910C6-F340-E90C-EA9E-C451282A17A4"/>
</indexColumnUsage>
</ind_PK_UK>
<ind_PK_UK id="ED5CB599-C579-2E47-059F-98AF82DC5DFE" name="displaced_equipement_is">
<createdBy>marinfotache</createdBy>
<createdTime>2018-10-25 18:54:52 UTC</createdTime>
<generatorID>031000FD-2E68-387A-45FA-A0F18884DA45</generatorID>
<ownerDesignName>catering_1</ownerDesignName>
<indexState>Foreign Key</indexState>
<isSurrogateKey>false</isSurrogateKey>
<indexColumnUsage>
<colUsage columnID="834DFE19-CDD3-BF47-73BF-F0CB3C9800E2"/>
</indexColumnUsage>
</ind_PK_UK>
</indexes>
</Table>