<?xml version = '1.0' encoding = 'UTF-8'?>
<Table class="oracle.dbtools.crest.model.design.relational.Table" directorySegmentName="seg_0" id="A14C2B5E-54AA-B58F-80DA-F204E1254B36" name="vehicle">
<createdBy>marinfotache</createdBy>
<createdTime>2018-10-25 18:54:52 UTC</createdTime>
<generatorID>B46A4137-D7FA-11A1-0213-321C3B9AAE71</generatorID>
<ownerDesignName>catering_1</ownerDesignName>
<allowColumnReorder>false</allowColumnReorder>
<existDependencyGenerateInDDl>true</existDependencyGenerateInDDl>
<parsed>true</parsed>
<columns itemClass="oracle.dbtools.crest.model.design.relational.Column">
<Column name="vehicle_id" id="C6AC0EA7-ACEA-3A05-24FB-F370F0E21108">
<createdBy>marinfotache</createdBy>
<createdTime>2018-10-25 18:54:52 UTC</createdTime>
<generatorID>3A526836-F8A9-6F8A-1D85-8D503A42D329</generatorID>
<ownerDesignName>catering_1</ownerDesignName>
<useDomainConstraints>false</useDomainConstraints>
<use>1</use>
<logicalDatatype>LOGDT011</logicalDatatype>
<ownDataTypeParameters>,,</ownDataTypeParameters>
<autoIncrementCycle>false</autoIncrementCycle>
</Column>
<Column name="manufacturer" id="7B2A3FA2-362A-751A-1580-26F3AF930BCD">
<createdBy>marinfotache</createdBy>
<createdTime>2018-10-25 18:54:52 UTC</createdTime>
<generatorID>5659EFC2-6355-AE82-CF38-DD4445EA4490</generatorID>
<ownerDesignName>catering_1</ownerDesignName>
<useDomainConstraints>false</useDomainConstraints>
<use>1</use>
<logicalDatatype>LOGDT024</logicalDatatype>
<dataTypeSize>50</dataTypeSize>
<ownDataTypeParameters>50,,</ownDataTypeParameters>
<autoIncrementCycle>false</autoIncrementCycle>
</Column>
<Column name="vehicle_model" id="5A7AA192-2B67-748E-B3BE-320272DE5654">
<createdBy>marinfotache</createdBy>
<createdTime>2018-10-25 18:54:52 UTC</createdTime>
<generatorID>83F82CA0-AD86-0E35-2D45-2C6B9C817918</generatorID>
<ownerDesignName>catering_1</ownerDesignName>
<useDomainConstraints>false</useDomainConstraints>
<use>1</use>
<logicalDatatype>LOGDT024</logicalDatatype>
<dataTypeSize>50</dataTypeSize>
<ownDataTypeParameters>50,,</ownDataTypeParameters>
<autoIncrementCycle>false</autoIncrementCycle>
</Column>
<Column name="fabrication_year" id="0AD99CF9-EA05-7D7A-5CC6-AFDCD16B67FF">
<createdBy>marinfotache</createdBy>
<createdTime>2018-10-25 18:54:52 UTC</createdTime>
<generatorID>5E175706-8474-024C-D23A-24DE563E5141</generatorID>
<ownerDesignName>catering_1</ownerDesignName>
<useDomainConstraints>false</useDomainConstraints>
<use>1</use>
<logicalDatatype>LOGDT019</logicalDatatype>
<dataTypePrecision>4</dataTypePrecision>
<ownDataTypeParameters>,4,</ownDataTypeParameters>
<autoIncrementCycle>false</autoIncrementCycle>
</Column>
<Column name="aquirement_date" id="350F7E2C-E854-8553-67D0-AB5CFFDDE5D9">
<createdBy>marinfotache</createdBy>
<createdTime>2018-10-25 18:54:52 UTC</createdTime>
<generatorID>BCE2A8E1-044B-210D-2851-E6F5E1AB8D26</generatorID>
<ownerDesignName>catering_1</ownerDesignName>
<nullsAllowed>true</nullsAllowed>
<useDomainConstraints>false</useDomainConstraints>
<use>1</use>
<logicalDatatype>LOGDT007</logicalDatatype>
<ownDataTypeParameters>,,</ownDataTypeParameters>
<autoIncrementCycle>false</autoIncrementCycle>
</Column>
<Column name="aquirement_type" id="7AE36C46-E41D-69A6-AD28-829CB3A3EDEC">
<createdBy>marinfotache</createdBy>
<createdTime>2018-10-25 18:54:52 UTC</createdTime>
<generatorID>C32437BF-A363-56D2-68BF-67546549707E</generatorID>
<ownerDesignName>catering_1</ownerDesignName>
<nullsAllowed>true</nullsAllowed>
<useDomainConstraints>false</useDomainConstraints>
<use>1</use>
<logicalDatatype>LOGDT024</logicalDatatype>
<dataTypeSize>30</dataTypeSize>
<defaultValue>&apos;leasing&apos;</defaultValue>
<ownDataTypeParameters>30,,</ownDataTypeParameters>
<autoIncrementCycle>false</autoIncrementCycle>
</Column>
<Column name="comments" id="E647CB41-6760-B6D6-3179-D32818FAAE8E">
<createdBy>marinfotache</createdBy>
<createdTime>2018-10-25 18:54:52 UTC</createdTime>
<generatorID>B0C7DBCC-01EE-C99B-98D0-0DAC03F5F102</generatorID>
<ownerDesignName>catering_1</ownerDesignName>
<nullsAllowed>true</nullsAllowed>
<useDomainConstraints>false</useDomainConstraints>
<use>1</use>
<logicalDatatype>LOGDT024</logicalDatatype>
<dataTypeSize>100</dataTypeSize>
<ownDataTypeParameters>100,,</ownDataTypeParameters>
<autoIncrementCycle>false</autoIncrementCycle>
</Column>
<Column name="vehicle_ID1" id="8E64FF43-A15A-A9AC-1350-B38FF90C89A8">
<createdBy>marinfotache</createdBy>
<createdTime>2018-10-25 18:54:52 UTC</createdTime>
<ownerDesignName>catering_1</ownerDesignName>
<useDomainConstraints>false</useDomainConstraints>
<use>1</use>
<logicalDatatype>LOGDT019</logicalDatatype>
<ownDataTypeParameters>,,</ownDataTypeParameters>
<autoIncrementColumn>true</autoIncrementColumn>
<identityColumn>true</identityColumn>
<autoIncrementCycle>false</autoIncrementCycle>
<isSurrogateColumn>true</isSurrogateColumn>
</Column>
</columns>
<indexes itemClass="oracle.dbtools.crest.model.design.relational.Index">
<ind_PK_UK id="4A8AF890-8B33-F33D-5CA4-AA6FA0149D9D" name="vehicle_PK">
<createdBy>marinfotache</createdBy>
<createdTime>2018-10-25 18:54:52 UTC</createdTime>
<ownerDesignName>catering_1</ownerDesignName>
<pk>true</pk>
<indexState>Primary Constraint</indexState>
<indexColumnUsage>
<colUsage columnID="8E64FF43-A15A-A9AC-1350-B38FF90C89A8"/>
</indexColumnUsage>
</ind_PK_UK>
<ind_PK_UK id="61B027FC-6AB9-05B4-E11D-2DFAA512D9AD" name="vehicle_vehicle_id_UN">
<createdBy>marinfotache</createdBy>
<createdTime>2018-10-25 18:54:52 UTC</createdTime>
<generatorID>A4164D23-C3DB-5586-AC41-74029827A0DE</generatorID>
<ownerDesignName>catering_1</ownerDesignName>
<indexState>Unique Constraint</indexState>
<isSurrogateKey>false</isSurrogateKey>
<indexColumnUsage>
<colUsage columnID="C6AC0EA7-ACEA-3A05-24FB-F370F0E21108"/>
</indexColumnUsage>
</ind_PK_UK>
</indexes>
</Table>