<?xml version = '1.0' encoding = 'UTF-8'?>
<Table class="oracle.dbtools.crest.model.design.relational.Table" directorySegmentName="seg_0" id="A4EC436F-AD54-CAD6-B6DE-E34264FC9E0C" name="receipt_in_advance">
<createdBy>marinfotache</createdBy>
<createdTime>2018-10-25 18:54:52 UTC</createdTime>
<generatorID>679C4E6A-78AC-E568-9926-9DF238626C3F</generatorID>
<ownerDesignName>catering_1</ownerDesignName>
<allowColumnReorder>false</allowColumnReorder>
<existDependencyGenerateInDDl>true</existDependencyGenerateInDDl>
<parsed>true</parsed>
<columns itemClass="oracle.dbtools.crest.model.design.relational.Column">
<Column name="amount_in_advance" id="51E5E913-FC48-82C4-CBE5-A12D253B856A">
<createdBy>marinfotache</createdBy>
<createdTime>2018-10-25 18:54:52 UTC</createdTime>
<generatorID>4F770150-A657-2891-216C-25D10137E723</generatorID>
<ownerDesignName>catering_1</ownerDesignName>
<nullsAllowed>true</nullsAllowed>
<useDomainConstraints>false</useDomainConstraints>
<use>1</use>
<logicalDatatype>LOGDT019</logicalDatatype>
<dataTypePrecision>12</dataTypePrecision>
<dataTypeScale>2</dataTypeScale>
<ownDataTypeParameters>,12,2</ownDataTypeParameters>
<autoIncrementCycle>false</autoIncrementCycle>
</Column>
<Column name="comments" id="2B2535B3-458E-E9AC-2E15-B2102C0D17C2">
<createdBy>marinfotache</createdBy>
<createdTime>2018-10-25 18:54:52 UTC</createdTime>
<generatorID>73859A84-BBA0-6A69-F3B1-912BF652BC23</generatorID>
<ownerDesignName>catering_1</ownerDesignName>
<nullsAllowed>true</nullsAllowed>
<useDomainConstraints>false</useDomainConstraints>
<use>1</use>
<logicalDatatype>LOGDT037</logicalDatatype>
<dataTypeSize>50</dataTypeSize>
<ownDataTypeParameters>50,,</ownDataTypeParameters>
<autoIncrementCycle>false</autoIncrementCycle>
</Column>
<Column name="order_order_ID1" id="19DF0A6B-AC53-DB6B-E467-5580C96B649B">
<createdBy>marinfotache</createdBy>
<createdTime>2018-10-25 18:54:52 UTC</createdTime>
<ownerDesignName>catering_1</ownerDesignName>
<useDomainConstraints>false</useDomainConstraints>
<use>1</use>
<logicalDatatype>LOGDT019</logicalDatatype>
<ownDataTypeParameters>,,</ownDataTypeParameters>
<previousColumn>false</previousColumn>
<autoIncrementCycle>false</autoIncrementCycle>
<associations>
<colAssociation fkAssociation="997BB35F-FA0B-9BAA-D9C9-E806AD51AC93" referredColumn="0B92D70D-BE60-D922-5D5C-4864E05954A0"/>
</associations>
</Column>
<Column name="receipt_receipt_ID1" id="D3EFC55D-E4A8-E0BF-249D-50135BF7E142">
<createdBy>marinfotache</createdBy>
<createdTime>2018-10-25 18:54:52 UTC</createdTime>
<ownerDesignName>catering_1</ownerDesignName>
<useDomainConstraints>false</useDomainConstraints>
<use>1</use>
<logicalDatatype>LOGDT019</logicalDatatype>
<ownDataTypeParameters>,,</ownDataTypeParameters>
<previousColumn>false</previousColumn>
<autoIncrementCycle>false</autoIncrementCycle>
<associations>
<colAssociation fkAssociation="882EA0D5-A308-DEF3-F676-DD44D37F0085" referredColumn="CE5B8B8A-6185-D342-1DD7-F4C305AF4741"/>
</associations>
</Column>
<Column name="receipt_receipt_ID11" id="C0EDE9FE-478E-7128-E37A-C40652AFE155">
<createdBy>marinfotache</createdBy>
<createdTime>2018-10-25 18:54:52 UTC</createdTime>
<ownerDesignName>catering_1</ownerDesignName>
<useDomainConstraints>false</useDomainConstraints>
<use>1</use>
<logicalDatatype>LOGDT019</logicalDatatype>
<ownDataTypeParameters>,,</ownDataTypeParameters>
<previousColumn>false</previousColumn>
<autoIncrementCycle>false</autoIncrementCycle>
<associations>
<colAssociation fkAssociation="257D7F9A-F954-64AF-1BFB-CCB23E63C7D7" referredColumn="CE5B8B8A-6185-D342-1DD7-F4C305AF4741"/>
</associations>
</Column>
</columns>
<indexes itemClass="oracle.dbtools.crest.model.design.relational.Index">
<ind_PK_UK id="A50854CE-9722-2465-0BDD-3E61D6BE18E5" name="receipt_in_advance_PK">
<createdBy>marinfotache</createdBy>
<createdTime>2018-10-25 18:54:52 UTC</createdTime>
<generatorID>F9398FA2-E8E6-6C8E-8590-59ECA780F9D2</generatorID>
<ownerDesignName>catering_1</ownerDesignName>
<pk>true</pk>
<indexState>Primary Constraint</indexState>
<isSurrogateKey>false</isSurrogateKey>
<indexColumnUsage>
<colUsage columnID="C0EDE9FE-478E-7128-E37A-C40652AFE155"/>
<colUsage columnID="D3EFC55D-E4A8-E0BF-249D-50135BF7E142"/>
<colUsage columnID="19DF0A6B-AC53-DB6B-E467-5580C96B649B"/>
</indexColumnUsage>
</ind_PK_UK>
<ind_PK_UK id="79531663-A9DA-CBF7-C61E-D540C5E252CB" name="receipts_in_advance__pk">
<createdBy>marinfotache</createdBy>
<createdTime>2018-10-25 18:54:52 UTC</createdTime>
<generatorID>91EFD14E-D3D1-9933-4C6B-DF7247681784</generatorID>
<ownerDesignName>catering_1</ownerDesignName>
<indexState>Unique Constraint</indexState>
<isSurrogateKey>false</isSurrogateKey>
<indexColumnUsage>
<colUsage columnID="19DF0A6B-AC53-DB6B-E467-5580C96B649B"/>
<colUsage columnID="C0EDE9FE-478E-7128-E37A-C40652AFE155"/>
</indexColumnUsage>
</ind_PK_UK>
<ind_PK_UK id="5C761763-CC7F-FA57-D02B-0A4E2963FDAB" name="receipt_in_advance__IDX">
<createdBy>marinfotache</createdBy>
<createdTime>2018-10-25 18:54:52 UTC</createdTime>
<ownerDesignName>catering_1</ownerDesignName>
<indexState>Unique Plain Index</indexState>
<isSurrogateKey>false</isSurrogateKey>
<relationGeneratorID>28D51467-34CC-30D9-5FF0-1FDA8DB933D8</relationGeneratorID>
<indexColumnUsage>
<colUsage columnID="D3EFC55D-E4A8-E0BF-249D-50135BF7E142"/>
</indexColumnUsage>
</ind_PK_UK>
<ind_PK_UK id="AC7300F0-C03D-5733-9D68-740B6033CC0D" name="can_be_paid">
<createdBy>marinfotache</createdBy>
<createdTime>2018-10-25 18:54:52 UTC</createdTime>
<generatorID>45A0DCE0-8A6A-38B1-9A76-F410424B4431</generatorID>
<ownerDesignName>catering_1</ownerDesignName>
<indexState>Foreign Key</indexState>
<isSurrogateKey>false</isSurrogateKey>
<indexColumnUsage>
<colUsage columnID="19DF0A6B-AC53-DB6B-E467-5580C96B649B"/>
</indexColumnUsage>
</ind_PK_UK>
<ind_PK_UK id="68771217-EC28-7E2F-7E2B-68AE32C431FF" name="FK_ASS_33">
<createdBy>marinfotache</createdBy>
<createdTime>2018-10-25 18:54:52 UTC</createdTime>
<generatorID>28D51467-34CC-30D9-5FF0-1FDA8DB933D8</generatorID>
<ownerDesignName>catering_1</ownerDesignName>
<indexState>Foreign Key</indexState>
<isSurrogateKey>false</isSurrogateKey>
<indexColumnUsage>
<colUsage columnID="D3EFC55D-E4A8-E0BF-249D-50135BF7E142"/>
</indexColumnUsage>
</ind_PK_UK>
<ind_PK_UK id="F7B1EC6C-4ACE-1A9D-6A30-7E6A51F62C62" name="part_of">
<createdBy>marinfotache</createdBy>
<createdTime>2018-10-25 18:54:52 UTC</createdTime>
<generatorID>A08003CF-1145-B1FE-33A0-69CA99C9D4A6</generatorID>
<ownerDesignName>catering_1</ownerDesignName>
<indexState>Foreign Key</indexState>
<isSurrogateKey>false</isSurrogateKey>
<indexColumnUsage>
<colUsage columnID="C0EDE9FE-478E-7128-E37A-C40652AFE155"/>
</indexColumnUsage>
</ind_PK_UK>
</indexes>
</Table>