<?xml version = '1.0' encoding = 'UTF-8'?>
<Table class="oracle.dbtools.crest.model.design.relational.Table" directorySegmentName="seg_0" id="B57AA917-9E1E-8D94-AB7C-2811A26583F8" name="contract">
<createdBy>marinfotache</createdBy>
<createdTime>2018-10-25 18:54:52 UTC</createdTime>
<generatorID>0233A9F5-9BFC-9C99-270B-23E02FF9C77E</generatorID>
<ownerDesignName>catering_1</ownerDesignName>
<allowColumnReorder>false</allowColumnReorder>
<existDependencyGenerateInDDl>true</existDependencyGenerateInDDl>
<parsed>true</parsed>
<columns itemClass="oracle.dbtools.crest.model.design.relational.Column">
<Column name="contract_id" id="BDABD5B2-8E95-1A58-4280-65693CC4F696">
<createdBy>marinfotache</createdBy>
<createdTime>2018-10-25 18:54:52 UTC</createdTime>
<generatorID>BC65327E-5F10-6CE0-0F80-68621CFCC424</generatorID>
<ownerDesignName>catering_1</ownerDesignName>
<useDomainConstraints>false</useDomainConstraints>
<use>1</use>
<logicalDatatype>LOGDT011</logicalDatatype>
<ownDataTypeParameters>,,</ownDataTypeParameters>
<autoIncrementCycle>false</autoIncrementCycle>
</Column>
<Column name="signing_date" id="C0ABA574-7ADE-94E4-13E4-50B18D75BE7E">
<createdBy>marinfotache</createdBy>
<createdTime>2018-10-25 18:54:52 UTC</createdTime>
<generatorID>3867749A-98E5-B91D-CD76-DE510BC07286</generatorID>
<ownerDesignName>catering_1</ownerDesignName>
<useDomainConstraints>false</useDomainConstraints>
<use>1</use>
<logicalDatatype>LOGDT007</logicalDatatype>
<ownDataTypeParameters>,,</ownDataTypeParameters>
<autoIncrementCycle>false</autoIncrementCycle>
</Column>
<Column name="start_date" id="F9CE42A7-5FE2-C39F-7531-1CD3D8FEFE44">
<createdBy>marinfotache</createdBy>
<createdTime>2018-10-25 18:54:52 UTC</createdTime>
<generatorID>BA61D38D-AA33-12EB-B6F7-DD2B4BE15C91</generatorID>
<ownerDesignName>catering_1</ownerDesignName>
<useDomainConstraints>false</useDomainConstraints>
<use>1</use>
<logicalDatatype>LOGDT007</logicalDatatype>
<ownDataTypeParameters>,,</ownDataTypeParameters>
<autoIncrementCycle>false</autoIncrementCycle>
</Column>
<Column name="stop_date" id="6436F771-81B8-892C-F47F-486AFEBECCAA">
<createdBy>marinfotache</createdBy>
<createdTime>2018-10-25 18:54:52 UTC</createdTime>
<generatorID>2AC64516-A9E0-DC15-9D1E-03F5811AD332</generatorID>
<ownerDesignName>catering_1</ownerDesignName>
<nullsAllowed>true</nullsAllowed>
<useDomainConstraints>false</useDomainConstraints>
<use>1</use>
<logicalDatatype>LOGDT007</logicalDatatype>
<ownDataTypeParameters>,,</ownDataTypeParameters>
<autoIncrementCycle>false</autoIncrementCycle>
</Column>
<Column name="delivery_frequence" id="FC056C86-02DB-6A56-E24A-7308D6EC48F6">
<createdBy>marinfotache</createdBy>
<createdTime>2018-10-25 18:54:52 UTC</createdTime>
<generatorID>4280B8E2-37D7-8DDC-8886-4C9A290BAE2F</generatorID>
<ownerDesignName>catering_1</ownerDesignName>
<nullsAllowed>true</nullsAllowed>
<useDomainConstraints>false</useDomainConstraints>
<use>1</use>
<logicalDatatype>LOGDT024</logicalDatatype>
<dataTypeSize>30</dataTypeSize>
<ownDataTypeParameters>30,,</ownDataTypeParameters>
<autoIncrementCycle>false</autoIncrementCycle>
</Column>
<Column name="daily_average_amount" id="746A940E-19EF-4575-46DE-B828B176D756">
<createdBy>marinfotache</createdBy>
<createdTime>2018-10-25 18:54:52 UTC</createdTime>
<generatorID>5F813F8B-48DA-C96A-859F-A6AFA108963E</generatorID>
<ownerDesignName>catering_1</ownerDesignName>
<nullsAllowed>true</nullsAllowed>
<useDomainConstraints>false</useDomainConstraints>
<use>1</use>
<logicalDatatype>LOGDT019</logicalDatatype>
<dataTypePrecision>12</dataTypePrecision>
<dataTypeScale>2</dataTypeScale>
<ownDataTypeParameters>,12,2</ownDataTypeParameters>
<autoIncrementCycle>false</autoIncrementCycle>
</Column>
<Column name="payment_type" id="B8A82EC7-D47D-C31A-60E2-118974E140FB">
<createdBy>marinfotache</createdBy>
<createdTime>2018-10-25 18:54:52 UTC</createdTime>
<generatorID>08214AFD-7794-01D2-D0E2-30626C43097B</generatorID>
<ownerDesignName>catering_1</ownerDesignName>
<nullsAllowed>true</nullsAllowed>
<useDomainConstraints>false</useDomainConstraints>
<use>1</use>
<logicalDatatype>LOGDT024</logicalDatatype>
<dataTypeSize>30</dataTypeSize>
<ownDataTypeParameters>30,,</ownDataTypeParameters>
<autoIncrementCycle>false</autoIncrementCycle>
</Column>
<Column name="comments" id="3A4E9F5C-0774-5CDE-5135-6F903A91E039">
<createdBy>marinfotache</createdBy>
<createdTime>2018-10-25 18:54:52 UTC</createdTime>
<generatorID>D0593FBE-761A-A744-7040-1639B226F1A4</generatorID>
<ownerDesignName>catering_1</ownerDesignName>
<nullsAllowed>true</nullsAllowed>
<useDomainConstraints>false</useDomainConstraints>
<use>1</use>
<logicalDatatype>LOGDT024</logicalDatatype>
<dataTypeSize>100</dataTypeSize>
<ownDataTypeParameters>100,,</ownDataTypeParameters>
<autoIncrementCycle>false</autoIncrementCycle>
</Column>
<Column name="contract_ID1" id="544E8CF2-F1BE-D0D4-A68A-BDC5E48CE485">
<createdBy>marinfotache</createdBy>
<createdTime>2018-10-25 18:54:52 UTC</createdTime>
<ownerDesignName>catering_1</ownerDesignName>
<useDomainConstraints>false</useDomainConstraints>
<use>1</use>
<logicalDatatype>LOGDT019</logicalDatatype>
<ownDataTypeParameters>,,</ownDataTypeParameters>
<autoIncrementColumn>true</autoIncrementColumn>
<identityColumn>true</identityColumn>
<autoIncrementCycle>false</autoIncrementCycle>
<isSurrogateColumn>true</isSurrogateColumn>
</Column>
<Column name="customer_customer_ID" id="D4A59C6A-2243-8E7D-5006-A4AC264ECC5F">
<createdBy>marinfotache</createdBy>
<createdTime>2018-10-25 18:54:52 UTC</createdTime>
<ownerDesignName>catering_1</ownerDesignName>
<useDomainConstraints>false</useDomainConstraints>
<use>1</use>
<logicalDatatype>LOGDT019</logicalDatatype>
<ownDataTypeParameters>,,</ownDataTypeParameters>
<previousColumn>false</previousColumn>
<autoIncrementCycle>false</autoIncrementCycle>
<associations>
<colAssociation fkAssociation="85C87797-A1A4-BFF0-C751-3DAB99B2E675" referredColumn="DA3BEEA2-6666-C95A-E137-0B3BC7ACC720"/>
</associations>
</Column>
</columns>
<indexes itemClass="oracle.dbtools.crest.model.design.relational.Index">
<ind_PK_UK id="55392E75-9D7B-EEB7-7BBD-3EB70779549A" name="contract_PK">
<createdBy>marinfotache</createdBy>
<createdTime>2018-10-25 18:54:52 UTC</createdTime>
<ownerDesignName>catering_1</ownerDesignName>
<pk>true</pk>
<indexState>Primary Constraint</indexState>
<indexColumnUsage>
<colUsage columnID="544E8CF2-F1BE-D0D4-A68A-BDC5E48CE485"/>
</indexColumnUsage>
</ind_PK_UK>
<ind_PK_UK id="C2BACD4D-C713-8299-B1FE-3091FFF54E76" name="contract_contract_id_UN">
<createdBy>marinfotache</createdBy>
<createdTime>2018-10-25 18:54:52 UTC</createdTime>
<generatorID>B08EB8F4-AA8F-2C21-286C-AE48BEE906A6</generatorID>
<ownerDesignName>catering_1</ownerDesignName>
<indexState>Unique Constraint</indexState>
<isSurrogateKey>false</isSurrogateKey>
<indexColumnUsage>
<colUsage columnID="BDABD5B2-8E95-1A58-4280-65693CC4F696"/>
</indexColumnUsage>
</ind_PK_UK>
<ind_PK_UK id="63BF0CBA-EC50-423A-CDCC-AAC6B645A9D2" name="agrees">
<createdBy>marinfotache</createdBy>
<createdTime>2018-10-25 18:54:52 UTC</createdTime>
<generatorID>F12632CF-81EB-B560-BCC4-1CF1316329F2</generatorID>
<ownerDesignName>catering_1</ownerDesignName>
<indexState>Foreign Key</indexState>
<isSurrogateKey>false</isSurrogateKey>
<indexColumnUsage>
<colUsage columnID="D4A59C6A-2243-8E7D-5006-A4AC264ECC5F"/>
</indexColumnUsage>
</ind_PK_UK>
</indexes>
</Table>