<?xml version = '1.0' encoding = 'UTF-8'?>
<Table class="oracle.dbtools.crest.model.design.relational.Table" directorySegmentName="seg_0" id="F9F3867C-1D68-102A-9450-5F0F08FBC343" name="rejected_product">
<createdBy>marinfotache</createdBy>
<createdTime>2018-10-25 18:54:52 UTC</createdTime>
<generatorID>A2E77E7B-F2A1-9E9C-EFD5-8AA34F69344F</generatorID>
<ownerDesignName>catering_1</ownerDesignName>
<allowColumnReorder>false</allowColumnReorder>
<existDependencyGenerateInDDl>true</existDependencyGenerateInDDl>
<parsed>true</parsed>
<columns itemClass="oracle.dbtools.crest.model.design.relational.Column">
<Column name="rejected_quantity" id="CBFCE65D-88E9-FAB2-1E8D-30374246DEDE">
<createdBy>marinfotache</createdBy>
<createdTime>2018-10-25 18:54:52 UTC</createdTime>
<generatorID>2727D947-6221-EFA4-1CB5-BAA6499C9B1A</generatorID>
<ownerDesignName>catering_1</ownerDesignName>
<useDomainConstraints>false</useDomainConstraints>
<use>1</use>
<logicalDatatype>LOGDT019</logicalDatatype>
<dataTypePrecision>9</dataTypePrecision>
<dataTypeScale>3</dataTypeScale>
<defaultValue>1</defaultValue>
<ownDataTypeParameters>,9,3</ownDataTypeParameters>
<autoIncrementCycle>false</autoIncrementCycle>
</Column>
<Column name="rejection_reason" id="5D53ED41-0A3E-17EE-96AA-DEE229CB2848">
<createdBy>marinfotache</createdBy>
<createdTime>2018-10-25 18:54:52 UTC</createdTime>
<generatorID>562DDF32-6252-445D-442A-C52BF415246C</generatorID>
<ownerDesignName>catering_1</ownerDesignName>
<useDomainConstraints>false</useDomainConstraints>
<use>1</use>
<logicalDatatype>LOGDT024</logicalDatatype>
<dataTypeSize>50</dataTypeSize>
<defaultValue>&apos;produs deteriorat&apos;</defaultValue>
<ownDataTypeParameters>50,,</ownDataTypeParameters>
<autoIncrementCycle>false</autoIncrementCycle>
</Column>
<Column name="product_product_ID" id="21BB2985-2556-24EC-0C7C-8696F1A04E7C">
<createdBy>marinfotache</createdBy>
<createdTime>2018-10-25 18:54:52 UTC</createdTime>
<ownerDesignName>catering_1</ownerDesignName>
<useDomainConstraints>false</useDomainConstraints>
<use>1</use>
<logicalDatatype>LOGDT019</logicalDatatype>
<ownDataTypeParameters>,,</ownDataTypeParameters>
<previousColumn>false</previousColumn>
<autoIncrementCycle>false</autoIncrementCycle>
<associations>
<colAssociation fkAssociation="7F392E5D-384F-1A37-472A-0412AA683309" referredColumn="BF4C0CEA-6BCA-0D86-83DA-1BA0916471CD"/>
</associations>
</Column>
<Column name="delivery_delivery_ID1" id="9E3F7233-6061-C2F1-79FC-D9DE3377E616">
<createdBy>marinfotache</createdBy>
<createdTime>2018-10-25 18:54:52 UTC</createdTime>
<ownerDesignName>catering_1</ownerDesignName>
<useDomainConstraints>false</useDomainConstraints>
<use>1</use>
<logicalDatatype>LOGDT019</logicalDatatype>
<ownDataTypeParameters>,,</ownDataTypeParameters>
<previousColumn>false</previousColumn>
<autoIncrementCycle>false</autoIncrementCycle>
<associations>
<colAssociation fkAssociation="78A48961-D3DD-B7BB-1570-BA84FF470A49" referredColumn="8B7F1263-B419-4A21-89BE-38272AC75F27"/>
</associations>
</Column>
</columns>
<indexes itemClass="oracle.dbtools.crest.model.design.relational.Index">
<ind_PK_UK id="C01C5220-C02A-A35B-D522-FE71DB442E7E" name="rejected_products__pk">
<createdBy>marinfotache</createdBy>
<createdTime>2018-10-25 18:54:52 UTC</createdTime>
<generatorID>5185EE0B-F96F-F53F-C364-D76A74CB4F9D</generatorID>
<ownerDesignName>catering_1</ownerDesignName>
<pk>true</pk>
<indexState>Primary Constraint</indexState>
<isSurrogateKey>false</isSurrogateKey>
<indexColumnUsage>
<colUsage columnID="9E3F7233-6061-C2F1-79FC-D9DE3377E616"/>
<colUsage columnID="21BB2985-2556-24EC-0C7C-8696F1A04E7C"/>
</indexColumnUsage>
</ind_PK_UK>
<ind_PK_UK id="07F22349-5D8A-B5E3-D43C-09F89F985C93" name="can_be_rejected">
<createdBy>marinfotache</createdBy>
<createdTime>2018-10-25 18:54:52 UTC</createdTime>
<generatorID>73B89CC3-EEE5-DA4C-FC77-3FD8E4623B2D</generatorID>
<ownerDesignName>catering_1</ownerDesignName>
<indexState>Foreign Key</indexState>
<isSurrogateKey>false</isSurrogateKey>
<indexColumnUsage>
<colUsage columnID="21BB2985-2556-24EC-0C7C-8696F1A04E7C"/>
</indexColumnUsage>
</ind_PK_UK>
<ind_PK_UK id="60AA4655-0CB4-4D17-7EEA-04F56D3C3C2E" name="could_contain_">
<createdBy>marinfotache</createdBy>
<createdTime>2018-10-25 18:54:52 UTC</createdTime>
<generatorID>84BADA27-5BD1-CBE5-681C-CD553836E537</generatorID>
<ownerDesignName>catering_1</ownerDesignName>
<indexState>Foreign Key</indexState>
<isSurrogateKey>false</isSurrogateKey>
<indexColumnUsage>
<colUsage columnID="9E3F7233-6061-C2F1-79FC-D9DE3377E616"/>
</indexColumnUsage>
</ind_PK_UK>
</indexes>
</Table>