<?xml version = '1.0' encoding = 'UTF-8'?>
<Relation class="oracle.dbtools.crest.model.design.logical.Relation" name="defines_address_of_a" directorySegmentName="seg_0" id="8C1FC7B8-6660-31CC-55EE-8BE19F7D8F4F">
<createdBy>Marin F</createdBy>
<createdTime>2011-07-11 06:51:52 UTC</createdTime>
<generatorID>BD12EA31-A916-70B9-E1DF-F2F0F71BE898</generatorID>
<ownerDesignName>sales_1_solution_1</ownerDesignName>
<engineerTo>
<item key="F7D7D517-DFEF-8F1D-B9CE-B73E302080E4" value="true"/>
</engineerTo>
<sourcePk>35CD679C-AB1F-11CA-0A46-1BA47C75B313</sourcePk>
<identifying>false</identifying>
<optionalSource>true</optionalSource>
<optionalTarget>true</optionalTarget>
<sourceCardinality>1</sourceCardinality>
<sourceEntity>08E3BC06-4CF9-936A-D8B8-E4C6434B4779</sourceEntity>
<targetCardinalityString>*</targetCardinalityString>
<targetEntity>42A4EF6E-85D7-F909-8C66-C3CB408774D5</targetEntity>
<transferable>true</transferable>
</Relation>