<?xml version = '1.0' encoding = 'UTF-8'?>
<Entity class="oracle.dbtools.crest.model.design.logical.Entity" directorySegmentName="seg_0" id="6B13F4F6-76DA-ED4E-331A-25BA2E073417" name="subordination">
<createdBy>admin</createdBy>
<createdTime>2015-11-10 15:45:12 UTC</createdTime>
<ownerDesignName>08b_overlapping_tree</ownerDesignName>
<engineerTo>
<item key="B2066FEA-2EB7-E6B1-13B1-47381F99176D" value="true"/>
</engineerTo>
<adequatelyNormalized>NO</adequatelyNormalized>
<expectedVolumes>0</expectedVolumes>
<fwdEngineeringStrategyName>Single Table</fwdEngineeringStrategyName>
<growthPercent>0</growthPercent>
<growthType>Year</growthType>
<maxVolumes>9999999</maxVolumes>
<minVolumes>0</minVolumes>
<normalForm>Third</normalForm>
<preferredAbbreviation>subordination</preferredAbbreviation>
<attributes itemClass="oracle.dbtools.crest.model.design.logical.Attribute">
<Attribute name="subordination_id" id="5D67F8FC-5A3F-8B08-C153-819E9974AD44">
<createdBy>admin</createdBy>
<createdTime>2015-11-10 15:46:09 UTC</createdTime>
<ownerDesignName>08b_overlapping_tree</ownerDesignName>
<engineerTo>
<item key="B2066FEA-2EB7-E6B1-13B1-47381F99176D" value="true"/>
</engineerTo>
<useDomainConstraints>false</useDomainConstraints>
<use>1</use>
<logicalDatatype>LOGDT011</logicalDatatype>
<ownDataTypeParameters>,,</ownDataTypeParameters>
</Attribute>
<Attribute name="dt_start" id="0E25D864-4DE2-704E-086B-0EAF57015CBC">
<createdBy>admin</createdBy>
<createdTime>2015-11-10 15:46:36 UTC</createdTime>
<ownerDesignName>08b_overlapping_tree</ownerDesignName>
<engineerTo>
<item key="B2066FEA-2EB7-E6B1-13B1-47381F99176D" value="true"/>
</engineerTo>
<useDomainConstraints>false</useDomainConstraints>
<use>1</use>
<logicalDatatype>LOGDT047</logicalDatatype>
<ownDataTypeParameters>,,</ownDataTypeParameters>
</Attribute>
<Attribute name="st_stop" id="63EC02D3-E98F-FBCA-9405-F772F2C59101">
<createdBy>admin</createdBy>
<createdTime>2015-11-10 15:46:52 UTC</createdTime>
<ownerDesignName>08b_overlapping_tree</ownerDesignName>
<engineerTo>
<item key="B2066FEA-2EB7-E6B1-13B1-47381F99176D" value="true"/>
</engineerTo>
<nullsAllowed>true</nullsAllowed>
<useDomainConstraints>false</useDomainConstraints>
<use>1</use>
<logicalDatatype>LOGDT047</logicalDatatype>
<ownDataTypeParameters>,,</ownDataTypeParameters>
</Attribute>
<Attribute name="comments" id="51450A37-4458-A35B-BDE3-6F4AB44D08A2">
<createdBy>admin</createdBy>
<createdTime>2015-11-10 15:47:08 UTC</createdTime>
<ownerDesignName>08b_overlapping_tree</ownerDesignName>
<engineerTo>
<item key="B2066FEA-2EB7-E6B1-13B1-47381F99176D" value="true"/>
</engineerTo>
<nullsAllowed>true</nullsAllowed>
<useDomainConstraints>false</useDomainConstraints>
<use>1</use>
<logicalDatatype>LOGDT037</logicalDatatype>
<dataTypeSize>100</dataTypeSize>
<ownDataTypeParameters>100,,</ownDataTypeParameters>
</Attribute>
<Attribute name="node_id" id="AE95B78F-44B0-9393-6900-0A5027621C25">
<createdBy>admin</createdBy>
<createdTime>2015-11-10 16:00:16 UTC</createdTime>
<generatorID>B4173E1E-F578-6A72-B3A3-9210D4F76136</generatorID>
<ownerDesignName>08b_overlapping_tree</ownerDesignName>
<engineerTo>
<item key="B2066FEA-2EB7-E6B1-13B1-47381F99176D" value="true"/>
</engineerTo>
<referedAttribute>D639822F-1AC6-6948-A0CF-560288CE22F2</referedAttribute>
<useDomainConstraints>false</useDomainConstraints>
<use>1</use>
<logicalDatatype>LOGDT011</logicalDatatype>
<ownDataTypeParameters>,,</ownDataTypeParameters>
</Attribute>
<Attribute name="node_id1" id="6DDF4ED1-FCC0-380F-CC77-E60D52F2B5AF">
<createdBy>admin</createdBy>
<createdTime>2015-11-10 16:00:26 UTC</createdTime>
<generatorID>028FBF69-D019-900F-03CF-ADFBB99D81BC</generatorID>
<ownerDesignName>08b_overlapping_tree</ownerDesignName>
<engineerTo>
<item key="B2066FEA-2EB7-E6B1-13B1-47381F99176D" value="true"/>
</engineerTo>
<referedAttribute>D639822F-1AC6-6948-A0CF-560288CE22F2</referedAttribute>
<useDomainConstraints>false</useDomainConstraints>
<use>1</use>
<logicalDatatype>LOGDT011</logicalDatatype>
<ownDataTypeParameters>,,</ownDataTypeParameters>
</Attribute>
<Attribute name="task_description" id="B933AD28-10AE-0A83-6D4A-080A2ADC513A">
<createdBy>admin</createdBy>
<createdTime>2015-11-10 16:05:17 UTC</createdTime>
<ownerDesignName>08b_overlapping_tree</ownerDesignName>
<engineerTo>
<item key="B2066FEA-2EB7-E6B1-13B1-47381F99176D" value="true"/>
</engineerTo>
<nullsAllowed>true</nullsAllowed>
<useDomainConstraints>false</useDomainConstraints>
<use>1</use>
<logicalDatatype>LOGDT037</logicalDatatype>
<dataTypeSize>500</dataTypeSize>
<ownDataTypeParameters>500,,</ownDataTypeParameters>
</Attribute>
</attributes>
<identifiers itemClass="oracle.dbtools.crest.model.design.logical.CandidateKey">
<identifier id="E7802180-AF4A-4CDD-AC36-6447854981CE" name="subordination PK">
<createdBy>admin</createdBy>
<createdTime>2015-11-10 15:46:29 UTC</createdTime>
<ownerDesignName>08b_overlapping_tree</ownerDesignName>
<engineerTo>
<item key="B2066FEA-2EB7-E6B1-13B1-47381F99176D" value="true"/>
</engineerTo>
<pk>true</pk>
<usedAttributes>
<attributeRef>5D67F8FC-5A3F-8B08-C153-819E9974AD44</attributeRef>
</usedAttributes>
</identifier>
</identifiers>
</Entity>