<?xml version = '1.0' encoding = 'UTF-8'?>
<FKArc class="oracle.dbtools.crest.model.design.relational.FKArc" directorySegmentName="seg_0" id="22A15980-7DE9-8ABA-620F-EA6F1F86132C" name="FKArc_2">
<createdBy>marinfotache</createdBy>
<createdTime>2018-10-26 04:25:26 UTC</createdTime>
<ownerDesignName>01b_heterogeneous_items_v2</ownerDesignName>
<mandatory>false</mandatory>
<reverseArc>true</reverseArc>
<table>52958DF2-8762-F6FD-1308-9D90FD6EDC82</table>
<fkeys>
<fkeyID>C7EFFC1C-3DB2-AFCE-6AC0-ACC53AA5D5C4</fkeyID>
<fkeyID>E86D4D23-0848-11E9-56EF-690C0E81594D</fkeyID>
</fkeys>
</FKArc>