<?xml version = '1.0' encoding = 'UTF-8'?>
<Table class="oracle.dbtools.crest.model.design.relational.Table" directorySegmentName="seg_0" id="06FBD710-1E29-7E8D-0509-64BFC567C0D2" name="products">
<createdBy>admin</createdBy>
<createdTime>2015-10-30 09:21:53 UTC</createdTime>
<generatorID>31D7E745-BF20-2475-44D8-43FE2613DC9A</generatorID>
<ownerDesignName>02a_package_of_items_v1</ownerDesignName>
<existDependencyGenerateInDDl>true</existDependencyGenerateInDDl>
<parsed>true</parsed>
<columns itemClass="oracle.dbtools.crest.model.design.relational.Column">
<Column name="prod_id" id="517C18ED-D356-AE80-EFC1-42E3264B37DD">
<createdBy>admin</createdBy>
<createdTime>2015-10-30 09:21:53 UTC</createdTime>
<generatorID>7F934447-4C2B-E8DA-3DDF-89B8F58D0E2C</generatorID>
<ownerDesignName>02a_package_of_items_v1</ownerDesignName>
<useDomainConstraints>false</useDomainConstraints>
<use>1</use>
<logicalDatatype>LOGDT011</logicalDatatype>
<ownDataTypeParameters>,,</ownDataTypeParameters>
<autoIncrementCycle>false</autoIncrementCycle>
</Column>
<Column name="prod_name" id="990E9310-0D6E-2D2B-109A-3B2FF842DFF6">
<createdBy>admin</createdBy>
<createdTime>2015-10-30 09:21:53 UTC</createdTime>
<generatorID>047F76B5-2563-FBAB-FC6E-5B63BD67C2A4</generatorID>
<ownerDesignName>02a_package_of_items_v1</ownerDesignName>
<useDomainConstraints>false</useDomainConstraints>
<use>1</use>
<logicalDatatype>LOGDT037</logicalDatatype>
<dataTypeSize>50</dataTypeSize>
<ownDataTypeParameters>50,,</ownDataTypeParameters>
<autoIncrementCycle>false</autoIncrementCycle>
</Column>
<Column name="sell_measure_unit" id="7637357F-09F4-1027-5366-FB92884D1BCA">
<createdBy>admin</createdBy>
<createdTime>2015-10-30 09:21:53 UTC</createdTime>
<commentInRDBMS>The measure unit as the product is sold.&lt;br/&gt;Example: &lt;br/&gt;Product: 2 liter Coca-cola pet&lt;br/&gt;sell_measure_unit: pet &lt;br/&gt;</commentInRDBMS>
<generatorID>33368A6C-54B0-B76E-4507-7AD07C2F0B9E</generatorID>
<ownerDesignName>02a_package_of_items_v1</ownerDesignName>
<useDomainConstraints>false</useDomainConstraints>
<use>1</use>
<logicalDatatype>LOGDT037</logicalDatatype>
<dataTypeSize>30</dataTypeSize>
<ownDataTypeParameters>30,,</ownDataTypeParameters>
<autoIncrementCycle>false</autoIncrementCycle>
</Column>
<Column name="prod_quant_in_sold_unit" id="4635901B-8318-9FF6-B69D-9E35C4109F88">
<createdBy>admin</createdBy>
<createdTime>2015-10-30 09:21:53 UTC</createdTime>
<commentInRDBMS>The quantity of the prodct in a sold  unit.&lt;br/&gt;Example: &lt;br/&gt;Product: 2 liter Coca-cola pet&lt;br/&gt;sell_measure_unit: pet &lt;br/&gt;prod_quant_in_sold_unit: 2&lt;br/&gt; &lt;br/&gt;&lt;br/&gt;</commentInRDBMS>
<generatorID>6C40DB67-84A7-3EA7-F9B1-10DD5C4B2872</generatorID>
<ownerDesignName>02a_package_of_items_v1</ownerDesignName>
<useDomainConstraints>false</useDomainConstraints>
<use>1</use>
<logicalDatatype>LOGDT019</logicalDatatype>
<dataTypePrecision>7</dataTypePrecision>
<dataTypeScale>3</dataTypeScale>
<ownDataTypeParameters>,7,3</ownDataTypeParameters>
<autoIncrementCycle>false</autoIncrementCycle>
</Column>
<Column name="measure_unit_qpsu" id="20AD9B7E-A77C-4FE9-B57B-281CB9A4AF45">
<createdBy>admin</createdBy>
<createdTime>2015-10-30 09:21:53 UTC</createdTime>
<commentInRDBMS>Measure unit of the quantity of the product in a sold  unit.&lt;br/&gt;Example: &lt;br/&gt;Product: 2 liter Coca-cola pet&lt;br/&gt;sell_measure_unit: pet &lt;br/&gt;prod_quant_in_sold_unit: 2&lt;br/&gt;measure_unit_qpsu: liter &lt;br/&gt;&lt;br/&gt;</commentInRDBMS>
<generatorID>2135A05F-1032-2206-2A39-9484BFFB3E5F</generatorID>
<ownerDesignName>02a_package_of_items_v1</ownerDesignName>
<nullsAllowed>true</nullsAllowed>
<useDomainConstraints>false</useDomainConstraints>
<use>1</use>
<ownDataTypeParameters>,,</ownDataTypeParameters>
<autoIncrementCycle>false</autoIncrementCycle>
</Column>
<Column name="current_vat_percent" id="0B9615CB-FB9D-A0EC-8EB7-B42E9D3D0D80">
<createdBy>admin</createdBy>
<createdTime>2015-10-30 09:21:53 UTC</createdTime>
<generatorID>4AB08FCC-D68A-A111-BE83-DA01AEDCA23F</generatorID>
<ownerDesignName>02a_package_of_items_v1</ownerDesignName>
<useDomainConstraints>false</useDomainConstraints>
<use>1</use>
<logicalDatatype>LOGDT019</logicalDatatype>
<dataTypePrecision>4</dataTypePrecision>
<dataTypeScale>2</dataTypeScale>
<ownDataTypeParameters>,4,2</ownDataTypeParameters>
<autoIncrementCycle>false</autoIncrementCycle>
</Column>
<Column name="group_name" id="DAEF105C-761F-53F5-DF2C-C4EEC23572B4">
<createdBy>admin</createdBy>
<createdTime>2015-10-30 09:21:53 UTC</createdTime>
<generatorID>2D1AB2DE-8EFA-5C3C-93EE-75D4C9AEC96E</generatorID>
<ownerDesignName>02a_package_of_items_v1</ownerDesignName>
<useDomainConstraints>false</useDomainConstraints>
<use>1</use>
<logicalDatatype>LOGDT037</logicalDatatype>
<dataTypeSize>50</dataTypeSize>
<ownDataTypeParameters>50,,</ownDataTypeParameters>
<previousColumn>false</previousColumn>
<autoIncrementCycle>false</autoIncrementCycle>
<associations>
<colAssociation fkAssociation="8C9166A5-DBB9-E471-BB45-1A467BC58FE0" referredColumn="3E47BE6A-8AC1-DEEC-5035-83EA72438FF8"/>
</associations>
</Column>
<Column name="abbreviation" id="759F85D5-0901-F17A-31C6-CEB2874C5C2C">
<createdBy>admin</createdBy>
<createdTime>2015-10-30 09:21:53 UTC</createdTime>
<generatorID>BDE5909C-9EB2-062F-710E-7A5454E6030D</generatorID>
<ownerDesignName>02a_package_of_items_v1</ownerDesignName>
<useDomainConstraints>false</useDomainConstraints>
<use>1</use>
<logicalDatatype>LOGDT037</logicalDatatype>
<dataTypeSize>20</dataTypeSize>
<ownDataTypeParameters>20,,</ownDataTypeParameters>
<previousColumn>false</previousColumn>
<autoIncrementCycle>false</autoIncrementCycle>
<associations>
<colAssociation fkAssociation="24F82B99-05CE-EA21-6D22-78F20495EE7C" referredColumn="35479ADB-C270-E93A-B5BC-60EC975F8D35"/>
</associations>
</Column>
<Column name="abbreviation1" id="450054FC-97D2-4F4F-EEFB-0FD060B08A0B">
<createdBy>admin</createdBy>
<createdTime>2015-10-30 09:21:53 UTC</createdTime>
<generatorID>14684F6C-9066-59C5-EA75-650A8A9C26FC</generatorID>
<ownerDesignName>02a_package_of_items_v1</ownerDesignName>
<useDomainConstraints>false</useDomainConstraints>
<use>1</use>
<logicalDatatype>LOGDT037</logicalDatatype>
<dataTypeSize>20</dataTypeSize>
<ownDataTypeParameters>20,,</ownDataTypeParameters>
<previousColumn>false</previousColumn>
<autoIncrementCycle>false</autoIncrementCycle>
<associations>
<colAssociation fkAssociation="30A00555-CBB9-A38E-B507-E5447528F90B" referredColumn="35479ADB-C270-E93A-B5BC-60EC975F8D35"/>
</associations>
</Column>
</columns>
<indexes itemClass="oracle.dbtools.crest.model.design.relational.Index">
<ind_PK_UK id="5E99A988-1EEC-E396-1B0E-6DABF567CECD" name="products_PK">
<createdBy>admin</createdBy>
<createdTime>2015-10-30 09:21:53 UTC</createdTime>
<generatorID>AEE44A97-209D-12FA-AEC6-0DD8128DBA6F</generatorID>
<ownerDesignName>02a_package_of_items_v1</ownerDesignName>
<pk>true</pk>
<indexState>Primary Constraint</indexState>
<isSurrogateKey>false</isSurrogateKey>
<indexColumnUsage>
<colUsage columnID="517C18ED-D356-AE80-EFC1-42E3264B37DD"/>
</indexColumnUsage>
</ind_PK_UK>
<ind_PK_UK id="7B850EC5-D272-7DC3-3138-B5EB729DB76B" name="products_item_groups_FK">
<createdBy>admin</createdBy>
<createdTime>2015-10-30 09:21:53 UTC</createdTime>
<generatorID>6D6F96D6-A718-831D-B4E4-9D22F4FC9760</generatorID>
<ownerDesignName>02a_package_of_items_v1</ownerDesignName>
<indexState>Foreign Key</indexState>
<isSurrogateKey>false</isSurrogateKey>
<indexColumnUsage>
<colUsage columnID="DAEF105C-761F-53F5-DF2C-C4EEC23572B4"/>
</indexColumnUsage>
</ind_PK_UK>
<ind_PK_UK id="F4DD8689-025B-E4EB-F452-C5A3802F2C0A" name="products_measure_units_FK">
<createdBy>admin</createdBy>
<createdTime>2015-10-30 09:21:53 UTC</createdTime>
<generatorID>26DC25EA-33BA-D687-BA64-7E32F8A5CA2A</generatorID>
<ownerDesignName>02a_package_of_items_v1</ownerDesignName>
<indexState>Foreign Key</indexState>
<isSurrogateKey>false</isSurrogateKey>
<indexColumnUsage>
<colUsage columnID="450054FC-97D2-4F4F-EEFB-0FD060B08A0B"/>
</indexColumnUsage>
</ind_PK_UK>
<ind_PK_UK id="76FFCDC4-5B01-AE6A-672B-98F286FC4A39" name="products_measure_units_FKv1">
<createdBy>admin</createdBy>
<createdTime>2015-10-30 09:21:53 UTC</createdTime>
<generatorID>173357BD-B4E5-5AC4-DDA6-93926AB312C5</generatorID>
<ownerDesignName>02a_package_of_items_v1</ownerDesignName>
<indexState>Foreign Key</indexState>
<isSurrogateKey>false</isSurrogateKey>
<indexColumnUsage>
<colUsage columnID="759F85D5-0901-F17A-31C6-CEB2874C5C2C"/>
</indexColumnUsage>
</ind_PK_UK>
</indexes>
</Table>