<?xml version = '1.0' encoding = 'UTF-8'?>
<Table class="oracle.dbtools.crest.model.design.relational.Table" directorySegmentName="seg_0" id="0FAE4188-A3B9-476C-FE64-C3A67A64F0B6" name="serv_unique_price">
<createdBy>admin</createdBy>
<createdTime>2015-10-30 09:21:53 UTC</createdTime>
<generatorID>38FA2BA3-27A0-5338-90FD-CFDBDD5249E8</generatorID>
<ownerDesignName>02a_package_of_items_v1</ownerDesignName>
<existDependencyGenerateInDDl>true</existDependencyGenerateInDDl>
<parsed>true</parsed>
<columns itemClass="oracle.dbtools.crest.model.design.relational.Column">
<Column name="serv_id" id="73901F4B-FA1F-5168-E9C9-3050092329B3">
<createdBy>admin</createdBy>
<createdTime>2015-10-30 09:21:53 UTC</createdTime>
<generatorID>108E074E-EB5D-87A7-8671-920EE9863BE0</generatorID>
<ownerDesignName>02a_package_of_items_v1</ownerDesignName>
<useDomainConstraints>false</useDomainConstraints>
<use>1</use>
<logicalDatatype>LOGDT011</logicalDatatype>
<ownDataTypeParameters>,,</ownDataTypeParameters>
<autoIncrementCycle>false</autoIncrementCycle>
<associations>
<colAssociation fkAssociation="5933475C-0CC6-949D-1010-58CEFB89DDA7" referredColumn="1AC7D407-971D-12B1-552C-66CE12F024D7"/>
</associations>
</Column>
<Column name="unique_price" id="69ABB790-883B-8BAD-BB3F-404B57E0D171">
<createdBy>admin</createdBy>
<createdTime>2015-10-30 09:21:53 UTC</createdTime>
<generatorID>79BF6D16-2B45-BB18-2435-2110311B59B6</generatorID>
<ownerDesignName>02a_package_of_items_v1</ownerDesignName>
<useDomainConstraints>false</useDomainConstraints>
<use>1</use>
<logicalDatatype>LOGDT019</logicalDatatype>
<dataTypePrecision>8</dataTypePrecision>
<dataTypeScale>2</dataTypeScale>
<ownDataTypeParameters>,8,2</ownDataTypeParameters>
<autoIncrementCycle>false</autoIncrementCycle>
</Column>
</columns>
<indexes itemClass="oracle.dbtools.crest.model.design.relational.Index">
<ind_PK_UK id="09065F80-D1C0-2D82-AFF9-4F4F9F579008" name="serv_unique_price_PK">
<createdBy>admin</createdBy>
<createdTime>2015-10-30 09:21:53 UTC</createdTime>
<generatorID>E55947F8-3963-CDF5-AA8F-8C4E30F129D4</generatorID>
<ownerDesignName>02a_package_of_items_v1</ownerDesignName>
<pk>true</pk>
<indexState>Primary Constraint</indexState>
<isSurrogateKey>false</isSurrogateKey>
<indexColumnUsage>
<colUsage columnID="73901F4B-FA1F-5168-E9C9-3050092329B3"/>
</indexColumnUsage>
</ind_PK_UK>
<ind_PK_UK id="04421D13-DABC-73EC-01E2-BDD0D053D73E" name="serv_unique_price_services_FK">
<createdBy>admin</createdBy>
<createdTime>2015-10-30 09:21:53 UTC</createdTime>
<generatorID>9BFF8122-CB69-FA40-B338-4F41DE6F89C0</generatorID>
<ownerDesignName>02a_package_of_items_v1</ownerDesignName>
<indexState>Foreign Key</indexState>
<isSurrogateKey>false</isSurrogateKey>
<indexColumnUsage>
<colUsage columnID="73901F4B-FA1F-5168-E9C9-3050092329B3"/>
</indexColumnUsage>
</ind_PK_UK>
</indexes>
</Table>