<?xml version = '1.0' encoding = 'UTF-8'?>
<Table class="oracle.dbtools.crest.model.design.relational.Table" directorySegmentName="seg_0" id="346461F5-0C67-65EA-DF62-6A61B12264E3" name="package_composition">
<createdBy>marinfotache</createdBy>
<createdTime>2020-12-02 06:44:15 UTC</createdTime>
<generatorID>1E945C45-520D-0A35-47CD-081A22B04051</generatorID>
<ownerDesignName>02a_package_of_items_v1</ownerDesignName>
<allowColumnReorder>false</allowColumnReorder>
<existDependencyGenerateInDDl>true</existDependencyGenerateInDDl>
<parsed>true</parsed>
<columns itemClass="oracle.dbtools.crest.model.design.relational.Column">
<Column name="products_prod_id" id="AD569358-B020-D1FE-B478-58358D2853E3">
<createdBy>marinfotache</createdBy>
<createdTime>2020-12-02 06:44:15 UTC</createdTime>
<generatorID>E31D988A-2B46-4F40-5873-1E3924B93A39</generatorID>
<ownerDesignName>02a_package_of_items_v1</ownerDesignName>
<useDomainConstraints>false</useDomainConstraints>
<use>1</use>
<logicalDatatype>LOGDT011</logicalDatatype>
<ownDataTypeParameters>,,</ownDataTypeParameters>
<previousColumn>false</previousColumn>
<autoIncrementCycle>false</autoIncrementCycle>
<associations>
<colAssociation fkAssociation="56595C20-1139-D456-7F31-1668EDE38464" referredColumn="C99BEC39-A32E-9BA4-85D1-597F266A7108"/>
</associations>
</Column>
<Column name="packages_package_id" id="EE621BDF-29D5-19D5-8026-38E00F83EB14">
<createdBy>marinfotache</createdBy>
<createdTime>2020-12-02 06:44:15 UTC</createdTime>
<generatorID>3945CCCD-82E8-2C8A-504C-28176486B955</generatorID>
<ownerDesignName>02a_package_of_items_v1</ownerDesignName>
<useDomainConstraints>false</useDomainConstraints>
<use>1</use>
<logicalDatatype>LOGDT011</logicalDatatype>
<ownDataTypeParameters>,,</ownDataTypeParameters>
<previousColumn>false</previousColumn>
<autoIncrementCycle>false</autoIncrementCycle>
<associations>
<colAssociation fkAssociation="5BF3652F-8BEE-402A-DE93-464657B5D661" referredColumn="F60F1D0E-2135-6061-BA2F-CC96E259E4D6"/>
</associations>
</Column>
<Column name="quantity_in_package" id="F70355CE-B289-F18E-2505-52FD5470BBFC">
<createdBy>marinfotache</createdBy>
<createdTime>2020-12-02 06:44:15 UTC</createdTime>
<generatorID>5A35919B-1ECA-BDED-385A-8365C1BB37B8</generatorID>
<ownerDesignName>02a_package_of_items_v1</ownerDesignName>
<useDomainConstraints>false</useDomainConstraints>
<use>1</use>
<logicalDatatype>LOGDT019</logicalDatatype>
<dataTypePrecision>9</dataTypePrecision>
<dataTypeScale>3</dataTypeScale>
<ownDataTypeParameters>,9,3</ownDataTypeParameters>
<autoIncrementCycle>false</autoIncrementCycle>
</Column>
</columns>
<indexes itemClass="oracle.dbtools.crest.model.design.relational.Index">
<ind_PK_UK id="67165D39-D50C-21F4-345C-55B3F0D0AD2A" name="package_composition_PK">
<createdBy>marinfotache</createdBy>
<createdTime>2020-12-02 06:44:15 UTC</createdTime>
<generatorID>3B9F28BD-7952-3C4A-0AD4-2C258EF925F7</generatorID>
<ownerDesignName>02a_package_of_items_v1</ownerDesignName>
<pk>true</pk>
<indexState>Primary Constraint</indexState>
<isSurrogateKey>false</isSurrogateKey>
<indexColumnUsage>
<colUsage columnID="AD569358-B020-D1FE-B478-58358D2853E3"/>
<colUsage columnID="EE621BDF-29D5-19D5-8026-38E00F83EB14"/>
</indexColumnUsage>
</ind_PK_UK>
<ind_PK_UK id="7969B832-1188-7D13-81E7-A7C3345C1863" name="package_composition_products_FK">
<createdBy>marinfotache</createdBy>
<createdTime>2020-12-02 06:44:15 UTC</createdTime>
<generatorID>FEFA018E-7051-E63B-863B-0FA7335F6A45</generatorID>
<ownerDesignName>02a_package_of_items_v1</ownerDesignName>
<indexState>Foreign Key</indexState>
<isSurrogateKey>false</isSurrogateKey>
<indexColumnUsage>
<colUsage columnID="AD569358-B020-D1FE-B478-58358D2853E3"/>
</indexColumnUsage>
</ind_PK_UK>
<ind_PK_UK id="B9C7F50E-A4D0-3AA9-558E-8D5645D82B6B" name="package_composition_packages_FK">
<createdBy>marinfotache</createdBy>
<createdTime>2020-12-02 06:44:15 UTC</createdTime>
<generatorID>D5B6866F-980B-5E62-67FC-D495FB512EAD</generatorID>
<ownerDesignName>02a_package_of_items_v1</ownerDesignName>
<indexState>Foreign Key</indexState>
<isSurrogateKey>false</isSurrogateKey>
<indexColumnUsage>
<colUsage columnID="EE621BDF-29D5-19D5-8026-38E00F83EB14"/>
</indexColumnUsage>
</ind_PK_UK>
</indexes>
</Table>