<?xml version = '1.0' encoding = 'UTF-8'?>
<Table class="oracle.dbtools.crest.model.design.relational.Table" directorySegmentName="seg_0" id="3508D598-4E8A-6921-6F15-3B134B325417" name="orders">
<createdBy>marinfotache</createdBy>
<createdTime>2020-12-02 06:44:15 UTC</createdTime>
<generatorID>1F4DA5A9-5128-2BE7-4AEC-FE0D0E0CCDDF</generatorID>
<ownerDesignName>02a_package_of_items_v1</ownerDesignName>
<allowColumnReorder>false</allowColumnReorder>
<existDependencyGenerateInDDl>true</existDependencyGenerateInDDl>
<parsed>true</parsed>
<columns itemClass="oracle.dbtools.crest.model.design.relational.Column">
<Column name="order_id" id="D1E1A121-6EB6-D625-23D4-5E9C2AF066B4">
<createdBy>marinfotache</createdBy>
<createdTime>2020-12-02 06:44:15 UTC</createdTime>
<generatorID>8A98ACB6-4887-B5F0-8B20-94C3085EBB91</generatorID>
<ownerDesignName>02a_package_of_items_v1</ownerDesignName>
<useDomainConstraints>false</useDomainConstraints>
<use>1</use>
<logicalDatatype>LOGDT011</logicalDatatype>
<ownDataTypeParameters>,,</ownDataTypeParameters>
<autoIncrementCycle>false</autoIncrementCycle>
</Column>
<Column name="order_official_code" id="547416B7-F906-1DE7-C2A7-351F97379F94">
<createdBy>marinfotache</createdBy>
<createdTime>2020-12-02 06:44:15 UTC</createdTime>
<generatorID>BFBDD0A0-F1B6-9149-7F05-0A5B47C3ACF4</generatorID>
<ownerDesignName>02a_package_of_items_v1</ownerDesignName>
<useDomainConstraints>false</useDomainConstraints>
<use>1</use>
<logicalDatatype>LOGDT037</logicalDatatype>
<dataTypeSize>20</dataTypeSize>
<ownDataTypeParameters>20,,</ownDataTypeParameters>
<autoIncrementCycle>false</autoIncrementCycle>
</Column>
<Column name="order_dt" id="71E5899A-0A0A-8A4A-6148-356DE9A65C04">
<createdBy>marinfotache</createdBy>
<createdTime>2020-12-02 06:44:15 UTC</createdTime>
<generatorID>F4B89A51-AD81-6297-76CF-9B244D1FC9B5</generatorID>
<ownerDesignName>02a_package_of_items_v1</ownerDesignName>
<useDomainConstraints>false</useDomainConstraints>
<use>1</use>
<logicalDatatype>LOGDT047</logicalDatatype>
<ownDataTypeParameters>,,</ownDataTypeParameters>
<autoIncrementCycle>false</autoIncrementCycle>
</Column>
<Column name="order_amount" id="D4FD2A1B-1645-E643-97EC-E486B3C5194B">
<createdBy>marinfotache</createdBy>
<createdTime>2020-12-02 06:44:15 UTC</createdTime>
<generatorID>B7A61ADB-81C2-06A8-6C58-A58C60F34B63</generatorID>
<ownerDesignName>02a_package_of_items_v1</ownerDesignName>
<useDomainConstraints>false</useDomainConstraints>
<use>1</use>
<logicalDatatype>LOGDT019</logicalDatatype>
<dataTypePrecision>12</dataTypePrecision>
<dataTypeScale>2</dataTypeScale>
<ownDataTypeParameters>,12,2</ownDataTypeParameters>
<autoIncrementCycle>false</autoIncrementCycle>
</Column>
<Column name="order_status" id="6DCA2406-D20E-07F8-6E6C-8762566F32A7">
<createdBy>marinfotache</createdBy>
<createdTime>2020-12-02 06:44:15 UTC</createdTime>
<generatorID>289AB07B-9F0D-3E29-87A7-AEFBB3ABF9CD</generatorID>
<ownerDesignName>02a_package_of_items_v1</ownerDesignName>
<useDomainConstraints>false</useDomainConstraints>
<use>1</use>
<logicalDatatype>LOGDT037</logicalDatatype>
<dataTypeSize>50</dataTypeSize>
<ownDataTypeParameters>50,,</ownDataTypeParameters>
<autoIncrementCycle>false</autoIncrementCycle>
</Column>
</columns>
<indexes itemClass="oracle.dbtools.crest.model.design.relational.Index">
<ind_PK_UK id="6CD26823-0814-744A-6411-978D9F44F589" name="orders_PK">
<createdBy>marinfotache</createdBy>
<createdTime>2020-12-02 06:44:15 UTC</createdTime>
<generatorID>7E373EBA-A364-1C8D-BF81-378045AF96A7</generatorID>
<ownerDesignName>02a_package_of_items_v1</ownerDesignName>
<pk>true</pk>
<indexState>Primary Constraint</indexState>
<isSurrogateKey>false</isSurrogateKey>
<indexColumnUsage>
<colUsage columnID="D1E1A121-6EB6-D625-23D4-5E9C2AF066B4"/>
</indexColumnUsage>
</ind_PK_UK>
</indexes>
</Table>