<?xml version = '1.0' encoding = 'UTF-8'?>
<Table class="oracle.dbtools.crest.model.design.relational.Table" directorySegmentName="seg_0" id="35504855-694A-8EC2-DF9C-2629EC187937" name="equiv_measure_units">
<createdBy>marinfotache</createdBy>
<createdTime>2020-12-02 06:44:15 UTC</createdTime>
<generatorID>7E75DEE9-D0BA-6329-13ED-64D64B66A936</generatorID>
<ownerDesignName>02a_package_of_items_v1</ownerDesignName>
<allowColumnReorder>false</allowColumnReorder>
<existDependencyGenerateInDDl>true</existDependencyGenerateInDDl>
<parsed>true</parsed>
<columns itemClass="oracle.dbtools.crest.model.design.relational.Column">
<Column name="quantity" id="141BD89D-D4B0-FA85-DC9F-B55253D700DE">
<createdBy>marinfotache</createdBy>
<createdTime>2020-12-02 06:44:15 UTC</createdTime>
<generatorID>1F295584-80D4-B97D-12DA-B2BB71979958</generatorID>
<ownerDesignName>02a_package_of_items_v1</ownerDesignName>
<useDomainConstraints>false</useDomainConstraints>
<use>1</use>
<logicalDatatype>LOGDT019</logicalDatatype>
<dataTypePrecision>7</dataTypePrecision>
<dataTypeScale>3</dataTypeScale>
<ownDataTypeParameters>,7,3</ownDataTypeParameters>
<autoIncrementCycle>false</autoIncrementCycle>
</Column>
<Column name="equiv_quantity" id="1E65908A-CD38-1E0B-99DC-F2FED4871C37">
<createdBy>marinfotache</createdBy>
<createdTime>2020-12-02 06:44:15 UTC</createdTime>
<generatorID>D733FE51-C0DE-18C9-04E1-AB4C066A5BE5</generatorID>
<ownerDesignName>02a_package_of_items_v1</ownerDesignName>
<useDomainConstraints>false</useDomainConstraints>
<use>1</use>
<logicalDatatype>LOGDT019</logicalDatatype>
<dataTypePrecision>7</dataTypePrecision>
<dataTypeScale>3</dataTypeScale>
<ownDataTypeParameters>,7,3</ownDataTypeParameters>
<autoIncrementCycle>false</autoIncrementCycle>
</Column>
<Column name="measure_units_abbreviation1" id="581A8842-04B9-40D2-A54E-CCF7039664AB">
<createdBy>marinfotache</createdBy>
<createdTime>2020-12-02 06:44:15 UTC</createdTime>
<generatorID>87672FD4-4353-FAAC-DE11-21F35162A058</generatorID>
<ownerDesignName>02a_package_of_items_v1</ownerDesignName>
<useDomainConstraints>false</useDomainConstraints>
<use>1</use>
<logicalDatatype>LOGDT037</logicalDatatype>
<dataTypeSize>20</dataTypeSize>
<ownDataTypeParameters>,,</ownDataTypeParameters>
<previousColumn>false</previousColumn>
<autoIncrementCycle>false</autoIncrementCycle>
<associations>
<colAssociation fkAssociation="734B1B78-7D57-40F7-83B3-09CBC7639AAB" referredColumn="56F24DAF-6EA7-3FB4-804B-890292B93393"/>
</associations>
</Column>
<Column name="measure_units_abbreviation" id="F97ABE5C-A189-B1DD-8FA0-ED6B5C4FB383">
<createdBy>marinfotache</createdBy>
<createdTime>2020-12-02 06:44:15 UTC</createdTime>
<generatorID>87853565-2237-9046-3A7C-505F0E9E812F</generatorID>
<ownerDesignName>02a_package_of_items_v1</ownerDesignName>
<useDomainConstraints>false</useDomainConstraints>
<use>1</use>
<logicalDatatype>LOGDT037</logicalDatatype>
<dataTypeSize>20</dataTypeSize>
<ownDataTypeParameters>,,</ownDataTypeParameters>
<previousColumn>false</previousColumn>
<autoIncrementCycle>false</autoIncrementCycle>
<associations>
<colAssociation fkAssociation="6D7B8221-3F18-38A4-5AFD-299205B92B6C" referredColumn="56F24DAF-6EA7-3FB4-804B-890292B93393"/>
</associations>
</Column>
</columns>
<indexes itemClass="oracle.dbtools.crest.model.design.relational.Index">
<ind_PK_UK id="F5A9220B-1DFB-0D3F-3A67-28849D609A83" name="equiv_measure_units_PK">
<createdBy>marinfotache</createdBy>
<createdTime>2020-12-02 06:44:15 UTC</createdTime>
<generatorID>84546245-1D56-13BC-CA88-44AEF4573E0C</generatorID>
<ownerDesignName>02a_package_of_items_v1</ownerDesignName>
<pk>true</pk>
<indexState>Primary Constraint</indexState>
<isSurrogateKey>false</isSurrogateKey>
<indexColumnUsage>
<colUsage columnID="581A8842-04B9-40D2-A54E-CCF7039664AB"/>
<colUsage columnID="F97ABE5C-A189-B1DD-8FA0-ED6B5C4FB383"/>
</indexColumnUsage>
</ind_PK_UK>
<ind_PK_UK id="4432D64F-936E-43B3-B572-D516136E84B6" name="equiv_measure_units_measure_units_FK">
<createdBy>marinfotache</createdBy>
<createdTime>2020-12-02 06:44:15 UTC</createdTime>
<generatorID>7F4845F5-1050-9CAA-3BFB-F838E84D69E5</generatorID>
<ownerDesignName>02a_package_of_items_v1</ownerDesignName>
<indexState>Foreign Key</indexState>
<isSurrogateKey>false</isSurrogateKey>
<indexColumnUsage>
<colUsage columnID="F97ABE5C-A189-B1DD-8FA0-ED6B5C4FB383"/>
</indexColumnUsage>
</ind_PK_UK>
<ind_PK_UK id="F5C31B5A-DE60-25C4-2748-EBF1A61DACF1" name="equiv_measure_units_measure_units_FKv2">
<createdBy>marinfotache</createdBy>
<createdTime>2020-12-02 06:44:15 UTC</createdTime>
<generatorID>1862BC83-BCCB-ED4B-994C-F36D823BA101</generatorID>
<ownerDesignName>02a_package_of_items_v1</ownerDesignName>
<indexState>Foreign Key</indexState>
<isSurrogateKey>false</isSurrogateKey>
<indexColumnUsage>
<colUsage columnID="581A8842-04B9-40D2-A54E-CCF7039664AB"/>
</indexColumnUsage>
</ind_PK_UK>
</indexes>
</Table>