<?xml version = '1.0' encoding = 'UTF-8'?>
<Table class="oracle.dbtools.crest.model.design.relational.Table" directorySegmentName="seg_0" id="3AE06AE6-D8A9-E8FC-284B-A7865A762C0A" name="package_composition">
<createdBy>admin</createdBy>
<createdTime>2015-10-30 09:21:53 UTC</createdTime>
<generatorID>1E945C45-520D-0A35-47CD-081A22B04051</generatorID>
<ownerDesignName>02a_package_of_items_v1</ownerDesignName>
<existDependencyGenerateInDDl>true</existDependencyGenerateInDDl>
<parsed>true</parsed>
<columns itemClass="oracle.dbtools.crest.model.design.relational.Column">
<Column name="prod_id" id="5C4A3788-FFC4-6850-A26C-632E5F4EFB77">
<createdBy>admin</createdBy>
<createdTime>2015-10-30 09:21:53 UTC</createdTime>
<generatorID>E31D988A-2B46-4F40-5873-1E3924B93A39</generatorID>
<ownerDesignName>02a_package_of_items_v1</ownerDesignName>
<useDomainConstraints>false</useDomainConstraints>
<use>1</use>
<logicalDatatype>LOGDT011</logicalDatatype>
<ownDataTypeParameters>,,</ownDataTypeParameters>
<previousColumn>false</previousColumn>
<autoIncrementCycle>false</autoIncrementCycle>
<associations>
<colAssociation fkAssociation="0153EF04-0850-22D6-2B38-013AE44B77A3" referredColumn="517C18ED-D356-AE80-EFC1-42E3264B37DD"/>
</associations>
</Column>
<Column name="package_id" id="8D585F33-FEF6-2BB2-B657-981D0A851804">
<createdBy>admin</createdBy>
<createdTime>2015-10-30 09:21:53 UTC</createdTime>
<generatorID>3945CCCD-82E8-2C8A-504C-28176486B955</generatorID>
<ownerDesignName>02a_package_of_items_v1</ownerDesignName>
<useDomainConstraints>false</useDomainConstraints>
<use>1</use>
<logicalDatatype>LOGDT011</logicalDatatype>
<ownDataTypeParameters>,,</ownDataTypeParameters>
<previousColumn>false</previousColumn>
<autoIncrementCycle>false</autoIncrementCycle>
<associations>
<colAssociation fkAssociation="9D901952-8FE1-BC26-E411-3104AB11FB32" referredColumn="6C51A2AA-A42F-4EC9-4E92-FB39A256D1BB"/>
</associations>
</Column>
<Column name="quantity_in_package" id="FD4D60FC-217C-6D85-90EA-28861EEB6302">
<createdBy>admin</createdBy>
<createdTime>2015-10-30 09:21:53 UTC</createdTime>
<generatorID>5A35919B-1ECA-BDED-385A-8365C1BB37B8</generatorID>
<ownerDesignName>02a_package_of_items_v1</ownerDesignName>
<useDomainConstraints>false</useDomainConstraints>
<use>1</use>
<logicalDatatype>LOGDT019</logicalDatatype>
<dataTypePrecision>9</dataTypePrecision>
<dataTypeScale>3</dataTypeScale>
<ownDataTypeParameters>,9,3</ownDataTypeParameters>
<autoIncrementCycle>false</autoIncrementCycle>
</Column>
</columns>
<indexes itemClass="oracle.dbtools.crest.model.design.relational.Index">
<ind_PK_UK id="393209B3-820B-3188-BB10-9B05B4C75FAE" name="package_composition_PK">
<createdBy>admin</createdBy>
<createdTime>2015-10-30 09:21:53 UTC</createdTime>
<generatorID>3B9F28BD-7952-3C4A-0AD4-2C258EF925F7</generatorID>
<ownerDesignName>02a_package_of_items_v1</ownerDesignName>
<pk>true</pk>
<indexState>Primary Constraint</indexState>
<isSurrogateKey>false</isSurrogateKey>
<indexColumnUsage>
<colUsage columnID="5C4A3788-FFC4-6850-A26C-632E5F4EFB77"/>
<colUsage columnID="8D585F33-FEF6-2BB2-B657-981D0A851804"/>
</indexColumnUsage>
</ind_PK_UK>
<ind_PK_UK id="56DF48DC-E1CF-5097-5577-5CADC5DA9594" name="package_composition_products_FK">
<createdBy>admin</createdBy>
<createdTime>2015-10-30 09:21:53 UTC</createdTime>
<generatorID>FEFA018E-7051-E63B-863B-0FA7335F6A45</generatorID>
<ownerDesignName>02a_package_of_items_v1</ownerDesignName>
<indexState>Foreign Key</indexState>
<isSurrogateKey>false</isSurrogateKey>
<indexColumnUsage>
<colUsage columnID="5C4A3788-FFC4-6850-A26C-632E5F4EFB77"/>
</indexColumnUsage>
</ind_PK_UK>
<ind_PK_UK id="1F02D871-E21A-AB29-97D5-663F1F07256A" name="package_composition_packages_FK">
<createdBy>admin</createdBy>
<createdTime>2015-10-30 09:21:53 UTC</createdTime>
<generatorID>D5B6866F-980B-5E62-67FC-D495FB512EAD</generatorID>
<ownerDesignName>02a_package_of_items_v1</ownerDesignName>
<indexState>Foreign Key</indexState>
<isSurrogateKey>false</isSurrogateKey>
<indexColumnUsage>
<colUsage columnID="8D585F33-FEF6-2BB2-B657-981D0A851804"/>
</indexColumnUsage>
</ind_PK_UK>
</indexes>
</Table>