<?xml version = '1.0' encoding = 'UTF-8'?>
<Table class="oracle.dbtools.crest.model.design.relational.Table" directorySegmentName="seg_0" id="70A3E1F5-CBB7-F680-76B0-8D0224BDADEA" name="item_groups">
<createdBy>admin</createdBy>
<createdTime>2015-10-30 09:21:53 UTC</createdTime>
<generatorID>3A018823-5E70-45BB-B5A4-EDA7E36B82F4</generatorID>
<ownerDesignName>02a_package_of_items_v1</ownerDesignName>
<existDependencyGenerateInDDl>true</existDependencyGenerateInDDl>
<parsed>true</parsed>
<columns itemClass="oracle.dbtools.crest.model.design.relational.Column">
<Column name="group_name" id="3E47BE6A-8AC1-DEEC-5035-83EA72438FF8">
<createdBy>admin</createdBy>
<createdTime>2015-10-30 09:21:53 UTC</createdTime>
<generatorID>1762E63D-7844-6487-C08B-4BCF73B819E8</generatorID>
<ownerDesignName>02a_package_of_items_v1</ownerDesignName>
<useDomainConstraints>false</useDomainConstraints>
<use>1</use>
<logicalDatatype>LOGDT037</logicalDatatype>
<dataTypeSize>50</dataTypeSize>
<ownDataTypeParameters>50,,</ownDataTypeParameters>
<autoIncrementCycle>false</autoIncrementCycle>
</Column>
<Column name="description" id="CDE4A56F-7297-B213-0CCB-15CFEACF4CE6">
<createdBy>admin</createdBy>
<createdTime>2015-10-30 09:21:53 UTC</createdTime>
<generatorID>040E5E21-50FE-04DB-9284-8CC456548B7B</generatorID>
<ownerDesignName>02a_package_of_items_v1</ownerDesignName>
<nullsAllowed>true</nullsAllowed>
<useDomainConstraints>false</useDomainConstraints>
<use>1</use>
<logicalDatatype>LOGDT037</logicalDatatype>
<dataTypeSize>100</dataTypeSize>
<ownDataTypeParameters>100,,</ownDataTypeParameters>
<autoIncrementCycle>false</autoIncrementCycle>
</Column>
<Column name="vat_percent" id="4FFCFF97-52BF-DE23-8B28-922A7ACDF4B4">
<createdBy>admin</createdBy>
<createdTime>2015-10-30 09:21:53 UTC</createdTime>
<generatorID>9B181594-C84C-97E4-4E19-07F0C4368EDD</generatorID>
<ownerDesignName>02a_package_of_items_v1</ownerDesignName>
<useDomainConstraints>false</useDomainConstraints>
<use>1</use>
<logicalDatatype>LOGDT019</logicalDatatype>
<dataTypePrecision>4</dataTypePrecision>
<dataTypeScale>2</dataTypeScale>
<ownDataTypeParameters>,4,2</ownDataTypeParameters>
<autoIncrementCycle>false</autoIncrementCycle>
</Column>
</columns>
<indexes itemClass="oracle.dbtools.crest.model.design.relational.Index">
<ind_PK_UK id="8B4466CC-BF1C-8254-364B-35EF7A78AF0B" name="item_groups_PK">
<createdBy>admin</createdBy>
<createdTime>2015-10-30 09:21:53 UTC</createdTime>
<generatorID>B32EEBF9-827C-88E4-08CF-6D3E068056D7</generatorID>
<ownerDesignName>02a_package_of_items_v1</ownerDesignName>
<pk>true</pk>
<indexState>Primary Constraint</indexState>
<isSurrogateKey>false</isSurrogateKey>
<indexColumnUsage>
<colUsage columnID="3E47BE6A-8AC1-DEEC-5035-83EA72438FF8"/>
</indexColumnUsage>
</ind_PK_UK>
</indexes>
</Table>