<?xml version = '1.0' encoding = 'UTF-8'?>
<Table class="oracle.dbtools.crest.model.design.relational.Table" directorySegmentName="seg_0" id="7AB4BB66-15A6-9072-698D-3F2C6D4B6EE8" name="ordered_items">
<createdBy>admin</createdBy>
<createdTime>2015-10-30 09:21:53 UTC</createdTime>
<generatorID>F83C1949-608D-81D4-5FB2-16FF9D499229</generatorID>
<ownerDesignName>02a_package_of_items_v1</ownerDesignName>
<existDependencyGenerateInDDl>true</existDependencyGenerateInDDl>
<parsed>true</parsed>
<columns itemClass="oracle.dbtools.crest.model.design.relational.Column">
<Column name="quantity" id="26E69EB0-42E1-BBC9-F60E-DB49BCD4A176">
<createdBy>admin</createdBy>
<createdTime>2015-10-30 09:21:53 UTC</createdTime>
<generatorID>80DD8CB9-BEBD-FD64-FEB8-4134C1C271ED</generatorID>
<ownerDesignName>02a_package_of_items_v1</ownerDesignName>
<useDomainConstraints>false</useDomainConstraints>
<use>1</use>
<logicalDatatype>LOGDT019</logicalDatatype>
<dataTypePrecision>9</dataTypePrecision>
<dataTypeScale>3</dataTypeScale>
<ownDataTypeParameters>,9,3</ownDataTypeParameters>
<autoIncrementCycle>false</autoIncrementCycle>
</Column>
<Column name="order_id" id="5259DD63-0B39-6275-E3BB-3619AC8BBFD3">
<createdBy>admin</createdBy>
<createdTime>2015-10-30 09:21:53 UTC</createdTime>
<generatorID>1DA98C8A-FC77-0A45-701B-036A0E5A01F1</generatorID>
<ownerDesignName>02a_package_of_items_v1</ownerDesignName>
<useDomainConstraints>false</useDomainConstraints>
<use>1</use>
<logicalDatatype>LOGDT011</logicalDatatype>
<ownDataTypeParameters>,,</ownDataTypeParameters>
<previousColumn>false</previousColumn>
<autoIncrementCycle>false</autoIncrementCycle>
<associations>
<colAssociation fkAssociation="A3B2207C-6A5D-981C-72F7-1B0E03F60190" referredColumn="27433362-0A50-EBB7-C267-2DFB15F1A5A6"/>
</associations>
</Column>
<Column name="prod_id" id="E748DB14-D7D6-4672-7C7F-62360A098E56">
<createdBy>admin</createdBy>
<createdTime>2015-10-30 09:21:53 UTC</createdTime>
<generatorID>B3A0A70D-3867-2225-61A1-04BFB625DBB3</generatorID>
<ownerDesignName>02a_package_of_items_v1</ownerDesignName>
<useDomainConstraints>false</useDomainConstraints>
<use>1</use>
<logicalDatatype>LOGDT011</logicalDatatype>
<ownDataTypeParameters>,,</ownDataTypeParameters>
<previousColumn>false</previousColumn>
<autoIncrementCycle>false</autoIncrementCycle>
<associations>
<colAssociation fkAssociation="FDA3BA21-CE0E-3128-7F81-371F75250393" referredColumn="517C18ED-D356-AE80-EFC1-42E3264B37DD"/>
</associations>
</Column>
<Column name="serv_id" id="8F51BC13-8E49-A5AC-DC7A-6FFB9D1F1F7A">
<createdBy>admin</createdBy>
<createdTime>2015-10-30 09:21:53 UTC</createdTime>
<generatorID>5BE5B722-5F99-1E50-4476-F0B53F5D37D3</generatorID>
<ownerDesignName>02a_package_of_items_v1</ownerDesignName>
<useDomainConstraints>false</useDomainConstraints>
<use>1</use>
<logicalDatatype>LOGDT011</logicalDatatype>
<ownDataTypeParameters>,,</ownDataTypeParameters>
<previousColumn>false</previousColumn>
<autoIncrementCycle>false</autoIncrementCycle>
<associations>
<colAssociation fkAssociation="78966098-DBAD-BE31-FBAE-B93328D23C93" referredColumn="1AC7D407-971D-12B1-552C-66CE12F024D7"/>
</associations>
</Column>
<Column name="package_id" id="A2B25B3B-7415-1446-C2CA-DA3A7946C5A4">
<createdBy>admin</createdBy>
<createdTime>2015-10-30 09:21:53 UTC</createdTime>
<generatorID>4FF4964D-869F-5355-C419-F0A11F6DE9C7</generatorID>
<ownerDesignName>02a_package_of_items_v1</ownerDesignName>
<useDomainConstraints>false</useDomainConstraints>
<use>1</use>
<logicalDatatype>LOGDT011</logicalDatatype>
<ownDataTypeParameters>,,</ownDataTypeParameters>
<previousColumn>false</previousColumn>
<autoIncrementCycle>false</autoIncrementCycle>
<associations>
<colAssociation fkAssociation="F06D6A2D-71C8-EDAD-6630-15488070AB50" referredColumn="6C51A2AA-A42F-4EC9-4E92-FB39A256D1BB"/>
</associations>
</Column>
</columns>
<indexes itemClass="oracle.dbtools.crest.model.design.relational.Index">
<ind_PK_UK id="7B6BA746-A30C-F8CA-C4C9-B04077B2A28D" name="ordered_items_PK">
<createdBy>admin</createdBy>
<createdTime>2015-10-30 09:21:53 UTC</createdTime>
<generatorID>E298E30E-FE1F-6742-A910-8A6D7786E0D1</generatorID>
<ownerDesignName>02a_package_of_items_v1</ownerDesignName>
<pk>true</pk>
<indexState>Primary Constraint</indexState>
<isSurrogateKey>false</isSurrogateKey>
<indexColumnUsage>
<colUsage columnID="5259DD63-0B39-6275-E3BB-3619AC8BBFD3"/>
<colUsage columnID="E748DB14-D7D6-4672-7C7F-62360A098E56"/>
<colUsage columnID="8F51BC13-8E49-A5AC-DC7A-6FFB9D1F1F7A"/>
<colUsage columnID="A2B25B3B-7415-1446-C2CA-DA3A7946C5A4"/>
</indexColumnUsage>
</ind_PK_UK>
<ind_PK_UK id="20E15B91-E96E-5A7C-2F27-A37ACA504433" name="ordered_items_packages_FK">
<createdBy>admin</createdBy>
<createdTime>2015-10-30 09:21:53 UTC</createdTime>
<generatorID>5691A718-A83F-9A5B-BD32-403CBD9A10D6</generatorID>
<ownerDesignName>02a_package_of_items_v1</ownerDesignName>
<indexState>Foreign Key</indexState>
<isSurrogateKey>false</isSurrogateKey>
<indexColumnUsage>
<colUsage columnID="A2B25B3B-7415-1446-C2CA-DA3A7946C5A4"/>
</indexColumnUsage>
</ind_PK_UK>
<ind_PK_UK id="C6EBAEBB-B793-BA9E-1C1C-7274BDE8E607" name="ordered_items_orders_FK">
<createdBy>admin</createdBy>
<createdTime>2015-10-30 09:21:53 UTC</createdTime>
<generatorID>2AFE7B4B-0337-CBB2-49DE-B73C185A50F3</generatorID>
<ownerDesignName>02a_package_of_items_v1</ownerDesignName>
<indexState>Foreign Key</indexState>
<isSurrogateKey>false</isSurrogateKey>
<indexColumnUsage>
<colUsage columnID="5259DD63-0B39-6275-E3BB-3619AC8BBFD3"/>
</indexColumnUsage>
</ind_PK_UK>
<ind_PK_UK id="373EEA1B-FE56-CFBE-7B87-72CC8CB112A3" name="ordered_items_products_FK">
<createdBy>admin</createdBy>
<createdTime>2015-10-30 09:21:53 UTC</createdTime>
<generatorID>30B0283E-4B3A-6B3D-161F-44294A3D63C0</generatorID>
<ownerDesignName>02a_package_of_items_v1</ownerDesignName>
<indexState>Foreign Key</indexState>
<isSurrogateKey>false</isSurrogateKey>
<indexColumnUsage>
<colUsage columnID="E748DB14-D7D6-4672-7C7F-62360A098E56"/>
</indexColumnUsage>
</ind_PK_UK>
<ind_PK_UK id="ABC2E2FD-8D0C-C4DB-5C5C-69AEAF382C6D" name="ordered_items_services_FK">
<createdBy>admin</createdBy>
<createdTime>2015-10-30 09:21:53 UTC</createdTime>
<generatorID>8583661B-49B5-9C48-8C5B-7920C35F4216</generatorID>
<ownerDesignName>02a_package_of_items_v1</ownerDesignName>
<indexState>Foreign Key</indexState>
<isSurrogateKey>false</isSurrogateKey>
<indexColumnUsage>
<colUsage columnID="8F51BC13-8E49-A5AC-DC7A-6FFB9D1F1F7A"/>
</indexColumnUsage>
</ind_PK_UK>
</indexes>
</Table>