<?xml version = '1.0' encoding = 'UTF-8'?>
<Table class="oracle.dbtools.crest.model.design.relational.Table" directorySegmentName="seg_0" id="8138FC80-7995-5D5E-AEA3-E10F95003B6A" name="serv_var_price">
<createdBy>admin</createdBy>
<createdTime>2015-10-30 09:21:53 UTC</createdTime>
<generatorID>236E7C15-6D26-6086-E364-534DFF1234D4</generatorID>
<ownerDesignName>02a_package_of_items_v1</ownerDesignName>
<existDependencyGenerateInDDl>true</existDependencyGenerateInDDl>
<parsed>true</parsed>
<columns itemClass="oracle.dbtools.crest.model.design.relational.Column">
<Column name="serv_id" id="20A27982-61DE-7389-756C-A18BC9948DF4">
<createdBy>admin</createdBy>
<createdTime>2015-10-30 09:21:53 UTC</createdTime>
<generatorID>108E074E-EB5D-87A7-8671-920EE9863BE0</generatorID>
<ownerDesignName>02a_package_of_items_v1</ownerDesignName>
<useDomainConstraints>false</useDomainConstraints>
<use>1</use>
<logicalDatatype>LOGDT011</logicalDatatype>
<ownDataTypeParameters>,,</ownDataTypeParameters>
<autoIncrementCycle>false</autoIncrementCycle>
<associations>
<colAssociation fkAssociation="73810B83-DE76-DFE2-AA2E-4EFD5954DF67" referredColumn="1AC7D407-971D-12B1-552C-66CE12F024D7"/>
</associations>
</Column>
<Column name="calculation_base" id="F1ED9D96-1846-5C23-64C9-F434E8F1A1D7">
<createdBy>admin</createdBy>
<createdTime>2015-10-30 09:21:53 UTC</createdTime>
<generatorID>7563264C-95E4-33F3-8083-3C19AAC6F675</generatorID>
<ownerDesignName>02a_package_of_items_v1</ownerDesignName>
<nullsAllowed>true</nullsAllowed>
<useDomainConstraints>false</useDomainConstraints>
<use>1</use>
<logicalDatatype>LOGDT037</logicalDatatype>
<dataTypeSize>30</dataTypeSize>
<ownDataTypeParameters>30,,</ownDataTypeParameters>
<autoIncrementCycle>false</autoIncrementCycle>
</Column>
<Column name="price_per_base_unit" id="6ED8E59A-25B0-5F94-ECEB-2B0D82AAFB3E">
<createdBy>admin</createdBy>
<createdTime>2015-10-30 09:21:53 UTC</createdTime>
<generatorID>C3DFBFC9-9F61-E1ED-41FF-D5AF8A0A3C64</generatorID>
<ownerDesignName>02a_package_of_items_v1</ownerDesignName>
<useDomainConstraints>false</useDomainConstraints>
<use>1</use>
<logicalDatatype>LOGDT019</logicalDatatype>
<dataTypePrecision>8</dataTypePrecision>
<dataTypeScale>2</dataTypeScale>
<ownDataTypeParameters>,8,2</ownDataTypeParameters>
<autoIncrementCycle>false</autoIncrementCycle>
</Column>
</columns>
<indexes itemClass="oracle.dbtools.crest.model.design.relational.Index">
<ind_PK_UK id="FC329A0D-AE7E-766B-32FE-6899ECE617B1" name="serv_var_price_PK">
<createdBy>admin</createdBy>
<createdTime>2015-10-30 09:21:53 UTC</createdTime>
<generatorID>E55947F8-3963-CDF5-AA8F-8C4E30F129D4</generatorID>
<ownerDesignName>02a_package_of_items_v1</ownerDesignName>
<pk>true</pk>
<indexState>Primary Constraint</indexState>
<isSurrogateKey>false</isSurrogateKey>
<indexColumnUsage>
<colUsage columnID="20A27982-61DE-7389-756C-A18BC9948DF4"/>
</indexColumnUsage>
</ind_PK_UK>
<ind_PK_UK id="92E71814-ED20-AE90-1DC4-BEE46664D315" name="serv_var_price_services_FK">
<createdBy>admin</createdBy>
<createdTime>2015-10-30 09:21:53 UTC</createdTime>
<generatorID>81C48145-1421-FB94-577D-742EE129B2B4</generatorID>
<ownerDesignName>02a_package_of_items_v1</ownerDesignName>
<indexState>Foreign Key</indexState>
<isSurrogateKey>false</isSurrogateKey>
<indexColumnUsage>
<colUsage columnID="20A27982-61DE-7389-756C-A18BC9948DF4"/>
</indexColumnUsage>
</ind_PK_UK>
</indexes>
</Table>