<?xml version = '1.0' encoding = 'UTF-8'?>
<Diagram class="oracle.dbtools.crest.swingui.logical.DPVLogical" name="Logical" id="FD1AAEAC-2264-8ABE-84D9-D2104E1AC047">
<createdBy>admin</createdBy>
<modifiedBy>admin</modifiedBy>
<createdTime>2015-11-10 15:44:36 UTC</createdTime>
<autoRoute>false</autoRoute>
<boxInbox>true</boxInbox>
<showLegend>false</showLegend>
<showLabels>false</showLabels>
<showRelAttributes>false</showRelAttributes>
<gridEnabled>false</gridEnabled>
<showGrid>false</showGrid>
<diagramColor>-1</diagramColor>
<display>false</display>
<notation>1</notation>
<objectViews>
<OView class="oracle.dbtools.crest.swingui.logical.TVEntity" oid="06902F0C-6FC1-1C4D-A263-369F659301BF" otype="Entity" vid="DC3581B3-F3CE-961C-3BDC-2BBA58B02767">
<hideElementsInCurrentOnly>false</hideElementsInCurrentOnly>
<bounds x="246" y="285" width="142" height="97"/>
</OView>
<OView class="oracle.dbtools.crest.swingui.logical.TVEntity" oid="13B78776-BF02-853E-E5D6-2B610A8357D5" otype="Entity" vid="6020E32B-53BC-066F-DFBC-D667F94DF4FE">
<hideElementsInCurrentOnly>false</hideElementsInCurrentOnly>
<bounds x="477" y="434" width="116" height="71"/>
</OView>
<OView class="oracle.dbtools.crest.swingui.logical.TVEntity" oid="2638F776-8947-70E0-0893-CBE5318C3734" otype="Entity" vid="62C6E162-520F-34A9-C0BB-CE0472825662">
<hideElementsInCurrentOnly>false</hideElementsInCurrentOnly>
<bounds x="146" y="425" width="142" height="79"/>
</OView>
<OView class="oracle.dbtools.crest.swingui.logical.TVEntity" oid="2AA342A2-74DD-13DD-E418-46689AFE496A" otype="Entity" vid="162378CF-2AC9-CE3F-6D29-B2867E7831CC">
<hideElementsInCurrentOnly>false</hideElementsInCurrentOnly>
<bounds x="16" y="243" width="145" height="88"/>
</OView>
<OView class="oracle.dbtools.crest.swingui.logical.TVEntity" oid="30381E6D-38CD-CBD6-A9D8-6DBCEE9BEBAB" otype="Entity" vid="C6FC9313-D6B0-DCD5-76C3-DE6138AF9A42">
<hideElementsInCurrentOnly>false</hideElementsInCurrentOnly>
<bounds x="439" y="98" width="164" height="97"/>
</OView>
<OView class="oracle.dbtools.crest.swingui.logical.TVEntity" oid="68263689-A8DC-C93E-2AD1-05FA5535E0FC" otype="Entity" vid="86362D20-FB24-F7BB-DE4A-96B84DC38F9D">
<hideElementsInCurrentOnly>false</hideElementsInCurrentOnly>
<bounds x="16" y="345" width="113" height="88"/>
</OView>
<OView class="oracle.dbtools.crest.swingui.logical.TVEntity" oid="696BFCA8-1F84-3914-250C-B8DAB10EEF19" otype="Entity" vid="F5498D06-47E3-E726-9863-89DB6DD0D490">
<hideElementsInCurrentOnly>false</hideElementsInCurrentOnly>
<bounds x="266" y="139" width="115" height="97"/>
</OView>
<OView class="oracle.dbtools.crest.swingui.logical.TVEntity" oid="859ACD1F-61FF-A75D-A8BC-8A3B3FFD0285" otype="Entity" vid="EB65432F-83D4-0CED-1E69-591ABDF445E3">
<hideElementsInCurrentOnly>false</hideElementsInCurrentOnly>
<bounds x="10" y="14" width="158" height="103"/>
</OView>
<OView class="oracle.dbtools.crest.swingui.logical.TVEntity" oid="86090696-46A2-BC08-7643-58117B1969C7" otype="Entity" vid="6E3F3295-5212-E382-5768-8952EF03E4B1">
<hideElementsInCurrentOnly>false</hideElementsInCurrentOnly>
<bounds x="220" y="23" width="149" height="97"/>
</OView>
<OView class="oracle.dbtools.crest.swingui.logical.TVEntity" oid="8FD693E5-97FF-C9F3-6441-CEC1121D5E77" otype="Entity" vid="7C1E8170-977B-4612-9B28-7B0FD86CDB0A">
<hideElementsInCurrentOnly>false</hideElementsInCurrentOnly>
<bounds x="431" y="325" width="142" height="48"/>
</OView>
<OView class="oracle.dbtools.crest.swingui.logical.TVEntity" oid="9C0AA00A-C153-164C-2576-95D78692A2C1" otype="Entity" vid="EFD2A611-B188-AFB8-F502-25E82FD694AA">
<hideElementsInCurrentOnly>false</hideElementsInCurrentOnly>
<bounds x="470" y="14" width="112" height="69"/>
</OView>
<OView class="oracle.dbtools.crest.swingui.logical.TVEntity" oid="9FFCBE3D-9E65-7807-C1C8-A4BD512514A1" otype="Entity" vid="4A542B56-F9E2-0027-4EF5-019701945228">
<hideElementsInCurrentOnly>false</hideElementsInCurrentOnly>
<bounds x="479" y="230" width="127" height="81"/>
</OView>
<OView class="oracle.dbtools.crest.swingui.logical.TVEntity" oid="AEFA9EC5-0835-56E9-E59A-986E222FAD45" otype="Entity" vid="AA8BF249-02EC-34C6-62A8-6CBB22FA8C7F">
<hideElementsInCurrentOnly>false</hideElementsInCurrentOnly>
<bounds x="80" y="150" width="140" height="63"/>
</OView>
<OView class="oracle.dbtools.crest.swingui.logical.TVEntity" oid="BCEDB0CB-1A89-7680-C37A-2C4266FAF076" otype="Entity" vid="0309E5AC-82A1-F5F7-0730-99E8C0E23AE5">
<hideElementsInCurrentOnly>false</hideElementsInCurrentOnly>
<bounds x="333" y="416" width="134" height="89"/>
</OView>
</objectViews>
<connectors>
<Connector class="oracle.dbtools.crest.swingui.logical.TVRelation" oid="02DA4AC7-8F40-AF24-F610-07A9331E3828" otype="Relation" vid_source="C6FC9313-D6B0-DCD5-76C3-DE6138AF9A42" vid_target="4A542B56-F9E2-0027-4EF5-019701945228">
<hideElementsInCurrentOnly>false</hideElementsInCurrentOnly>
<lineWidth>1</lineWidth>
<points>
<point x="541" y="195"/>
<point x="541" y="230"/>
</points>
</Connector>
<Connector class="oracle.dbtools.crest.swingui.logical.TVRelation" oid="1C3A3503-971C-62A0-7BD8-4E1C790AD215" otype="Relation" vid_source="DC3581B3-F3CE-961C-3BDC-2BBA58B02767" vid_target="AA8BF249-02EC-34C6-62A8-6CBB22FA8C7F">
<hideElementsInCurrentOnly>false</hideElementsInCurrentOnly>
<lineWidth>1</lineWidth>
<points>
<point x="317" y="285"/>
<point x="150" y="213"/>
</points>
</Connector>
<Connector class="oracle.dbtools.crest.swingui.logical.TVRelation" oid="2C18DBCF-B5A6-8068-3E54-DCEFB0868B03" otype="Relation" vid_source="0309E5AC-82A1-F5F7-0730-99E8C0E23AE5" vid_target="7C1E8170-977B-4612-9B28-7B0FD86CDB0A">
<hideElementsInCurrentOnly>false</hideElementsInCurrentOnly>
<lineWidth>1</lineWidth>
<points>
<point x="449" y="416"/>
<point x="449" y="373"/>
</points>
</Connector>
<Connector class="oracle.dbtools.crest.swingui.logical.TVRelation" oid="32FBA94C-E9DA-C4BF-0F17-102E59204570" otype="Relation" vid_source="6E3F3295-5212-E382-5768-8952EF03E4B1" vid_target="EB65432F-83D4-0CED-1E69-591ABDF445E3">
<hideElementsInCurrentOnly>false</hideElementsInCurrentOnly>
<lineWidth>1</lineWidth>
<points>
<point x="220" y="70"/>
<point x="168" y="70"/>
</points>
</Connector>
<Connector class="oracle.dbtools.crest.swingui.logical.TVRelation" oid="37FC1BEE-D723-1130-22CC-4F3CC809466D" otype="Relation" vid_source="F5498D06-47E3-E726-9863-89DB6DD0D490" vid_target="C6FC9313-D6B0-DCD5-76C3-DE6138AF9A42">
<hideElementsInCurrentOnly>false</hideElementsInCurrentOnly>
<lineWidth>1</lineWidth>
<points>
<point x="381" y="167"/>
<point x="439" y="167"/>
</points>
</Connector>
<Connector class="oracle.dbtools.crest.swingui.logical.TVRelation" oid="453E0446-810E-21D1-C01F-2BF28419FDBD" otype="Relation" vid_source="EFD2A611-B188-AFB8-F502-25E82FD694AA" vid_target="6E3F3295-5212-E382-5768-8952EF03E4B1">
<hideElementsInCurrentOnly>false</hideElementsInCurrentOnly>
<lineWidth>1</lineWidth>
<points>
<point x="470" y="53"/>
<point x="369" y="53"/>
</points>
</Connector>
<Connector class="oracle.dbtools.crest.swingui.logical.TVRelation" oid="548BAB9C-FDB4-A9A9-0298-B0551F8CC3BA" otype="Relation" vid_source="162378CF-2AC9-CE3F-6D29-B2867E7831CC" vid_target="DC3581B3-F3CE-961C-3BDC-2BBA58B02767">
<hideElementsInCurrentOnly>false</hideElementsInCurrentOnly>
<lineWidth>1</lineWidth>
<points>
<point x="161" y="308"/>
<point x="246" y="308"/>
</points>
</Connector>
<Connector class="oracle.dbtools.crest.swingui.logical.TVRelation" oid="622C4A27-75D4-CF6F-D558-35D9F9E120C5" otype="Relation" vid_source="F5498D06-47E3-E726-9863-89DB6DD0D490" vid_target="DC3581B3-F3CE-961C-3BDC-2BBA58B02767">
<hideElementsInCurrentOnly>false</hideElementsInCurrentOnly>
<lineWidth>1</lineWidth>
<points>
<point x="333" y="236"/>
<point x="333" y="285"/>
</points>
</Connector>
<Connector class="oracle.dbtools.crest.swingui.logical.TVRelation" oid="62DDE928-69E3-EFB2-0C94-9F9AD718B8B3" otype="Relation" vid_source="86362D20-FB24-F7BB-DE4A-96B84DC38F9D" vid_target="DC3581B3-F3CE-961C-3BDC-2BBA58B02767">
<hideElementsInCurrentOnly>false</hideElementsInCurrentOnly>
<lineWidth>1</lineWidth>
<points>
<point x="129" y="353"/>
<point x="246" y="353"/>
</points>
</Connector>
<Connector class="oracle.dbtools.crest.swingui.logical.TVRelation" oid="710FD00C-C14F-CE48-CDB8-8AA983754B7A" otype="Relation" vid_source="6020E32B-53BC-066F-DFBC-D667F94DF4FE" vid_target="7C1E8170-977B-4612-9B28-7B0FD86CDB0A">
<hideElementsInCurrentOnly>false</hideElementsInCurrentOnly>
<lineWidth>1</lineWidth>
<points>
<point x="525" y="434"/>
<point x="525" y="373"/>
</points>
</Connector>
<Connector class="oracle.dbtools.crest.swingui.logical.TVRelation" oid="AC7F3EAC-3B9D-F535-EDE3-34EC1E3D96CD" otype="Relation" vid_source="DC3581B3-F3CE-961C-3BDC-2BBA58B02767" vid_target="7C1E8170-977B-4612-9B28-7B0FD86CDB0A">
<hideElementsInCurrentOnly>false</hideElementsInCurrentOnly>
<lineWidth>1</lineWidth>
<points>
<point x="388" y="349"/>
<point x="431" y="349"/>
</points>
</Connector>
<Connector class="oracle.dbtools.crest.swingui.logical.TVRelation" oid="AFD2A76F-06A2-D23A-BDAD-FF3DB23AC687" otype="Relation" vid_source="DC3581B3-F3CE-961C-3BDC-2BBA58B02767" vid_target="62C6E162-520F-34A9-C0BB-CE0472825662">
<hideElementsInCurrentOnly>false</hideElementsInCurrentOnly>
<lineWidth>1</lineWidth>
<points>
<point x="267" y="382"/>
<point x="267" y="425"/>
</points>
</Connector>
<Connector class="oracle.dbtools.crest.swingui.logical.TVRelation" oid="B28FE0F3-6EE1-646C-2FA1-5E599B3C42A8" otype="Relation" vid_source="DC3581B3-F3CE-961C-3BDC-2BBA58B02767" vid_target="4A542B56-F9E2-0027-4EF5-019701945228">
<hideElementsInCurrentOnly>false</hideElementsInCurrentOnly>
<lineWidth>1</lineWidth>
<points>
<point x="388" y="298"/>
<point x="479" y="298"/>
</points>
</Connector>
<Connector class="oracle.dbtools.crest.swingui.logical.TVRelation" oid="E016AE1B-FC48-1EDA-27A1-EAA046A88B1E" otype="Relation" vid_source="6E3F3295-5212-E382-5768-8952EF03E4B1" vid_target="C6FC9313-D6B0-DCD5-76C3-DE6138AF9A42">
<hideElementsInCurrentOnly>false</hideElementsInCurrentOnly>
<lineWidth>1</lineWidth>
<points>
<point x="369" y="109"/>
<point x="439" y="109"/>
</points>
</Connector>
<Connector class="oracle.dbtools.crest.swingui.logical.TVRelation" oid="ED264942-1A28-9CA5-1069-F8D437AC08A2" otype="Relation" vid_source="6E3F3295-5212-E382-5768-8952EF03E4B1" vid_target="EB65432F-83D4-0CED-1E69-591ABDF445E3">
<hideElementsInCurrentOnly>false</hideElementsInCurrentOnly>
<lineWidth>1</lineWidth>
<points>
<point x="220" y="80"/>
<point x="168" y="80"/>
</points>
</Connector>
</connectors>
</Diagram>