<?xml version = '1.0' encoding = 'UTF-8'?>
<Diagram class="oracle.dbtools.crest.swingui.logical.DPVLogical" name="Logical" id="E654EE8F-44B5-8719-05CF-77133F9FF3B6">
<createdBy>Marin F</createdBy>
<modifiedBy>admin</modifiedBy>
<createdTime>2011-10-05 05:39:27 UTC</createdTime>
<autoRoute>false</autoRoute>
<boxInbox>true</boxInbox>
<showLegend>false</showLegend>
<showLabels>false</showLabels>
<showRelAttributes>false</showRelAttributes>
<gridEnabled>false</gridEnabled>
<showGrid>false</showGrid>
<diagramColor>-1</diagramColor>
<display>false</display>
<notation>1</notation>
<objectViews>
<OView class="oracle.dbtools.crest.swingui.TVNote" oid="01A6900C-D2B7-CA9E-E1F9-4769B5D7E80E" otype="Note" vid="F64BEDF0-8ACD-DC2A-9670-187EDD186683">
<hideElementsInCurrentOnly>false</hideElementsInCurrentOnly>
<bounds x="97" y="9" width="355" height="56"/>
<comment>- Each employee has at least zero managers (the case of general manager/CEO) and at most one manager (reports to)&lt;br/&gt;- A manager could have zero (:-)) or more subordinates&lt;br/&gt;</comment>
</OView>
<OView class="oracle.dbtools.crest.swingui.logical.TVEntity" oid="6934B835-67C6-79F7-1B2E-BDC41342680D" otype="Entity" vid="FF8CDC34-BF5C-BD6B-DD74-47362ACD2F95">
<hideElementsInCurrentOnly>false</hideElementsInCurrentOnly>
<bounds x="180" y="77" width="174" height="106"/>
</OView>
</objectViews>
<connectors>
<Connector class="oracle.dbtools.crest.swingui.logical.TVRelation" oid="3CDA5A05-FB35-B406-DCD5-AD70CFA7F9A8" otype="Relation" vid_source="FF8CDC34-BF5C-BD6B-DD74-47362ACD2F95" vid_target="FF8CDC34-BF5C-BD6B-DD74-47362ACD2F95">
<hideElementsInCurrentOnly>false</hideElementsInCurrentOnly>
<backgroundColor>-16777216</backgroundColor>
<lineWidth>1</lineWidth>
<points>
<point x="354" y="139"/>
<point x="379" y="139"/>
<point x="379" y="208"/>
<point x="282" y="208"/>
<point x="282" y="183"/>
</points>
</Connector>
</connectors>
</Diagram>