<?xml version = '1.0' encoding = 'UTF-8'?>
<Relation class="oracle.dbtools.crest.model.design.logical.Relation" name="teaches" directorySegmentName="seg_0" id="8FF67823-B677-2361-873A-719588FDF327">
<createdBy>Marin F</createdBy>
<createdTime>2011-10-05 07:32:17 UTC</createdTime>
<ownerDesignName>teaches_1</ownerDesignName>
<engineerTo>
<item key="8D97322B-A031-7F6D-EFB9-8B606264CDCF" value="true"/>
</engineerTo>
<sourcePk>10D2CA96-B305-CFDB-153F-6763A370C57C</sourcePk>
<identifying>false</identifying>
<optionalSource>true</optionalSource>
<optionalTarget>false</optionalTarget>
<sourceCardinality>1</sourceCardinality>
<sourceEntity>6934B835-67C6-79F7-1B2E-BDC41342680D</sourceEntity>
<targetCardinalityString>*</targetCardinalityString>
<targetEntity>3AA8946A-9003-0C30-8AE4-CBF1BE55E355</targetEntity>
<transferable>true</transferable>
</Relation>