<?xml version = '1.0' encoding = 'UTF-8'?>
<Relation class="oracle.dbtools.crest.model.design.logical.Relation" name="gives" directorySegmentName="seg_0" id="4C93214B-2E77-7FE1-A653-88EE0A12DD9F">
<createdBy>Marin F</createdBy>
<createdTime>2011-08-27 05:44:28 UTC</createdTime>
<ownerDesignName>univ_info_sys_1</ownerDesignName>
<engineerTo>
<item key="7DC5ACBD-6F41-89E8-51E1-ACF29009D487" value="true"/>
</engineerTo>
<sourcePk>B95CE135-6F04-6889-C058-0DAF0426FD2A</sourcePk>
<identifying>false</identifying>
<optionalSource>true</optionalSource>
<optionalTarget>true</optionalTarget>
<sourceCardinality>1</sourceCardinality>
<sourceEntity>764D6DE8-1636-75E3-88F7-03395AE41736</sourceEntity>
<targetCardinalityString>*</targetCardinalityString>
<targetEntity>F928E65A-16C7-4142-BFBD-19F9FCE995B0</targetEntity>
<transferable>true</transferable>
</Relation>