<?xml version = '1.0' encoding = 'UTF-8'?>
<Relation class="oracle.dbtools.crest.model.design.logical.Relation" name="is_subject_of" directorySegmentName="seg_0" id="C9D726A4-7792-4015-57F4-185A47FFC8F3">
<createdBy>Marin F</createdBy>
<createdTime>2011-08-27 05:36:05 UTC</createdTime>
<ownerDesignName>univ_info_sys_1</ownerDesignName>
<engineerTo>
<item key="7DC5ACBD-6F41-89E8-51E1-ACF29009D487" value="true"/>
</engineerTo>
<sourcePk>235C33A6-7F2A-4515-AC7F-3A9E02A4DC92</sourcePk>
<identifying>true</identifying>
<optionalSource>true</optionalSource>
<optionalTarget>false</optionalTarget>
<sourceCardinality>1</sourceCardinality>
<sourceEntity>234FF613-D601-FAA5-B64E-5E24E64C1929</sourceEntity>
<targetCardinalityString>*</targetCardinalityString>
<targetEntity>A7393D13-AFD4-6C9E-10AA-E292027E4471</targetEntity>
<transferable>true</transferable>
</Relation>