<?xml version = '1.0' encoding = 'UTF-8'?>
<Relation class="oracle.dbtools.crest.model.design.logical.Relation" name="is_awarded_to" directorySegmentName="seg_0" id="E8717697-8BF2-E190-8BC4-A364A5723280">
<createdBy>Marin F</createdBy>
<createdTime>2011-08-27 05:57:24 UTC</createdTime>
<ownerDesignName>univ_info_sys_1</ownerDesignName>
<engineerTo>
<item key="7DC5ACBD-6F41-89E8-51E1-ACF29009D487" value="true"/>
</engineerTo>
<sourcePk>DF2A7B05-7C8F-9EC1-0B37-B061DB75DFBF</sourcePk>
<identifying>false</identifying>
<optionalSource>true</optionalSource>
<optionalTarget>true</optionalTarget>
<sourceCardinality>1</sourceCardinality>
<sourceEntity>267E94FD-45CC-EEEB-A1B8-02937C60A862</sourceEntity>
<targetCardinalityString>*</targetCardinalityString>
<targetEntity>B4FF9F98-5257-9A42-80A2-A9B7166E7EA5</targetEntity>
<transferable>true</transferable>
</Relation>