<?xml version = '1.0' encoding = 'UTF-8'?>
<Entity class="oracle.dbtools.crest.model.design.logical.Entity" directorySegmentName="seg_0" id="042B1371-16B0-CE56-0127-0C61156C0758" name="process_activity">
<createdBy>admin</createdBy>
<createdTime>2015-11-17 04:43:17 UTC</createdTime>
<ownerDesignName>10a_basic_process</ownerDesignName>
<engineerTo>
<item key="A6ADADB1-59B2-9DCA-E622-1E6FBE99CEB2" value="true"/>
</engineerTo>
<adequatelyNormalized>NO</adequatelyNormalized>
<expectedVolumes>0</expectedVolumes>
<fwdEngineeringStrategyName>Single Table</fwdEngineeringStrategyName>
<growthPercent>0</growthPercent>
<growthType>Year</growthType>
<maxVolumes>9999999</maxVolumes>
<minVolumes>0</minVolumes>
<normalForm>Third</normalForm>
<preferredAbbreviation>process_activities</preferredAbbreviation>
<attributes itemClass="oracle.dbtools.crest.model.design.logical.Attribute">
<Attribute name="order_within_the_process" id="9A7C3D20-564F-6328-83E1-FCAE46554FBE">
<createdBy>admin</createdBy>
<createdTime>2015-11-17 04:43:47 UTC</createdTime>
<ownerDesignName>10a_basic_process</ownerDesignName>
<engineerTo>
<item key="A6ADADB1-59B2-9DCA-E622-1E6FBE99CEB2" value="true"/>
</engineerTo>
<useDomainConstraints>false</useDomainConstraints>
<use>1</use>
<logicalDatatype>LOGDT011</logicalDatatype>
<ownDataTypeParameters>,,</ownDataTypeParameters>
</Attribute>
<Attribute name="process_id" id="2020ED4E-93EA-7A67-4C8C-C185720D1B1F">
<createdBy>admin</createdBy>
<createdTime>2015-11-17 04:45:07 UTC</createdTime>
<generatorID>6F0BD482-7A7A-E034-1449-FE65B75B7FB4</generatorID>
<ownerDesignName>10a_basic_process</ownerDesignName>
<engineerTo>
<item key="A6ADADB1-59B2-9DCA-E622-1E6FBE99CEB2" value="true"/>
</engineerTo>
<referedAttribute>3D7BA695-3B6A-306F-AE84-64C8A5F256E9</referedAttribute>
<useDomainConstraints>false</useDomainConstraints>
<use>1</use>
<logicalDatatype>LOGDT011</logicalDatatype>
<ownDataTypeParameters>,,</ownDataTypeParameters>
</Attribute>
<Attribute name="activity_id" id="E123E4A3-B14B-19A4-2A36-42D5A555B213">
<createdBy>admin</createdBy>
<createdTime>2015-11-17 04:45:26 UTC</createdTime>
<generatorID>F139B806-8EB3-7B90-A88C-C839790BD20B</generatorID>
<ownerDesignName>10a_basic_process</ownerDesignName>
<engineerTo>
<item key="A6ADADB1-59B2-9DCA-E622-1E6FBE99CEB2" value="true"/>
</engineerTo>
<referedAttribute>E62F3D26-31DB-947C-C839-A6EA70E093AE</referedAttribute>
<useDomainConstraints>false</useDomainConstraints>
<use>1</use>
<logicalDatatype>LOGDT011</logicalDatatype>
<ownDataTypeParameters>,,</ownDataTypeParameters>
</Attribute>
<Attribute name="time_required_in_minutes" id="7B6D2C10-FAD8-75DE-589B-22BF52390A6B">
<createdBy>admin</createdBy>
<createdTime>2015-11-17 04:47:41 UTC</createdTime>
<ownerDesignName>10a_basic_process</ownerDesignName>
<engineerTo>
<item key="A6ADADB1-59B2-9DCA-E622-1E6FBE99CEB2" value="true"/>
</engineerTo>
<useDomainConstraints>false</useDomainConstraints>
<use>1</use>
<logicalDatatype>LOGDT011</logicalDatatype>
<ownDataTypeParameters>,,</ownDataTypeParameters>
</Attribute>
<Attribute name="details" id="B52B3C14-50FC-FE96-D1A7-66D2C903263D">
<createdBy>admin</createdBy>
<createdTime>2015-11-17 04:48:21 UTC</createdTime>
<ownerDesignName>10a_basic_process</ownerDesignName>
<engineerTo>
<item key="A6ADADB1-59B2-9DCA-E622-1E6FBE99CEB2" value="true"/>
</engineerTo>
<nullsAllowed>true</nullsAllowed>
<useDomainConstraints>false</useDomainConstraints>
<use>1</use>
<logicalDatatype>LOGDT037</logicalDatatype>
<dataTypeSize>500</dataTypeSize>
<ownDataTypeParameters>500,,</ownDataTypeParameters>
</Attribute>
</attributes>
<identifiers itemClass="oracle.dbtools.crest.model.design.logical.CandidateKey">
<identifier id="D2606A40-56C1-FCB2-6F59-B79C9BCCD7C4" name="process_activity PK">
<createdBy>admin</createdBy>
<createdTime>2015-11-17 04:44:32 UTC</createdTime>
<ownerDesignName>10a_basic_process</ownerDesignName>
<engineerTo>
<item key="A6ADADB1-59B2-9DCA-E622-1E6FBE99CEB2" value="true"/>
</engineerTo>
<pk>true</pk>
<usedAttributes>
<attributeRef>9A7C3D20-564F-6328-83E1-FCAE46554FBE</attributeRef>
<attributeRef>2020ED4E-93EA-7A67-4C8C-C185720D1B1F</attributeRef>
</usedAttributes>
</identifier>
</identifiers>
</Entity>