<?xml version = '1.0' encoding = 'UTF-8'?>
<Entity class="oracle.dbtools.crest.model.design.logical.Entity" directorySegmentName="seg_0" id="1A2EEA0D-8021-1C6B-C180-F32D957E9CA0" name="employee">
<createdBy>admin</createdBy>
<createdTime>2015-11-17 04:49:06 UTC</createdTime>
<ownerDesignName>10a_basic_process</ownerDesignName>
<engineerTo>
<item key="A6ADADB1-59B2-9DCA-E622-1E6FBE99CEB2" value="true"/>
</engineerTo>
<adequatelyNormalized>NO</adequatelyNormalized>
<expectedVolumes>0</expectedVolumes>
<fwdEngineeringStrategyName>Single Table</fwdEngineeringStrategyName>
<growthPercent>0</growthPercent>
<growthType>Year</growthType>
<maxVolumes>9999999</maxVolumes>
<minVolumes>0</minVolumes>
<normalForm>Third</normalForm>
<preferredAbbreviation>employees</preferredAbbreviation>
<attributes itemClass="oracle.dbtools.crest.model.design.logical.Attribute">
<Attribute name="emp_id" id="8DD36EBD-4443-02D1-19F3-610299FD82ED">
<createdBy>admin</createdBy>
<createdTime>2015-11-17 04:49:18 UTC</createdTime>
<ownerDesignName>10a_basic_process</ownerDesignName>
<engineerTo>
<item key="A6ADADB1-59B2-9DCA-E622-1E6FBE99CEB2" value="true"/>
</engineerTo>
<useDomainConstraints>false</useDomainConstraints>
<use>1</use>
<logicalDatatype>LOGDT011</logicalDatatype>
<ownDataTypeParameters>,,</ownDataTypeParameters>
</Attribute>
<Attribute name="emp_name" id="F4FA2999-C007-79F7-3808-D9765456B27B">
<createdBy>admin</createdBy>
<createdTime>2015-11-17 04:49:27 UTC</createdTime>
<ownerDesignName>10a_basic_process</ownerDesignName>
<engineerTo>
<item key="A6ADADB1-59B2-9DCA-E622-1E6FBE99CEB2" value="true"/>
</engineerTo>
<useDomainConstraints>false</useDomainConstraints>
<use>1</use>
<logicalDatatype>LOGDT037</logicalDatatype>
<dataTypeSize>100</dataTypeSize>
<ownDataTypeParameters>100,,</ownDataTypeParameters>
</Attribute>
<Attribute name="hired_since" id="C109F925-7F7A-75C8-74BC-9672A8656F78">
<createdBy>admin</createdBy>
<createdTime>2015-11-17 04:49:40 UTC</createdTime>
<ownerDesignName>10a_basic_process</ownerDesignName>
<engineerTo>
<item key="A6ADADB1-59B2-9DCA-E622-1E6FBE99CEB2" value="true"/>
</engineerTo>
<useDomainConstraints>false</useDomainConstraints>
<use>1</use>
<logicalDatatype>LOGDT007</logicalDatatype>
<ownDataTypeParameters>,,</ownDataTypeParameters>
</Attribute>
<Attribute name="comments" id="4AE870C9-CEDE-511F-4419-B429BBDCBEB1">
<createdBy>admin</createdBy>
<createdTime>2015-11-17 04:50:10 UTC</createdTime>
<ownerDesignName>10a_basic_process</ownerDesignName>
<engineerTo>
<item key="A6ADADB1-59B2-9DCA-E622-1E6FBE99CEB2" value="true"/>
</engineerTo>
<nullsAllowed>true</nullsAllowed>
<useDomainConstraints>false</useDomainConstraints>
<use>1</use>
<logicalDatatype>LOGDT037</logicalDatatype>
<dataTypeSize>50</dataTypeSize>
<ownDataTypeParameters>50,,</ownDataTypeParameters>
</Attribute>
</attributes>
<identifiers itemClass="oracle.dbtools.crest.model.design.logical.CandidateKey">
<identifier id="C4F9382A-2378-149B-E488-C139C45FE08B" name="employee PK">
<createdBy>admin</createdBy>
<createdTime>2015-11-17 04:49:25 UTC</createdTime>
<ownerDesignName>10a_basic_process</ownerDesignName>
<engineerTo>
<item key="A6ADADB1-59B2-9DCA-E622-1E6FBE99CEB2" value="true"/>
</engineerTo>
<pk>true</pk>
<usedAttributes>
<attributeRef>8DD36EBD-4443-02D1-19F3-610299FD82ED</attributeRef>
</usedAttributes>
</identifier>
</identifiers>
</Entity>