<?xml version = '1.0' encoding = 'UTF-8'?>
<Entity class="oracle.dbtools.crest.model.design.logical.Entity" directorySegmentName="seg_0" id="30A6DE8A-9B4F-4889-9FBC-014980687861" name="responsible">
<createdBy>admin</createdBy>
<createdTime>2015-11-17 04:50:42 UTC</createdTime>
<ownerDesignName>10a_basic_process</ownerDesignName>
<engineerTo>
<item key="A6ADADB1-59B2-9DCA-E622-1E6FBE99CEB2" value="true"/>
</engineerTo>
<adequatelyNormalized>NO</adequatelyNormalized>
<expectedVolumes>0</expectedVolumes>
<fwdEngineeringStrategyName>Single Table</fwdEngineeringStrategyName>
<growthPercent>0</growthPercent>
<growthType>Year</growthType>
<maxVolumes>9999999</maxVolumes>
<minVolumes>0</minVolumes>
<normalForm>Third</normalForm>
<preferredAbbreviation>responsibles</preferredAbbreviation>
<attributes itemClass="oracle.dbtools.crest.model.design.logical.Attribute">
<Attribute name="emp_id" id="9A532DC9-D98F-54C6-1BF4-D30EE258132C">
<createdBy>admin</createdBy>
<createdTime>2015-11-17 04:51:13 UTC</createdTime>
<generatorID>A51372B0-7AB9-C8BC-BF56-EC38EB8A1CAC</generatorID>
<ownerDesignName>10a_basic_process</ownerDesignName>
<engineerTo>
<item key="A6ADADB1-59B2-9DCA-E622-1E6FBE99CEB2" value="true"/>
</engineerTo>
<referedAttribute>8DD36EBD-4443-02D1-19F3-610299FD82ED</referedAttribute>
<useDomainConstraints>false</useDomainConstraints>
<use>1</use>
<logicalDatatype>LOGDT011</logicalDatatype>
<ownDataTypeParameters>,,</ownDataTypeParameters>
</Attribute>
<Attribute name="order_within_the_process" id="C5EF0554-7892-FBFB-EC94-7CD083F56139">
<createdBy>admin</createdBy>
<createdTime>2015-11-17 04:51:36 UTC</createdTime>
<generatorID>7968E9F9-FDEF-263A-7103-AE41A51D51F5</generatorID>
<ownerDesignName>10a_basic_process</ownerDesignName>
<engineerTo>
<item key="A6ADADB1-59B2-9DCA-E622-1E6FBE99CEB2" value="true"/>
</engineerTo>
<referedAttribute>9A7C3D20-564F-6328-83E1-FCAE46554FBE</referedAttribute>
<useDomainConstraints>false</useDomainConstraints>
<use>1</use>
<logicalDatatype>LOGDT011</logicalDatatype>
<ownDataTypeParameters>,,</ownDataTypeParameters>
</Attribute>
<Attribute name="process_id" id="4D7E6497-E644-2724-7817-505542BA1616">
<createdBy>admin</createdBy>
<createdTime>2015-11-17 04:51:36 UTC</createdTime>
<generatorID>7968E9F9-FDEF-263A-7103-AE41A51D51F5</generatorID>
<ownerDesignName>10a_basic_process</ownerDesignName>
<engineerTo>
<item key="A6ADADB1-59B2-9DCA-E622-1E6FBE99CEB2" value="true"/>
</engineerTo>
<referedAttribute>2020ED4E-93EA-7A67-4C8C-C185720D1B1F</referedAttribute>
<useDomainConstraints>false</useDomainConstraints>
<use>1</use>
<logicalDatatype>LOGDT011</logicalDatatype>
<ownDataTypeParameters>,,</ownDataTypeParameters>
</Attribute>
<Attribute name="task_description" id="0325C157-D21F-B6D1-F828-982CF0E29CBC">
<createdBy>admin</createdBy>
<createdTime>2015-11-17 04:52:22 UTC</createdTime>
<ownerDesignName>10a_basic_process</ownerDesignName>
<engineerTo>
<item key="A6ADADB1-59B2-9DCA-E622-1E6FBE99CEB2" value="true"/>
</engineerTo>
<useDomainConstraints>false</useDomainConstraints>
<use>1</use>
<logicalDatatype>LOGDT037</logicalDatatype>
<dataTypeSize>500</dataTypeSize>
<ownDataTypeParameters>500,,</ownDataTypeParameters>
</Attribute>
<Attribute name="comments" id="0471427E-18E2-CA69-DC82-8C28611272E0">
<createdBy>admin</createdBy>
<createdTime>2015-11-17 04:52:43 UTC</createdTime>
<ownerDesignName>10a_basic_process</ownerDesignName>
<engineerTo>
<item key="A6ADADB1-59B2-9DCA-E622-1E6FBE99CEB2" value="true"/>
</engineerTo>
<nullsAllowed>true</nullsAllowed>
<useDomainConstraints>false</useDomainConstraints>
<use>1</use>
<logicalDatatype>LOGDT037</logicalDatatype>
<dataTypeSize>100</dataTypeSize>
<ownDataTypeParameters>100,,</ownDataTypeParameters>
</Attribute>
</attributes>
<identifiers itemClass="oracle.dbtools.crest.model.design.logical.CandidateKey">
<identifier id="E31D20EA-08A4-D12D-447D-C3FC1A47D401" name="responsible PK">
<createdBy>admin</createdBy>
<createdTime>2015-11-17 04:51:13 UTC</createdTime>
<ownerDesignName>10a_basic_process</ownerDesignName>
<engineerTo>
<item key="A6ADADB1-59B2-9DCA-E622-1E6FBE99CEB2" value="true"/>
</engineerTo>
<pk>true</pk>
<usedAttributes>
<attributeRef>9A532DC9-D98F-54C6-1BF4-D30EE258132C</attributeRef>
<attributeRef>C5EF0554-7892-FBFB-EC94-7CD083F56139</attributeRef>
<attributeRef>4D7E6497-E644-2724-7817-505542BA1616</attributeRef>
</usedAttributes>
</identifier>
</identifiers>
</Entity>