<?xml version = '1.0' encoding = 'UTF-8'?>
<Entity class="oracle.dbtools.crest.model.design.logical.Entity" directorySegmentName="seg_0" id="EAA116F4-1E0D-5DB8-972A-747114D3A85E" name="process">
<createdBy>admin</createdBy>
<createdTime>2015-11-17 04:39:33 UTC</createdTime>
<ownerDesignName>10a_basic_process</ownerDesignName>
<engineerTo>
<item key="A6ADADB1-59B2-9DCA-E622-1E6FBE99CEB2" value="true"/>
</engineerTo>
<adequatelyNormalized>NO</adequatelyNormalized>
<expectedVolumes>0</expectedVolumes>
<fwdEngineeringStrategyName>Single Table</fwdEngineeringStrategyName>
<growthPercent>0</growthPercent>
<growthType>Year</growthType>
<maxVolumes>9999999</maxVolumes>
<minVolumes>0</minVolumes>
<normalForm>Third</normalForm>
<preferredAbbreviation>processes</preferredAbbreviation>
<attributes itemClass="oracle.dbtools.crest.model.design.logical.Attribute">
<Attribute name="process_id" id="3D7BA695-3B6A-306F-AE84-64C8A5F256E9">
<createdBy>admin</createdBy>
<createdTime>2015-11-17 04:39:53 UTC</createdTime>
<ownerDesignName>10a_basic_process</ownerDesignName>
<engineerTo>
<item key="A6ADADB1-59B2-9DCA-E622-1E6FBE99CEB2" value="true"/>
</engineerTo>
<useDomainConstraints>false</useDomainConstraints>
<use>1</use>
<logicalDatatype>LOGDT011</logicalDatatype>
<ownDataTypeParameters>,,</ownDataTypeParameters>
</Attribute>
<Attribute name="process_label" id="EC3F3CC0-4774-969C-2E07-FFEC9A9E9911">
<createdBy>admin</createdBy>
<createdTime>2015-11-17 04:40:04 UTC</createdTime>
<ownerDesignName>10a_basic_process</ownerDesignName>
<engineerTo>
<item key="A6ADADB1-59B2-9DCA-E622-1E6FBE99CEB2" value="true"/>
</engineerTo>
<useDomainConstraints>false</useDomainConstraints>
<use>1</use>
<logicalDatatype>LOGDT037</logicalDatatype>
<dataTypeSize>100</dataTypeSize>
<ownDataTypeParameters>100,,</ownDataTypeParameters>
</Attribute>
<Attribute name="in_use_from" id="46E20CF6-5001-CA2E-7A33-1FD2604513AD">
<createdBy>admin</createdBy>
<createdTime>2015-11-17 04:40:39 UTC</createdTime>
<ownerDesignName>10a_basic_process</ownerDesignName>
<engineerTo>
<item key="A6ADADB1-59B2-9DCA-E622-1E6FBE99CEB2" value="true"/>
</engineerTo>
<nullsAllowed>true</nullsAllowed>
<useDomainConstraints>false</useDomainConstraints>
<use>1</use>
<logicalDatatype>LOGDT047</logicalDatatype>
<ownDataTypeParameters>,,</ownDataTypeParameters>
</Attribute>
<Attribute name="in_use_until" id="43006535-809B-A258-0BB6-12D37A541B40">
<createdBy>admin</createdBy>
<createdTime>2015-11-17 04:40:59 UTC</createdTime>
<ownerDesignName>10a_basic_process</ownerDesignName>
<engineerTo>
<item key="A6ADADB1-59B2-9DCA-E622-1E6FBE99CEB2" value="true"/>
</engineerTo>
<nullsAllowed>true</nullsAllowed>
<useDomainConstraints>false</useDomainConstraints>
<use>1</use>
<ownDataTypeParameters>,,</ownDataTypeParameters>
</Attribute>
<Attribute name="comments" id="878668EE-B6BE-241E-7FB1-D6D7B6E6F12F">
<createdBy>admin</createdBy>
<createdTime>2015-11-17 04:41:10 UTC</createdTime>
<ownerDesignName>10a_basic_process</ownerDesignName>
<engineerTo>
<item key="A6ADADB1-59B2-9DCA-E622-1E6FBE99CEB2" value="true"/>
</engineerTo>
<nullsAllowed>true</nullsAllowed>
<useDomainConstraints>false</useDomainConstraints>
<use>1</use>
<logicalDatatype>LOGDT037</logicalDatatype>
<dataTypeSize>100</dataTypeSize>
<ownDataTypeParameters>100,,</ownDataTypeParameters>
</Attribute>
</attributes>
<identifiers itemClass="oracle.dbtools.crest.model.design.logical.CandidateKey">
<identifier id="1758FEBA-CF91-6EB2-A0CB-F11DF41BFB60" name="process PK">
<createdBy>admin</createdBy>
<createdTime>2015-11-17 04:40:01 UTC</createdTime>
<ownerDesignName>10a_basic_process</ownerDesignName>
<engineerTo>
<item key="A6ADADB1-59B2-9DCA-E622-1E6FBE99CEB2" value="true"/>
</engineerTo>
<pk>true</pk>
<usedAttributes>
<attributeRef>3D7BA695-3B6A-306F-AE84-64C8A5F256E9</attributeRef>
</usedAttributes>
</identifier>
</identifiers>
</Entity>