<?xml version = '1.0' encoding = 'UTF-8'?>
<Relation class="oracle.dbtools.crest.model.design.logical.Relation" name="to" directorySegmentName="seg_0" id="028FBF69-D019-900F-03CF-ADFBB99D81BC">
<createdBy>admin</createdBy>
<createdTime>2015-11-10 15:48:59 UTC</createdTime>
<ownerDesignName>09a_basic_graph</ownerDesignName>
<engineerTo>
<item key="B2066FEA-2EB7-E6B1-13B1-47381F99176D" value="true"/>
</engineerTo>
<sourcePk>44ECA83B-1F00-D325-C696-025CE4081BC6</sourcePk>
<identifying>true</identifying>
<optionalSource>true</optionalSource>
<optionalTarget>false</optionalTarget>
<sourceCardinality>1</sourceCardinality>
<sourceEntity>111CD7AD-8259-DCAD-758B-B49FB04568BA</sourceEntity>
<targetCardinalityString>*</targetCardinalityString>
<targetEntity>6B13F4F6-76DA-ED4E-331A-25BA2E073417</targetEntity>
<transferable>true</transferable>
</Relation>