<?xml version = '1.0' encoding = 'UTF-8'?>
<FKIndexAssociation class="oracle.dbtools.crest.model.design.relational.FKIndexAssociation" directorySegmentName="seg_0" id="00E536C1-1C71-C5C9-85C5-AF830DF3A1F4" containerWithKeyObject="C06D9DE2-BDCB-6CC5-0AE4-6FB9905170CC" localFKIndex="3044940C-F495-FFB0-D98E-CAA78B313E93" name="Hierarchy_2">
<createdBy>admin</createdBy>
<createdTime>2015-10-22 04:35:37 UTC</createdTime>
<generatorID>16B86ECF-C46E-8F4B-FA0A-45919BA568DB</generatorID>
<ownerDesignName>hierarchy_1</ownerDesignName>
<arc>EB055279-FD49-0ADA-16A5-A7D3D59F8EEC</arc>
<deleteRule>RESTRICT</deleteRule>
<referredTableID>FBA08026-A3AB-DB27-A125-954FF5D57667</referredTableID>
<keyObject>D54484C1-082F-15CA-9B18-BA2F558C6105</keyObject>
<referredKeyID>D54484C1-082F-15CA-9B18-BA2F558C6105</referredKeyID>
<mandatory>true</mandatory>
<transferable>true</transferable>
<rely>false</rely>
<columnDependencyConstraintGenerateInDDL>true</columnDependencyConstraintGenerateInDDL>
</FKIndexAssociation>