<?xml version = '1.0' encoding = 'UTF-8'?>
<FKIndexAssociation class="oracle.dbtools.crest.model.design.relational.FKIndexAssociation" directorySegmentName="seg_0" id="20ABC8FE-E168-9CAE-8C67-95F532BFBBA6" containerWithKeyObject="FB18A1AF-F3D3-EDB1-D48B-702B684884A2" localFKIndex="AF2DBEBB-212B-E6F6-FC0F-7C0322405B15" name="Hierarchy_4">
<createdBy>admin</createdBy>
<createdTime>2015-10-22 04:35:37 UTC</createdTime>
<generatorID>B915B934-F803-8492-4062-F57BE4D2FEC9</generatorID>
<ownerDesignName>hierarchy_1</ownerDesignName>
<arc>263AA455-BD74-B923-15D3-449391D70414</arc>
<deleteRule>RESTRICT</deleteRule>
<referredTableID>C06D9DE2-BDCB-6CC5-0AE4-6FB9905170CC</referredTableID>
<keyObject>57DE9345-916D-1EF6-46E2-FC052476947D</keyObject>
<referredKeyID>57DE9345-916D-1EF6-46E2-FC052476947D</referredKeyID>
<mandatory>true</mandatory>
<transferable>true</transferable>
<rely>false</rely>
<columnDependencyConstraintGenerateInDDL>true</columnDependencyConstraintGenerateInDDL>
</FKIndexAssociation>