<?xml version = '1.0' encoding = 'UTF-8'?>
<FKIndexAssociation class="oracle.dbtools.crest.model.design.relational.FKIndexAssociation" directorySegmentName="seg_0" id="2405F218-73BB-3AC5-8816-C9BC16B97654" containerWithKeyObject="2DB6CDB8-03E6-2623-6590-C576243CED11" localFKIndex="D81C59CB-7A82-76BA-178B-AAE56B99CEB9" name="employees_people_FK">
<createdBy>admin</createdBy>
<createdTime>2015-10-27 04:26:25 UTC</createdTime>
<generatorID>16B86ECF-C46E-8F4B-FA0A-45919BA568DB</generatorID>
<ownerDesignName>hierarchy_1</ownerDesignName>
<arc>2E2FE30D-47AA-2B70-51C2-735A2DCD69E8</arc>
<deleteRule>RESTRICT</deleteRule>
<referredTableID>D538008C-8E76-57DB-E089-7E05C27CB3FB</referredTableID>
<keyObject>F63E0472-22FC-1450-9332-9BD119092347</keyObject>
<referredKeyID>F63E0472-22FC-1450-9332-9BD119092347</referredKeyID>
<mandatory>true</mandatory>
<transferable>true</transferable>
<rely>false</rely>
<columnDependencyConstraintGenerateInDDL>true</columnDependencyConstraintGenerateInDDL>
</FKIndexAssociation>