<?xml version = '1.0' encoding = 'UTF-8'?>
<FKIndexAssociation class="oracle.dbtools.crest.model.design.relational.FKIndexAssociation" directorySegmentName="seg_0" id="37143C0F-AD43-1C1C-011F-B8A483B8E681" containerWithKeyObject="00532C90-98B3-34B5-AB0D-68F62E2EDC8F" localFKIndex="8D11E322-3A02-E4B8-69E9-7C64B2EA990B" name="managers_employees_FK">
<createdBy>admin</createdBy>
<createdTime>2015-10-27 04:26:25 UTC</createdTime>
<generatorID>B915B934-F803-8492-4062-F57BE4D2FEC9</generatorID>
<ownerDesignName>hierarchy_1</ownerDesignName>
<arc>6137FC13-58A2-7E66-003C-4211FBB116C1</arc>
<deleteRule>RESTRICT</deleteRule>
<referredTableID>2DB6CDB8-03E6-2623-6590-C576243CED11</referredTableID>
<keyObject>9B5573EE-994F-FA5E-2FBA-0DE6A0723517</keyObject>
<referredKeyID>9B5573EE-994F-FA5E-2FBA-0DE6A0723517</referredKeyID>
<mandatory>true</mandatory>
<transferable>true</transferable>
<rely>false</rely>
<columnDependencyConstraintGenerateInDDL>true</columnDependencyConstraintGenerateInDDL>
</FKIndexAssociation>