<?xml version = '1.0' encoding = 'UTF-8'?>
<FKIndexAssociation class="oracle.dbtools.crest.model.design.relational.FKIndexAssociation" directorySegmentName="seg_0" id="3A1A3FBE-E426-B6B7-1D10-32714358AC12" containerWithKeyObject="5D6C46B3-072E-102C-5A45-8DC73625A32C" localFKIndex="04B9B32F-A9F7-8BEE-5013-6F1E3FEF7EFD" name="non-managers_employees_FK">
<createdBy>admin</createdBy>
<createdTime>2015-10-27 04:26:25 UTC</createdTime>
<generatorID>3FF2C68F-4A66-0F7C-2F44-18A0713A345A</generatorID>
<ownerDesignName>hierarchy_1</ownerDesignName>
<arc>6137FC13-58A2-7E66-003C-4211FBB116C1</arc>
<deleteRule>RESTRICT</deleteRule>
<referredTableID>2DB6CDB8-03E6-2623-6590-C576243CED11</referredTableID>
<keyObject>9B5573EE-994F-FA5E-2FBA-0DE6A0723517</keyObject>
<referredKeyID>9B5573EE-994F-FA5E-2FBA-0DE6A0723517</referredKeyID>
<mandatory>true</mandatory>
<transferable>true</transferable>
<rely>false</rely>
<columnDependencyConstraintGenerateInDDL>true</columnDependencyConstraintGenerateInDDL>
</FKIndexAssociation>