<?xml version = '1.0' encoding = 'UTF-8'?>
<FKIndexAssociation class="oracle.dbtools.crest.model.design.relational.FKIndexAssociation" directorySegmentName="seg_0" id="9B833357-819E-DF4D-F3F3-EEE4A92DE890" containerWithKeyObject="D3096BEF-2838-FC57-0826-AF7A8C17EC61" localFKIndex="F650C43B-1393-C3F8-B13C-89E98012EFDC" name="consultants_people_FK">
<createdBy>admin</createdBy>
<createdTime>2015-10-27 04:26:25 UTC</createdTime>
<generatorID>55250041-EE93-D3C0-14B2-E7AA1308DB4B</generatorID>
<ownerDesignName>hierarchy_1</ownerDesignName>
<arc>2E2FE30D-47AA-2B70-51C2-735A2DCD69E8</arc>
<deleteRule>RESTRICT</deleteRule>
<referredTableID>D538008C-8E76-57DB-E089-7E05C27CB3FB</referredTableID>
<keyObject>F63E0472-22FC-1450-9332-9BD119092347</keyObject>
<referredKeyID>F63E0472-22FC-1450-9332-9BD119092347</referredKeyID>
<mandatory>true</mandatory>
<transferable>true</transferable>
<rely>false</rely>
<columnDependencyConstraintGenerateInDDL>true</columnDependencyConstraintGenerateInDDL>
</FKIndexAssociation>