<?xml version = '1.0' encoding = 'UTF-8'?>
<FKIndexAssociation class="oracle.dbtools.crest.model.design.relational.FKIndexAssociation" directorySegmentName="seg_0" id="F9F1834A-406C-770B-3ED8-D4FF6024E34A" containerWithKeyObject="CC7AE6F7-0236-680A-AECC-A83177397CB8" localFKIndex="F3083B54-EAE1-2EE3-63FF-FEDBF2E23BF0" name="Hierarchy_3">
<createdBy>admin</createdBy>
<createdTime>2015-10-22 04:35:37 UTC</createdTime>
<generatorID>3FF2C68F-4A66-0F7C-2F44-18A0713A345A</generatorID>
<ownerDesignName>hierarchy_1</ownerDesignName>
<arc>263AA455-BD74-B923-15D3-449391D70414</arc>
<deleteRule>RESTRICT</deleteRule>
<referredTableID>C06D9DE2-BDCB-6CC5-0AE4-6FB9905170CC</referredTableID>
<keyObject>57DE9345-916D-1EF6-46E2-FC052476947D</keyObject>
<referredKeyID>57DE9345-916D-1EF6-46E2-FC052476947D</referredKeyID>
<mandatory>true</mandatory>
<transferable>true</transferable>
<rely>false</rely>
<columnDependencyConstraintGenerateInDDL>true</columnDependencyConstraintGenerateInDDL>
</FKIndexAssociation>