<?xml version = '1.0' encoding = 'UTF-8'?>
<FKIndexAssociation class="oracle.dbtools.crest.model.design.relational.FKIndexAssociation" directorySegmentName="seg_0" id="FA2E7F83-1DE3-23D0-20C7-3D932A0D088E" containerWithKeyObject="6BADE2DE-ACBB-5531-0EBA-541815A890C0" localFKIndex="01A89CBA-93C0-044F-56F4-026478FD5A47" name="Hierarchy_1">
<createdBy>admin</createdBy>
<createdTime>2015-10-22 04:35:38 UTC</createdTime>
<generatorID>55250041-EE93-D3C0-14B2-E7AA1308DB4B</generatorID>
<ownerDesignName>hierarchy_1</ownerDesignName>
<arc>EB055279-FD49-0ADA-16A5-A7D3D59F8EEC</arc>
<deleteRule>RESTRICT</deleteRule>
<referredTableID>FBA08026-A3AB-DB27-A125-954FF5D57667</referredTableID>
<keyObject>D54484C1-082F-15CA-9B18-BA2F558C6105</keyObject>
<referredKeyID>D54484C1-082F-15CA-9B18-BA2F558C6105</referredKeyID>
<mandatory>true</mandatory>
<transferable>true</transferable>
<rely>false</rely>
<columnDependencyConstraintGenerateInDDL>true</columnDependencyConstraintGenerateInDDL>
</FKIndexAssociation>