<?xml version = '1.0' encoding = 'UTF-8'?>
<FKIndexAssociation class="oracle.dbtools.crest.model.design.relational.FKIndexAssociation" directorySegmentName="seg_0" id="070C5EEE-A325-429F-4C72-3368667F4D1D" containerWithKeyObject="A1C560BC-5237-87AB-0A98-275735951CDB" localFKIndex="C37BB107-96F3-8EBA-6EF9-928BCFC464C8" name="people_postal_codes_FK">
<createdBy>admin</createdBy>
<createdTime>2015-10-30 03:49:46 UTC</createdTime>
<generatorID>8C1FC7B8-6660-31CC-55EE-8BE19F7D8F4F</generatorID>
<ownerDesignName>sales_4</ownerDesignName>
<deleteRule>NO ACTION</deleteRule>
<referredTableID>346E6EFA-909A-BB95-E0B3-4FAEF773BB61</referredTableID>
<keyObject>2EE454B0-78CD-0AFC-1029-491B431EFE75</keyObject>
<referredKeyID>2EE454B0-78CD-0AFC-1029-491B431EFE75</referredKeyID>
<mandatory>false</mandatory>
<transferable>true</transferable>
<rely>false</rely>
<columnDependencyConstraintGenerateInDDL>true</columnDependencyConstraintGenerateInDDL>
</FKIndexAssociation>