<?xml version = '1.0' encoding = 'UTF-8'?>
<FKIndexAssociation class="oracle.dbtools.crest.model.design.relational.FKIndexAssociation" directorySegmentName="seg_0" id="0B814EFA-98E3-98C8-E59F-2E8452E72847" containerWithKeyObject="3B9585C6-64CA-1400-BEC0-B0BF31B98777" localFKIndex="84E0B666-10E2-877D-57A2-4367DF2BAB00" name="former_vat_percents_products_FK">
<createdBy>admin</createdBy>
<createdTime>2015-10-30 03:49:46 UTC</createdTime>
<generatorID>B20EC83E-C530-0234-2A11-A79159E7DE1C</generatorID>
<ownerDesignName>sales_4</ownerDesignName>
<deleteRule>NO ACTION</deleteRule>
<referredTableID>B78EB404-2474-3A94-68B9-9EB9D9FE5507</referredTableID>
<keyObject>9773C8DD-C014-A17F-FB13-5B1AB89F4EE9</keyObject>
<referredKeyID>9773C8DD-C014-A17F-FB13-5B1AB89F4EE9</referredKeyID>
<mandatory>true</mandatory>
<transferable>true</transferable>
<rely>false</rely>
<columnDependencyConstraintGenerateInDDL>true</columnDependencyConstraintGenerateInDDL>
</FKIndexAssociation>