<?xml version = '1.0' encoding = 'UTF-8'?>
<FKIndexAssociation class="oracle.dbtools.crest.model.design.relational.FKIndexAssociation" directorySegmentName="seg_0" id="196CBC35-8E91-10EE-7FA1-A6BB42C55470" containerWithKeyObject="0EA0F285-C561-5E35-A232-85F20281E93B" localFKIndex="4E27B7E7-759D-EFCF-3259-5C793892208D" name="cancelled_invoices_invoices_FK">
<createdBy>admin</createdBy>
<createdTime>2015-10-30 03:49:46 UTC</createdTime>
<generatorID>7D2AD5BB-9026-8B35-F7CF-C8103C4BC4B7</generatorID>
<ownerDesignName>sales_4</ownerDesignName>
<deleteRule>NO ACTION</deleteRule>
<referredTableID>955843CC-F45A-07AF-5EF9-56CF9C70EC79</referredTableID>
<keyObject>A41E01B6-E291-794E-C621-243E8A67043A</keyObject>
<referredKeyID>A41E01B6-E291-794E-C621-243E8A67043A</referredKeyID>
<mandatory>true</mandatory>
<transferable>true</transferable>
<rely>false</rely>
<columnDependencyConstraintGenerateInDDL>true</columnDependencyConstraintGenerateInDDL>
</FKIndexAssociation>