<?xml version = '1.0' encoding = 'UTF-8'?>
<FKIndexAssociation class="oracle.dbtools.crest.model.design.relational.FKIndexAssociation" directorySegmentName="seg_0" id="2A259A76-189D-D015-F798-20905002F7C8" containerWithKeyObject="60F40056-E0E3-2F0E-5874-1FC336DE6B4D" localFKIndex="49E99A49-CBB2-E264-E567-FE26AEA2B398" name="refused_products_refusals_FK">
<createdBy>admin</createdBy>
<createdTime>2015-10-30 03:49:46 UTC</createdTime>
<generatorID>8616D814-14C5-793F-6448-01B5887F92E3</generatorID>
<ownerDesignName>sales_4</ownerDesignName>
<deleteRule>NO ACTION</deleteRule>
<referredTableID>63E76FD8-D056-EE4E-8D37-1D2FDAB3289F</referredTableID>
<keyObject>F9CDB1D0-A36E-893B-1B65-87A933F60DA1</keyObject>
<referredKeyID>F9CDB1D0-A36E-893B-1B65-87A933F60DA1</referredKeyID>
<mandatory>true</mandatory>
<transferable>true</transferable>
<rely>false</rely>
<columnDependencyConstraintGenerateInDDL>true</columnDependencyConstraintGenerateInDDL>
</FKIndexAssociation>