<?xml version = '1.0' encoding = 'UTF-8'?>
<FKIndexAssociation class="oracle.dbtools.crest.model.design.relational.FKIndexAssociation" directorySegmentName="seg_0" id="32324665-6666-5221-131F-12199E27316E" containerWithKeyObject="63E76FD8-D056-EE4E-8D37-1D2FDAB3289F" localFKIndex="33761861-F8B6-5DCC-C2AB-5B10A27AE0F6" name="refusals_invoices_FK">
<createdBy>admin</createdBy>
<createdTime>2015-10-30 03:49:46 UTC</createdTime>
<generatorID>E7FFA077-44AC-87FA-065E-BFAA11FE6881</generatorID>
<ownerDesignName>sales_4</ownerDesignName>
<deleteRule>NO ACTION</deleteRule>
<referredTableID>955843CC-F45A-07AF-5EF9-56CF9C70EC79</referredTableID>
<keyObject>A41E01B6-E291-794E-C621-243E8A67043A</keyObject>
<referredKeyID>A41E01B6-E291-794E-C621-243E8A67043A</referredKeyID>
<mandatory>true</mandatory>
<transferable>true</transferable>
<rely>false</rely>
<columnDependencyConstraintGenerateInDDL>true</columnDependencyConstraintGenerateInDDL>
</FKIndexAssociation>