<?xml version = '1.0' encoding = 'UTF-8'?>
<FKIndexAssociation class="oracle.dbtools.crest.model.design.relational.FKIndexAssociation" directorySegmentName="seg_0" id="343AFE07-726A-9A96-8380-DDA42A3EF8B5" containerWithKeyObject="C472685C-AF2A-0713-9EC5-8975CCF3726F" localFKIndex="5903E154-3DC3-F1F4-4B2E-D4F3B23F3C9A" name="receipt_details_receipts_FK">
<createdBy>admin</createdBy>
<createdTime>2015-10-30 03:49:46 UTC</createdTime>
<generatorID>3DC8AEB8-57D3-AFB7-FCE8-7F08DCC93164</generatorID>
<ownerDesignName>sales_4</ownerDesignName>
<deleteRule>NO ACTION</deleteRule>
<referredTableID>77CE53BF-670A-67E7-19D0-08A0C2A91B9B</referredTableID>
<keyObject>26980300-2857-C17F-1705-2F865F2267E5</keyObject>
<referredKeyID>26980300-2857-C17F-1705-2F865F2267E5</referredKeyID>
<mandatory>true</mandatory>
<transferable>true</transferable>
<rely>false</rely>
<columnDependencyConstraintGenerateInDDL>true</columnDependencyConstraintGenerateInDDL>
</FKIndexAssociation>