<?xml version = '1.0' encoding = 'UTF-8'?>
<FKIndexAssociation class="oracle.dbtools.crest.model.design.relational.FKIndexAssociation" directorySegmentName="seg_0" id="4F0FA652-980E-9A72-45B3-92DAFB88AEEC" containerWithKeyObject="27887CB2-27BB-7A20-1AD8-04100D6CB7B5" localFKIndex="C21327C2-E55A-FE79-2301-9D922FBF4FA3" name="former_contacts_customers_FK">
<createdBy>admin</createdBy>
<createdTime>2015-10-30 03:49:46 UTC</createdTime>
<generatorID>34A37B5B-544C-2D89-9AA4-162A2F3AA375</generatorID>
<ownerDesignName>sales_4</ownerDesignName>
<deleteRule>NO ACTION</deleteRule>
<referredTableID>CDBCBC3B-FD0D-34B7-A395-AC1FF31E5AF0</referredTableID>
<keyObject>7E8F4106-C26F-B9B3-4F4F-90DB7CCFC70B</keyObject>
<referredKeyID>7E8F4106-C26F-B9B3-4F4F-90DB7CCFC70B</referredKeyID>
<mandatory>true</mandatory>
<transferable>true</transferable>
<rely>false</rely>
<columnDependencyConstraintGenerateInDDL>true</columnDependencyConstraintGenerateInDDL>
</FKIndexAssociation>