<?xml version = '1.0' encoding = 'UTF-8'?>
<FKIndexAssociation class="oracle.dbtools.crest.model.design.relational.FKIndexAssociation" directorySegmentName="seg_0" id="67560C08-3693-C9FA-F73F-92C66A290533" containerWithKeyObject="F46BF34F-910D-14A1-229E-942E5638DC9D" localFKIndex="F5F1D18F-ECA9-96B2-C7D4-EAD41583F617" name="invoice_details_invoices_FK">
<createdBy>admin</createdBy>
<createdTime>2015-10-30 03:49:46 UTC</createdTime>
<generatorID>FDA6341C-BE50-5CE3-3821-644B4FD1FDCC</generatorID>
<ownerDesignName>sales_4</ownerDesignName>
<deleteRule>NO ACTION</deleteRule>
<referredTableID>955843CC-F45A-07AF-5EF9-56CF9C70EC79</referredTableID>
<keyObject>A41E01B6-E291-794E-C621-243E8A67043A</keyObject>
<referredKeyID>A41E01B6-E291-794E-C621-243E8A67043A</referredKeyID>
<mandatory>true</mandatory>
<transferable>true</transferable>
<rely>false</rely>
<columnDependencyConstraintGenerateInDDL>true</columnDependencyConstraintGenerateInDDL>
</FKIndexAssociation>