<?xml version = '1.0' encoding = 'UTF-8'?>
<FKIndexAssociation class="oracle.dbtools.crest.model.design.relational.FKIndexAssociation" directorySegmentName="seg_0" id="7178DFDE-8633-3FB0-C5A9-48C1006FB994" containerWithKeyObject="CDBCBC3B-FD0D-34B7-A395-AC1FF31E5AF0" localFKIndex="6F36F2F8-C1E4-E378-1AC3-0E38E213BDE2" name="customers_postal_codes_FK">
<createdBy>admin</createdBy>
<createdTime>2015-10-30 03:49:46 UTC</createdTime>
<generatorID>041CAC65-CEE4-CBF4-1D2E-12DF8E5B7D4E</generatorID>
<ownerDesignName>sales_4</ownerDesignName>
<deleteRule>NO ACTION</deleteRule>
<referredTableID>346E6EFA-909A-BB95-E0B3-4FAEF773BB61</referredTableID>
<keyObject>2EE454B0-78CD-0AFC-1029-491B431EFE75</keyObject>
<referredKeyID>2EE454B0-78CD-0AFC-1029-491B431EFE75</referredKeyID>
<mandatory>true</mandatory>
<transferable>true</transferable>
<rely>false</rely>
<columnDependencyConstraintGenerateInDDL>true</columnDependencyConstraintGenerateInDDL>
</FKIndexAssociation>