<?xml version = '1.0' encoding = 'UTF-8'?>
<FKIndexAssociation class="oracle.dbtools.crest.model.design.relational.FKIndexAssociation" directorySegmentName="seg_0" id="7E8C5257-BF9D-7FD9-E154-2E731515AEA1" containerWithKeyObject="F46BF34F-910D-14A1-229E-942E5638DC9D" localFKIndex="387843C6-5FA5-76C9-F4A8-3421E8410A73" name="invoice_details_products_FK">
<createdBy>admin</createdBy>
<createdTime>2015-10-30 03:49:46 UTC</createdTime>
<generatorID>A29855C0-B8E0-9AB1-939F-006BD29DD707</generatorID>
<ownerDesignName>sales_4</ownerDesignName>
<deleteRule>NO ACTION</deleteRule>
<referredTableID>B78EB404-2474-3A94-68B9-9EB9D9FE5507</referredTableID>
<keyObject>9773C8DD-C014-A17F-FB13-5B1AB89F4EE9</keyObject>
<referredKeyID>9773C8DD-C014-A17F-FB13-5B1AB89F4EE9</referredKeyID>
<mandatory>true</mandatory>
<transferable>true</transferable>
<rely>false</rely>
<columnDependencyConstraintGenerateInDDL>true</columnDependencyConstraintGenerateInDDL>
</FKIndexAssociation>