<?xml version = '1.0' encoding = 'UTF-8'?>
<FKIndexAssociation class="oracle.dbtools.crest.model.design.relational.FKIndexAssociation" directorySegmentName="seg_0" id="B19B0F64-BF5F-CCEA-700F-3541B9E23A08" containerWithKeyObject="DDA843E0-F94F-59BC-8BE1-274E997F4296" localFKIndex="E30EF164-EE7E-86A6-AFA1-A5CBF5CEB69C" name="current_contacts_people_FK">
<createdBy>admin</createdBy>
<createdTime>2015-10-30 03:49:46 UTC</createdTime>
<generatorID>6F42A286-0894-7836-2315-203EE65990C9</generatorID>
<ownerDesignName>sales_4</ownerDesignName>
<deleteRule>NO ACTION</deleteRule>
<referredTableID>A1C560BC-5237-87AB-0A98-275735951CDB</referredTableID>
<keyObject>BB1C764F-BC88-09C7-E87A-50271576E551</keyObject>
<referredKeyID>BB1C764F-BC88-09C7-E87A-50271576E551</referredKeyID>
<mandatory>true</mandatory>
<transferable>true</transferable>
<rely>false</rely>
<columnDependencyConstraintGenerateInDDL>true</columnDependencyConstraintGenerateInDDL>
</FKIndexAssociation>