<?xml version = '1.0' encoding = 'UTF-8'?>
<FKIndexAssociation class="oracle.dbtools.crest.model.design.relational.FKIndexAssociation" directorySegmentName="seg_0" id="BE3D0275-9616-5E5C-0D3F-300C213C7AA4" containerWithKeyObject="346E6EFA-909A-BB95-E0B3-4FAEF773BB61" localFKIndex="55BF0285-6C80-8F3F-2EEA-38899975001D" name="postal_codes_counties_FK">
<createdBy>admin</createdBy>
<createdTime>2015-10-30 03:49:46 UTC</createdTime>
<generatorID>D42DE3C4-CE63-CA76-6A11-59ADAADC375E</generatorID>
<ownerDesignName>sales_4</ownerDesignName>
<deleteRule>NO ACTION</deleteRule>
<referredTableID>1704F8EC-6F4B-02B6-DD45-1C8832080CF0</referredTableID>
<keyObject>8036F577-06B0-9968-834A-E0E8AB533873</keyObject>
<referredKeyID>8036F577-06B0-9968-834A-E0E8AB533873</referredKeyID>
<mandatory>true</mandatory>
<transferable>true</transferable>
<rely>false</rely>
<columnDependencyConstraintGenerateInDDL>true</columnDependencyConstraintGenerateInDDL>
</FKIndexAssociation>