<?xml version = '1.0' encoding = 'UTF-8'?>
<FKIndexAssociation class="oracle.dbtools.crest.model.design.relational.FKIndexAssociation" directorySegmentName="seg_0" id="C1C72C4C-F7CA-3B75-4324-61DCE2D583AF" containerWithKeyObject="27887CB2-27BB-7A20-1AD8-04100D6CB7B5" localFKIndex="A729BEC1-5F4C-D20B-EEB4-9BDCE4E0FF90" name="former_contacts_people_FK">
<createdBy>admin</createdBy>
<createdTime>2015-10-30 03:49:46 UTC</createdTime>
<generatorID>B4FE6DAF-4B3F-DC93-501E-907D8D4A2E0D</generatorID>
<ownerDesignName>sales_4</ownerDesignName>
<deleteRule>NO ACTION</deleteRule>
<referredTableID>A1C560BC-5237-87AB-0A98-275735951CDB</referredTableID>
<keyObject>BB1C764F-BC88-09C7-E87A-50271576E551</keyObject>
<referredKeyID>BB1C764F-BC88-09C7-E87A-50271576E551</referredKeyID>
<mandatory>true</mandatory>
<transferable>true</transferable>
<rely>false</rely>
<columnDependencyConstraintGenerateInDDL>true</columnDependencyConstraintGenerateInDDL>
</FKIndexAssociation>