<?xml version = '1.0' encoding = 'UTF-8'?>
<FKIndexAssociation class="oracle.dbtools.crest.model.design.relational.FKIndexAssociation" directorySegmentName="seg_0" id="DFA817B6-939F-9547-854A-5D9230F820BE" containerWithKeyObject="DDA843E0-F94F-59BC-8BE1-274E997F4296" localFKIndex="85AD9E0F-ABE2-94F9-4B7C-0E46EAAF498D" name="current_contacts_customers_FK">
<createdBy>admin</createdBy>
<createdTime>2015-10-30 03:49:46 UTC</createdTime>
<generatorID>C8A70461-C856-4D8C-9F97-C9F252DDEE62</generatorID>
<ownerDesignName>sales_4</ownerDesignName>
<deleteRule>NO ACTION</deleteRule>
<referredTableID>CDBCBC3B-FD0D-34B7-A395-AC1FF31E5AF0</referredTableID>
<keyObject>7E8F4106-C26F-B9B3-4F4F-90DB7CCFC70B</keyObject>
<referredKeyID>7E8F4106-C26F-B9B3-4F4F-90DB7CCFC70B</referredKeyID>
<mandatory>true</mandatory>
<transferable>true</transferable>
<rely>false</rely>
<columnDependencyConstraintGenerateInDDL>true</columnDependencyConstraintGenerateInDDL>
</FKIndexAssociation>