<?xml version = '1.0' encoding = 'UTF-8'?>
<FKIndexAssociation class="oracle.dbtools.crest.model.design.relational.FKIndexAssociation" directorySegmentName="seg_0" id="E5662AE4-9F54-9CE1-EDAD-FEBD71542E22" containerWithKeyObject="60F40056-E0E3-2F0E-5874-1FC336DE6B4D" localFKIndex="10F2E5E7-F839-5EB0-399E-A6648ECE45C3" name="refused_products_products_FK">
<createdBy>admin</createdBy>
<createdTime>2015-10-30 03:49:46 UTC</createdTime>
<generatorID>8C27B7DD-45FA-8245-524F-9A753EC7EF80</generatorID>
<ownerDesignName>sales_4</ownerDesignName>
<deleteRule>NO ACTION</deleteRule>
<referredTableID>B78EB404-2474-3A94-68B9-9EB9D9FE5507</referredTableID>
<keyObject>9773C8DD-C014-A17F-FB13-5B1AB89F4EE9</keyObject>
<referredKeyID>9773C8DD-C014-A17F-FB13-5B1AB89F4EE9</referredKeyID>
<mandatory>true</mandatory>
<transferable>true</transferable>
<rely>false</rely>
<columnDependencyConstraintGenerateInDDL>true</columnDependencyConstraintGenerateInDDL>
</FKIndexAssociation>