<?xml version = '1.0' encoding = 'UTF-8'?>
<FKIndexAssociation class="oracle.dbtools.crest.model.design.relational.FKIndexAssociation" directorySegmentName="seg_0" id="FD2BFC8D-4456-6339-5C28-5AB842C1F61A" containerWithKeyObject="C472685C-AF2A-0713-9EC5-8975CCF3726F" localFKIndex="3EF360B0-A7E1-B6DA-4D9E-827F50CA8C03" name="receipt_details_invoices_FK">
<createdBy>admin</createdBy>
<createdTime>2015-10-30 03:49:46 UTC</createdTime>
<generatorID>BFF71C8D-60AE-DDB3-E312-B35FE343EFE9</generatorID>
<ownerDesignName>sales_4</ownerDesignName>
<deleteRule>NO ACTION</deleteRule>
<referredTableID>955843CC-F45A-07AF-5EF9-56CF9C70EC79</referredTableID>
<keyObject>A41E01B6-E291-794E-C621-243E8A67043A</keyObject>
<referredKeyID>A41E01B6-E291-794E-C621-243E8A67043A</referredKeyID>
<mandatory>true</mandatory>
<transferable>true</transferable>
<rely>false</rely>
<columnDependencyConstraintGenerateInDDL>true</columnDependencyConstraintGenerateInDDL>
</FKIndexAssociation>