<?xml version = '1.0' encoding = 'UTF-8'?>
<FKIndexAssociation class="oracle.dbtools.crest.model.design.relational.FKIndexAssociation" directorySegmentName="seg_0" id="FEACE966-3A00-DB06-17C2-F396C2331DF9" containerWithKeyObject="955843CC-F45A-07AF-5EF9-56CF9C70EC79" localFKIndex="BD07C140-7DBD-7155-9118-D1722F2D48B5" name="invoices_customers_FK">
<createdBy>admin</createdBy>
<createdTime>2015-10-30 03:49:46 UTC</createdTime>
<generatorID>3887E4B0-99D7-4D22-8E5D-DB276E64F678</generatorID>
<ownerDesignName>sales_4</ownerDesignName>
<deleteRule>NO ACTION</deleteRule>
<referredTableID>CDBCBC3B-FD0D-34B7-A395-AC1FF31E5AF0</referredTableID>
<keyObject>7E8F4106-C26F-B9B3-4F4F-90DB7CCFC70B</keyObject>
<referredKeyID>7E8F4106-C26F-B9B3-4F4F-90DB7CCFC70B</referredKeyID>
<mandatory>true</mandatory>
<transferable>true</transferable>
<rely>false</rely>
<columnDependencyConstraintGenerateInDDL>true</columnDependencyConstraintGenerateInDDL>
</FKIndexAssociation>