<?xml version = '1.0' encoding = 'UTF-8'?>
<Table class="oracle.dbtools.crest.model.design.relational.Table" directorySegmentName="seg_0" id="02D66828-A718-D228-190C-53AF8676443F" name="products">
<createdBy>marinfotache</createdBy>
<createdTime>2018-10-26 04:25:26 UTC</createdTime>
<generatorID>31D7E745-BF20-2475-44D8-43FE2613DC9A</generatorID>
<ownerDesignName>01b_heterogeneous_items_v2</ownerDesignName>
<allowColumnReorder>false</allowColumnReorder>
<existDependencyGenerateInDDl>true</existDependencyGenerateInDDl>
<parsed>true</parsed>
<columns itemClass="oracle.dbtools.crest.model.design.relational.Column">
<Column name="prod_id" id="3968DF02-74BD-9BC8-74CE-104047CAFC0A">
<createdBy>marinfotache</createdBy>
<createdTime>2018-10-26 04:25:26 UTC</createdTime>
<generatorID>7F934447-4C2B-E8DA-3DDF-89B8F58D0E2C</generatorID>
<ownerDesignName>01b_heterogeneous_items_v2</ownerDesignName>
<useDomainConstraints>false</useDomainConstraints>
<use>1</use>
<logicalDatatype>LOGDT011</logicalDatatype>
<ownDataTypeParameters>,,</ownDataTypeParameters>
<autoIncrementCycle>false</autoIncrementCycle>
</Column>
<Column name="prod_name" id="D3B60797-B471-966B-114F-C03C310000F9">
<createdBy>marinfotache</createdBy>
<createdTime>2018-10-26 04:25:26 UTC</createdTime>
<generatorID>047F76B5-2563-FBAB-FC6E-5B63BD67C2A4</generatorID>
<ownerDesignName>01b_heterogeneous_items_v2</ownerDesignName>
<useDomainConstraints>false</useDomainConstraints>
<use>1</use>
<logicalDatatype>LOGDT037</logicalDatatype>
<dataTypeSize>50</dataTypeSize>
<ownDataTypeParameters>50,,</ownDataTypeParameters>
<autoIncrementCycle>false</autoIncrementCycle>
</Column>
<Column name="sell_measure_unit" id="96394FFC-1FB7-605C-D82C-30C9999FE4C7">
<createdBy>marinfotache</createdBy>
<createdTime>2018-10-26 04:25:26 UTC</createdTime>
<commentInRDBMS>The measure unit as the product is sold.&lt;br/&gt;Example: &lt;br/&gt;Product: 2 liter Coca-cola pet&lt;br/&gt;sell_measure_unit: pet &lt;br/&gt;</commentInRDBMS>
<generatorID>33368A6C-54B0-B76E-4507-7AD07C2F0B9E</generatorID>
<ownerDesignName>01b_heterogeneous_items_v2</ownerDesignName>
<useDomainConstraints>false</useDomainConstraints>
<use>1</use>
<logicalDatatype>LOGDT037</logicalDatatype>
<dataTypeSize>30</dataTypeSize>
<ownDataTypeParameters>30,,</ownDataTypeParameters>
<autoIncrementCycle>false</autoIncrementCycle>
</Column>
<Column name="prod_quant_in_sold_unit" id="2148A091-53F0-FE1B-E827-8C5AB0814D85">
<createdBy>marinfotache</createdBy>
<createdTime>2018-10-26 04:25:26 UTC</createdTime>
<commentInRDBMS>The quantity of the prodct in a sold  unit.&lt;br/&gt;Example: &lt;br/&gt;Product: 2 liter Coca-cola pet&lt;br/&gt;sell_measure_unit: pet &lt;br/&gt;prod_quant_in_sold_unit: 2&lt;br/&gt; &lt;br/&gt;&lt;br/&gt;</commentInRDBMS>
<generatorID>6C40DB67-84A7-3EA7-F9B1-10DD5C4B2872</generatorID>
<ownerDesignName>01b_heterogeneous_items_v2</ownerDesignName>
<useDomainConstraints>false</useDomainConstraints>
<use>1</use>
<logicalDatatype>LOGDT019</logicalDatatype>
<dataTypePrecision>7</dataTypePrecision>
<dataTypeScale>3</dataTypeScale>
<ownDataTypeParameters>,7,3</ownDataTypeParameters>
<autoIncrementCycle>false</autoIncrementCycle>
</Column>
<Column name="measure_unit_qpsu" id="F7BDCD16-1A5B-D79E-A73F-C2785C8CB8A4">
<createdBy>marinfotache</createdBy>
<createdTime>2018-10-26 04:25:26 UTC</createdTime>
<commentInRDBMS>Measure unit of the quantity of the product in a sold  unit.&lt;br/&gt;Example: &lt;br/&gt;Product: 2 liter Coca-cola pet&lt;br/&gt;sell_measure_unit: pet &lt;br/&gt;prod_quant_in_sold_unit: 2&lt;br/&gt;measure_unit_qpsu: liter &lt;br/&gt;&lt;br/&gt;</commentInRDBMS>
<generatorID>2135A05F-1032-2206-2A39-9484BFFB3E5F</generatorID>
<ownerDesignName>01b_heterogeneous_items_v2</ownerDesignName>
<nullsAllowed>true</nullsAllowed>
<useDomainConstraints>false</useDomainConstraints>
<use>1</use>
<logicalDatatype>LOGDT019</logicalDatatype>
<dataTypePrecision>7</dataTypePrecision>
<dataTypeScale>3</dataTypeScale>
<ownDataTypeParameters>,7,3</ownDataTypeParameters>
<autoIncrementCycle>false</autoIncrementCycle>
</Column>
<Column name="current_vat_percent" id="9C6BC597-3BF2-D92B-2AD0-7402C16265AE">
<createdBy>marinfotache</createdBy>
<createdTime>2018-10-26 04:25:26 UTC</createdTime>
<generatorID>4AB08FCC-D68A-A111-BE83-DA01AEDCA23F</generatorID>
<ownerDesignName>01b_heterogeneous_items_v2</ownerDesignName>
<useDomainConstraints>false</useDomainConstraints>
<use>1</use>
<logicalDatatype>LOGDT019</logicalDatatype>
<dataTypePrecision>4</dataTypePrecision>
<dataTypeScale>2</dataTypeScale>
<ownDataTypeParameters>,4,2</ownDataTypeParameters>
<autoIncrementCycle>false</autoIncrementCycle>
</Column>
<Column name="item_groups_group_name" id="DB0BF79F-14B6-1D0E-3E70-C674A32761C0">
<createdBy>marinfotache</createdBy>
<createdTime>2018-10-26 04:25:26 UTC</createdTime>
<generatorID>2D1AB2DE-8EFA-5C3C-93EE-75D4C9AEC96E</generatorID>
<ownerDesignName>01b_heterogeneous_items_v2</ownerDesignName>
<useDomainConstraints>false</useDomainConstraints>
<use>1</use>
<logicalDatatype>LOGDT024</logicalDatatype>
<dataTypeSize>50 CHAR</dataTypeSize>
<ownDataTypeParameters>,,</ownDataTypeParameters>
<previousColumn>false</previousColumn>
<autoIncrementCycle>false</autoIncrementCycle>
<associations>
<colAssociation fkAssociation="91F3D099-E657-655D-40B4-16B11FD7C979" referredColumn="6325E833-8EFF-37D7-643C-B73E01F6FB00"/>
</associations>
</Column>
</columns>
<indexes itemClass="oracle.dbtools.crest.model.design.relational.Index">
<ind_PK_UK id="B2D99EB8-FC89-BD98-C0D6-E98B52E3E30C" name="products_PK">
<createdBy>marinfotache</createdBy>
<createdTime>2018-10-26 04:25:26 UTC</createdTime>
<generatorID>AEE44A97-209D-12FA-AEC6-0DD8128DBA6F</generatorID>
<ownerDesignName>01b_heterogeneous_items_v2</ownerDesignName>
<pk>true</pk>
<indexState>Primary Constraint</indexState>
<isSurrogateKey>false</isSurrogateKey>
<indexColumnUsage>
<colUsage columnID="3968DF02-74BD-9BC8-74CE-104047CAFC0A"/>
</indexColumnUsage>
</ind_PK_UK>
<ind_PK_UK id="6C0F8B9E-74E9-D22D-6C54-BA007059B329" name="products_item_groups_FK">
<createdBy>marinfotache</createdBy>
<createdTime>2018-10-26 04:25:26 UTC</createdTime>
<generatorID>6D6F96D6-A718-831D-B4E4-9D22F4FC9760</generatorID>
<ownerDesignName>01b_heterogeneous_items_v2</ownerDesignName>
<indexState>Foreign Key</indexState>
<isSurrogateKey>false</isSurrogateKey>
<indexColumnUsage>
<colUsage columnID="DB0BF79F-14B6-1D0E-3E70-C674A32761C0"/>
</indexColumnUsage>
</ind_PK_UK>
</indexes>
</Table>