<?xml version = '1.0' encoding = 'UTF-8'?>
<Table class="oracle.dbtools.crest.model.design.relational.Table" directorySegmentName="seg_0" id="3AD2449F-EE4A-1B9C-DDF4-5B7600DCAD53" name="orders">
<createdBy>marinfotache</createdBy>
<createdTime>2018-10-26 04:25:26 UTC</createdTime>
<generatorID>1F4DA5A9-5128-2BE7-4AEC-FE0D0E0CCDDF</generatorID>
<ownerDesignName>01b_heterogeneous_items_v2</ownerDesignName>
<allowColumnReorder>false</allowColumnReorder>
<existDependencyGenerateInDDl>true</existDependencyGenerateInDDl>
<parsed>true</parsed>
<columns itemClass="oracle.dbtools.crest.model.design.relational.Column">
<Column name="order_id" id="4247B23E-A4FD-E96B-401F-49BA77331155">
<createdBy>marinfotache</createdBy>
<createdTime>2018-10-26 04:25:26 UTC</createdTime>
<generatorID>8A98ACB6-4887-B5F0-8B20-94C3085EBB91</generatorID>
<ownerDesignName>01b_heterogeneous_items_v2</ownerDesignName>
<useDomainConstraints>false</useDomainConstraints>
<use>1</use>
<logicalDatatype>LOGDT011</logicalDatatype>
<ownDataTypeParameters>,,</ownDataTypeParameters>
<autoIncrementCycle>false</autoIncrementCycle>
</Column>
<Column name="order_official_code" id="7541D6E9-6DC5-578C-C1EE-250BC990F956">
<createdBy>marinfotache</createdBy>
<createdTime>2018-10-26 04:25:26 UTC</createdTime>
<generatorID>BFBDD0A0-F1B6-9149-7F05-0A5B47C3ACF4</generatorID>
<ownerDesignName>01b_heterogeneous_items_v2</ownerDesignName>
<useDomainConstraints>false</useDomainConstraints>
<use>1</use>
<logicalDatatype>LOGDT037</logicalDatatype>
<dataTypeSize>20</dataTypeSize>
<ownDataTypeParameters>20,,</ownDataTypeParameters>
<autoIncrementCycle>false</autoIncrementCycle>
</Column>
<Column name="order_dt" id="93771CA0-0FF4-1509-B401-8A392362ADE6">
<createdBy>marinfotache</createdBy>
<createdTime>2018-10-26 04:25:26 UTC</createdTime>
<generatorID>F4B89A51-AD81-6297-76CF-9B244D1FC9B5</generatorID>
<ownerDesignName>01b_heterogeneous_items_v2</ownerDesignName>
<useDomainConstraints>false</useDomainConstraints>
<use>1</use>
<logicalDatatype>LOGDT047</logicalDatatype>
<ownDataTypeParameters>,,</ownDataTypeParameters>
<autoIncrementCycle>false</autoIncrementCycle>
</Column>
<Column name="order_amount" id="F60B5F07-3C6B-B3AD-A537-C7A1EDE81280">
<createdBy>marinfotache</createdBy>
<createdTime>2018-10-26 04:25:26 UTC</createdTime>
<generatorID>B7A61ADB-81C2-06A8-6C58-A58C60F34B63</generatorID>
<ownerDesignName>01b_heterogeneous_items_v2</ownerDesignName>
<useDomainConstraints>false</useDomainConstraints>
<use>1</use>
<logicalDatatype>LOGDT019</logicalDatatype>
<dataTypePrecision>12</dataTypePrecision>
<dataTypeScale>2</dataTypeScale>
<ownDataTypeParameters>,12,2</ownDataTypeParameters>
<autoIncrementCycle>false</autoIncrementCycle>
</Column>
<Column name="order_status" id="CB1364C0-DE38-55B7-A852-1D2C9AAC276F">
<createdBy>marinfotache</createdBy>
<createdTime>2018-10-26 04:25:26 UTC</createdTime>
<generatorID>289AB07B-9F0D-3E29-87A7-AEFBB3ABF9CD</generatorID>
<ownerDesignName>01b_heterogeneous_items_v2</ownerDesignName>
<useDomainConstraints>false</useDomainConstraints>
<use>1</use>
<logicalDatatype>LOGDT037</logicalDatatype>
<dataTypeSize>50</dataTypeSize>
<ownDataTypeParameters>50,,</ownDataTypeParameters>
<autoIncrementCycle>false</autoIncrementCycle>
</Column>
</columns>
<indexes itemClass="oracle.dbtools.crest.model.design.relational.Index">
<ind_PK_UK id="DE335689-23F2-9548-6F5E-665DC468573D" name="orders_PK">
<createdBy>marinfotache</createdBy>
<createdTime>2018-10-26 04:25:26 UTC</createdTime>
<generatorID>7E373EBA-A364-1C8D-BF81-378045AF96A7</generatorID>
<ownerDesignName>01b_heterogeneous_items_v2</ownerDesignName>
<pk>true</pk>
<indexState>Primary Constraint</indexState>
<isSurrogateKey>false</isSurrogateKey>
<indexColumnUsage>
<colUsage columnID="4247B23E-A4FD-E96B-401F-49BA77331155"/>
</indexColumnUsage>
</ind_PK_UK>
</indexes>
</Table>