<?xml version = '1.0' encoding = 'UTF-8'?>
<Table class="oracle.dbtools.crest.model.design.relational.Table" directorySegmentName="seg_0" id="52958DF2-8762-F6FD-1308-9D90FD6EDC82" name="services">
<createdBy>marinfotache</createdBy>
<createdTime>2018-10-26 04:25:26 UTC</createdTime>
<generatorID>CE438035-A1E7-668F-8CE2-5917FDEDD9D3</generatorID>
<ownerDesignName>01b_heterogeneous_items_v2</ownerDesignName>
<allowColumnReorder>false</allowColumnReorder>
<existDependencyGenerateInDDl>true</existDependencyGenerateInDDl>
<parsed>true</parsed>
<columns itemClass="oracle.dbtools.crest.model.design.relational.Column">
<Column name="serv_id" id="2A4529E8-C37D-77C4-54B1-AD29AB2F4F61">
<createdBy>marinfotache</createdBy>
<createdTime>2018-10-26 04:25:26 UTC</createdTime>
<generatorID>108E074E-EB5D-87A7-8671-920EE9863BE0</generatorID>
<ownerDesignName>01b_heterogeneous_items_v2</ownerDesignName>
<useDomainConstraints>false</useDomainConstraints>
<use>1</use>
<logicalDatatype>LOGDT011</logicalDatatype>
<ownDataTypeParameters>,,</ownDataTypeParameters>
<autoIncrementCycle>false</autoIncrementCycle>
</Column>
<Column name="serv_name" id="E08B135B-7413-4598-8D7C-E106111F3F93">
<createdBy>marinfotache</createdBy>
<createdTime>2018-10-26 04:25:26 UTC</createdTime>
<generatorID>05FAC844-AE69-C366-6544-E6916790B7E0</generatorID>
<ownerDesignName>01b_heterogeneous_items_v2</ownerDesignName>
<useDomainConstraints>false</useDomainConstraints>
<use>1</use>
<logicalDatatype>LOGDT037</logicalDatatype>
<dataTypeSize>100</dataTypeSize>
<ownDataTypeParameters>100,,</ownDataTypeParameters>
<autoIncrementCycle>false</autoIncrementCycle>
</Column>
<Column name="current_vat_percent" id="A89038F8-FB79-DCAA-C463-8B349121B325">
<createdBy>marinfotache</createdBy>
<createdTime>2018-10-26 04:25:26 UTC</createdTime>
<generatorID>1CB57B46-BC30-EA4D-9949-7578CACA2D37</generatorID>
<ownerDesignName>01b_heterogeneous_items_v2</ownerDesignName>
<useDomainConstraints>false</useDomainConstraints>
<use>1</use>
<logicalDatatype>LOGDT019</logicalDatatype>
<dataTypePrecision>4</dataTypePrecision>
<dataTypeScale>2</dataTypeScale>
<ownDataTypeParameters>,4,2</ownDataTypeParameters>
<autoIncrementCycle>false</autoIncrementCycle>
</Column>
<Column name="brief_description" id="27392590-B1B1-7CF6-FB17-36576E643AD9">
<createdBy>marinfotache</createdBy>
<createdTime>2018-10-26 04:25:26 UTC</createdTime>
<generatorID>96341F4B-B5C7-7510-51A1-2EF22CF889FA</generatorID>
<ownerDesignName>01b_heterogeneous_items_v2</ownerDesignName>
<nullsAllowed>true</nullsAllowed>
<useDomainConstraints>false</useDomainConstraints>
<use>1</use>
<logicalDatatype>LOGDT037</logicalDatatype>
<dataTypeSize>100</dataTypeSize>
<ownDataTypeParameters>100,,</ownDataTypeParameters>
<autoIncrementCycle>false</autoIncrementCycle>
</Column>
<Column name="item_groups_group_name" id="8C9C5512-BD20-9DC8-2991-3B1565989814">
<createdBy>marinfotache</createdBy>
<createdTime>2018-10-26 04:25:26 UTC</createdTime>
<generatorID>C5C314C5-703E-830B-15AF-CC0171B91515</generatorID>
<ownerDesignName>01b_heterogeneous_items_v2</ownerDesignName>
<useDomainConstraints>false</useDomainConstraints>
<use>1</use>
<logicalDatatype>LOGDT024</logicalDatatype>
<dataTypeSize>50 CHAR</dataTypeSize>
<ownDataTypeParameters>,,</ownDataTypeParameters>
<previousColumn>false</previousColumn>
<autoIncrementCycle>false</autoIncrementCycle>
<associations>
<colAssociation fkAssociation="C7E273D8-24A2-DB17-D5CB-0C5FBE6EB1FD" referredColumn="6325E833-8EFF-37D7-643C-B73E01F6FB00"/>
</associations>
</Column>
</columns>
<indexes itemClass="oracle.dbtools.crest.model.design.relational.Index">
<ind_PK_UK id="60ED4E38-81EF-C29C-1982-6B1AB4373AE8" name="services_PK">
<createdBy>marinfotache</createdBy>
<createdTime>2018-10-26 04:25:26 UTC</createdTime>
<generatorID>E55947F8-3963-CDF5-AA8F-8C4E30F129D4</generatorID>
<ownerDesignName>01b_heterogeneous_items_v2</ownerDesignName>
<pk>true</pk>
<indexState>Primary Constraint</indexState>
<isSurrogateKey>false</isSurrogateKey>
<indexColumnUsage>
<colUsage columnID="2A4529E8-C37D-77C4-54B1-AD29AB2F4F61"/>
</indexColumnUsage>
</ind_PK_UK>
<ind_PK_UK id="88203F8E-8660-6B80-3CB3-0F9E8C5C286A" name="services_item_groups_FK">
<createdBy>marinfotache</createdBy>
<createdTime>2018-10-26 04:25:26 UTC</createdTime>
<generatorID>4C48235E-BC28-B9B9-8F37-185083ACBAF7</generatorID>
<ownerDesignName>01b_heterogeneous_items_v2</ownerDesignName>
<indexState>Foreign Key</indexState>
<isSurrogateKey>false</isSurrogateKey>
<indexColumnUsage>
<colUsage columnID="8C9C5512-BD20-9DC8-2991-3B1565989814"/>
</indexColumnUsage>
</ind_PK_UK>
</indexes>
</Table>