<?xml version = '1.0' encoding = 'UTF-8'?>
<Table class="oracle.dbtools.crest.model.design.relational.Table" directorySegmentName="seg_0" id="88F06F4D-A4B6-0E77-5F20-B4D2ACAD6B39" name="item_groups">
<createdBy>marinfotache</createdBy>
<createdTime>2018-10-26 04:25:26 UTC</createdTime>
<generatorID>3A018823-5E70-45BB-B5A4-EDA7E36B82F4</generatorID>
<ownerDesignName>01b_heterogeneous_items_v2</ownerDesignName>
<allowColumnReorder>false</allowColumnReorder>
<existDependencyGenerateInDDl>true</existDependencyGenerateInDDl>
<parsed>true</parsed>
<columns itemClass="oracle.dbtools.crest.model.design.relational.Column">
<Column name="group_name" id="6325E833-8EFF-37D7-643C-B73E01F6FB00">
<createdBy>marinfotache</createdBy>
<createdTime>2018-10-26 04:25:26 UTC</createdTime>
<generatorID>1762E63D-7844-6487-C08B-4BCF73B819E8</generatorID>
<ownerDesignName>01b_heterogeneous_items_v2</ownerDesignName>
<useDomainConstraints>false</useDomainConstraints>
<use>1</use>
<logicalDatatype>LOGDT024</logicalDatatype>
<dataTypeSize>50 CHAR</dataTypeSize>
<ownDataTypeParameters>50 CHAR,,</ownDataTypeParameters>
<autoIncrementCycle>false</autoIncrementCycle>
</Column>
<Column name="description" id="1F316CC7-3BAC-A46D-F295-1B6A5A1C99A2">
<createdBy>marinfotache</createdBy>
<createdTime>2018-10-26 04:25:26 UTC</createdTime>
<generatorID>040E5E21-50FE-04DB-9284-8CC456548B7B</generatorID>
<ownerDesignName>01b_heterogeneous_items_v2</ownerDesignName>
<useDomainConstraints>false</useDomainConstraints>
<use>1</use>
<logicalDatatype>LOGDT024</logicalDatatype>
<dataTypeSize>100 CHAR</dataTypeSize>
<ownDataTypeParameters>100 CHAR,,</ownDataTypeParameters>
<autoIncrementCycle>false</autoIncrementCycle>
</Column>
<Column name="vat_percent" id="AB38269A-EF8D-C38A-7FD6-341D233FB668">
<createdBy>marinfotache</createdBy>
<createdTime>2018-10-26 04:25:26 UTC</createdTime>
<generatorID>9B181594-C84C-97E4-4E19-07F0C4368EDD</generatorID>
<ownerDesignName>01b_heterogeneous_items_v2</ownerDesignName>
<useDomainConstraints>false</useDomainConstraints>
<use>1</use>
<logicalDatatype>LOGDT019</logicalDatatype>
<dataTypePrecision>4</dataTypePrecision>
<dataTypeScale>2</dataTypeScale>
<ownDataTypeParameters>,4,2</ownDataTypeParameters>
<autoIncrementCycle>false</autoIncrementCycle>
</Column>
</columns>
<indexes itemClass="oracle.dbtools.crest.model.design.relational.Index">
<ind_PK_UK id="6ACE69B7-93B9-379A-2A8C-FA2AD7B0618B" name="item_groups_PK">
<createdBy>marinfotache</createdBy>
<createdTime>2018-10-26 04:25:26 UTC</createdTime>
<generatorID>B32EEBF9-827C-88E4-08CF-6D3E068056D7</generatorID>
<ownerDesignName>01b_heterogeneous_items_v2</ownerDesignName>
<pk>true</pk>
<indexState>Primary Constraint</indexState>
<isSurrogateKey>false</isSurrogateKey>
<indexColumnUsage>
<colUsage columnID="6325E833-8EFF-37D7-643C-B73E01F6FB00"/>
</indexColumnUsage>
</ind_PK_UK>
</indexes>
</Table>