<?xml version = '1.0' encoding = 'UTF-8'?>
<Table class="oracle.dbtools.crest.model.design.relational.Table" directorySegmentName="seg_0" id="92396DAA-7AC7-A63B-A8B1-F46492680393" name="ordered_items">
<createdBy>marinfotache</createdBy>
<createdTime>2018-10-26 04:25:26 UTC</createdTime>
<generatorID>F83C1949-608D-81D4-5FB2-16FF9D499229</generatorID>
<ownerDesignName>01b_heterogeneous_items_v2</ownerDesignName>
<allowColumnReorder>false</allowColumnReorder>
<existDependencyGenerateInDDl>true</existDependencyGenerateInDDl>
<parsed>true</parsed>
<columns itemClass="oracle.dbtools.crest.model.design.relational.Column">
<Column name="quantity" id="5EA1C8E2-C684-21B9-EAF9-170F75829801">
<createdBy>marinfotache</createdBy>
<createdTime>2018-10-26 04:25:26 UTC</createdTime>
<generatorID>80DD8CB9-BEBD-FD64-FEB8-4134C1C271ED</generatorID>
<ownerDesignName>01b_heterogeneous_items_v2</ownerDesignName>
<useDomainConstraints>false</useDomainConstraints>
<use>1</use>
<logicalDatatype>LOGDT019</logicalDatatype>
<dataTypePrecision>9</dataTypePrecision>
<dataTypeScale>3</dataTypeScale>
<ownDataTypeParameters>,9,3</ownDataTypeParameters>
<autoIncrementCycle>false</autoIncrementCycle>
</Column>
<Column name="orders_order_id" id="EBD487A6-42B1-8A85-536F-1BC335C2B295">
<createdBy>marinfotache</createdBy>
<createdTime>2018-10-26 04:25:26 UTC</createdTime>
<generatorID>1DA98C8A-FC77-0A45-701B-036A0E5A01F1</generatorID>
<ownerDesignName>01b_heterogeneous_items_v2</ownerDesignName>
<useDomainConstraints>false</useDomainConstraints>
<use>1</use>
<logicalDatatype>LOGDT011</logicalDatatype>
<ownDataTypeParameters>,,</ownDataTypeParameters>
<previousColumn>false</previousColumn>
<autoIncrementCycle>false</autoIncrementCycle>
<associations>
<colAssociation fkAssociation="16EF75A8-57A2-BCFE-3ECE-D7C8C3B0EE73" referredColumn="4247B23E-A4FD-E96B-401F-49BA77331155"/>
</associations>
</Column>
<Column name="products_prod_id" id="D86C21DE-F1B3-91B7-C349-AB02567DAD17">
<createdBy>marinfotache</createdBy>
<createdTime>2018-10-26 04:25:26 UTC</createdTime>
<generatorID>3C086D64-AD45-C80A-52EA-3D98DA3C9C32</generatorID>
<ownerDesignName>01b_heterogeneous_items_v2</ownerDesignName>
<useDomainConstraints>false</useDomainConstraints>
<use>1</use>
<logicalDatatype>LOGDT011</logicalDatatype>
<ownDataTypeParameters>,,</ownDataTypeParameters>
<previousColumn>false</previousColumn>
<autoIncrementCycle>false</autoIncrementCycle>
<associations>
<colAssociation fkAssociation="95D23F88-E12C-9164-8755-270AB2C57136" referredColumn="3968DF02-74BD-9BC8-74CE-104047CAFC0A"/>
</associations>
</Column>
<Column name="services_serv_id" id="40A7BA53-F4BC-E294-5A5A-2394BA35627F">
<createdBy>marinfotache</createdBy>
<createdTime>2018-10-26 04:25:26 UTC</createdTime>
<generatorID>09C5E238-5F3C-2870-E6CF-DEF7F778A844</generatorID>
<ownerDesignName>01b_heterogeneous_items_v2</ownerDesignName>
<useDomainConstraints>false</useDomainConstraints>
<use>1</use>
<logicalDatatype>LOGDT011</logicalDatatype>
<ownDataTypeParameters>,,</ownDataTypeParameters>
<previousColumn>false</previousColumn>
<autoIncrementCycle>false</autoIncrementCycle>
<associations>
<colAssociation fkAssociation="C772491C-DB53-C69B-16AD-88963D7BA3F6" referredColumn="2A4529E8-C37D-77C4-54B1-AD29AB2F4F61"/>
</associations>
</Column>
</columns>
<indexes itemClass="oracle.dbtools.crest.model.design.relational.Index">
<ind_PK_UK id="D004A86A-5CB8-A102-3901-22021ED325B0" name="ordered_items_PK">
<createdBy>marinfotache</createdBy>
<createdTime>2018-10-26 04:25:26 UTC</createdTime>
<generatorID>E298E30E-FE1F-6742-A910-8A6D7786E0D1</generatorID>
<ownerDesignName>01b_heterogeneous_items_v2</ownerDesignName>
<pk>true</pk>
<indexState>Primary Constraint</indexState>
<isSurrogateKey>false</isSurrogateKey>
<indexColumnUsage>
<colUsage columnID="EBD487A6-42B1-8A85-536F-1BC335C2B295"/>
<colUsage columnID="D86C21DE-F1B3-91B7-C349-AB02567DAD17"/>
<colUsage columnID="40A7BA53-F4BC-E294-5A5A-2394BA35627F"/>
</indexColumnUsage>
</ind_PK_UK>
<ind_PK_UK id="DC630585-3584-84BD-0CF5-1FE420FB0DFA" name="ordered_items_services_FK">
<createdBy>marinfotache</createdBy>
<createdTime>2018-10-26 04:25:26 UTC</createdTime>
<generatorID>784501A0-8811-ADBA-ED35-DDA6257944CE</generatorID>
<ownerDesignName>01b_heterogeneous_items_v2</ownerDesignName>
<indexState>Foreign Key</indexState>
<isSurrogateKey>false</isSurrogateKey>
<indexColumnUsage>
<colUsage columnID="40A7BA53-F4BC-E294-5A5A-2394BA35627F"/>
</indexColumnUsage>
</ind_PK_UK>
<ind_PK_UK id="E1BE0FCC-AD70-EB57-B8F1-4F4B3644FC87" name="ordered_items_orders_FK">
<createdBy>marinfotache</createdBy>
<createdTime>2018-10-26 04:25:26 UTC</createdTime>
<generatorID>2AFE7B4B-0337-CBB2-49DE-B73C185A50F3</generatorID>
<ownerDesignName>01b_heterogeneous_items_v2</ownerDesignName>
<indexState>Foreign Key</indexState>
<isSurrogateKey>false</isSurrogateKey>
<indexColumnUsage>
<colUsage columnID="EBD487A6-42B1-8A85-536F-1BC335C2B295"/>
</indexColumnUsage>
</ind_PK_UK>
<ind_PK_UK id="043ACFFC-040B-5E4B-99F2-166D244065BD" name="ordered_items_products_FK">
<createdBy>marinfotache</createdBy>
<createdTime>2018-10-26 04:25:26 UTC</createdTime>
<generatorID>23ADD691-E327-5C7B-1F5A-8C6F135F6A8A</generatorID>
<ownerDesignName>01b_heterogeneous_items_v2</ownerDesignName>
<indexState>Foreign Key</indexState>
<isSurrogateKey>false</isSurrogateKey>
<indexColumnUsage>
<colUsage columnID="D86C21DE-F1B3-91B7-C349-AB02567DAD17"/>
</indexColumnUsage>
</ind_PK_UK>
</indexes>
</Table>