<?xml version = '1.0' encoding = 'UTF-8'?>
<Arc class="oracle.dbtools.crest.model.design.logical.Arc" directorySegmentName="seg_0" id="8ADC1F3E-C564-7278-C480-971C437C6E73" name="Arc_1">
<createdBy>admin</createdBy>
<createdTime>2015-10-26 05:41:27 UTC</createdTime>
<ownerDesignName>univ_info_sys_2</ownerDesignName>
<engineerTo>
<item key="6BB98802-0B60-AC1E-583C-C923CE882AB8" value="true"/>
</engineerTo>
<entity>8C16992C-CD75-A137-B770-956F23DA85EF</entity>
<relations>
<relationID>6DE44B08-A309-49FC-151C-D147B0F92A04</relationID>
<relationID>994D9A3A-F2D2-0B4F-D215-BCA4A4ADD299</relationID>
</relations>
</Arc>