<?xml version = '1.0' encoding = 'UTF-8'?>
<Entity class="oracle.dbtools.crest.model.design.logical.Entity" directorySegmentName="seg_0" id="33FDE9F3-576F-7146-A3D1-ADA28F1E6B78" name="former_contact">
<createdBy>admin</createdBy>
<createdTime>2015-10-29 10:36:50 UTC</createdTime>
<ownerDesignName>07a_Discounts_on_range_of_values</ownerDesignName>
<adequatelyNormalized>NO</adequatelyNormalized>
<expectedVolumes>0</expectedVolumes>
<fwdEngineeringStrategyName>Single Table</fwdEngineeringStrategyName>
<growthPercent>0</growthPercent>
<growthType>Year</growthType>
<maxVolumes>9999999</maxVolumes>
<minVolumes>0</minVolumes>
<normalForm>Third</normalForm>
<preferredAbbreviation>former_contacts</preferredAbbreviation>
<attributes itemClass="oracle.dbtools.crest.model.design.logical.Attribute">
<Attribute name="from" id="BB479D6D-8306-F8A1-8D78-9FCAD2950685">
<createdBy>admin</createdBy>
<createdTime>2015-10-29 10:38:24 UTC</createdTime>
<ownerDesignName>07a_Discounts_on_range_of_values</ownerDesignName>
<useDomainConstraints>false</useDomainConstraints>
<use>1</use>
<logicalDatatype>LOGDT007</logicalDatatype>
<ownDataTypeParameters>,,</ownDataTypeParameters>
</Attribute>
<Attribute name="to" id="62A86773-BCE3-B46F-0F35-603CC5F0540A">
<createdBy>admin</createdBy>
<createdTime>2015-10-29 10:38:35 UTC</createdTime>
<ownerDesignName>07a_Discounts_on_range_of_values</ownerDesignName>
<useDomainConstraints>false</useDomainConstraints>
<use>1</use>
<logicalDatatype>LOGDT007</logicalDatatype>
<ownDataTypeParameters>,,</ownDataTypeParameters>
</Attribute>
<Attribute name="position" id="53C8192F-B137-8D72-D5D7-C044FAA6F35C">
<createdBy>admin</createdBy>
<createdTime>2015-10-29 10:49:56 UTC</createdTime>
<ownerDesignName>07a_Discounts_on_range_of_values</ownerDesignName>
<useDomainConstraints>false</useDomainConstraints>
<use>1</use>
<logicalDatatype>LOGDT037</logicalDatatype>
<dataTypeSize>50</dataTypeSize>
<ownDataTypeParameters>50,,</ownDataTypeParameters>
</Attribute>
<Attribute name="comments" id="238A3042-5873-A8A4-07FB-6B5912AD86F1">
<createdBy>admin</createdBy>
<createdTime>2015-10-29 10:39:12 UTC</createdTime>
<ownerDesignName>07a_Discounts_on_range_of_values</ownerDesignName>
<nullsAllowed>true</nullsAllowed>
<useDomainConstraints>false</useDomainConstraints>
<use>1</use>
<logicalDatatype>LOGDT037</logicalDatatype>
<dataTypeSize>100</dataTypeSize>
<ownDataTypeParameters>100,,</ownDataTypeParameters>
</Attribute>
<Attribute name="pers_id" id="CF588C65-868E-122B-EA0D-7E94EFF7E6DF">
<createdBy>admin</createdBy>
<createdTime>2015-10-29 10:40:58 UTC</createdTime>
<generatorID>B4FE6DAF-4B3F-DC93-501E-907D8D4A2E0D</generatorID>
<ownerDesignName>07a_Discounts_on_range_of_values</ownerDesignName>
<referedAttribute>42B177E8-B3B3-4EF4-28FD-46D0AD056E15</referedAttribute>
<useDomainConstraints>false</useDomainConstraints>
<use>1</use>
<logicalDatatype>LOGDT011</logicalDatatype>
<ownDataTypeParameters>,,</ownDataTypeParameters>
</Attribute>
<Attribute name="cust_id" id="F40F2ABA-F063-312E-A8EC-A854BF1A736F">
<createdBy>admin</createdBy>
<createdTime>2015-10-29 10:41:39 UTC</createdTime>
<generatorID>34A37B5B-544C-2D89-9AA4-162A2F3AA375</generatorID>
<ownerDesignName>07a_Discounts_on_range_of_values</ownerDesignName>
<referedAttribute>2AFA42D8-7657-95E2-24C9-EAD0A6A58C85</referedAttribute>
<useDomainConstraints>false</useDomainConstraints>
<use>1</use>
<logicalDatatype>LOGDT011</logicalDatatype>
<ownDataTypeParameters>,,</ownDataTypeParameters>
</Attribute>
</attributes>
<identifiers itemClass="oracle.dbtools.crest.model.design.logical.CandidateKey">
<identifier id="01EAE0E3-D8AF-8907-E589-DBA2104F3A70" name="former_contacts__pk">
<createdBy>admin</createdBy>
<createdTime>2015-10-29 10:40:35 UTC</createdTime>
<ownerDesignName>07a_Discounts_on_range_of_values</ownerDesignName>
<pk>true</pk>
<newElementsIDs>B4FE6DAF-4B3F-DC93-501E-907D8D4A2E0D,34A37B5B-544C-2D89-9AA4-162A2F3AA375,BB479D6D-8306-F8A1-8D78-9FCAD2950685</newElementsIDs>
<usedAttributes>
<attributeRef>CF588C65-868E-122B-EA0D-7E94EFF7E6DF</attributeRef>
<attributeRef>F40F2ABA-F063-312E-A8EC-A854BF1A736F</attributeRef>
<attributeRef>BB479D6D-8306-F8A1-8D78-9FCAD2950685</attributeRef>
</usedAttributes>
</identifier>
</identifiers>
</Entity>