<?xml version = '1.0' encoding = 'UTF-8'?>
<Entity class="oracle.dbtools.crest.model.design.logical.Entity" directorySegmentName="seg_0" id="75C61227-6223-EF7A-2B52-8C82567AC2E6" name="discount_val_range">
<createdBy>admin</createdBy>
<createdTime>2015-11-10 05:59:19 UTC</createdTime>
<ownerDesignName>07a_Discounts_on_range_of_values</ownerDesignName>
<adequatelyNormalized>NO</adequatelyNormalized>
<expectedVolumes>0</expectedVolumes>
<fwdEngineeringStrategyName>Single Table</fwdEngineeringStrategyName>
<growthPercent>0</growthPercent>
<growthType>Year</growthType>
<maxVolumes>9999999</maxVolumes>
<minVolumes>0</minVolumes>
<normalForm>Third</normalForm>
<preferredAbbreviation>discount_val_ranges</preferredAbbreviation>
<attributes itemClass="oracle.dbtools.crest.model.design.logical.Attribute">
<Attribute name="discount_val_range_id" id="6BE25602-6787-EC56-E31D-2206308C0D5E">
<createdBy>admin</createdBy>
<createdTime>2015-11-10 06:00:21 UTC</createdTime>
<ownerDesignName>07a_Discounts_on_range_of_values</ownerDesignName>
<useDomainConstraints>false</useDomainConstraints>
<use>1</use>
<logicalDatatype>LOGDT011</logicalDatatype>
<ownDataTypeParameters>,,</ownDataTypeParameters>
</Attribute>
<Attribute name="dt_start" id="F8B334C0-BE40-1C88-738C-86E0D97224D7">
<createdBy>admin</createdBy>
<createdTime>2015-11-10 06:00:40 UTC</createdTime>
<ownerDesignName>07a_Discounts_on_range_of_values</ownerDesignName>
<useDomainConstraints>false</useDomainConstraints>
<use>1</use>
<logicalDatatype>LOGDT047</logicalDatatype>
<ownDataTypeParameters>,,</ownDataTypeParameters>
</Attribute>
<Attribute name="dt_stop" id="777F3031-7277-D29F-E032-DB626071FC86">
<createdBy>admin</createdBy>
<createdTime>2015-11-10 06:01:08 UTC</createdTime>
<ownerDesignName>07a_Discounts_on_range_of_values</ownerDesignName>
<nullsAllowed>true</nullsAllowed>
<useDomainConstraints>false</useDomainConstraints>
<use>1</use>
<logicalDatatype>LOGDT047</logicalDatatype>
<ownDataTypeParameters>,,</ownDataTypeParameters>
</Attribute>
<Attribute name="comments" id="57810103-9361-665A-E3D5-780C2A50871D">
<createdBy>admin</createdBy>
<createdTime>2015-11-10 06:01:21 UTC</createdTime>
<ownerDesignName>07a_Discounts_on_range_of_values</ownerDesignName>
<nullsAllowed>true</nullsAllowed>
<useDomainConstraints>false</useDomainConstraints>
<use>1</use>
<logicalDatatype>LOGDT037</logicalDatatype>
<dataTypeSize>50</dataTypeSize>
<ownDataTypeParameters>50,,</ownDataTypeParameters>
</Attribute>
</attributes>
<identifiers itemClass="oracle.dbtools.crest.model.design.logical.CandidateKey">
<identifier id="55C4EC96-F03C-2C90-F3EC-575C3F91071F" name="discount_val_range PK">
<createdBy>admin</createdBy>
<createdTime>2015-11-10 06:00:37 UTC</createdTime>
<ownerDesignName>07a_Discounts_on_range_of_values</ownerDesignName>
<pk>true</pk>
<usedAttributes>
<attributeRef>6BE25602-6787-EC56-E31D-2206308C0D5E</attributeRef>
</usedAttributes>
</identifier>
</identifiers>
</Entity>