<?xml version = '1.0' encoding = 'UTF-8'?>
<Entity class="oracle.dbtools.crest.model.design.logical.Entity" directorySegmentName="seg_0" id="862CD71F-8ACA-33A5-6C24-FBA4AC6FAA7F" name="customer">
<createdBy>Marin F</createdBy>
<createdTime>2011-07-11 06:51:52 UTC</createdTime>
<generatorID>A49D2FD8-6B26-08BE-58B8-1F5AAC13DC24</generatorID>
<ownerDesignName>07a_Discounts_on_range_of_values</ownerDesignName>
<adequatelyNormalized>NO</adequatelyNormalized>
<expectedVolumes>0</expectedVolumes>
<fwdEngineeringStrategyName>Single Table</fwdEngineeringStrategyName>
<growthPercent>0</growthPercent>
<growthType>Year</growthType>
<maxVolumes>9999999</maxVolumes>
<minVolumes>0</minVolumes>
<normalForm>Third</normalForm>
<preferredAbbreviation>customers</preferredAbbreviation>
<attributes itemClass="oracle.dbtools.crest.model.design.logical.Attribute">
<Attribute name="cust_id" id="2AFA42D8-7657-95E2-24C9-EAD0A6A58C85">
<createdBy>Marin F</createdBy>
<createdTime>2011-07-11 06:51:52 UTC</createdTime>
<generatorID>E69B89FB-A7BC-2D57-1EE7-71BBE5D43FDB</generatorID>
<ownerDesignName>07a_Discounts_on_range_of_values</ownerDesignName>
<constraintName>ck_codcl</constraintName>
<useDomainConstraints>false</useDomainConstraints>
<use>1</use>
<logicalDatatype>LOGDT011</logicalDatatype>
<checkConstraint>
<implementationDef dbType="Oracle Database 10g" definition="codcl &gt; 1000"/>
</checkConstraint>
<ownDataTypeParameters>,,</ownDataTypeParameters>
</Attribute>
<Attribute name="cust_name" id="8FE652B1-0E25-82BC-E1C8-8F89790E4727">
<createdBy>Marin F</createdBy>
<createdTime>2011-07-11 06:51:52 UTC</createdTime>
<generatorID>2F751263-FA02-36D4-8BA1-AF9255A68551</generatorID>
<ownerDesignName>07a_Discounts_on_range_of_values</ownerDesignName>
<constraintName>ck_dencl</constraintName>
<useDomainConstraints>false</useDomainConstraints>
<use>1</use>
<logicalDatatype>LOGDT037</logicalDatatype>
<dataTypeSize>50 CHAR</dataTypeSize>
<checkConstraint>
<implementationDef dbType="Oracle Database 10g" definition="SUBSTR(dencl,1,1) = UPPER(SUBSTR(dencl,1,1))"/>
</checkConstraint>
<ownDataTypeParameters>50 CHAR,,</ownDataTypeParameters>
</Attribute>
<Attribute name="fiscal_code" id="C174B5ED-CF9B-2370-E4DF-056866113481">
<createdBy>Marin F</createdBy>
<createdTime>2011-07-11 06:51:52 UTC</createdTime>
<generatorID>E9AF1506-632A-0738-32BC-6E0EFBEC3176</generatorID>
<ownerDesignName>07a_Discounts_on_range_of_values</ownerDesignName>
<constraintName>ck_codfiscal</constraintName>
<useDomainConstraints>false</useDomainConstraints>
<use>1</use>
<logicalDatatype>LOGDT024</logicalDatatype>
<dataTypeSize>20</dataTypeSize>
<checkConstraint>
<implementationDef dbType="Oracle Database 10g" definition="SUBSTR(codfiscal,1,1) = UPPER(SUBSTR(codfiscal,1,1))"/>
</checkConstraint>
<ownDataTypeParameters>20,,</ownDataTypeParameters>
</Attribute>
<Attribute name="cust_address" id="6E8B9ECB-D5BD-9A84-B2EB-507CDA7CC90D">
<createdBy>Marin F</createdBy>
<createdTime>2011-07-11 06:51:52 UTC</createdTime>
<generatorID>9048794B-E9D1-C70B-FC21-97178FE303AB</generatorID>
<ownerDesignName>07a_Discounts_on_range_of_values</ownerDesignName>
<constraintName>ck_adresa_clienti</constraintName>
<nullsAllowed>true</nullsAllowed>
<useDomainConstraints>false</useDomainConstraints>
<use>1</use>
<logicalDatatype>LOGDT037</logicalDatatype>
<dataTypeSize>100 CHAR</dataTypeSize>
<checkConstraint>
<implementationDef dbType="Oracle Database 10g" definition="SUBSTR(adresa,1,1) = UPPER(SUBSTR(adresa,1,1))"/>
</checkConstraint>
<ownDataTypeParameters>100 CHAR,,</ownDataTypeParameters>
</Attribute>
<Attribute name="post_code" id="41EC7E6E-A994-FD29-FDFC-D469072332D8">
<createdBy>Marin F</createdBy>
<createdTime>2011-07-11 06:51:52 UTC</createdTime>
<generatorID>041CAC65-CEE4-CBF4-1D2E-12DF8E5B7D4E</generatorID>
<ownerDesignName>07a_Discounts_on_range_of_values</ownerDesignName>
<referedAttribute>4CBD0F28-4E0B-A80F-044C-813457777C50</referedAttribute>
<useDomainConstraints>false</useDomainConstraints>
<use>1</use>
<logicalDatatype>LOGDT025</logicalDatatype>
<ownDataTypeParameters>,,</ownDataTypeParameters>
</Attribute>
<Attribute name="cust_phone" id="222D5DE6-BE26-EF66-3ABF-9B17844D3792">
<createdBy>Marin F</createdBy>
<createdTime>2011-07-11 06:51:52 UTC</createdTime>
<generatorID>44DE50A1-010F-44E0-C07F-7C932340DA9B</generatorID>
<ownerDesignName>07a_Discounts_on_range_of_values</ownerDesignName>
<nullsAllowed>true</nullsAllowed>
<useDomainConstraints>false</useDomainConstraints>
<use>1</use>
<logicalDatatype>LOGDT025</logicalDatatype>
<dataTypeSize>10</dataTypeSize>
<ownDataTypeParameters>10,,</ownDataTypeParameters>
</Attribute>
<Attribute name="cust_email" id="3627791F-18A4-3815-4AD5-CB1526DEE7B1">
<createdBy>admin</createdBy>
<createdTime>2015-10-22 05:35:41 UTC</createdTime>
<ownerDesignName>07a_Discounts_on_range_of_values</ownerDesignName>
<nullsAllowed>true</nullsAllowed>
<useDomainConstraints>false</useDomainConstraints>
<use>1</use>
<logicalDatatype>LOGDT024</logicalDatatype>
<dataTypeSize>70</dataTypeSize>
<ownDataTypeParameters>70,,</ownDataTypeParameters>
</Attribute>
<Attribute name="current_balance" id="89385036-F51B-ADBA-63D6-9CE594DB6D5E">
<createdBy>admin</createdBy>
<createdTime>2015-10-29 11:57:18 UTC</createdTime>
<ownerDesignName>07a_Discounts_on_range_of_values</ownerDesignName>
<useDomainConstraints>false</useDomainConstraints>
<use>1</use>
<logicalDatatype>LOGDT019</logicalDatatype>
<dataTypePrecision>12</dataTypePrecision>
<dataTypeScale>2</dataTypeScale>
<ownDataTypeParameters>,12,2</ownDataTypeParameters>
</Attribute>
</attributes>
<identifiers itemClass="oracle.dbtools.crest.model.design.logical.CandidateKey">
<identifier id="E60967B1-E1BA-9D43-DC8F-53D3CDBBEAC0" name="customers__pk">
<createdBy>Marin F</createdBy>
<createdTime>2011-07-11 06:51:52 UTC</createdTime>
<generatorID>0141EBC4-19DE-B897-59C2-A4AEB20F330D</generatorID>
<ownerDesignName>07a_Discounts_on_range_of_values</ownerDesignName>
<pk>true</pk>
<newElementsIDs>2AFA42D8-7657-95E2-24C9-EAD0A6A58C85</newElementsIDs>
<usedAttributes>
<attributeRef>2AFA42D8-7657-95E2-24C9-EAD0A6A58C85</attributeRef>
</usedAttributes>
</identifier>
</identifiers>
</Entity>