<?xml version = '1.0' encoding = 'UTF-8'?>
<Entity class="oracle.dbtools.crest.model.design.logical.Entity" directorySegmentName="seg_0" id="97F5839E-9D99-5EE4-3FBD-F83D6E8566C8" name="range_of_value">
<createdBy>admin</createdBy>
<createdTime>2015-11-10 05:57:37 UTC</createdTime>
<ownerDesignName>07a_Discounts_on_range_of_values</ownerDesignName>
<adequatelyNormalized>NO</adequatelyNormalized>
<expectedVolumes>0</expectedVolumes>
<fwdEngineeringStrategyName>Single Table</fwdEngineeringStrategyName>
<growthPercent>0</growthPercent>
<growthType>Year</growthType>
<maxVolumes>9999999</maxVolumes>
<minVolumes>0</minVolumes>
<normalForm>Third</normalForm>
<preferredAbbreviation>range_of_value</preferredAbbreviation>
<attributes itemClass="oracle.dbtools.crest.model.design.logical.Attribute">
<Attribute name="from" id="6BE5DBFF-6F98-6C34-9524-BF09B459265B">
<createdBy>admin</createdBy>
<createdTime>2015-11-10 05:57:58 UTC</createdTime>
<ownerDesignName>07a_Discounts_on_range_of_values</ownerDesignName>
<useDomainConstraints>false</useDomainConstraints>
<use>1</use>
<logicalDatatype>LOGDT019</logicalDatatype>
<dataTypePrecision>10</dataTypePrecision>
<dataTypeScale>2</dataTypeScale>
<ownDataTypeParameters>,10,2</ownDataTypeParameters>
</Attribute>
<Attribute name="to" id="D60760A2-02A0-2853-48BB-C4BB7846F808">
<createdBy>admin</createdBy>
<createdTime>2015-11-10 05:58:20 UTC</createdTime>
<ownerDesignName>07a_Discounts_on_range_of_values</ownerDesignName>
<useDomainConstraints>false</useDomainConstraints>
<use>1</use>
<logicalDatatype>LOGDT019</logicalDatatype>
<dataTypePrecision>10</dataTypePrecision>
<dataTypeScale>2</dataTypeScale>
<ownDataTypeParameters>,10,2</ownDataTypeParameters>
</Attribute>
<Attribute name="discount_percent" id="C1E53211-A0AF-789D-6438-CE0E95340683">
<createdBy>admin</createdBy>
<createdTime>2015-11-10 05:58:36 UTC</createdTime>
<ownerDesignName>07a_Discounts_on_range_of_values</ownerDesignName>
<useDomainConstraints>false</useDomainConstraints>
<use>1</use>
<logicalDatatype>LOGDT019</logicalDatatype>
<dataTypePrecision>4</dataTypePrecision>
<dataTypeScale>2</dataTypeScale>
<ownDataTypeParameters>,4,2</ownDataTypeParameters>
</Attribute>
<Attribute name="discount_val_range_id" id="139D01D1-07B6-B9CF-8B54-B0CF3754466C">
<createdBy>admin</createdBy>
<createdTime>2015-11-10 06:02:19 UTC</createdTime>
<generatorID>F7F57D20-49DE-D040-9052-2C303185665D</generatorID>
<ownerDesignName>07a_Discounts_on_range_of_values</ownerDesignName>
<referedAttribute>6BE25602-6787-EC56-E31D-2206308C0D5E</referedAttribute>
<useDomainConstraints>false</useDomainConstraints>
<use>1</use>
<logicalDatatype>LOGDT011</logicalDatatype>
<ownDataTypeParameters>,,</ownDataTypeParameters>
</Attribute>
</attributes>
<identifiers itemClass="oracle.dbtools.crest.model.design.logical.CandidateKey">
<identifier id="CB3430EE-55F8-2172-F14E-849548043B53" name="range_of_value PK">
<createdBy>admin</createdBy>
<createdTime>2015-11-10 05:58:09 UTC</createdTime>
<ownerDesignName>07a_Discounts_on_range_of_values</ownerDesignName>
<pk>true</pk>
<usedAttributes>
<attributeRef>6BE5DBFF-6F98-6C34-9524-BF09B459265B</attributeRef>
<attributeRef>139D01D1-07B6-B9CF-8B54-B0CF3754466C</attributeRef>
</usedAttributes>
</identifier>
</identifiers>
</Entity>