<?xml version = '1.0' encoding = 'UTF-8'?>
<Entity class="oracle.dbtools.crest.model.design.logical.Entity" directorySegmentName="seg_0" id="98FAA55C-153A-349F-307F-0311159CE1E1" name="customer_montly_stats">
<createdBy>admin</createdBy>
<createdTime>2015-10-30 05:21:25 UTC</createdTime>
<ownerDesignName>07a_Discounts_on_range_of_values</ownerDesignName>
<adequatelyNormalized>NO</adequatelyNormalized>
<expectedVolumes>0</expectedVolumes>
<fwdEngineeringStrategyName>Single Table</fwdEngineeringStrategyName>
<growthPercent>0</growthPercent>
<growthType>Year</growthType>
<maxVolumes>9999999</maxVolumes>
<minVolumes>0</minVolumes>
<normalForm>Third</normalForm>
<preferredAbbreviation>customer_montly_stats</preferredAbbreviation>
<attributes itemClass="oracle.dbtools.crest.model.design.logical.Attribute">
<Attribute name="cust_id" id="BFBECC06-FBFD-12DC-E85A-C00425BA2A81">
<createdBy>admin</createdBy>
<createdTime>2015-10-30 05:25:03 UTC</createdTime>
<generatorID>58D22822-17DE-E93C-8D0C-0080DAFE466C</generatorID>
<ownerDesignName>07a_Discounts_on_range_of_values</ownerDesignName>
<referedAttribute>2AFA42D8-7657-95E2-24C9-EAD0A6A58C85</referedAttribute>
<useDomainConstraints>false</useDomainConstraints>
<use>1</use>
<logicalDatatype>LOGDT011</logicalDatatype>
<ownDataTypeParameters>,,</ownDataTypeParameters>
</Attribute>
<Attribute name="year" id="E855D6BF-224E-DB8F-D8D8-FCC6B1140384">
<createdBy>admin</createdBy>
<createdTime>2015-10-30 05:26:25 UTC</createdTime>
<generatorID>2DC15E09-67BA-D635-873E-EF619E27F9D3</generatorID>
<ownerDesignName>07a_Discounts_on_range_of_values</ownerDesignName>
<referedAttribute>A7347849-3A6F-E1AF-5004-FD02129940B8</referedAttribute>
<useDomainConstraints>false</useDomainConstraints>
<use>1</use>
<logicalDatatype>LOGDT019</logicalDatatype>
<dataTypePrecision>4</dataTypePrecision>
<ownDataTypeParameters>,4,</ownDataTypeParameters>
</Attribute>
<Attribute name="month" id="64A85DCF-1EE3-786B-2760-A97A56E347B6">
<createdBy>admin</createdBy>
<createdTime>2015-10-30 05:26:25 UTC</createdTime>
<generatorID>2DC15E09-67BA-D635-873E-EF619E27F9D3</generatorID>
<ownerDesignName>07a_Discounts_on_range_of_values</ownerDesignName>
<referedAttribute>DAFA5FC0-E925-6935-9B49-F252942EB190</referedAttribute>
<useDomainConstraints>false</useDomainConstraints>
<use>1</use>
<logicalDatatype>LOGDT019</logicalDatatype>
<dataTypePrecision>2</dataTypePrecision>
<ownDataTypeParameters>,2,</ownDataTypeParameters>
</Attribute>
<Attribute name="sales" id="3408869F-6CAD-B615-CBA4-DB15B2D4B1FD">
<createdBy>admin</createdBy>
<createdTime>2015-10-30 05:27:20 UTC</createdTime>
<ownerDesignName>07a_Discounts_on_range_of_values</ownerDesignName>
<useDomainConstraints>false</useDomainConstraints>
<use>1</use>
<logicalDatatype>LOGDT019</logicalDatatype>
<dataTypePrecision>14</dataTypePrecision>
<dataTypeScale>2</dataTypeScale>
<ownDataTypeParameters>,14,2</ownDataTypeParameters>
</Attribute>
<Attribute name="refusals" id="505C3ED3-7FF9-E804-2C35-92586DDDB096">
<createdBy>admin</createdBy>
<createdTime>2015-10-30 05:27:32 UTC</createdTime>
<ownerDesignName>07a_Discounts_on_range_of_values</ownerDesignName>
<useDomainConstraints>false</useDomainConstraints>
<use>1</use>
<logicalDatatype>LOGDT019</logicalDatatype>
<dataTypePrecision>14</dataTypePrecision>
<dataTypeScale>2</dataTypeScale>
<ownDataTypeParameters>,14,2</ownDataTypeParameters>
</Attribute>
<Attribute name="cancellations" id="9D3476A9-F8F1-A522-80C3-ECFC6A4B974E">
<createdBy>admin</createdBy>
<createdTime>2015-10-30 05:27:47 UTC</createdTime>
<ownerDesignName>07a_Discounts_on_range_of_values</ownerDesignName>
<useDomainConstraints>false</useDomainConstraints>
<use>1</use>
<logicalDatatype>LOGDT019</logicalDatatype>
<dataTypePrecision>14</dataTypePrecision>
<dataTypeScale>2</dataTypeScale>
<ownDataTypeParameters>,14,2</ownDataTypeParameters>
</Attribute>
<Attribute name="received" id="A52C90CA-671E-DEA2-3353-02A91EAB4F8F">
<createdBy>admin</createdBy>
<createdTime>2015-10-30 05:28:02 UTC</createdTime>
<ownerDesignName>07a_Discounts_on_range_of_values</ownerDesignName>
<useDomainConstraints>false</useDomainConstraints>
<use>1</use>
<logicalDatatype>LOGDT019</logicalDatatype>
<dataTypePrecision>14</dataTypePrecision>
<dataTypeScale>2</dataTypeScale>
<ownDataTypeParameters>,14,2</ownDataTypeParameters>
</Attribute>
</attributes>
<identifiers itemClass="oracle.dbtools.crest.model.design.logical.CandidateKey">
<identifier id="8108EFB3-9798-9CEA-A058-004756AE649D" name="customer_montly_stats PK">
<createdBy>admin</createdBy>
<createdTime>2015-10-30 05:25:03 UTC</createdTime>
<ownerDesignName>07a_Discounts_on_range_of_values</ownerDesignName>
<pk>true</pk>
<usedAttributes>
<attributeRef>BFBECC06-FBFD-12DC-E85A-C00425BA2A81</attributeRef>
<attributeRef>E855D6BF-224E-DB8F-D8D8-FCC6B1140384</attributeRef>
<attributeRef>64A85DCF-1EE3-786B-2760-A97A56E347B6</attributeRef>
</usedAttributes>
</identifier>
</identifiers>
</Entity>