<?xml version = '1.0' encoding = 'UTF-8'?>
<Entity class="oracle.dbtools.crest.model.design.logical.Entity" directorySegmentName="seg_0" id="B5901E4F-FE16-8497-C6FA-77254367AE09" name="current_contact">
<createdBy>Marin F</createdBy>
<createdTime>2011-07-11 06:51:52 UTC</createdTime>
<generatorID>666078FB-6150-E76D-74F5-79F7208D06C6</generatorID>
<ownerDesignName>07a_Discounts_on_range_of_values</ownerDesignName>
<adequatelyNormalized>NO</adequatelyNormalized>
<expectedVolumes>0</expectedVolumes>
<fwdEngineeringStrategyName>Single Table</fwdEngineeringStrategyName>
<growthPercent>0</growthPercent>
<growthType>Year</growthType>
<maxVolumes>9999999</maxVolumes>
<minVolumes>0</minVolumes>
<normalForm>Third</normalForm>
<preferredAbbreviation>current_contacts</preferredAbbreviation>
<attributes itemClass="oracle.dbtools.crest.model.design.logical.Attribute">
<Attribute name="cust_id" id="73794A30-CD37-0D4D-533E-6B427D4EA48B">
<createdBy>Marin F</createdBy>
<createdTime>2011-07-11 06:51:52 UTC</createdTime>
<generatorID>C8A70461-C856-4D8C-9F97-C9F252DDEE62</generatorID>
<ownerDesignName>07a_Discounts_on_range_of_values</ownerDesignName>
<referedAttribute>2AFA42D8-7657-95E2-24C9-EAD0A6A58C85</referedAttribute>
<useDomainConstraints>false</useDomainConstraints>
<use>1</use>
<logicalDatatype>LOGDT011</logicalDatatype>
<ownDataTypeParameters>,,</ownDataTypeParameters>
<propertyMap>
<property name="refers.attribute" value="2AFA42D8-7657-95E2-24C9-EAD0A6A58C85"/>
</propertyMap>
</Attribute>
<Attribute name="position" id="4B37ADE0-FD0E-03AF-E06D-95652CCDFBC7">
<createdBy>Marin F</createdBy>
<createdTime>2011-07-11 06:51:52 UTC</createdTime>
<generatorID>52E2C39E-9673-CA56-01AE-32E8498BABC1</generatorID>
<ownerDesignName>07a_Discounts_on_range_of_values</ownerDesignName>
<constraintName>ck_functie</constraintName>
<useDomainConstraints>false</useDomainConstraints>
<use>1</use>
<logicalDatatype>LOGDT037</logicalDatatype>
<dataTypeSize>50</dataTypeSize>
<checkConstraint>
<implementationDef dbType="Oracle Database 10g" definition="SUBSTR(functie,1,1) = UPPER(SUBSTR(functie,1,1))"/>
</checkConstraint>
<ownDataTypeParameters>50,,</ownDataTypeParameters>
</Attribute>
<Attribute name="start_date" id="80F8BCAC-02FA-3505-1BCF-10B2DB035925">
<createdBy>admin</createdBy>
<createdTime>2015-10-29 16:07:59 UTC</createdTime>
<ownerDesignName>07a_Discounts_on_range_of_values</ownerDesignName>
<useDomainConstraints>false</useDomainConstraints>
<use>1</use>
<logicalDatatype>LOGDT007</logicalDatatype>
<ownDataTypeParameters>,,</ownDataTypeParameters>
</Attribute>
<Attribute name="pers_id" id="B5C8C18F-DC22-9889-3967-C807BEEED585">
<createdBy>admin</createdBy>
<createdTime>2015-10-22 05:30:58 UTC</createdTime>
<generatorID>6F42A286-0894-7836-2315-203EE65990C9</generatorID>
<ownerDesignName>07a_Discounts_on_range_of_values</ownerDesignName>
<referedAttribute>42B177E8-B3B3-4EF4-28FD-46D0AD056E15</referedAttribute>
<useDomainConstraints>false</useDomainConstraints>
<use>1</use>
<logicalDatatype>LOGDT011</logicalDatatype>
<ownDataTypeParameters>,,</ownDataTypeParameters>
</Attribute>
</attributes>
<identifiers itemClass="oracle.dbtools.crest.model.design.logical.CandidateKey">
<identifier id="BF91D145-C35E-82EA-E981-BA2DF0FBC233" name="contacts__pk">
<createdBy>Marin F</createdBy>
<createdTime>2011-07-11 06:51:52 UTC</createdTime>
<generatorID>2F52B1E0-B55D-345B-A5D7-4D5FC02DB466</generatorID>
<ownerDesignName>07a_Discounts_on_range_of_values</ownerDesignName>
<pk>true</pk>
<newElementsIDs>C8A70461-C856-4D8C-9F97-C9F252DDEE62,4B37ADE0-FD0E-03AF-E06D-95652CCDFBC7,6F42A286-0894-7836-2315-203EE65990C9</newElementsIDs>
<usedAttributes>
<attributeRef>73794A30-CD37-0D4D-533E-6B427D4EA48B</attributeRef>
<attributeRef>4B37ADE0-FD0E-03AF-E06D-95652CCDFBC7</attributeRef>
<attributeRef>B5C8C18F-DC22-9889-3967-C807BEEED585</attributeRef>
</usedAttributes>
</identifier>
</identifiers>
</Entity>