<?xml version = '1.0' encoding = 'UTF-8'?>
<Table class="oracle.dbtools.crest.model.design.relational.Table" directorySegmentName="seg_0" id="2172E149-8173-92B7-1E4B-5D20EED098D6" name="invoices">
<createdBy>marinfotache</createdBy>
<createdTime>2018-10-25 20:30:11 UTC</createdTime>
<generatorID>9B6DCC06-4F09-1244-27C0-C0BE0CEF865A</generatorID>
<ownerDesignName>sales_5</ownerDesignName>
<allowColumnReorder>false</allowColumnReorder>
<existDependencyGenerateInDDl>true</existDependencyGenerateInDDl>
<parsed>true</parsed>
<columns itemClass="oracle.dbtools.crest.model.design.relational.Column">
<Column name="invoice_id" id="1F26074E-2ECA-8055-2E10-90B4D162D063">
<createdBy>marinfotache</createdBy>
<createdTime>2018-10-25 20:30:11 UTC</createdTime>
<generatorID>C90220F5-6B91-8896-D28C-2F28CE7009D2</generatorID>
<ownerDesignName>sales_5</ownerDesignName>
<useDomainConstraints>false</useDomainConstraints>
<use>1</use>
<logicalDatatype>LOGDT011</logicalDatatype>
<ownDataTypeParameters>,,</ownDataTypeParameters>
<autoIncrementCycle>false</autoIncrementCycle>
</Column>
<Column name="invoice_number" id="8DC210A6-88BC-2416-88A9-7D59F94CE88F">
<createdBy>marinfotache</createdBy>
<createdTime>2018-10-25 20:30:11 UTC</createdTime>
<generatorID>7F0AE5DB-EB56-2E35-7AAF-501C6F1DA2DD</generatorID>
<ownerDesignName>sales_5</ownerDesignName>
<useDomainConstraints>false</useDomainConstraints>
<use>1</use>
<logicalDatatype>LOGDT011</logicalDatatype>
<ownDataTypeParameters>,,</ownDataTypeParameters>
<autoIncrementCycle>false</autoIncrementCycle>
</Column>
<Column name="invoice_date" id="5A2E3624-8CA0-360A-4C4F-4BF5C8D388D2">
<createdBy>marinfotache</createdBy>
<createdTime>2018-10-25 20:30:11 UTC</createdTime>
<generatorID>F53E5B56-08E6-AF80-C44E-79CBD3DB33D1</generatorID>
<ownerDesignName>sales_5</ownerDesignName>
<useDomainConstraints>false</useDomainConstraints>
<use>1</use>
<logicalDatatype>LOGDT007</logicalDatatype>
<ownDataTypeParameters>,,</ownDataTypeParameters>
<autoIncrementCycle>false</autoIncrementCycle>
</Column>
<Column name="customers_cust_id" id="204E2004-9D4A-C07D-8F3F-93F0B342075C">
<createdBy>marinfotache</createdBy>
<createdTime>2018-10-25 20:30:11 UTC</createdTime>
<generatorID>F41CCC80-5626-3100-D6D2-D7830E59077A</generatorID>
<ownerDesignName>sales_5</ownerDesignName>
<useDomainConstraints>false</useDomainConstraints>
<use>1</use>
<logicalDatatype>LOGDT011</logicalDatatype>
<ownDataTypeParameters>,,</ownDataTypeParameters>
<previousColumn>false</previousColumn>
<autoIncrementCycle>false</autoIncrementCycle>
<associations>
<colAssociation fkAssociation="255AAC4D-4EA4-5106-1C84-5A7B24766817" referredColumn="5B312FA2-2080-1447-04BE-B7B84018C24E"/>
</associations>
</Column>
<Column name="comments" id="EC226718-7684-1916-C46D-18085EB8FDB4">
<createdBy>marinfotache</createdBy>
<createdTime>2018-10-25 20:30:11 UTC</createdTime>
<generatorID>57B3A592-EB2C-A732-C0CD-6462234C160D</generatorID>
<ownerDesignName>sales_5</ownerDesignName>
<nullsAllowed>true</nullsAllowed>
<useDomainConstraints>false</useDomainConstraints>
<use>1</use>
<logicalDatatype>LOGDT037</logicalDatatype>
<dataTypeSize>300 CHAR</dataTypeSize>
<ownDataTypeParameters>300 CHAR,,</ownDataTypeParameters>
<autoIncrementCycle>false</autoIncrementCycle>
</Column>
<Column name="invoice_VAT" id="402F371D-FC84-986B-3846-424B2A654C6F">
<createdBy>marinfotache</createdBy>
<createdTime>2018-10-25 20:30:11 UTC</createdTime>
<generatorID>A08347F0-21AA-CB15-6C2A-413467005D97</generatorID>
<ownerDesignName>sales_5</ownerDesignName>
<useDomainConstraints>false</useDomainConstraints>
<use>1</use>
<logicalDatatype>LOGDT019</logicalDatatype>
<dataTypePrecision>12</dataTypePrecision>
<dataTypeScale>2</dataTypeScale>
<ownDataTypeParameters>,12,2</ownDataTypeParameters>
<autoIncrementCycle>false</autoIncrementCycle>
</Column>
<Column name="invoice_amount" id="50EA0EE9-7E36-0DC4-0610-7EE55547A0A0">
<createdBy>marinfotache</createdBy>
<createdTime>2018-10-25 20:30:11 UTC</createdTime>
<generatorID>F8936AC6-6524-F7F4-854A-BC695CB37C12</generatorID>
<ownerDesignName>sales_5</ownerDesignName>
<useDomainConstraints>false</useDomainConstraints>
<use>1</use>
<logicalDatatype>LOGDT019</logicalDatatype>
<dataTypePrecision>12</dataTypePrecision>
<dataTypeScale>2</dataTypeScale>
<ownDataTypeParameters>,12,2</ownDataTypeParameters>
<autoIncrementCycle>false</autoIncrementCycle>
</Column>
<Column name="amount_received" id="75FF30F4-2A06-B291-8BD3-EAA35ABD8186">
<createdBy>marinfotache</createdBy>
<createdTime>2018-10-25 20:30:11 UTC</createdTime>
<generatorID>BE162D39-4BCA-C5F6-0941-49C2B8CBB94A</generatorID>
<ownerDesignName>sales_5</ownerDesignName>
<useDomainConstraints>false</useDomainConstraints>
<use>1</use>
<logicalDatatype>LOGDT019</logicalDatatype>
<dataTypePrecision>12</dataTypePrecision>
<dataTypeScale>2</dataTypeScale>
<ownDataTypeParameters>,12,2</ownDataTypeParameters>
<autoIncrementCycle>false</autoIncrementCycle>
</Column>
<Column name="amount_refused" id="72766410-57A0-DAD9-0159-76BCF4843BBA">
<createdBy>marinfotache</createdBy>
<createdTime>2018-10-25 20:30:11 UTC</createdTime>
<generatorID>97336AC8-0BC1-B464-A0A6-63DD75E21A84</generatorID>
<ownerDesignName>sales_5</ownerDesignName>
<useDomainConstraints>false</useDomainConstraints>
<use>1</use>
<logicalDatatype>LOGDT019</logicalDatatype>
<dataTypePrecision>12</dataTypePrecision>
<dataTypeScale>2</dataTypeScale>
<ownDataTypeParameters>,12,2</ownDataTypeParameters>
<autoIncrementCycle>false</autoIncrementCycle>
</Column>
<Column name="n_or_rows" id="FE1BEDB1-243D-B996-C017-942FCD234211">
<createdBy>marinfotache</createdBy>
<createdTime>2018-10-25 20:30:11 UTC</createdTime>
<generatorID>E8CE0D55-7BC7-CF8C-A303-A734E0829189</generatorID>
<ownerDesignName>sales_5</ownerDesignName>
<useDomainConstraints>false</useDomainConstraints>
<use>1</use>
<logicalDatatype>LOGDT011</logicalDatatype>
<ownDataTypeParameters>,,</ownDataTypeParameters>
<autoIncrementCycle>false</autoIncrementCycle>
</Column>
<Column name="is_closed" id="71419A57-F7CA-B229-76D0-469307FBBFCC">
<createdBy>marinfotache</createdBy>
<createdTime>2018-10-25 20:30:11 UTC</createdTime>
<generatorID>CA3906DA-6686-AA04-3BD8-DFA1DB249AA6</generatorID>
<ownerDesignName>sales_5</ownerDesignName>
<constraintName>ck_invoice_is_closed</constraintName>
<useDomainConstraints>false</useDomainConstraints>
<use>1</use>
<logicalDatatype>LOGDT006</logicalDatatype>
<defaultValue>No</defaultValue>
<ownDataTypeParameters>,,</ownDataTypeParameters>
<autoIncrementCycle>false</autoIncrementCycle>
</Column>
<Column name="invoice_status" id="A17538A9-6571-026C-FF07-6F3CC30CCEF9">
<createdBy>marinfotache</createdBy>
<createdTime>2018-10-25 20:30:11 UTC</createdTime>
<generatorID>2BAE6FC0-860D-27B5-D436-46DD6B0CBFD0</generatorID>
<ownerDesignName>sales_5</ownerDesignName>
<nullsAllowed>true</nullsAllowed>
<useDomainConstraints>false</useDomainConstraints>
<use>1</use>
<logicalDatatype>LOGDT037</logicalDatatype>
<dataTypeSize>50</dataTypeSize>
<ownDataTypeParameters>50,,</ownDataTypeParameters>
<autoIncrementCycle>false</autoIncrementCycle>
</Column>
</columns>
<indexes itemClass="oracle.dbtools.crest.model.design.relational.Index">
<ind_PK_UK id="3BA04348-0020-8B2F-50D2-5E46AB7356D1" name="invoices_PK">
<createdBy>marinfotache</createdBy>
<createdTime>2018-10-25 20:30:11 UTC</createdTime>
<generatorID>D0B2DB68-6D9E-659C-A596-16AA379526BF</generatorID>
<ownerDesignName>sales_5</ownerDesignName>
<pk>true</pk>
<indexState>Primary Constraint</indexState>
<isSurrogateKey>false</isSurrogateKey>
<indexColumnUsage>
<colUsage columnID="1F26074E-2ECA-8055-2E10-90B4D162D063"/>
</indexColumnUsage>
</ind_PK_UK>
<ind_PK_UK id="6F5C6543-3B24-A515-3241-119206868222" name="invoices_customers_FK">
<createdBy>marinfotache</createdBy>
<createdTime>2018-10-25 20:30:11 UTC</createdTime>
<generatorID>3887E4B0-99D7-4D22-8E5D-DB276E64F678</generatorID>
<ownerDesignName>sales_5</ownerDesignName>
<indexState>Foreign Key</indexState>
<isSurrogateKey>false</isSurrogateKey>
<indexColumnUsage>
<colUsage columnID="204E2004-9D4A-C07D-8F3F-93F0B342075C"/>
</indexColumnUsage>
</ind_PK_UK>
</indexes>
</Table>