<?xml version = '1.0' encoding = 'UTF-8'?>
<Table class="oracle.dbtools.crest.model.design.relational.Table" directorySegmentName="seg_0" id="43CEE9AA-BF06-755B-8117-0A267FFBE1DF" name="former_contacts">
<createdBy>marinfotache</createdBy>
<createdTime>2018-10-25 20:30:11 UTC</createdTime>
<generatorID>33FDE9F3-576F-7146-A3D1-ADA28F1E6B78</generatorID>
<ownerDesignName>sales_5</ownerDesignName>
<allowColumnReorder>false</allowColumnReorder>
<existDependencyGenerateInDDl>true</existDependencyGenerateInDDl>
<parsed>true</parsed>
<columns itemClass="oracle.dbtools.crest.model.design.relational.Column">
<Column name="from" id="09CF97CB-49D3-852F-3DEB-1B66F23EB13A">
<createdBy>marinfotache</createdBy>
<createdTime>2018-10-25 20:30:11 UTC</createdTime>
<generatorID>BB479D6D-8306-F8A1-8D78-9FCAD2950685</generatorID>
<ownerDesignName>sales_5</ownerDesignName>
<useDomainConstraints>false</useDomainConstraints>
<use>1</use>
<logicalDatatype>LOGDT007</logicalDatatype>
<ownDataTypeParameters>,,</ownDataTypeParameters>
<autoIncrementCycle>false</autoIncrementCycle>
</Column>
<Column name="to" id="63A349C8-0155-3380-E45C-3C309C15466C">
<createdBy>marinfotache</createdBy>
<createdTime>2018-10-25 20:30:11 UTC</createdTime>
<generatorID>62A86773-BCE3-B46F-0F35-603CC5F0540A</generatorID>
<ownerDesignName>sales_5</ownerDesignName>
<useDomainConstraints>false</useDomainConstraints>
<use>1</use>
<logicalDatatype>LOGDT007</logicalDatatype>
<ownDataTypeParameters>,,</ownDataTypeParameters>
<autoIncrementCycle>false</autoIncrementCycle>
</Column>
<Column name="position" id="3BC00BAF-86E8-F8D7-8809-0FB1D611E424">
<createdBy>marinfotache</createdBy>
<createdTime>2018-10-25 20:30:11 UTC</createdTime>
<generatorID>53C8192F-B137-8D72-D5D7-C044FAA6F35C</generatorID>
<ownerDesignName>sales_5</ownerDesignName>
<useDomainConstraints>false</useDomainConstraints>
<use>1</use>
<logicalDatatype>LOGDT037</logicalDatatype>
<dataTypeSize>50</dataTypeSize>
<ownDataTypeParameters>50,,</ownDataTypeParameters>
<autoIncrementCycle>false</autoIncrementCycle>
</Column>
<Column name="comments" id="5F4545FC-113B-9726-DCB0-BE5B78E3CE00">
<createdBy>marinfotache</createdBy>
<createdTime>2018-10-25 20:30:11 UTC</createdTime>
<generatorID>238A3042-5873-A8A4-07FB-6B5912AD86F1</generatorID>
<ownerDesignName>sales_5</ownerDesignName>
<nullsAllowed>true</nullsAllowed>
<useDomainConstraints>false</useDomainConstraints>
<use>1</use>
<logicalDatatype>LOGDT037</logicalDatatype>
<dataTypeSize>100</dataTypeSize>
<ownDataTypeParameters>100,,</ownDataTypeParameters>
<autoIncrementCycle>false</autoIncrementCycle>
</Column>
<Column name="people_pers_id" id="ECD21FAA-BA74-1EA3-6771-4CE3792FA004">
<createdBy>marinfotache</createdBy>
<createdTime>2018-10-25 20:30:11 UTC</createdTime>
<generatorID>CF588C65-868E-122B-EA0D-7E94EFF7E6DF</generatorID>
<ownerDesignName>sales_5</ownerDesignName>
<useDomainConstraints>false</useDomainConstraints>
<use>1</use>
<logicalDatatype>LOGDT011</logicalDatatype>
<ownDataTypeParameters>,,</ownDataTypeParameters>
<previousColumn>false</previousColumn>
<autoIncrementCycle>false</autoIncrementCycle>
<associations>
<colAssociation fkAssociation="CC48C021-ED1C-6959-C14B-5E21648B9438" referredColumn="D7FF023D-AAB8-25C7-4699-3C8949F997D3"/>
</associations>
</Column>
<Column name="customers_cust_id" id="B7F20818-D12F-D642-633A-7023096D1575">
<createdBy>marinfotache</createdBy>
<createdTime>2018-10-25 20:30:11 UTC</createdTime>
<generatorID>F40F2ABA-F063-312E-A8EC-A854BF1A736F</generatorID>
<ownerDesignName>sales_5</ownerDesignName>
<useDomainConstraints>false</useDomainConstraints>
<use>1</use>
<logicalDatatype>LOGDT011</logicalDatatype>
<ownDataTypeParameters>,,</ownDataTypeParameters>
<previousColumn>false</previousColumn>
<autoIncrementCycle>false</autoIncrementCycle>
<associations>
<colAssociation fkAssociation="F4A808B3-8CB3-1810-EEEB-3C169C1A346F" referredColumn="5B312FA2-2080-1447-04BE-B7B84018C24E"/>
</associations>
</Column>
</columns>
<indexes itemClass="oracle.dbtools.crest.model.design.relational.Index">
<ind_PK_UK id="E9A7F391-BE92-353A-EB3A-C0F8471FEF01" name="former_contacts_PK">
<createdBy>marinfotache</createdBy>
<createdTime>2018-10-25 20:30:11 UTC</createdTime>
<generatorID>01EAE0E3-D8AF-8907-E589-DBA2104F3A70</generatorID>
<ownerDesignName>sales_5</ownerDesignName>
<pk>true</pk>
<indexState>Primary Constraint</indexState>
<isSurrogateKey>false</isSurrogateKey>
<indexColumnUsage>
<colUsage columnID="ECD21FAA-BA74-1EA3-6771-4CE3792FA004"/>
<colUsage columnID="B7F20818-D12F-D642-633A-7023096D1575"/>
<colUsage columnID="09CF97CB-49D3-852F-3DEB-1B66F23EB13A"/>
</indexColumnUsage>
</ind_PK_UK>
<ind_PK_UK id="E7022894-C2CE-C6B9-A5D5-F3CE22B76E17" name="former_contacts_customers_FK">
<createdBy>marinfotache</createdBy>
<createdTime>2018-10-25 20:30:11 UTC</createdTime>
<generatorID>34A37B5B-544C-2D89-9AA4-162A2F3AA375</generatorID>
<ownerDesignName>sales_5</ownerDesignName>
<indexState>Foreign Key</indexState>
<isSurrogateKey>false</isSurrogateKey>
<indexColumnUsage>
<colUsage columnID="B7F20818-D12F-D642-633A-7023096D1575"/>
</indexColumnUsage>
</ind_PK_UK>
<ind_PK_UK id="0EE8234F-FE50-B8B0-C470-54D40F21D157" name="former_contacts_people_FK">
<createdBy>marinfotache</createdBy>
<createdTime>2018-10-25 20:30:11 UTC</createdTime>
<generatorID>B4FE6DAF-4B3F-DC93-501E-907D8D4A2E0D</generatorID>
<ownerDesignName>sales_5</ownerDesignName>
<indexState>Foreign Key</indexState>
<isSurrogateKey>false</isSurrogateKey>
<indexColumnUsage>
<colUsage columnID="ECD21FAA-BA74-1EA3-6771-4CE3792FA004"/>
</indexColumnUsage>
</ind_PK_UK>
</indexes>
</Table>