<?xml version = '1.0' encoding = 'UTF-8'?>
<Table class="oracle.dbtools.crest.model.design.relational.Table" directorySegmentName="seg_0" id="4B0B846E-D660-BC22-ADF6-47DBF27ED3C9" name="customer_montly_stats">
<createdBy>marinfotache</createdBy>
<createdTime>2018-10-25 20:30:11 UTC</createdTime>
<generatorID>98FAA55C-153A-349F-307F-0311159CE1E1</generatorID>
<ownerDesignName>sales_5</ownerDesignName>
<allowColumnReorder>false</allowColumnReorder>
<existDependencyGenerateInDDl>true</existDependencyGenerateInDDl>
<parsed>true</parsed>
<columns itemClass="oracle.dbtools.crest.model.design.relational.Column">
<Column name="customers_cust_id" id="22571829-E394-7A13-06C4-E565FB4808B1">
<createdBy>marinfotache</createdBy>
<createdTime>2018-10-25 20:30:11 UTC</createdTime>
<generatorID>BFBECC06-FBFD-12DC-E85A-C00425BA2A81</generatorID>
<ownerDesignName>sales_5</ownerDesignName>
<useDomainConstraints>false</useDomainConstraints>
<use>1</use>
<logicalDatatype>LOGDT011</logicalDatatype>
<ownDataTypeParameters>,,</ownDataTypeParameters>
<previousColumn>false</previousColumn>
<autoIncrementCycle>false</autoIncrementCycle>
<associations>
<colAssociation fkAssociation="7DC36B67-4169-1AB2-473E-28A662BA9816" referredColumn="5B312FA2-2080-1447-04BE-B7B84018C24E"/>
</associations>
</Column>
<Column name="months_year" id="29F6E906-83DE-EFC2-3E5A-6A747535039A">
<createdBy>marinfotache</createdBy>
<createdTime>2018-10-25 20:30:11 UTC</createdTime>
<generatorID>E855D6BF-224E-DB8F-D8D8-FCC6B1140384</generatorID>
<ownerDesignName>sales_5</ownerDesignName>
<useDomainConstraints>false</useDomainConstraints>
<use>1</use>
<logicalDatatype>LOGDT019</logicalDatatype>
<dataTypePrecision>4</dataTypePrecision>
<ownDataTypeParameters>,,</ownDataTypeParameters>
<previousColumn>false</previousColumn>
<autoIncrementCycle>false</autoIncrementCycle>
<associations>
<colAssociation fkAssociation="9D44DD4E-26E0-2242-C313-7835F675F74A" referredColumn="EFBCF00C-F697-8762-780F-3EB1F0373482"/>
</associations>
</Column>
<Column name="months_month" id="9C212A02-01E9-ABDD-396C-FFF5CEE0E951">
<createdBy>marinfotache</createdBy>
<createdTime>2018-10-25 20:30:11 UTC</createdTime>
<generatorID>64A85DCF-1EE3-786B-2760-A97A56E347B6</generatorID>
<ownerDesignName>sales_5</ownerDesignName>
<useDomainConstraints>false</useDomainConstraints>
<use>1</use>
<logicalDatatype>LOGDT019</logicalDatatype>
<dataTypePrecision>2</dataTypePrecision>
<ownDataTypeParameters>,,</ownDataTypeParameters>
<previousColumn>false</previousColumn>
<autoIncrementCycle>false</autoIncrementCycle>
<associations>
<colAssociation fkAssociation="9D44DD4E-26E0-2242-C313-7835F675F74A" referredColumn="B9015BA5-7EA4-A142-EE27-76F322D9F517"/>
</associations>
</Column>
<Column name="sales" id="897A137C-C227-B12D-489F-66B06FB7DE1C">
<createdBy>marinfotache</createdBy>
<createdTime>2018-10-25 20:30:11 UTC</createdTime>
<generatorID>3408869F-6CAD-B615-CBA4-DB15B2D4B1FD</generatorID>
<ownerDesignName>sales_5</ownerDesignName>
<useDomainConstraints>false</useDomainConstraints>
<use>1</use>
<logicalDatatype>LOGDT019</logicalDatatype>
<dataTypePrecision>14</dataTypePrecision>
<dataTypeScale>2</dataTypeScale>
<ownDataTypeParameters>,14,2</ownDataTypeParameters>
<autoIncrementCycle>false</autoIncrementCycle>
</Column>
<Column name="refusals" id="922CE982-A617-D7A4-2444-A671809F5D51">
<createdBy>marinfotache</createdBy>
<createdTime>2018-10-25 20:30:11 UTC</createdTime>
<generatorID>505C3ED3-7FF9-E804-2C35-92586DDDB096</generatorID>
<ownerDesignName>sales_5</ownerDesignName>
<useDomainConstraints>false</useDomainConstraints>
<use>1</use>
<logicalDatatype>LOGDT019</logicalDatatype>
<dataTypePrecision>14</dataTypePrecision>
<dataTypeScale>2</dataTypeScale>
<ownDataTypeParameters>,14,2</ownDataTypeParameters>
<autoIncrementCycle>false</autoIncrementCycle>
</Column>
<Column name="cancellations" id="BA2F1D8C-D8EC-19E8-7926-5EB214B526FF">
<createdBy>marinfotache</createdBy>
<createdTime>2018-10-25 20:30:11 UTC</createdTime>
<generatorID>9D3476A9-F8F1-A522-80C3-ECFC6A4B974E</generatorID>
<ownerDesignName>sales_5</ownerDesignName>
<useDomainConstraints>false</useDomainConstraints>
<use>1</use>
<logicalDatatype>LOGDT019</logicalDatatype>
<dataTypePrecision>14</dataTypePrecision>
<dataTypeScale>2</dataTypeScale>
<ownDataTypeParameters>,14,2</ownDataTypeParameters>
<autoIncrementCycle>false</autoIncrementCycle>
</Column>
<Column name="received" id="D022A796-CE8A-4C5C-7522-22C7C2CBDEB3">
<createdBy>marinfotache</createdBy>
<createdTime>2018-10-25 20:30:11 UTC</createdTime>
<generatorID>A52C90CA-671E-DEA2-3353-02A91EAB4F8F</generatorID>
<ownerDesignName>sales_5</ownerDesignName>
<useDomainConstraints>false</useDomainConstraints>
<use>1</use>
<logicalDatatype>LOGDT019</logicalDatatype>
<dataTypePrecision>14</dataTypePrecision>
<dataTypeScale>2</dataTypeScale>
<ownDataTypeParameters>,14,2</ownDataTypeParameters>
<autoIncrementCycle>false</autoIncrementCycle>
</Column>
</columns>
<indexes itemClass="oracle.dbtools.crest.model.design.relational.Index">
<ind_PK_UK id="014BCE20-9839-3D69-89D0-E1327535BA52" name="customer_montly_stats_PK">
<createdBy>marinfotache</createdBy>
<createdTime>2018-10-25 20:30:11 UTC</createdTime>
<generatorID>8108EFB3-9798-9CEA-A058-004756AE649D</generatorID>
<ownerDesignName>sales_5</ownerDesignName>
<pk>true</pk>
<indexState>Primary Constraint</indexState>
<isSurrogateKey>false</isSurrogateKey>
<indexColumnUsage>
<colUsage columnID="22571829-E394-7A13-06C4-E565FB4808B1"/>
<colUsage columnID="29F6E906-83DE-EFC2-3E5A-6A747535039A"/>
<colUsage columnID="9C212A02-01E9-ABDD-396C-FFF5CEE0E951"/>
</indexColumnUsage>
</ind_PK_UK>
<ind_PK_UK id="B5A809DF-8D0C-AEDA-7CEC-9CF81EE66897" name="customer_montly_stats_months_FK">
<createdBy>marinfotache</createdBy>
<createdTime>2018-10-25 20:30:11 UTC</createdTime>
<generatorID>2DC15E09-67BA-D635-873E-EF619E27F9D3</generatorID>
<ownerDesignName>sales_5</ownerDesignName>
<indexState>Foreign Key</indexState>
<isSurrogateKey>false</isSurrogateKey>
<indexColumnUsage>
<colUsage columnID="29F6E906-83DE-EFC2-3E5A-6A747535039A"/>
<colUsage columnID="9C212A02-01E9-ABDD-396C-FFF5CEE0E951"/>
</indexColumnUsage>
</ind_PK_UK>
<ind_PK_UK id="C48EEBA6-0DA5-D9D1-6635-427A05DD1D80" name="customer_montly_stats_customers_FK">
<createdBy>marinfotache</createdBy>
<createdTime>2018-10-25 20:30:11 UTC</createdTime>
<generatorID>58D22822-17DE-E93C-8D0C-0080DAFE466C</generatorID>
<ownerDesignName>sales_5</ownerDesignName>
<indexState>Foreign Key</indexState>
<isSurrogateKey>false</isSurrogateKey>
<indexColumnUsage>
<colUsage columnID="22571829-E394-7A13-06C4-E565FB4808B1"/>
</indexColumnUsage>
</ind_PK_UK>
</indexes>
</Table>