<?xml version = '1.0' encoding = 'UTF-8'?>
<Table class="oracle.dbtools.crest.model.design.relational.Table" directorySegmentName="seg_0" id="7E237454-3B9F-E4B9-FB67-0F78E50A1A25" name="refused_products">
<createdBy>marinfotache</createdBy>
<createdTime>2018-10-25 20:30:11 UTC</createdTime>
<generatorID>70249285-81D3-E5EF-EA1B-3DA98C418470</generatorID>
<ownerDesignName>sales_5</ownerDesignName>
<allowColumnReorder>false</allowColumnReorder>
<existDependencyGenerateInDDl>true</existDependencyGenerateInDDl>
<parsed>true</parsed>
<columns itemClass="oracle.dbtools.crest.model.design.relational.Column">
<Column name="refused_quantity" id="3DD82ED4-8E6C-8883-DF33-0787BDD62DE1">
<createdBy>marinfotache</createdBy>
<createdTime>2018-10-25 20:30:11 UTC</createdTime>
<generatorID>2C2CBBCC-45A8-0AC3-52B7-1269552E29F8</generatorID>
<ownerDesignName>sales_5</ownerDesignName>
<useDomainConstraints>false</useDomainConstraints>
<use>1</use>
<logicalDatatype>LOGDT019</logicalDatatype>
<dataTypePrecision>10</dataTypePrecision>
<dataTypeScale>3</dataTypeScale>
<ownDataTypeParameters>,10,3</ownDataTypeParameters>
<autoIncrementCycle>false</autoIncrementCycle>
</Column>
<Column name="refusal_reason" id="35D09749-E49C-8ADC-3783-C086D1416B79">
<createdBy>marinfotache</createdBy>
<createdTime>2018-10-25 20:30:11 UTC</createdTime>
<generatorID>B9D26D07-BA9D-143D-8442-CB0672D8DC91</generatorID>
<ownerDesignName>sales_5</ownerDesignName>
<nullsAllowed>true</nullsAllowed>
<useDomainConstraints>false</useDomainConstraints>
<use>1</use>
<logicalDatatype>LOGDT037</logicalDatatype>
<dataTypeSize>100</dataTypeSize>
<ownDataTypeParameters>100,,</ownDataTypeParameters>
<autoIncrementCycle>false</autoIncrementCycle>
</Column>
<Column name="refused_unit_price" id="87F289E9-FCB0-AB02-8433-76AA870A9CBF">
<createdBy>marinfotache</createdBy>
<createdTime>2018-10-25 20:30:11 UTC</createdTime>
<generatorID>0902E5D0-FA24-759D-BB47-CA949AFD2A18</generatorID>
<ownerDesignName>sales_5</ownerDesignName>
<nullsAllowed>true</nullsAllowed>
<useDomainConstraints>false</useDomainConstraints>
<use>1</use>
<logicalDatatype>LOGDT019</logicalDatatype>
<dataTypePrecision>9</dataTypePrecision>
<dataTypeScale>2</dataTypeScale>
<ownDataTypeParameters>,9,2</ownDataTypeParameters>
<autoIncrementCycle>false</autoIncrementCycle>
</Column>
<Column name="products_product_id" id="CCAFE46F-7132-23A6-0017-DA0BF8C9EC36">
<createdBy>marinfotache</createdBy>
<createdTime>2018-10-25 20:30:11 UTC</createdTime>
<generatorID>AB8A3077-16F3-93A0-A316-23057C0AA826</generatorID>
<ownerDesignName>sales_5</ownerDesignName>
<useDomainConstraints>false</useDomainConstraints>
<use>1</use>
<logicalDatatype>LOGDT011</logicalDatatype>
<ownDataTypeParameters>,,</ownDataTypeParameters>
<previousColumn>false</previousColumn>
<autoIncrementCycle>false</autoIncrementCycle>
<associations>
<colAssociation fkAssociation="2CB7AFF6-EE8A-48E7-8686-329C2CD3473C" referredColumn="BC16D6B8-9587-CEE9-F3E5-C46121EEFE2C"/>
</associations>
</Column>
<Column name="refusals_refusal_id" id="8AECA294-1091-A435-43C8-D88F38E7E3BD">
<createdBy>marinfotache</createdBy>
<createdTime>2018-10-25 20:30:11 UTC</createdTime>
<generatorID>8FC38CCA-80A4-A3D3-FFD7-23A6E5FFAE7E</generatorID>
<ownerDesignName>sales_5</ownerDesignName>
<useDomainConstraints>false</useDomainConstraints>
<use>1</use>
<logicalDatatype>LOGDT011</logicalDatatype>
<ownDataTypeParameters>,,</ownDataTypeParameters>
<previousColumn>false</previousColumn>
<autoIncrementCycle>false</autoIncrementCycle>
<associations>
<colAssociation fkAssociation="0DAF1DF4-52FF-A69C-A3D8-291EA768D7AA" referredColumn="8EFA4662-8695-AEC3-845F-EE816FB3BDED"/>
</associations>
</Column>
</columns>
<indexes itemClass="oracle.dbtools.crest.model.design.relational.Index">
<ind_PK_UK id="114501BD-98A8-C7EF-A9EC-D6540A0E4AF6" name="refused_products_PK">
<createdBy>marinfotache</createdBy>
<createdTime>2018-10-25 20:30:11 UTC</createdTime>
<generatorID>DA28FB5A-263A-207F-A2BC-05F618826B9F</generatorID>
<ownerDesignName>sales_5</ownerDesignName>
<pk>true</pk>
<indexState>Primary Constraint</indexState>
<isSurrogateKey>false</isSurrogateKey>
<indexColumnUsage>
<colUsage columnID="CCAFE46F-7132-23A6-0017-DA0BF8C9EC36"/>
<colUsage columnID="8AECA294-1091-A435-43C8-D88F38E7E3BD"/>
</indexColumnUsage>
</ind_PK_UK>
<ind_PK_UK id="98495BA7-DB32-9F08-7DED-308CE74AC719" name="refused_products_refusals_FK">
<createdBy>marinfotache</createdBy>
<createdTime>2018-10-25 20:30:11 UTC</createdTime>
<generatorID>8616D814-14C5-793F-6448-01B5887F92E3</generatorID>
<ownerDesignName>sales_5</ownerDesignName>
<indexState>Foreign Key</indexState>
<isSurrogateKey>false</isSurrogateKey>
<indexColumnUsage>
<colUsage columnID="8AECA294-1091-A435-43C8-D88F38E7E3BD"/>
</indexColumnUsage>
</ind_PK_UK>
<ind_PK_UK id="7184497F-A9ED-AD06-E090-5B90010AE402" name="refused_products_products_FK">
<createdBy>marinfotache</createdBy>
<createdTime>2018-10-25 20:30:11 UTC</createdTime>
<generatorID>8C27B7DD-45FA-8245-524F-9A753EC7EF80</generatorID>
<ownerDesignName>sales_5</ownerDesignName>
<indexState>Foreign Key</indexState>
<isSurrogateKey>false</isSurrogateKey>
<indexColumnUsage>
<colUsage columnID="CCAFE46F-7132-23A6-0017-DA0BF8C9EC36"/>
</indexColumnUsage>
</ind_PK_UK>
</indexes>
</Table>