<?xml version = '1.0' encoding = 'UTF-8'?>
<Table class="oracle.dbtools.crest.model.design.relational.Table" directorySegmentName="seg_0" id="AB1D4C95-6080-F605-63E8-D28B38CAF31C" name="product_montly_stats">
<createdBy>marinfotache</createdBy>
<createdTime>2018-10-25 20:30:11 UTC</createdTime>
<generatorID>E86EF5B1-3F8F-5AEC-6943-16093FDE25CF</generatorID>
<ownerDesignName>sales_5</ownerDesignName>
<allowColumnReorder>false</allowColumnReorder>
<existDependencyGenerateInDDl>true</existDependencyGenerateInDDl>
<parsed>true</parsed>
<columns itemClass="oracle.dbtools.crest.model.design.relational.Column">
<Column name="sales" id="401E9BBA-60D5-C314-75AF-8769D55ACC4A">
<createdBy>marinfotache</createdBy>
<createdTime>2018-10-25 20:30:11 UTC</createdTime>
<generatorID>AAC582BE-DF3A-BCB3-B7C7-088DFF163081</generatorID>
<ownerDesignName>sales_5</ownerDesignName>
<useDomainConstraints>false</useDomainConstraints>
<use>1</use>
<logicalDatatype>LOGDT019</logicalDatatype>
<dataTypePrecision>12</dataTypePrecision>
<dataTypeScale>2</dataTypeScale>
<ownDataTypeParameters>,12,2</ownDataTypeParameters>
<autoIncrementCycle>false</autoIncrementCycle>
</Column>
<Column name="refusals" id="BC4A4680-C87D-69F3-51AA-5B786D417E3C">
<createdBy>marinfotache</createdBy>
<createdTime>2018-10-25 20:30:11 UTC</createdTime>
<generatorID>BDAC4A73-B0DF-2614-AFE2-3B64CA6B8D87</generatorID>
<ownerDesignName>sales_5</ownerDesignName>
<useDomainConstraints>false</useDomainConstraints>
<use>1</use>
<logicalDatatype>LOGDT019</logicalDatatype>
<dataTypePrecision>12</dataTypePrecision>
<dataTypeScale>2</dataTypeScale>
<ownDataTypeParameters>,12,2</ownDataTypeParameters>
<autoIncrementCycle>false</autoIncrementCycle>
</Column>
<Column name="cancellations" id="39B26934-6C8B-A3DE-6CFA-CFCED3B6EF32">
<createdBy>marinfotache</createdBy>
<createdTime>2018-10-25 20:30:11 UTC</createdTime>
<generatorID>73A65DD7-4181-00C8-7815-31A4D4404CB5</generatorID>
<ownerDesignName>sales_5</ownerDesignName>
<useDomainConstraints>false</useDomainConstraints>
<use>1</use>
<logicalDatatype>LOGDT019</logicalDatatype>
<dataTypePrecision>12</dataTypePrecision>
<dataTypeScale>2</dataTypeScale>
<ownDataTypeParameters>,12,2</ownDataTypeParameters>
<autoIncrementCycle>false</autoIncrementCycle>
</Column>
<Column name="received" id="5C1D2624-A317-D098-E2AE-D96BEE839E85">
<createdBy>marinfotache</createdBy>
<createdTime>2018-10-25 20:30:11 UTC</createdTime>
<generatorID>46888713-A2DD-3F83-9B14-833DDB8CF257</generatorID>
<ownerDesignName>sales_5</ownerDesignName>
<useDomainConstraints>false</useDomainConstraints>
<use>1</use>
<logicalDatatype>LOGDT019</logicalDatatype>
<dataTypePrecision>12</dataTypePrecision>
<dataTypeScale>2</dataTypeScale>
<ownDataTypeParameters>,12,2</ownDataTypeParameters>
<autoIncrementCycle>false</autoIncrementCycle>
</Column>
<Column name="products_product_id" id="C9CA55A8-1CD4-5152-4E63-2CA200D9818A">
<createdBy>marinfotache</createdBy>
<createdTime>2018-10-25 20:30:11 UTC</createdTime>
<generatorID>475D7A5C-BF2B-7A6A-A2AB-79B8D925E86E</generatorID>
<ownerDesignName>sales_5</ownerDesignName>
<useDomainConstraints>false</useDomainConstraints>
<use>1</use>
<logicalDatatype>LOGDT011</logicalDatatype>
<ownDataTypeParameters>,,</ownDataTypeParameters>
<previousColumn>false</previousColumn>
<autoIncrementCycle>false</autoIncrementCycle>
<associations>
<colAssociation fkAssociation="42C4BB05-F503-4760-1B8C-BBACC2FD98E9" referredColumn="BC16D6B8-9587-CEE9-F3E5-C46121EEFE2C"/>
</associations>
</Column>
<Column name="months_year" id="D168D5E7-0C29-BE0F-64E6-FB01FB405881">
<createdBy>marinfotache</createdBy>
<createdTime>2018-10-25 20:30:11 UTC</createdTime>
<generatorID>B67B74F8-4DD9-5D5D-DACF-97D41CC55B17</generatorID>
<ownerDesignName>sales_5</ownerDesignName>
<useDomainConstraints>false</useDomainConstraints>
<use>1</use>
<logicalDatatype>LOGDT019</logicalDatatype>
<dataTypePrecision>4</dataTypePrecision>
<ownDataTypeParameters>,,</ownDataTypeParameters>
<previousColumn>false</previousColumn>
<autoIncrementCycle>false</autoIncrementCycle>
<associations>
<colAssociation fkAssociation="962E141C-3570-F044-8422-CBC74D82B6EA" referredColumn="EFBCF00C-F697-8762-780F-3EB1F0373482"/>
</associations>
</Column>
<Column name="months_month" id="028771B0-6511-CA18-C58A-8193730F8F81">
<createdBy>marinfotache</createdBy>
<createdTime>2018-10-25 20:30:11 UTC</createdTime>
<generatorID>C24D6B32-8AB0-036C-B41D-C40350B61FB1</generatorID>
<ownerDesignName>sales_5</ownerDesignName>
<useDomainConstraints>false</useDomainConstraints>
<use>1</use>
<logicalDatatype>LOGDT019</logicalDatatype>
<dataTypePrecision>2</dataTypePrecision>
<ownDataTypeParameters>,,</ownDataTypeParameters>
<previousColumn>false</previousColumn>
<autoIncrementCycle>false</autoIncrementCycle>
<associations>
<colAssociation fkAssociation="962E141C-3570-F044-8422-CBC74D82B6EA" referredColumn="B9015BA5-7EA4-A142-EE27-76F322D9F517"/>
</associations>
</Column>
</columns>
<indexes itemClass="oracle.dbtools.crest.model.design.relational.Index">
<ind_PK_UK id="D02F6D72-607F-2356-483E-473D6F68F044" name="product_montly_stats_PK">
<createdBy>marinfotache</createdBy>
<createdTime>2018-10-25 20:30:11 UTC</createdTime>
<generatorID>477542DB-EBDA-9444-0DC9-4EAC23156F38</generatorID>
<ownerDesignName>sales_5</ownerDesignName>
<pk>true</pk>
<indexState>Primary Constraint</indexState>
<isSurrogateKey>false</isSurrogateKey>
<indexColumnUsage>
<colUsage columnID="C9CA55A8-1CD4-5152-4E63-2CA200D9818A"/>
<colUsage columnID="D168D5E7-0C29-BE0F-64E6-FB01FB405881"/>
<colUsage columnID="028771B0-6511-CA18-C58A-8193730F8F81"/>
</indexColumnUsage>
</ind_PK_UK>
<ind_PK_UK id="27E51A85-092B-A22B-FE37-E841DA588FA4" name="product_montly_stats_months_FK">
<createdBy>marinfotache</createdBy>
<createdTime>2018-10-25 20:30:11 UTC</createdTime>
<generatorID>AA5D1984-FB1D-A844-1D48-1557DD1B109A</generatorID>
<ownerDesignName>sales_5</ownerDesignName>
<indexState>Foreign Key</indexState>
<isSurrogateKey>false</isSurrogateKey>
<indexColumnUsage>
<colUsage columnID="D168D5E7-0C29-BE0F-64E6-FB01FB405881"/>
<colUsage columnID="028771B0-6511-CA18-C58A-8193730F8F81"/>
</indexColumnUsage>
</ind_PK_UK>
<ind_PK_UK id="24ADF1B9-CB8D-3E1B-DAE1-B4C42DCF6E68" name="product_montly_stats_products_FK">
<createdBy>marinfotache</createdBy>
<createdTime>2018-10-25 20:30:11 UTC</createdTime>
<generatorID>08EB082B-1F6E-B511-CB1F-66F5D235BF07</generatorID>
<ownerDesignName>sales_5</ownerDesignName>
<indexState>Foreign Key</indexState>
<isSurrogateKey>false</isSurrogateKey>
<indexColumnUsage>
<colUsage columnID="C9CA55A8-1CD4-5152-4E63-2CA200D9818A"/>
</indexColumnUsage>
</ind_PK_UK>
</indexes>
</Table>