<?xml version = '1.0' encoding = 'UTF-8'?>
<Table class="oracle.dbtools.crest.model.design.relational.Table" directorySegmentName="seg_0" id="F857BC7E-0BB5-20F2-06FC-799502FECDF9" name="products">
<createdBy>marinfotache</createdBy>
<createdTime>2018-10-25 20:30:11 UTC</createdTime>
<generatorID>9B643DE7-AE99-9E3E-B7F8-CD5D91D01CAC</generatorID>
<ownerDesignName>sales_5</ownerDesignName>
<allowColumnReorder>false</allowColumnReorder>
<existDependencyGenerateInDDl>true</existDependencyGenerateInDDl>
<parsed>true</parsed>
<columns itemClass="oracle.dbtools.crest.model.design.relational.Column">
<Column name="product_id" id="BC16D6B8-9587-CEE9-F3E5-C46121EEFE2C">
<createdBy>marinfotache</createdBy>
<createdTime>2018-10-25 20:30:11 UTC</createdTime>
<generatorID>30D52D27-3E5E-7BBD-B6FB-DD2DAFF8E9FA</generatorID>
<ownerDesignName>sales_5</ownerDesignName>
<constraintName>ck_codpr</constraintName>
<useDomainConstraints>false</useDomainConstraints>
<use>1</use>
<logicalDatatype>LOGDT011</logicalDatatype>
<checkConstraint>
<implementationDef dbType="Oracle Database 10g" definition="codpr &gt; 0"/>
</checkConstraint>
<ownDataTypeParameters>,,</ownDataTypeParameters>
<autoIncrementCycle>false</autoIncrementCycle>
</Column>
<Column name="product_name" id="1991E2B9-E171-403C-9400-2E4943707A68">
<createdBy>marinfotache</createdBy>
<createdTime>2018-10-25 20:30:11 UTC</createdTime>
<generatorID>BF07136C-F4B3-2866-9ACD-A5233E827AAF</generatorID>
<ownerDesignName>sales_5</ownerDesignName>
<constraintName>ck_denpr</constraintName>
<useDomainConstraints>false</useDomainConstraints>
<use>1</use>
<logicalDatatype>LOGDT037</logicalDatatype>
<dataTypeSize>75 CHAR</dataTypeSize>
<checkConstraint>
<implementationDef dbType="Oracle Database 10g" definition="SUBSTR(denpr,1,1) = UPPER(SUBSTR(denpr,1,1))"/>
</checkConstraint>
<ownDataTypeParameters>75 CHAR,,</ownDataTypeParameters>
<autoIncrementCycle>false</autoIncrementCycle>
</Column>
<Column name="measure_unit" id="114F8BF2-12A9-EB95-94CA-700779A2C886">
<createdBy>marinfotache</createdBy>
<createdTime>2018-10-25 20:30:11 UTC</createdTime>
<generatorID>9F60978C-C598-1995-FF22-8B04317ADD7A</generatorID>
<ownerDesignName>sales_5</ownerDesignName>
<nullsAllowed>true</nullsAllowed>
<useDomainConstraints>false</useDomainConstraints>
<use>1</use>
<logicalDatatype>LOGDT024</logicalDatatype>
<dataTypeSize>25 CHAR</dataTypeSize>
<ownDataTypeParameters>25 CHAR,,</ownDataTypeParameters>
<autoIncrementCycle>false</autoIncrementCycle>
</Column>
<Column name="group" id="24C91788-319D-9638-2760-BD6A9076D153">
<createdBy>marinfotache</createdBy>
<createdTime>2018-10-25 20:30:11 UTC</createdTime>
<generatorID>9202BBCC-E71F-FAB9-9BF6-5A46416EBF0E</generatorID>
<ownerDesignName>sales_5</ownerDesignName>
<constraintName>ck_produse_grupa</constraintName>
<nullsAllowed>true</nullsAllowed>
<useDomainConstraints>false</useDomainConstraints>
<use>1</use>
<logicalDatatype>LOGDT037</logicalDatatype>
<dataTypeSize>50 CHAR</dataTypeSize>
<checkConstraint>
<implementationDef dbType="Oracle Database 10g" definition="SUBSTR(grupa,1,1) = UPPER(SUBSTR(grupa,1,1))"/>
</checkConstraint>
<ownDataTypeParameters>50 CHAR,,</ownDataTypeParameters>
<autoIncrementCycle>false</autoIncrementCycle>
</Column>
<Column name="current_vat_percent" id="BF652B40-D940-B3EF-9EAB-9CE609A3055A">
<createdBy>marinfotache</createdBy>
<createdTime>2018-10-25 20:30:11 UTC</createdTime>
<generatorID>2D4369B1-1832-0726-9892-042D23BF99EB</generatorID>
<ownerDesignName>sales_5</ownerDesignName>
<useDomainConstraints>false</useDomainConstraints>
<use>1</use>
<logicalDatatype>LOGDT019</logicalDatatype>
<dataTypePrecision>4</dataTypePrecision>
<dataTypeScale>2</dataTypeScale>
<ownDataTypeParameters>,4,2</ownDataTypeParameters>
<autoIncrementCycle>false</autoIncrementCycle>
</Column>
</columns>
<indexes itemClass="oracle.dbtools.crest.model.design.relational.Index">
<ind_PK_UK id="774E5CF6-6F8B-15BB-9B75-EB0058E07BAC" name="products_PK">
<createdBy>marinfotache</createdBy>
<createdTime>2018-10-25 20:30:11 UTC</createdTime>
<generatorID>98B0CC1C-CABC-01BF-431C-FE0F561E7B33</generatorID>
<ownerDesignName>sales_5</ownerDesignName>
<pk>true</pk>
<indexState>Primary Constraint</indexState>
<isSurrogateKey>false</isSurrogateKey>
<indexColumnUsage>
<colUsage columnID="BC16D6B8-9587-CEE9-F3E5-C46121EEFE2C"/>
</indexColumnUsage>
</ind_PK_UK>
</indexes>
</Table>